"FWB_id","site_year_code","collection_site_id","waterbody_type","collection_decimal_latitude","collection_decimal_longitude","site_interspe_var_N","site_intraspe_var_N","site_interspe_var_C","site_intraspe_var_C","site_nbspe","site_mean_sample_id","site_min_sample_id","Climate_zone","Type","Latitude","Longitude","Size","dis_r_sv","TP","TN","Distance_km","temp","hft","prec","pop","crp","urb","upstr","regul","pop_den","size_class","size_z_scored","hydro_dis_z_scored","TP_class","Climate_zone_e","Climate_zone_e2","distance_to_env_m","match_flag","propintraspecific_N","propintraspecific_C","propintraspecific_Total"
"FWB_0001","FWB_0001_2012","4-Mile Hole","lotic",-12.57082,132.21865,0.0252204663872613,0.0392832226725196,0.0710519372512722,0.0188264630059353,14,4.57142857142857,1,17,"lotic",-12.57082,132.21865,1.09594206011223,5.32847045323357,1.43142802294892,9.286746144,4.62247329195034,277,6,1411,-6.90775527898214,0,0,1.09594540235263,0,-3.81625838344377,"small",-0.269610776233512,0.132563006415118,"low_prod","Extremely hot and xeric","Hot and dry",0,"ok",0.609007379967254,0.209465933439615,0.37640173115639
"FWB_0002","FWB_0002_2009","Alice Crossing Waterhole","lotic",-15.38,142.0258,0.0252991167531372,0.0255380696642527,0.0440351147004221,0.0474998750307366,17,2.58823529411765,1,17,"lotic",-15.38,142.0258,4.47665476375266,5.3816225613784,0.660252523175337,5.598350992,30.1544061010599,268,0,1188,-6.90775527898214,0,0,8.27928518243825,0,-5.80581520022135,"large",2.0392117231417,0.202946916449426,"low_prod","Extremely hot and xeric","Hot and dry",0,"ok",0.502350178363075,0.518925879275732,0.513007152596887
"FWB_0003","FWB_0003_2018","Baitpool","lentic",-17.783672,123.684752,0.0104775494571774,0.0534221777975227,0.0533858367698156,0.0150881246065201,5,4.6,3,17,"lentic",-17.783672,123.684752,-2.12026353620009,4.97528777468863,3.38153014014091,65.6349952,32.1390922175917,274,31,523,-6.90775527898214,0,0,5.61314274131748,0,-4.70942020736189,"small",-0.946562784624735,2.56922729428435,"low_prod","Extremely hot and xeric","Hot and dry",0,"ok",0.836031390002424,0.220348352910315,0.51755226520129
"FWB_0004","FWB_0004_2000","Balmoral","lotic",-21.252572,116.123389,0.0346424096154631,0.0208584881816204,0.0348677637863201,0.0209315204072014,9,4.33333333333333,1,17,"lotic",-21.252572,116.123389,2.45710713243022,5.57065872940185,4.21660742165222,91.82280918,559.945350710829,264,54,302,-5.52146091786225,0,0,8.25891172358015,0,-2.12018020633879,"large",0.659982720707927,0.453268213342108,"low_prod","Extremely hot and xeric","Hot and dry",0,"ok",0.375822536382762,0.375121665263793,0.375471161335112
"FWB_0005","FWB_0005_2012","Barramundi Gorge","lotic",-13.31026,132.4359,0.0363214019251622,0.0194421283981187,0.047014299467864,0.0272765186558308,13,3.84615384615385,1,17,"lotic",-13.31026,132.4359,1.79608344070811,5.27256492174997,3.5870796579524,106.3489373,29.6690279203626,272,3,1386,-6.21460809842219,0,0,2.94064283555373,0,-3.81625838344377,"large",0.208543481158043,0.0585330189752825,"low_prod","Extremely hot and xeric","Hot and dry",0,"ok",0.348653112265415,0.367158679157567,0.359224029121926
"FWB_0006","FWB_0006_2021","Big Sand","lotic",-18.202529,125.857705,0.0552828411519335,0.0354649449376993,0.045884447264055,0.0199969726495916,9,3.44444444444444,2,17,"lotic",-18.202529,125.857705,4.7769867581369,4.59596834484966,4.49145575198563,81.55365369,54.116245208663,275,88,519,-2.15416508787577,0,0,8.21851407519173,0,0.767331221248954,"large",2.24432032795449,-0.83741474791884,"low_prod","Extremely hot and xeric","Hot and dry",0,"ok",0.390807825357526,0.303529776313298,0.354096908249217
"FWB_0007","FWB_0007_2002","Bilanoo","lotic",-21.295131,116.144841,0.0690205039326842,0.0132053410712165,0.0483229206349206,0.0208675714285714,8,3,1,17,"lotic",-21.295131,116.144841,2.27500832522381,5.74026178796912,4.21660742165222,91.82280918,559.369780593705,265,74,304,-5.80914299031403,0,0,8.25566971598656,0,-2.12018020633879,"large",0.535620238579586,0.677856227484761,"low_prod","Extremely hot and xeric","Hot and dry",0,"ok",0.160598423410426,0.301595939069525,0.22502798020152
"FWB_0008","FWB_0008_2011","Booligar","lentic",-28.924847,148.079656,0.0259947008420729,0.0195758315789023,0.0174544500415979,0.0193312882684142,8,9.5,1,14,"lentic",-28.924847,148.079656,-0.198450938723838,-0.885294173755049,5.91230259841069,252.2923986,54.781521191193,203,60,468,-6.21460809842219,0,0,2.36603020407665,0,-3.41094473311704,"large",-0.167005374400117,0.391812001316423,"high_prod","Hot and dry","Hot and dry",0,"ok",0.429572149784494,0.525510405839883,0.47242449787952
"FWB_0009","FWB_0009_2014","brisbane_01","lotic",-26.758734,152.237887,0.0205370042839241,0.0583783848197087,0.024197014382671,0.0317499090809903,10,2.6,1,14,"lotic",-26.758734,152.237887,1.49559709601034,5.31225120868729,6.19099079760183,8553.080142,71.082459517117,191,56,897,-5.11599580975408,0,0,4.60835520841486,0,-1.35864028433807,"large",0.00332946440762355,0.111085516832588,"high_prod","Hot and dry","Hot and dry",0,"ok",0.739759196308915,0.567500536497106,0.668298594210495
"FWB_0010","FWB_0010_2014","brisbane_02","lotic",-26.787199,152.270016,0.0697062412658372,0.0453122101094763,0.0496658191345457,0.0391227232706404,8,2.625,1,14,"lotic",-26.787199,152.270016,0.492865298388998,6.44696816981365,6.19099079760183,8553.080142,66.7808748488698,194,96,871,-6.90775527898214,0,0,4.85948684749782,0,-1.35864028433807,"small",-0.681475763997063,1.61367533488282,"high_prod","Hot and dry","Hot and dry",0,"ok",0.393956009385131,0.440628060905697,0.414288694484416
"FWB_0011","FWB_0011_2014","brisbane_03","lotic",-27.041002,152.403981,0.0518416216559848,0.0204375666711695,0.0319133661235955,0.0344694993350808,11,3.18181818181818,2,14,"lotic",-27.041002,152.403981,2.65471974539056,4.66830632895836,6.19099079760183,8553.080142,33.4549370327241,194,96,870,-3.19418321227783,0,0,5.63725801840981,0,0.388664769429818,"large",0.794940194755296,-0.74162494120605,"high_prod","Hot and dry","Hot and dry",0,"ok",0.282758663236004,0.519252959282668,0.395977590892002
"FWB_0012","FWB_0012_2015","brisbane_04","lotic",-27.430624,152.640734,0.056089271526832,0.0342330769435019,0.0238882292362084,0.0161663777566901,22,2.68181818181818,1,14,"lotic",-27.430624,152.640734,3.62271294185098,4.52344821589788,6.19099079760183,8553.080142,30.6592161306069,198,108,932,0.431132854856742,1,0,6.89825227816197,1587,3.59635317067173,"large",1.45602105762286,-0.933445750450487,"high_prod","Hot and dry","Hot and dry",0,"ok",0.379010040408168,0.403608447826148,0.386567200630829
"FWB_0013","FWB_0013_2014","brisbane_05","lotic",-27.443221,152.670211,0.0562040745036546,0.0124540848820674,0.0562238715496201,0.0192367127705551,14,2.14285714285714,1,14,"lotic",-27.443221,152.670211,1.20806442222919,6.93250101478923,6.19099079760183,8553.080142,34.2920770061683,197,34,998,-2.47693848013882,2,0,6.91619358611524,1595,3.59313945695136,"small",-0.193037977823292,2.25661690902224,"high_prod","Hot and dry","Hot and dry",0,"ok",0.181392641362554,0.25492398374408,0.219893657394723
"FWB_0014","FWB_0014_2015","brisbane_06","lotic",-27.566096,152.746836,0.046228610082069,0.0134897813439755,0.0240302312398844,0.0154803981177215,21,2.42857142857143,1,14,"lotic",-27.566096,152.746836,4.32352319905048,3.8521684199458,6.19099079760183,8553.080142,50.1691737868992,199,99,1044,1.88418670947398,3,10,7.04819352304853,1570,4.48475254530574,"large",1.93463211731829,-1.82235304717337,"high_prod","Hot and dry","Hot and dry",0,"ok",0.225889897933392,0.39180337973385,0.291952689172061
"FWB_0015","FWB_0015_2017","Broken Wagon","lotic",-17.827829,123.696755,0.0616475910197862,0.0149046265842566,0.0564123403582358,0.0111640401987351,15,3.86666666666667,1,17,"lotic",-17.827829,123.696755,4.53725530468945,5.85476554971989,3.38153014014091,65.6349952,28.7781149642061,277,48,530,-6.90775527898214,0,0,9.81103832684694,0,-4.70942020736189,"large",2.08059823085604,0.829481868441397,"low_prod","Extremely hot and xeric","Hot and dry",0,"ok",0.194698821938105,0.165206246719934,0.180870882778371
"FWB_0016","FWB_0016_2012","Bucket Billabong","lotic",-12.85431,132.45525,0.0390609455455198,0.0202526925865969,0.0354193557928825,0.0262004724046445,21,4.23809523809524,1,17,"lotic",-12.85431,132.45525,1.40142924870416,5.08364113518401,3.5870796579524,106.3489373,34.8361210485579,278,3,1413,-6.21460809842219,0,0,1.4014317111488,0,-3.81625838344377,"large",-0.060981485275891,-0.191639462627283,"low_prod","Extremely hot and xeric","Hot and dry",0,"ok",0.341450857246111,0.425195479621542,0.384121669551902
"FWB_0017","FWB_0017_2008","Bulimba Lynd Crossing","lotic",-16.7125,143.4108,0.0422008996623928,0.108708827820329,0.116163057336138,0.13503405186282,2,3,3,17,"lotic",-16.7125,143.4108,3.40056384768855,5.39930259405343,1.63984249243876,11.5280946,36.4806009186243,265,2,946,-6.90775527898214,0,0,7.58084617517767,0,-4.96041757793564,"large",1.30430664951426,0.226358778605712,"low_prod","Extremely hot and xeric","Hot and dry",0,"ok",0.720356663772887,0.537562125190968,0.606164475328489
"FWB_0018","FWB_0018_2021","Bullhole","lotic",-18.264193,124.51391,0.0420936399690889,0.0294129591633539,0.0601403592694491,0.0135536443186742,9,3.88888888888889,1,17,"lotic",-18.264193,124.51391,4.95873830875205,5.26707239763315,4.12919739476996,90.60815164,5.29994632049526,276,31,498,-6.90775527898214,0,0,9.53624540109352,0,-4.70942020736189,"large",2.36844565481374,0.0512598300690914,"low_prod","Extremely hot and xeric","Hot and dry",0,"ok",0.411332094103314,0.183917871994385,0.295912018800059
"FWB_0019","FWB_0019_2018","Bullock Crossing","lotic",-18.440485,125.385156,0.0493737338012501,0.045355522274653,0.0637972361688389,0.0409458050758933,2,12,6,17,"lotic",-18.440485,125.385156,3.17329251324624,4.99410563159376,4.49145575198563,81.55365369,35.7873338271701,275,5,476,-6.90775527898214,0,0,5.86233775426197,0,-5.29631936388536,"large",1.1490940608023,-0.310202188538389,"low_prod","Extremely hot and xeric","Hot and dry",0,"ok",0.478791074198992,0.390916709972393,0.432648184784397
"FWB_0020","FWB_0020_2008","Bushy Creek","lotic",-16.5666667,145.3166667,0.0823496149769845,0.0349310115842279,0.0508160677648343,0.0161949920914808,4,4.5,3,13,"lotic",-16.5666667,145.3166667,0.77794778225241,5.39685554471486,4.24836319090242,265.4608058,75.1336810566759,215,8,1645,-3.32423634052603,0,0,0.777952375719123,0,0.7178446711872,"small",-0.486781653428943,0.223118401008157,"low_prod","Hot and mesic","Hot and moist",0,"ok",0.297841277015998,0.241676405748634,0.277418936630048
"FWB_0021","FWB_0021_2011","Buxton River","lotic",-42.26113,148.00123,0.294139662598726,0.108583878145427,0.000256143203102389,0.5,2,1.5,1,10,"lotic",-42.26113,148.00123,1.31076229850745,3.96839356231595,3.2175401164067,2257.315327,160.457056625874,108,24,695,-4.07454193492592,0,0,1.31022562176409,0,-1.29824685443141,"large",-0.122901533772905,-1.66844795761388,"low_prod","Cool temperate and moist","Cool and moist",0,"ok",0.269623866399232,0.999487975896783,0.67397294641789
"FWB_0022","FWB_0022_2012","Cahill's Crossing","lotic",-12.429,132.968,0.0363747581097898,0.00953778962802174,0.0394529753574349,0.0262124824482295,15,2.93333333333333,1,17,"lotic",-12.429,132.968,3.60696416091267,5.82405725596219,5.51168429525293,530.9194255,33.3756778393892,279,49,1461,-6.90775527898214,0,0,7.29885639039495,0,-4.34203698645772,"large",1.44526559185112,0.78881801030693,"high_prod","Extremely hot and xeric","Hot and dry",0,"ok",0.207738191365208,0.399182208183255,0.320406086326048
"FWB_0023","FWB_0023_2008","Cairo Lagoon","lentic",-16.4616667,143.2183333,0.0780740759958827,0.0126340043873534,0.0548912418521295,0.0162842625513453,9,3.22222222222222,1,17,"lotic",-16.4616667,143.2183333,0.954356932680611,4.9662580530655,1.75235017446771,10.61083938,25.3747402392433,266,50,962,-6.90775527898214,2,0,0.95436078327004,0,-4.96041757793564,"small",-0.366304863086566,-0.347077893570933,"low_prod","Extremely hot and xeric","Hot and dry",0,"ok",0.139282016926998,0.228790265524979,0.178636190795996
"FWB_0024","FWB_0024_2012","Cannon Hill Billabong","lotic",-12.374708,132.954536,0.0710182833004675,0.0156021561079472,0.0594117516182327,0.0168307317283327,19,2.8421052631579,1,17,"lotic",-12.374708,132.954536,0.800206252853353,5.65211919320156,1.66475864499388,13.88487205,33.9440712263054,279,7,1462,-6.90775527898214,0,0,1.64287462275444,0,-3.81625838344377,"small",-0.471580462961087,0.561137988512816,"low_prod","Extremely hot and xeric","Hot and dry",0,"ok",0.18012095314344,0.22075266950353,0.199142243597542
"FWB_0025","FWB_0025_2021","Christmas Creek","lotic",-18.479874,125.380907,0.0658624667529592,0.0138776243344618,0.0479837709250306,0.0199537916313092,11,3.09090909090909,1,17,"lotic",-18.479874,125.380907,4.56873439134688,4.52339279770855,4.49145575198563,81.55365369,40.4003582814617,275,38,471,-6.21460809842219,0,0,7.6853810112194,0,-4.82706451790187,"large",2.10209654494117,-0.933519135100472,"low_prod","Extremely hot and xeric","Hot and dry",0,"ok",0.174035722121855,0.293707794046361,0.229089609233511
"FWB_0027","FWB_0027_2009","Crocodile Hole","lotic",-15.4049,142.1712,0.084556487939806,0.00396928350412565,0.0622623298901939,0.0124766634698947,12,1.41666666666667,1,17,"lotic",-15.4049,142.1712,1.8885836538636,4.78895675941779,0.660252523175337,5.598350992,24.4170227623602,267,15,1163,-6.90775527898214,0,0,1.88858516672175,0,-5.80581520022135,"large",0.271715537482266,-0.581859894447813,"low_prod","Extremely hot and xeric","Hot and dry",0,"ok",0.0448376042296295,0.166936466614994,0.100731759199615
"FWB_0028","FWB_0028_2021","Dawadere","lotic",-18.276582,125.533975,0.0723550198414634,0.0161636054062918,0.0292212898958791,0.0299999636626263,10,2.8,1,17,"lotic",-18.276582,125.533975,5.14929518015501,4.86815588247699,4.49145575198563,81.55365369,24.0894428781067,274,50,506,-6.90775527898214,0,0,9.0479121454236,0,-4.70942020736189,"large",2.49858448371569,-0.476984581938931,"low_prod","Extremely hot and xeric","Hot and dry",0,"ok",0.182601179820082,0.506574276294049,0.312465188423871
"FWB_0029","FWB_0029_2008","Deep Lagoon","lentic",-16.635,143.375,0.0469786635228561,0.0465075108422745,0.0623684357664661,0.0184753726295826,9,2.33333333333333,1,18,"lentic",-16.635,143.375,-2.12026353620009,0.0612530311370771,1.63984249243876,11.5280946,42.7564814718423,254,23,1023,-6.90775527898214,0,0,-0.146170936170987,0,-4.96041757793564,"small",-0.946562784624735,0.743488059697533,"low_prod","Extremely hot and moist","Hot and moist",0,"ok",0.497480094335975,0.228531695823543,0.372757929775508
"FWB_0030","FWB_0030_2008","Dickson Hole","lotic",-17.4966667,143.9566667,0.0624543643929985,0.0925183955832609,0.0447963695674329,0.0575422321368625,6,3,1,18,"lotic",-17.4966667,143.9566667,1.48930211119412,5.71623512658382,3.33952542781412,94.77505798,30.704427911665,252,3,907,-6.90775527898214,0,0,4.25973201523623,0,-4.96041757793564,"large",-0.000969629851780809,0.646040172912471,"low_prod","Extremely hot and moist","Hot and moist",0,"ok",0.596997792369665,0.562272995512771,0.583186948061857
"FWB_0031","FWB_0031_2019","Digarrwan","lotic",-18.180426,125.597683,0.0454263447515271,0.039501091917013,0.0489889356856839,0.0220145975473567,4,7.75,2,17,"lotic",-18.180426,125.597683,3.6947372635981,6.29505787280225,4.49145575198563,81.55365369,25.1558735466498,274,78,526,-4.3428059215206,0,0,8.9985361628772,0,0.703597386454764,"large",1.50520931735665,1.41251603845375,"low_prod","Extremely hot and xeric","Hot and dry",0,"ok",0.465115791392365,0.310049324941375,0.394505911835197
"FWB_0032","FWB_0032_1995","Dirran Creek, forest edge","lotic",-17.4666667,145.5333333,0.08055761228425,0.040256604762892,0.0719728350540584,0.0629352962516892,3,5,4,14,"lotic",-17.4666667,145.5333333,-0.365283318475333,5.70435409986944,5.61927097545758,1672.16056,108.150966716509,196,65,1580,-4.13516655674236,0,0,-0.365268909357242,0,1.24502165311282,"small",-1.26753941628274,0.630307342276645,"high_prod","Hot and dry","Hot and dry",0,"ok",0.33321082358365,0.466504840312823,0.403531023703018
"FWB_0033","FWB_0033_1995","Dirran Creek, pasture crossing","lotic",-17.4666667,145.5333333,0.0910272200297192,0.0968192532519801,0.0465541405715273,0.103313091878617,3,4.66666666666667,3,14,"lotic",-17.4666667,145.5333333,-0.365283318475333,5.70435409986944,5.61927097545758,1672.16056,108.150966716509,196,65,1580,-4.13516655674236,0,0,-0.365268909357242,0,1.24502165311282,"small",-1.26753941628274,0.630307342276645,"high_prod","Hot and dry","Hot and dry",0,"ok",0.515416933629558,0.689364113753056,0.592609484702137
"FWB_0034","FWB_0034_2021","Doorban","lotic",-18.059846,123.872198,0.047326576641692,0.011750364327149,0.0599852036854117,0.0234061040299048,12,3.25,1,17,"lotic",-18.059846,123.872198,3.94883697855086,6.41026585279125,3.38153014014091,65.6349952,38.5532317538965,276,18,508,-6.90775527898214,0,0,9.77193637000082,0,-4.70942020736189,"large",1.67874406887104,1.56507420372324,"low_prod","Extremely hot and xeric","Hot and dry",0,"ok",0.198899335924426,0.28067798276781,0.246767042353369
"FWB_0035","FWB_0035_2017","Doorrban","lotic",-18.059846,123.872198,0.020466950980003,0.0162834469876815,0.0356020966821307,0.0116013263130846,13,9.15384615384615,1,17,"lotic",-18.059846,123.872198,3.94883697855086,6.41026585279125,3.38153014014091,65.6349952,38.5532317538965,276,18,508,-6.90775527898214,0,0,9.77193637000082,0,-4.70942020736189,"large",1.67874406887104,1.56507420372324,"low_prod","Extremely hot and xeric","Hot and dry",0,"ok",0.443082194701671,0.245772987994124,0.332144183325363
"FWB_0036","FWB_0036_2008","Emu Creek @ Petford","lotic",-17.335,144.9483333,0.0342244140738568,0.0166434708348429,0.0566886242778625,0.0348911300865516,10,2.8,2,13,"lotic",-17.335,144.9483333,1.35377116941433,6.11316527147175,4.97154306239555,139.0888254,51.0560924185352,226,62,1042,-5.29831736654804,1,0,4.6035089068277,0,-1.20061179219376,"large",-0.093529073724587,1.17165423758088,"low_prod","Hot and mesic","Hot and moist",0,"ok",0.327190148847656,0.380991741337423,0.361779255762797
"FWB_0037","FWB_0037_2009","Evergreen Lagoon","lentic",-15.6189,141.7354,0.0720728718867512,0.0183354720945872,0.167115359125489,0.0343917153491863,5,2.4,1,17,"lentic",-15.6189,141.7354,-1.10866262452161,-0.528990970516148,3.72250728869084,142.1078661,34.7168450524348,269,38,1190,-6.90775527898214,0,0,-0.816422772725978,0,-5.51896403766366,"small",-0.536220492184495,0.524191353826265,"low_prod","Extremely hot and xeric","Hot and dry",0,"ok",0.202807299494081,0.170672495935166,0.180624880051406
"FWB_0038","FWB_0038_1996","Fishers Ck (trib)","lotic",-17.88333,145.56667,0.330935377721767,NA,0.291691453499901,NA,3,1,1,14,"lotic",-17.88333,145.56667,0.820660500858905,5.91107410091771,5.61927097545758,1672.16056,65.9654024600863,205,18,1587,-6.90775527898214,0,0,2.09087715509317,0,-3.19393933957817,"small",-0.457611447506989,0.904045533740827,"high_prod","Hot and dry","Hot and dry",0,"ok",NA,NA,NA
"FWB_0039","FWB_0039_2008","Fishhole Creek","lotic",-15.4666667,141.785,0.061785830118448,0.0363316411753372,0.089452550451477,0.0120242655194779,10,3.7,1,17,"lotic",-15.4666667,141.785,0.585561969880008,5.46621134677944,3.72250728869084,142.1078661,50.7877831649502,268,15,1206,-6.90775527898214,0,0,0.585567537793238,0,-11.5129254649702,"small",-0.618169538500535,0.314959208517987,"low_prod","Extremely hot and xeric","Hot and dry",0,"ok",0.37028717410126,0.11849273555173,0.242270995615602
"FWB_0040","FWB_0040_2008","Four Hour Lagoon","lentic",-16.6655,143.3918,0.0719302441984159,0.0200337681568544,0.0699997206871623,0.0203468827574521,8,2,1,18,"lentic",-16.6655,143.3918,-2.12026353620009,0.0612530311370771,1.63984249243876,11.5280946,39.82739612464,254,23,1023,-6.90775527898214,0,0,-0.146170936170987,0,-4.96041757793564,"small",-0.946562784624735,0.743488059697533,"low_prod","Extremely hot and moist","Hot and moist",0,"ok",0.217843563408924,0.225209160961158,0.221493689421963
"FWB_0041","FWB_0041_2009","FTM","lentic",-19.33341,140.86067,0.0222470499420419,0.0386170962009562,0.0415605931490744,0.0293346193379463,13,5,1,17,"lentic",-19.33341,140.86067,0.182321556793955,-2.14929514299649,1.84639567890951,14.78660249,23.2607421932896,263,26,560,-6.90775527898214,0,0,-0.154305691841,0,-4.50895132824755,"large",-0.0125501372555473,-0.0778094569217774,"low_prod","Extremely hot and xeric","Hot and dry",0,"ok",0.634480209583927,0.413774334103545,0.51572591309974
"FWB_0042","FWB_0042_2009","FWB","lentic",-18.1622667,140.8578833,0.0172820883790232,0.0152188603752462,0.0531698717047901,0.0277456992416831,15,3.73333333333333,1,17,"lotic",-18.1622667,140.8578833,5.29042631392527,4.98089569812555,1.28583985020518,4.888879238,15.1701646379872,269,35,742,-6.90775527898214,0,0,9.87206277646275,3,-5.51896403766366,"large",2.59496852033028,-0.327694754708156,"low_prod","Extremely hot and xeric","Hot and dry",0,"ok",0.468258957309578,0.3428969099166,0.378821001828431
"FWB_0043","FWB_0043_2009","FWL","lentic",-18.99092,140.60063,0.00800818621802384,0.0145145203395849,0.0373806863768755,0.0161988221144288,18,5.38888888888889,1,17,"lentic",-18.99092,140.60063,-1.89711998488588,1.09074159191535,1.84639567890951,14.78660249,27.0288157242747,262,65,561,-6.21460809842219,0,0,1.11711014355023,0,-3.81625838344377,"small",-0.856047606818498,1.12597979104675,"low_prod","Extremely hot and xeric","Hot and dry",0,"ok",0.644439437261217,0.302332413464707,0.403580138032426
"FWB_0044","FWB_0044_2011","Gidi Gidi","lentic",-28.403415,150.047162,0.0253970147348179,0.0169350433772061,0.0395814378415064,0.0114049340115448,7,13.7142857142857,2,14,"lentic",-28.403415,150.047162,-0.82098055206983,2.72373368802278,5.50362608898816,633.6756748,22.3687314640232,197,50,686,-5.52146091786225,0,0,5.81410668079436,0,-2.07139401010054,"small",-0.419526132046015,1.73269461811342,"high_prod","Hot and dry","Hot and dry",0,"ok",0.400052445652197,0.223685930122959,0.303691107955388
"FWB_0045","FWB_0045_2008","Hodgkinson River","lotic",-16.7166667,144.8166667,0.0519395723448953,0.041984757053933,0.0334789020408118,0.0434347762031268,5,2.8,2,18,"lotic",-16.7166667,144.8166667,2.36480843617418,5.60883336188993,4.24836319090242,265.4608058,25.8442517396573,242,0,1352,-6.90775527898214,2,0,5.58184460712735,0,-4.96041757793564,"large",0.596948288249508,0.503818981550827,"low_prod","Extremely hot and moist","Hot and moist",0,"ok",0.447006194482947,0.564721089860889,0.500003099050871
"FWB_0046","FWB_0046_2002","Hooley_Ck","lotic",-21.884789,117.999111,0.0436043974204905,0.0294086207105548,0.00884018850720994,0.0346753766783307,6,6.66666666666667,4,16,"lotic",-21.884789,117.999111,1.45044218094364,5.09389118426202,4.21660742165222,91.82280918,411.507286310369,263,75,365,-5.80914299031403,0,0,3.34300349072432,0,-2.60355505977276,"large",-0.0275086141286289,-0.178066369153957,"low_prod","Extremely hot and arid","Hot and dry",0,"ok",0.402785988900932,0.796849966913739,0.549942302265715
"FWB_0047","FWB_0047_2013","Jabiluka Billabong","lotic",-12.461872,132.874506,0.044842046893512,0.0150468502042527,0.0408422350609802,0.0218348005856459,22,4.63636363636364,1,17,"lotic",-12.461872,132.874506,2.84775417078249,5.68780355851173,5.51168429525293,530.9194255,37.9710477925421,279,35,1467,-6.90775527898214,0,0,5.77428135376639,0,-3.81625838344377,"large",0.926771043327237,0.608391150151842,"high_prod","Extremely hot and xeric","Hot and dry",0,"ok",0.251246072868727,0.348370026763084,0.300912741118812
"FWB_0048","FWB_0048_2021","Jubilee Downs","lotic",-18.366228,125.301913,0.0304874962906221,0.0621341228607016,0.0402145472378786,0.0520127733619635,11,3,1,17,"lotic",-18.366228,125.301913,3.61963655137178,6.40324328586328,4.49145575198563,81.55365369,28.3161748521385,275,54,490,-6.90775527898214,0,0,9.0830590083092,0,-4.42201564289025,"large",1.45392006881432,1.55577493533822,"low_prod","Extremely hot and xeric","Hot and dry",0,"ok",0.670838227943175,0.56396275012301,0.61751447628709
"FWB_0049","FWB_0049_2009","Killarney Waterhole","lotic",-15.92152,141.7446,0.04460642694608,0.0130865434912776,0.0405567071611328,0.0142372650028078,14,3.5,1,17,"lotic",-15.92152,141.7446,3.33395298070932,4.30179983252249,3.72250728869084,142.1078661,10.3122150300383,269,53,1126,-6.90775527898214,0,0,4.1022632928185,0,-5.51896403766366,"large",1.2588154522827,-1.22695207445622,"low_prod","Extremely hot and xeric","Hot and dry",0,"ok",0.226830814778151,0.259832686708872,0.242906490853189
"FWB_0050","FWB_0050_2008","Kingfish Lagoon","lentic",-16.1733333,142.825,0.0746481193676154,0.00786089275675108,0.0788428713966095,0.0808450722457971,8,1.875,1,17,"lentic",-16.1733333,142.825,-2.04022082852655,-0.188040162610252,1.75235017446771,10.61083938,51.2765500643484,267,60,1003,-6.90775527898214,1,0,-1.66595535526927,0,-4.96041757793564,"small",-0.914094537729439,0.650866743713308,"low_prod","Extremely hot and xeric","Hot and dry",0,"ok",0.0952731411315687,0.50626910461591,0.366255491204311
"FWB_0051","FWB_0051_2008","Koolatah Gauging Station","lotic",-15.95,142.3833333,0.0511429265902221,0.0257430810559518,0.0723061706108728,0.0214861279972956,11,3.54545454545455,1,17,"lotic",-15.95,142.3833333,5.41140495136408,4.58446794332524,0.564004802674923,6.641588253,18.6064045148672,268,21,1068,-6.90775527898214,0,0,9.27571941571314,0,-5.51896403766366,"large",2.67758961965106,-0.852643555477091,"low_prod","Extremely hot and xeric","Hot and dry",0,"ok",0.334821404362941,0.229082006903969,0.276714774652539
"FWB_0052","FWB_0052_1996","Lower Tully River tributary","lotic",-17.8,145.68333,0.227301423324151,0.0267399962966742,0.00192699653168776,0.190789078570034,2,3,2,13,"lotic",-17.8,145.68333,0.88128512267534,7.3989439731396,5.61927097545758,1672.16056,65.9582066456879,239,87,2638,-6.90775527898214,0,0,5.12282648746644,324,-1.08764267547952,"small",-0.416208494006925,2.87427969536394,"high_prod","Hot and mesic","Hot and moist",0,"ok",0.10525841154795,0.990000852130936,0.486906380835988
"FWB_0053","FWB_0053_2008","Lynd River @ Lyndbrook","lotic",-17.8316667,144.4466667,0.103249712277151,0.0665938459307309,0.131405747620274,0.0302851282690604,3,2.33333333333333,1,18,"lotic",-17.8316667,144.4466667,1.37573884718037,6.00892028388326,3.33952542781412,94.77505798,44.8866078659419,237,113,854,-6.90775527898214,2,0,5.04262486131626,0,-4.96041757793564,"large",-0.0785264771920128,1.03361324383583,"low_prod","Extremely hot and moist","Hot and moist",0,"ok",0.392089324042673,0.187302642171277,0.292213912752674
"FWB_0054","FWB_0054_2008","Magnificent Creek","lotic",-15.4883333,141.7616667,0.0906960064310106,0.0311110103816726,0.113226942048397,0.0518600471935223,6,2.5,1,17,"lotic",-15.4883333,141.7616667,2.82131936082808,4.96830676612584,3.72250728869084,142.1078661,48.6704598605055,268,49,1201,-0.478035800943,0,0,4.64759738747401,0,2.9140345721335,"large",0.908717665433358,-0.344364992036866,"low_prod","Extremely hot and xeric","Hot and dry",0,"ok",0.25541230050413,0.314137700564194,0.289204569716258
"FWB_0055","FWB_0055_2021","Marrngaya","lotic",-18.115308,125.704471,0.0349197918710172,0.0129666870988206,0.0496999999747334,0.0277515917339311,15,2.73333333333333,1,17,"lotic",-18.115308,125.704471,0.616805947303223,4.92490358044652,4.49145575198563,81.55365369,36.5582020933753,273,23,544,-6.90775527898214,0,0,0.616811343942735,0,-5.51896403766366,"small",-0.59683178981606,-0.401839399406219,"low_prod","Extremely hot and xeric","Hot and dry",0,"ok",0.270779714394702,0.358308862628921,0.324867604968931
"FWB_0056","FWB_0056_2014","mary_07","lotic",-26.727109,152.71395,0.0717930447692783,0.0337210744066469,0.046791130731673,0.0627426384886292,9,2.55555555555556,1,14,"lotic",-26.727109,152.71395,0.497132296633988,5.52905170297963,5.96826600394607,16821.25857,67.7071946724395,192,83,1414,-3.44201937618241,0,0,2.34994661809687,0,1.5441545806606,"small",-0.678561662026132,0.398172276290706,"high_prod","Hot and dry","Hot and dry",0,"ok",0.31958826619614,0.572815479055018,0.44856851938737
"FWB_0057","FWB_0057_2014","mary_08","lotic",-26.623691,152.691161,0.0233796485377855,0.0508014182379441,0.0480153819330148,0.0255275701784795,11,2.63636363636364,1,14,"lotic",-26.623691,152.691161,2.21090830442214,5.01197018232579,5.96826600394607,16821.25857,58.1905779595036,194,79,1387,-1.09064411901893,0,0,4.1032053558507,0,2.3552733639492,"large",0.491843797571171,-0.286545987958338,"high_prod","Hot and dry","Hot and dry",0,"ok",0.684829976785467,0.34711103437592,0.516699917802094
"FWB_0058","FWB_0058_2015","mary_09","lotic",-26.546773,152.75567,0.0940884946176917,0.039590498731666,0.0662610904694146,0.0103195529708235,11,2,1,14,"lotic",-26.546773,152.75567,1.40241374299977,6.04343623765377,5.96826600394607,16821.25857,46.2221176973698,197,64,1375,-3.17008566069877,0,0,4.60898300793546,253,1.9010636982157,"large",-0.0603091351593693,1.07931919736664,"high_prod","Hot and dry","Hot and dry",0,"ok",0.296160957976395,0.134754064568244,0.237373432507324
"FWB_0059","FWB_0059_2014","mary_10","lotic",-26.19149,152.621923,0.0787643683320313,0.0482014591768187,0.0578982716415527,0.0295095208743623,12,2.41666666666667,1,14,"lotic",-26.19149,152.621923,1.73941298885585,6.37269127817929,5.36739758168709,14834.65538,17.1858447311739,205,217,1127,-0.669430653942629,0,8,6.06238890873299,137,4.70365722332349,"large",0.169840986815542,1.5153180308945,"high_prod","Hot and dry","Hot and dry",0,"ok",0.379641200491202,0.337607437792109,0.362502531991593
"FWB_0060","FWB_0060_2015","mary_11","lotic",-25.827127,152.489392,0.0354050653481667,0.0526251030420393,0.0514560019856957,0.0121493476754302,11,2.36363636363636,1,14,"lotic",-25.827127,152.489392,3.25118811433545,5.2442239992786,5.36739758168709,14834.65538,31.8924618132255,209,14,1015,-3.64965874096066,2,0,6.81856226212774,83,0.060163338971272,"large",1.20229204955877,0.0210040289288496,"high_prod","Hot and dry","Hot and dry",0,"ok",0.59780759260588,0.191011412407274,0.427172021106176
"FWB_0061","FWB_0061_2015","mary_12","lotic",-25.732803,152.524866,0.0295200446301484,0.0160388895718851,0.0470992091742238,0.0156099585899496,16,2.3125,1,14,"lotic",-25.732803,152.524866,3.76743644326948,4.80581092680607,5.36739758168709,14834.65538,43.2852710439773,210,32,1061,-1.06421086195078,2,0,6.92768045759213,79,1.81629109325071,"large",1.55485846427489,-0.559541641370674,"high_prod","Hot and dry","Hot and dry",0,"ok",0.352047076008403,0.248926259851717,0.292319229644508
"FWB_0062","FWB_0062_2008","McLeod River","lotic",-16.5,145,0.120064401314771,0.100374375247031,0.0551543288569048,0.052655422238642,4,4,1,18,"lotic",-16.5,145,3.23958000642649,4.85042601035738,4.24836319090242,265.4608058,40.7108773967032,239,24,1574,-6.90775527898214,0,0,4.93521473780383,0,-4.96041757793564,"large",1.19436441326879,-0.500462441383114,"low_prod","Extremely hot and moist","Hot and moist",0,"ok",0.455339014362975,0.488410572360713,0.466201017192124
"FWB_0063","FWB_0063_2011","Meredith River","lotic",-42.1155,148.061,0.0111478567707881,0.0848919059122315,0.0228685206114268,0.22745024090604,2,6,2,11,"lotic",-42.1155,148.061,1.558986368938,4.10224098970012,3.2175401164067,2257.315327,163.773135142611,121,43,631,-1.9241486572738,0,0,1.97199691131847,0,0.814926664213563,"large",0.0466205075645363,-1.4912074752296,"low_prod","Warm temperate and mesic","Warm temperate",0,"ok",0.88392456978906,0.908642402699683,0.901788537005878
"FWB_0064","FWB_0064_2008","Mitchell River @ Cooktown Crossing","lotic",-16.566,144.89,0.0219273629227086,0.0455305722530621,0.0619355478785445,0.0201798356237343,6,4,3,18,"lotic",-16.566,144.89,1.99890913078792,6.59162538000169,4.24836319090242,265.4608058,27.640859297306,242,3,1445,-6.90775527898214,2,0,6.42778051882691,0,-4.96041757793564,"large",0.347061171881451,1.80523010896529,"low_prod","Extremely hot and moist","Hot and moist",0,"ok",0.674947611936625,0.24574975799966,0.439319047391302
"FWB_0065","FWB_0065_2008","Mitchell River @ Gamboola","lotic",-16.535,143.6766667,0.0674860167994937,0.0363160042740078,0.120515178917617,0.0128462182918596,7,2.85714285714286,1,17,"lotic",-16.535,143.6766667,4.17541750824858,5.21719482717054,1.63984249243876,11.5280946,27.6803242762334,263,43,969,-6.90775527898214,0,0,8.33047751701245,0,-4.96041757793564,"large",1.83348487968383,-0.0147879440399687,"low_prod","Extremely hot and xeric","Hot and dry",0,"ok",0.349858354379176,0.0963263625056463,0.207292604069351
"FWB_0066","FWB_0066_2018","Mt Anderson CK","lentic",-18.048715,123.92224,0.0226665923565829,0.0252079323130771,0.066504267604762,0.0249836235453835,8,3,1,17,"lentic",-18.048715,123.92224,-0.867500567704723,-3.83059293806243,3.38153014014091,65.6349952,43.9426291735312,276,22,503,-5.29831736654804,0,0,-3.03634595643929,0,-1.84509695681873,"small",-0.438396350172157,-0.702471574645767,"low_prod","Extremely hot and xeric","Hot and dry",0,"ok",0.52654167298819,0.273081204860014,0.360151304519276
"FWB_0067","FWB_0067_2012","Mudgimberri","lotic",-12.5905,132.8761,0.0484923932324126,0.00905098441771874,0.0478416155123587,0.0124865323352183,18,2.94444444444444,1,17,"lotic",-12.5905,132.8761,-0.375420986759788,5.65311441072836,5.51168429525293,530.9194255,31.044485285661,279,71,1469,-3.86323284125871,0,0,-0.375406430824969,0,1.34703624726721,"small",-1.27446283115947,0.562455853472749,"high_prod","Extremely hot and xeric","Hot and dry",0,"ok",0.157289766213403,0.206976888578883,0.182720268207234
"FWB_0068","FWB_0068_2019","Mungungudha","lotic",-18.504371,125.195568,0.0333622894013635,0.0615405286814061,0.073953451586008,0.034983990388722,3,7.66666666666667,5,17,"lotic",-18.504371,125.195568,4.36196422363683,4.73080301981415,4.51090233625898,109.8949317,23.3723277787241,275,46,470,-6.21460809842219,0,0,7.72641466362599,0,-4.70942020736189,"large",1.96088501433862,-0.65886695436101,"low_prod","Extremely hot and xeric","Hot and dry",0,"ok",0.648458390642662,0.321138350181172,0.473530199789287
"FWB_0069","FWB_0069_2019","Myroodah crossing","lotic",-18.077963,124.227166,0.0753681811135522,0.0457450928758681,0.0358212415837835,0.0215307699667795,5,8,2,17,"lotic",-18.077963,124.227166,2.91744635515545,7.39643249810114,4.12919739476996,90.60815164,33.6014871987022,276,52,507,-6.90775527898214,0,0,9.62363323048367,0,-4.70942020736189,"large",0.97436659415225,2.87095400538982,"low_prod","Extremely hot and xeric","Hot and dry",0,"ok",0.377705030745549,0.375414381896569,0.37696890260249
"FWB_0070","FWB_0070_2021","Myroodah Crossing","lotic",-18.077963,124.227166,0.070475441995862,0.0174781636706609,0.050479778991441,0.0319942353615978,13,2.84615384615385,1,17,"lotic",-18.077963,124.227166,2.91744635515545,7.39643249810114,4.12919739476996,90.60815164,33.6014871987022,276,52,507,-6.90775527898214,0,0,9.62363323048367,0,-4.70942020736189,"large",0.97436659415225,2.87095400538982,"low_prod","Extremely hot and xeric","Hot and dry",0,"ok",0.198720263236616,0.387931103058026,0.290283928312678
"FWB_0071","FWB_0071_2019","Noonkanbah","lotic",-18.509248,124.840238,0.15049992325385,0.0204502064226861,0.0645218200353669,0.058136073633951,3,6.66666666666667,1,17,"lotic",-18.509248,124.840238,4.97167268096563,5.20378679546287,4.51090233625898,109.8949317,22.5277669751474,275,84,468,-1.56064774826467,0,0,9.41744624528566,0,1.87487590967972,"large",2.37727904948518,-0.0325428314826021,"low_prod","Extremely hot and xeric","Hot and dry",0,"ok",0.119626738285493,0.473969280694516,0.267657127217081
"FWB_0072","FWB_0072_2019","Nurgardie","lotic",-18.509492,125.069813,0.120367590761008,0.0120232485093069,0.0362630235667066,0.0211721910061118,5,3.8,2,17,"lotic",-18.509492,125.069813,1.24645741593209,4.94317214197505,4.51090233625898,109.8949317,13.5672983561618,275,68,464,-6.90775527898214,0,0,2.52228351666513,0,-5.29631936388536,"small",-0.166817882994123,-0.377648208577493,"low_prod","Extremely hot and xeric","Hot and dry",0,"ok",0.0908163176211756,0.368627351069942,0.174872936793231
"FWB_0073","FWB_0073_2009","OCD","lentic",-18.97382,140.57383,0.0243780578231545,0.027298642764315,0.0339214397661222,0.0208052549409316,10,5.6,1,17,"lentic",-18.97382,140.57383,-1.89711998488588,1.09074159191535,1.84639567890951,14.78660249,30.2353200304558,262,65,561,-6.21460809842219,0,0,1.11711014355023,0,-3.81625838344377,"small",-0.856047606818498,1.12597979104675,"low_prod","Extremely hot and xeric","Hot and dry",0,"ok",0.528258237348348,0.380166480952302,0.452089875253469
"FWB_0074","FWB_0074_2008","Old Koolatah Lagoon","lentic",-15.3732,142.0891,0.0481366186570248,0.013845734804906,0.043639699640075,0.027849506393712,16,1.875,1,17,"lentic",-15.3732,142.0891,-1.13943428318836,8.03311498151092,0.660252523175337,5.598350992,24.908834236235,268,21,1196,-6.90775527898214,0,0,9.65754865083147,0,-6.20962055691115,"small",-0.548702601298605,3.70531920153195,"low_prod","Extremely hot and xeric","Hot and dry",0,"ok",0.223381882609701,0.389562396042695,0.312390454986448
"FWB_0075","FWB_0075_2009","One-Mile Waterhole","lentic",-16.856533,143.460015,0.0326395521743112,0.0116267592561193,0.0513393391747952,0.0142558914632392,8,1.625,1,18,"lentic",-16.856533,143.460015,-1.17118298150295,-3.40089742665316,1.63984249243876,11.5280946,32.1836197393122,256,74,988,-6.90775527898214,2,0,-2.4417322244042,0,-4.96041757793564,"small",-0.561581033393711,-0.542824361093762,"low_prod","Extremely hot and moist","Hot and moist",0,"ok",0.262654801821292,0.217331219428218,0.235593368088978
"FWB_0075","FWB_0075_2009","One-Mile Waterhole","lotic",-16.856533,143.460015,0.0453841073491721,0.0132608588291249,0.0536286935653842,0.0200966913598235,14,2.64285714285714,1,18,"lentic",-16.856533,143.460015,-1.17118298150295,-3.40089742665316,1.63984249243876,11.5280946,32.1836197393122,256,74,988,-6.90775527898214,2,0,-2.4417322244042,0,-4.96041757793564,"small",-0.561581033393711,-0.542824361093762,"low_prod","Extremely hot and moist","Hot and moist",0,"ok",0.226121007365035,0.272588490113833,0.252001674928437
"FWB_0076","FWB_0076_2000","Palm_Pool","lotic",-21.570423,117.053611,0.0236527493518106,0.0707691283554244,0.0457093390342512,0.0356954553245149,9,2,1,16,"lotic",-21.570423,117.053611,2.87632917630621,5.69505623335708,4.21660742165222,91.82280918,479.483299271025,264,38,349,-6.21460809842219,0,0,8.1037108338785,0,-3.64927419952158,"large",0.946286045475124,0.617995126958034,"low_prod","Extremely hot and arid","Hot and dry",0,"ok",0.749499269383856,0.438493280471889,0.605508723045017
"FWB_0077","FWB_0077_2008","Palmer River @ Drumduff","lotic",-16.0333333,143.0333333,0.0209398707660421,0.0371503823677947,0.0545640207379096,0.0270724160156477,8,3.75,2,17,"lotic",-16.0333333,143.0333333,4.91969621376865,4.15199531427658,1.75235017446771,10.61083938,37.1427353736378,265,42,1004,-6.21460809842219,0,0,7.50130309984297,0,-5.11433053043502,"large",2.34178226303148,-1.42532290306426,"low_prod","Extremely hot and xeric","Hot and dry",0,"ok",0.639528670708358,0.33162172544808,0.459631573861799
"FWB_0078","FWB_0078_2008","Palmer River @ Goldfields","lotic",-16.1,144.7833333,0.0797808814068423,0.028986372185882,0.0684255882108564,0.066344740521262,7,2.42857142857143,1,18,"lotic",-16.1,144.7833333,2.88658682629319,4.72949873914658,4.24836319090242,265.4608058,56.8003348232389,239,28,1345,-5.80914299031403,6,0,4.72774182684053,0,-3.01573092006068,"large",0.953291400604875,-0.660594080083203,"low_prod","Extremely hot and moist","Hot and moist",0,"ok",0.266499072362539,0.492280022950265,0.39144312675317
"FWB_0079","FWB_0079_2008","Rifle Creek","lotic",-16.6333333,145.4,0.0999476152527361,0.037464990080189,0.00111426723357111,0.179632254948423,3,2.66666666666667,2,13,"lotic",-16.6333333,145.4,1.2225982684491,5.78871494865243,4.24836319090242,265.4608058,84.7248492452023,230,3,1880,-3.07911388249304,0,0,2.89674087637559,0,1.21105069684362,"small",-0.183112239052631,0.742017801154045,"low_prod","Hot and mesic","Hot and moist",0,"ok",0.272645948233194,0.99383519406006,0.682354288322065
"FWB_0080","FWB_0080_2009","RKW","lentic",-20.2426167,141.8482333,0.0273208861242141,0.0141804373568272,0.0432932605779923,0.022201341559139,14,4.21428571428571,1,16,"lentic",-20.2426167,141.8482333,-0.616186139423817,-1.03164474883265,2.38192763314596,12.1874037,53.5156178892827,252,59,520,-6.90775527898214,0,0,0.728519150640417,0,-4.42201564289025,"small",-0.336454035338744,0.337437541047466,"low_prod","Extremely hot and arid","Hot and dry",0,"ok",0.341686388948659,0.338979714887866,0.340029573142802
"FWB_0081","FWB_0081_2021","Rope Swing","lotic",-18.429777,125.41054,0.0408176186311396,0.0182307585011387,0.0413640829562136,0.0294260461329269,11,2.81818181818182,1,17,"lotic",-18.429777,125.41054,1.64519108213992,4.56931847355113,4.49145575198563,81.55365369,34.7230350656675,275,5,484,-6.21460809842219,0,0,2.03927167822589,0,-4.50895132824755,"large",0.105493117821672,-0.872704451551865,"low_prod","Extremely hot and xeric","Hot and dry",0,"ok",0.308742752748288,0.415680074489947,0.36704677234036
"FWB_0082","FWB_0082_2010","Saltwater Creek","lotic",-17.8166667,144.4166667,0.104229075892722,0.00608662739306502,0.0429042442446663,0.0384652306322583,5,2.4,1,18,"lotic",-17.8166667,144.4166667,1.33762918913861,5.43864269229077,3.33952542781412,94.77505798,41.668792611295,237,62,851,-6.90775527898214,2,0,3.81061046403173,0,-4.96041757793564,"large",-0.104553070884986,0.278452854113183,"low_prod","Extremely hot and moist","Hot and moist",0,"ok",0.0551746234830849,0.472723102741402,0.23242202893489
"FWB_0083","FWB_0083_2009","SDD","lentic",-20.0456,141.0884333,0.0128865524522812,0.0394250483994856,0.0498145365585716,0.0271207126409855,9,3.66666666666667,1,16,"lentic",-20.0456,141.0884333,-1.83258146374831,0.686882598980233,0.868006208486874,4.864714177,25.535448305135,258,37,495,-6.90775527898214,0,0,1.03886582282649,0,-4.42201564289025,"small",-0.829868424486255,0.975931765926461,"low_prod","Extremely hot and arid","Hot and dry",0,"ok",0.753657845631655,0.352513482742338,0.514873368395793
"FWB_0084","FWB_0084_2009","Shovel Waterhole","lotic",-15.703217,141.750016,0.0472160668955017,0.0116735225336518,0.0488507895943607,0.0219773911024213,12,4.66666666666667,2,17,"lotic",-15.703217,141.750016,2.47334001341653,4.92638865128459,3.72250728869084,142.1078661,25.0110674734112,269,42,1160,-6.90775527898214,0,0,3.68263524958257,0,-5.51896403766366,"large",0.671068797561051,-0.399872871719749,"low_prod","Extremely hot and xeric","Hot and dry",0,"ok",0.198227269824924,0.310291622433553,0.259416374513711
"FWB_0085","FWB_0085_2011","St. George","lentic",-28.071618,148.572395,0.0244580373175412,0.0273003140653684,0.0432244411458687,0.0117882843351835,9,9.66666666666667,1,14,"lentic",-28.071618,148.572395,-0.994252273343867,-5.51896403766366,5.93661696503262,735.9581657,63.5945768355571,205,75,542,-1.3130438993803,0,0,-4.42201564289025,0,2.14124311767272,"small",-0.489811473332117,-1.32976167737235,"high_prod","Hot and dry","Hot and dry",0,"ok",0.527457180067425,0.214282863321209,0.36609725731581
"FWB_0086","FWB_0086_2009","STW","lentic",-19.55353,141.01127,0.0201507479371397,0.0189469815740538,0.0495209382670157,0.0142155077691959,17,5.17647058823529,1,17,"lentic",-19.55353,141.01127,-1.83258146374831,0.970199786790639,1.10471997207181,6.476092466,24.3778240268736,261,57,539,-6.90775527898214,0,0,0.65493116253145,0,-4.42201564289025,"small",-0.829868424486255,1.08119420964382,"low_prod","Extremely hot and xeric","Hot and dry",0,"ok",0.484605674317465,0.223035777067322,0.322485099595729
"FWB_0087","FWB_0087_2011","Swan River 2","lotic",-42.00697,148.07625,0.20763353632976,0.0611588701574188,0.00861778714649345,0.160307108782943,2,3.5,1,11,"lotic",-42.00697,148.07625,1.39896376422055,4.84834946764081,3.2175401164067,2257.315327,164.974362514141,125,81,665,-4.19970507787993,0,0,3.08808399051048,0,-0.599638622702249,"large",-0.0626652622030114,-0.503212194889543,"low_prod","Warm temperate and mesic","Warm temperate",0,"ok",0.227531986326169,0.94898450522004,0.50595664763001
"FWB_0088","FWB_0088_2009","SWD","lentic",-19.37131,140.78655,0.00436988378434467,0.0163710980174657,0.0295287418691119,0.0331539170343171,12,7,1,17,"lentic",-19.37131,140.78655,0.182321556793955,-2.14929514299649,1.84639567890951,14.78660249,22.40921481021,263,26,560,-6.90775527898214,0,0,-0.154305691841,0,-4.50895132824755,"large",-0.0125501372555473,-0.0778094569217774,"low_prod","Extremely hot and xeric","Hot and dry",0,"ok",0.789311623427428,0.528916890481547,0.593656841551299
"FWB_0089","FWB_0089_2011","Talwood","lentic",-28.497575,149.489341,0.0337466492700087,0.0143829374072243,0.0417290871274644,0.0218901268490166,7,13.1428571428571,2,14,"lentic",-28.497575,149.489341,-0.653926467406664,-5.3684903360702,4.6381471174342,143.7985199,38.9441101598878,198,36,584,-4.96184512992682,0,0,-3.81625838344377,0,-1.75440588268671,"small",-0.351762891354139,-1.27385532849413,"low_prod","Hot and dry","Hot and dry",0,"ok",0.298837750335969,0.344080435465755,0.324594662708225
"FWB_0090","FWB_0090_2008","Tate River @ Ootan","lotic",-17.475,144.62,0.0866162413834161,0.0154762142019224,0.0325920625992522,0.0459458570860673,4,3,2,13,"lotic",-17.475,144.62,0.939225703156651,6.63517567271671,3.33952542781412,94.77505798,43.311791815763,235,100,922,-6.90775527898214,0,0,5.26938282091778,0,-4.96041757793564,"small",-0.376638578557423,1.86289931516252,"low_prod","Hot and mesic","Hot and moist",0,"ok",0.151590184731975,0.585014949086506,0.340042870397376
"FWB_0091","FWB_0091_2008","Ten Mile Lagoon","lentic",-16.34,143.0416667,0.0553250675332448,0.0281440168432672,0.0535087048393263,0.0399528077536727,10,2.4,1,17,"lentic",-16.34,143.0416667,-2.04022082852655,-0.188040162610252,1.75235017446771,10.61083938,28.3274009876355,267,60,1003,-6.90775527898214,1,0,-1.66595535526927,0,-4.96041757793564,"small",-0.914094537729439,0.650866743713308,"low_prod","Extremely hot and xeric","Hot and dry",0,"ok",0.337178933415817,0.427478719798351,0.384878736427224
"FWB_0093","FWB_0093_2008","Twelve Mile Lagoon","lentic",-16.2933333,143.0316667,0.0654904017606396,0.0520128716805289,0.0351802191719419,0.0395430673171258,4,2.75,2,17,"lentic",-16.2933333,143.0316667,-2.04022082852655,-0.188040162610252,1.75235017446771,10.61083938,27.9208254208383,267,60,1003,-6.90775527898214,1,0,-1.66595535526927,0,-4.96041757793564,"small",-0.914094537729439,0.650866743713308,"low_prod","Extremely hot and xeric","Hot and dry",0,"ok",0.442650405876315,0.529193363609765,0.476291824765956
"FWB_0093","FWB_0093_2008","Twelve Mile Lagoon","lotic",-16.2933333,143.0316667,0.151834423746629,0.0549419768456506,0.00357624956647046,0.00858643282291316,3,1.66666666666667,1,17,"lentic",-16.2933333,143.0316667,-2.04022082852655,-0.188040162610252,1.75235017446771,10.61083938,27.9208254208383,267,60,1003,-6.90775527898214,1,0,-1.66595535526927,0,-4.96041757793564,"small",-0.914094537729439,0.650866743713308,"low_prod","Extremely hot and xeric","Hot and dry",0,"ok",0.265707192350179,0.705965390529967,0.290164774618538
"FWB_0094","FWB_0094_2008","Walsh River @ Nullinga","lotic",-17.1733333,145.3033333,0.0332864263309971,0.0355781288834212,0.077017072808936,0.0603256584605096,8,2.375,1,13,"lotic",-17.1733333,145.3033333,1.26158111694625,5.8972184059901,4.97154306239555,139.0888254,80.1796281924244,222,3,1573,-3.86323284125871,1,0,4.08778996101413,0,1.03211985989567,"small",-0.156489309040556,0.885697851602029,"low_prod","Hot and mesic","Hot and moist",0,"ok",0.516639202455375,0.439234445848902,0.465084376887116
"FWB_0095","FWB_0095_2008","Walsh River @ Rookwood","lotic",-16.9816667,144.2866667,0.0823710780746888,0.0367848678993656,0.00753983051108853,0.0729046856720155,5,2.8,2,18,"lotic",-16.9816667,144.2866667,2.6068292537448,5.73193041903225,4.97154306239555,139.0888254,35.2625576177706,253,54,1030,-6.90775527898214,2,0,6.75003541552357,0,-4.96041757793564,"large",0.762233882710858,0.666823846226845,"low_prod","Extremely hot and moist","Hot and moist",0,"ok",0.308711979067963,0.906272908722246,0.549545589153072
"FWB_0096","FWB_0096_2018","Wetland 2","lentic",-17.844019,124.783129,0.0602968979591839,0.153823163265306,0.0250370305983018,0.083415891537597,3,3.66666666666667,1,17,"lentic",-17.844019,124.783129,-0.673344553263766,-0.391370796724377,4.12919739476996,90.60815164,59.0219149509472,277,55,538,-6.90775527898214,0,0,0.879630896871548,0,-4.70942020736189,"small",-0.359639576490952,0.575322158526416,"low_prod","Extremely hot and xeric","Hot and dry",0,"ok",0.71839678349444,0.769143789718005,0.735458538193362
"FWB_0097","FWB_0097_2018","Wetland 3","lentic",-17.933363,124.786341,0.160020648288484,0.0581293145357317,7.44924989139183e-06,0.257964460289944,2,3.5,2,17,"lentic",-17.933363,124.786341,-0.994252273343867,-1.35217638842048,4.12919739476996,90.60815164,51.2307951946134,276,53,528,-6.90775527898214,0,0,-0.225634150282524,0,-4.70942020736189,"small",-0.489811473332117,0.218348600724061,"low_prod","Extremely hot and xeric","Hot and dry",0,"ok",0.266464929827066,0.999971123794429,0.663892572832665
"FWB_0098","FWB_0098_1996","Wright's Creek","lotic",-17.26667,145.61667,0.0724244669046131,0.0535579375857783,0.0574091978933395,0.0259054118793516,5,3.8,1,13,"lotic",-17.26667,145.61667,0.398104753701872,5.69454693726573,4.97154306239555,139.0888254,116.493806526866,207,80,2199,-2.63108915996608,0,0,0.398111469596043,0,2.13877238575019,"small",-0.746191490178437,0.617320718142927,"low_prod","Hot and mesic","Hot and moist",0,"ok",0.425122363733446,0.310934804232173,0.379667859787268
"FWB_0099","FWB_0099_2011","Wyenbah","lentic",-28.383664,148.321851,0.0259216468816442,0.0114125683289738,0.0656639262428763,0.0132930306536703,9,9.55555555555556,1,14,"lentic",-28.383664,148.321851,-2.20727491318972,-3.33192454936789,5.93661696503262,735.9581657,31.3489261245322,205,61,494,-5.11599580975408,0,0,-2.93727470398242,0,-2.01733096561693,"small",-0.981857778421315,-0.517198476305848,"high_prod","Hot and dry","Hot and dry",0,"ok",0.305686573685578,0.168357940530656,0.212446039841076
"FWB_0100","FWB_0100_2017","Yeerra","lotic",-17.787452,123.673626,0.0243306917034934,0.0252477898277788,0.01892552597554,0.021947354795011,10,5.8,1,17,"lotic",-17.787452,123.673626,3.77979362196457,6.61804391972028,3.38153014014091,65.6349952,31.1095444080565,277,47,535,-6.21460809842219,0,0,9.81693919615409,0,-2.64493456678813,"large",1.56329767064972,1.84021348380574,"low_prod","Extremely hot and xeric","Hot and dry",0,"ok",0.509248953335802,0.536966183475477,0.521773729237005
"FWB_0101","FWB_0101_2021","furthteich","lentic",48.8197842,15.2595931,0.0400098134923201,0.034182760603433,0.0254786145150523,0.0363381274594988,2,15,15,8,"lentic",48.8197842,15.2595931,-1.30933331998376,-2.62694281480238,6.47513325060511,3687.232571,111.888634421588,75,203,728,0.963174317773006,74,0,-1.16472004040423,0,4.31227468051371,"small",-0.617619858526394,-0.255272608941494,"high_prod","Cool temperate and dry","Cool temperate and dry/xeric",0,"ok",0.460730214850298,0.587836341722096,0.518500424092119
"FWB_0102","FWB_0102_2022","gopfridsteich","lentic",48.8632911,15.2041411,0.000386515333856585,0.0321903730605969,0.00599553987554969,0.0396245854237937,2,15.5,14,7,"lentic",48.8632911,15.2041411,-2.12026353620009,-2.85448000616492,6.47513325060511,3687.232571,102.34002338008,70,95,762,0.0741793981742515,50,0,-2.45329171041875,0,3.6878291527405,"small",-0.946562784624735,-0.33981079380952,"high_prod","Cold and mesic","Cold and wet/mesic",0,"ok",0.988135289989132,0.868576865227593,0.918384924079108
"FWB_0103","FWB_0103_2014","Lake Lunz","lentic",47.854,16.061,0.0340641802090249,0.020221305116177,0.0440367522155233,0.0138894219498241,7,12,2,8,"lentic",47.854,16.061,-1.71479842809193,-3.29556690244777,4.94309498498673,1102.420941,96.3595952134607,93,377,660,2.46928526888504,71,46,-3.26990599598098,0,5.87104118197247,"small",-0.782091321575565,-0.503690313274152,"low_prod","Cool temperate and dry","Cool temperate and dry/xeric",0,"ok",0.372499296912232,0.2397779958707,0.303985585997629
"FWB_0104","FWB_0104_2022","ob_kiebitzteich","lentic",48.8138217,15.2703219,0.00777324126814604,0.0591034186458493,0.017135847931867,0.0738663634212911,2,15,15,8,"lentic",48.8138217,15.2703219,-1.30933331998376,-2.62694281480238,6.47513325060511,3687.232571,113.447908363583,75,203,728,0.963174317773006,74,0,-1.16472004040423,0,4.31227468051371,"small",-0.617619858526394,-0.255272608941494,"high_prod","Cool temperate and dry","Cool temperate and dry/xeric",0,"ok",0.883767501574651,0.811698554605813,0.842226581681957
"FWB_0105","FWB_0105_2022","unterer_kiebitzteich","lentic",48.8148389,15.2687342,0.0506766776109529,0.0303425819252432,0.025086312450706,0.0318262748134772,2,29.5,28,8,"lentic",48.8148389,15.2687342,-1.30933331998376,-2.62694281480238,6.47513325060511,3687.232571,113.201318968308,75,203,728,0.963174317773006,74,0,-1.16472004040423,0,4.31227468051371,"small",-0.617619858526394,-0.255272608941494,"high_prod","Cool temperate and dry","Cool temperate and dry/xeric",0,"ok",0.374510728670476,0.559213283798581,0.450721556920018
"FWB_0107","FWB_0107_2013","Belgian Pond 1","lentic",51.038233,4.181906,0.0228638394789622,0.0259616771149017,0.0419860350105967,0.0358203949977982,4,10.25,4,10,"lentic",51.038233,4.181906,-0.415515443961666,-4.05294673352617,5.1208528932036,1478.620061,70.4777464204151,103,365,775,3.4251742910436,15,87,-2.10365227039489,0,7.08774913711967,"large",-0.255054668996844,-0.785083942999526,"high_prod","Cool temperate and moist","Cool and moist",0,"ok",0.531723552069174,0.460378338833094,0.487886933514121
"FWB_0108","FWB_0108_2013","Belgian Pond 2","lentic",50.984264,5.336256,0.0368486202413311,0.01605557609751,0.0342899044729718,0.0115121888568906,9,10.2222222222222,6,10,"lentic",50.984264,5.336256,-1.89711998488588,1.53579352511601,6.1125779416245,8488.206111,111.852715992236,98,344,806,1.77155676191054,12,40,1.92905605627003,0,6.48022860940605,"small",-0.856047606818498,1.2913324631945,"high_prod","Cool temperate and moist","Cool and moist",0,"ok",0.303483980640725,0.251346347294237,0.279290864309951
"FWB_0109","FWB_0109_2013","Belgian Pond 3","lentic",51.035481,4.177956,0.00719201568705268,0.0209438144126605,0.0386219774869085,0.0310469671553117,6,8.33333333333333,6,10,"lentic",51.035481,4.177956,-0.415515443961666,-4.05294673352617,5.1208528932036,1478.620061,70.3326972820644,103,365,775,3.4251742910436,15,87,-2.10365227039489,0,7.08774913711967,"large",-0.255054668996844,-0.785083942999526,"high_prod","Cool temperate and moist","Cool and moist",0,"ok",0.744382317437792,0.445635674757973,0.531577131128357
"FWB_0110","FWB_0110_2015","bi-01","lotic",-18.35853,-44.591878,0.0438825140472781,0.0122751009306522,0.0325990536962554,0.00989985897338212,17,3.76470588235294,1,13,"lotic",-18.35853,-44.591878,2.72083479546163,5.05359550755117,6.51700399937468,1027.696902,68.9960927207267,227,87,1163,-2.71810053695571,1,0,4.94107090217975,0,0.612484697532003,"large",0.840092778997971,-0.231425819670211,"high_prod","Hot and mesic","Hot and moist",0,"ok",0.218583017378431,0.23294381788866,0.224769312612038
"FWB_0111","FWB_0111_2018","bom fim","lentic",-6.00551,-67.8761,0.110391926989418,0.0254664622196535,0.0778590697618887,0.0342663480126002,8,2,1,18,"lentic",-6.00551,-67.8761,0.285178942233662,-0.26100798910552,5.46163424087814,1524.010016,88.0774655011101,260,13,2415,-4.60517018598809,0,0,2.56179129911746,0,-1.45239142949482,"large",0.0291725765622056,0.623756592758483,"high_prod","Extremely hot and moist","Hot and moist",0,"ok",0.187448580598607,0.305607316277903,0.240873833492739
"FWB_0112","FWB_0112_2015","cp-01","lotic",-19.333631,-43.654731,0.0488053151665255,0.00550139955226991,0.0359210219473375,0.0154826071564155,17,4.58823529411765,1,14,"lotic",-19.333631,-43.654731,0.259282597930083,7.08580869181793,5.22043289778382,824.617462,65.5874948438079,209,71,1475,-4.42284862919414,1,0,3.9507245453728,0,1.80303070947438,"small",-0.840998634338465,2.45962661313699,"low_prod","Hot and dry","Hot and dry",0,"ok",0.101302381864869,0.301196772024899,0.198504762636194
"FWB_0113","FWB_0113_2015","cp-02","lotic",-18.685274,-43.99679,0.0229241170517884,0.0257598881802611,0.021432257125196,0.027732243025629,16,4.0625,1,13,"lotic",-18.685274,-43.99679,3.27256823906497,5.36549557723204,6.51700399937468,1027.696902,17.4476550260152,219,80,1206,-2.50103603171788,2,0,6.42302617617477,0,0.7178446711872,"large",1.21689338286989,0.181591597894813,"high_prod","Hot and mesic","Hot and moist",0,"ok",0.529124258726826,0.564070476472923,0.546683171056922
"FWB_0114","FWB_0114_2015","cu-01","lotic",-17.992629,-44.179852,0.0244926817234172,0.0235207597087843,0.0200676606791297,0.0203906090622915,12,6.33333333333333,1,13,"lotic",-17.992629,-44.179852,2.13404809117071,6.05905707243119,4.20767074618669,581.3372152,80.6308677162693,229,210,1138,-4.50986000618377,2,0,5.62386951689811,0,0.390019774007027,"large",0.439352916145311,1.10000427398936,"low_prod","Hot and mesic","Hot and moist",0,"ok",0.489878646628514,0.503991129443076,0.496332309939176
"FWB_0115","FWB_0115_2019","damiao","lentic",-5.6867417,-67.7693194,0.109717549326303,0.0102208632033701,0.106256179204682,0.027205070469218,8,1.5,1,18,"lentic",-5.6867417,-67.7693194,-1.77195684193188,4.91168635313425,5.46163424087814,1524.010016,51.3867584757393,259,7,2435,-5.11599580975408,0,0,6.25852547649593,0,-0.693127180759943,"small",-0.805276862727773,2.54559709694809,"high_prod","Extremely hot and moist","Hot and moist",0,"ok",0.0852175961628763,0.20384246765028,0.147695278466951
"FWB_0116","FWB_0116_2011","Ilha_Grande_RJ_Rio_Andorinha_downstream","lotic",-23.11175,-44.11928,0.0239754531895458,0.0777878075929219,0.0409450770141237,0.0441968982489364,4,5.25,1,14,"lotic",-20.31188,-43.567074,1.07021281414641,5.61351055075359,5.74370044178681,468.3114622,73.3287622375809,183,92,1541,-2.1982250776698,0,0,2.42471511126079,0,2.24516888122118,"small",-0.287182296556394,0.510012505226243,"high_prod","Hot and dry","Hot and dry",341108.881609607,"check",0.764399715524088,0.519096463435136,0.65265536922756
"FWB_0117","FWB_0117_2015","jb-01","lotic",-19.464286,-43.904997,0.0219965079888593,0.0108232832561032,0.060137889150728,0.0134362658713794,17,5.23529411764706,1,13,"lotic",-19.464286,-43.904997,2.38609869322186,5.39425929498984,6.12616307920392,1750.971385,65.6281992377265,218,157,1327,-1.82015894374975,2,0,4.79341591019868,0,2.20893463508901,"large",0.611488247364119,0.219680452572056,"high_prod","Hot and mesic","Hot and moist",0,"ok",0.329779162070827,0.182622088793845,0.228016254482998
"FWB_0118","FWB_0118_2015","je-01","lotic",-19.244742,-44.051407,0.0267044983000236,0.026961235244046,0.019981384208755,0.0100403431154978,15,5.13333333333333,1,13,"lotic",-19.244742,-44.051407,2.53369681395743,5.22441646899424,6.51700399937468,1027.696902,58.3488742058172,220,116,1240,-0.430782916092454,8,0,4.80433255358638,0,3.30776580284816,"large",0.712288845312836,-0.00522506109590256,"high_prod","Hot and mesic","Hot and moist",0,"ok",0.502392000696418,0.334435890615353,0.442140052710689
"FWB_0119","FWB_0119_2014","M06","lotic",-4.99595,-61.57025,0.0733061625621459,0.00962539021852235,0.0995485639555354,0.00147125396106836,10,1.2,1,18,"lotic",-4.99595,-61.57025,0.877965617552487,5.74493878163018,5.67084381890258,1357.981239,98.4283068646045,266,40,2620,-6.90775527898214,0,0,2.7026362386867,0,-2.79671749381838,"small",-0.418475515427048,0.684049492673303,"high_prod","Extremely hot and moist","Hot and moist",0,"ok",0.116064271025757,0.014564013194747,0.0603237917582708
"FWB_0120","FWB_0120_2014","M08","lotic",-5.63308,-62.18724,0.154649653979239,0.00043252595155709,0.164962121212121,0.00929752066115707,6,1.16666666666667,1,18,"lotic",-5.63308,-62.18724,0.587786664902119,4.96111161393233,5.79679373791508,763.4386954,44.548273846626,264,5,2590,-6.90775527898214,0,0,1.18540447497055,0,-11.5129254649702,"small",-0.616650206226081,-0.353892797468234,"high_prod","Extremely hot and moist","Hot and moist",0,"ok",0.00278901129549573,0.0533544116194054,0.0295439144637469
"FWB_0121","FWB_0121_2015","M11","lotic",-7.2049,-63.12093,0.0429344444444444,0.0183866666666667,0.034535374221102,0.106884057971014,10,1.6,1,18,"lotic",-7.2049,-63.12093,0.579418415231602,4.87502764651699,6.60594835497229,1444.112104,47.0261150796526,264,3,2271,-4.01738352108597,2,0,0.579424017456806,0,0.150151264244669,"small",-0.622365215105384,-0.467885006421621,"high_prod","Extremely hot and moist","Hot and moist",0,"ok",0.299842359890558,0.755794704548197,0.61788689423763
"FWB_0122","FWB_0122_2018","mandioca","lentic",-5.87691,-67.82875,0.0940490378955895,0.0128163342505638,0.0170831346255714,0.0304563691249792,10,5.1,1,18,"lentic",-5.87691,-67.82875,0.570979546585738,-1.9640004118188,5.46163424087814,1524.010016,72.925788167004,259,16,2399,-3.64965874096066,0,0,1.33236865761328,0,-0.592379194440661,"large",0.145103744492895,-0.00896585317695873,"high_prod","Extremely hot and moist","Hot and moist",0,"ok",0.119929720855093,0.640653913528208,0.280254772553246
"FWB_0123","FWB_0123_2019","marari grande","lentic",-5.94104,-67.7664,0.0799607764474075,0.0113163198391596,0.10096284100495,0.020190873405592,7,2.28571428571429,1,18,"lentic",-5.94104,-67.7664,0.65232518603969,0.143177220533056,5.46163424087814,1524.010016,76.3293352984807,260,7,2408,-3.32423634052603,0,0,4.12844014507252,0,-0.491006656734024,"large",0.178100508125866,0.773925819023154,"high_prod","Extremely hot and moist","Hot and moist",0,"ok",0.12397764937254,0.166655009331147,0.148317436351903
"FWB_0124","FWB_0124_2015","on-01","lotic",-19.046679,-44.254402,0.013984536638958,0.0139155349053404,0.027843789422895,0.0205407050616796,13,5.07692307692308,1,13,"lotic",-19.046679,-44.254402,1.35040808255548,5.98917048827106,6.51700399937468,1027.696902,36.7568024296761,219,64,1148,-2.50103603171788,8,0,3.74270477770828,0,1.73024038499936,"large",-0.0958258588369991,1.00746060594277,"high_prod","Hot and mesic","Hot and moist",0,"ok",0.498763412962794,0.424530736147882,0.451680356338117
"FWB_0125","FWB_0125_2015","pg-01","lotic",-18.228655,-44.217539,0.051762078053078,0.0196077195101955,0.0295254165144883,0.0277014902211601,13,5.30769230769231,1,13,"lotic",-18.228655,-44.217539,2.65331238466288,5.73901773901592,6.51700399937468,1027.696902,62.5186189038383,228,109,1106,-3.44201937618241,11,0,6.04414952140966,0,0.799311872781105,"large",0.79397905241708,0.676208860472296,"high_prod","Hot and mesic","Hot and moist",0,"ok",0.274734133760323,0.48406408455944,0.36788819736302
"FWB_0126","FWB_0126_2015","pp-01","lotic",-18.297749,-44.156156,0.0537077105442591,0.0248867346033632,0.0373828967143592,0.0206938892474658,13,4.38461538461539,1,13,"lotic",-18.297749,-44.156156,1.79541943005954,6.03004684017637,6.51700399937468,1027.696902,53.7905729478617,224,108,1130,-3.35240721749272,6,0,4.9307909722985,0,0.907455818711318,"large",0.208090002007453,1.06158898533262,"high_prod","Hot and mesic","Hot and moist",0,"ok",0.316647500426003,0.356319464046586,0.333505621342707
"FWB_0127","FWB_0127_2019","puca","lentic",-5.5922556,-67.5611333,0.116393040679227,0.00039796012228445,0.102866898936461,0.00103291136580373,12,1.25,1,18,"lentic",-5.5922556,-67.5611333,-0.0943106794712413,-2.99782278667411,5.46163424087814,1524.010016,32.1404581606953,261,10,2461,-4.01738352108597,0,0,-0.614317516018133,0,-0.6616291338434,"large",-0.124762280089212,-0.393067751081512,"high_prod","Extremely hot and moist","Hot and moist",0,"ok",0.00340745536516801,0.00994141724415852,0.00648360247049589
"FWB_0128","FWB_0128_2019","pupunha","lentic",-5.6111,-67.7675,0.0766810433596483,0.0218455741671669,0.115969442798851,0.0114517959275384,11,2,1,18,"lentic",-5.6111,-67.7675,1.13462272619114,1.92753421778782,5.46163424087814,1524.010016,44.5882496106971,260,8,2451,-3.77226106305299,0,0,6.4612963022092,0,-1.30929628363258,"large",0.373738012975147,1.43687810739933,"high_prod","Extremely hot and moist","Hot and moist",0,"ok",0.221722563054815,0.0898735253400634,0.147367497292788
"FWB_0129","FWB_0129_2018","ressaca do xibua","lentic",-5.90524,-67.8653,0.0529273762310519,0.0297722873734581,0.0725841408212102,0.0258729616518491,12,1.83333333333333,1,18,"lentic",-5.90524,-67.8653,0.65232518603969,0.143177220533056,5.46163424087814,1524.010016,77.7196101148695,260,7,2408,-3.32423634052603,0,0,4.12844014507252,0,-0.491006656734024,"large",0.178100508125866,0.773925819023154,"high_prod","Extremely hot and moist","Hot and moist",0,"ok",0.360004939268392,0.262784105991019,0.30716627499014
"FWB_0130","FWB_0130_2015","rm-01","lotic",-19.676624,-43.993783,0.0333101363870563,0.0153653896199948,0.0496600825885889,0.0122554637265926,14,5,1,13,"lotic",-19.676624,-43.993783,2.84490938381941,4.89832335881449,6.12616307920392,1750.971385,45.7377381098949,216,338,1323,2.31717809529695,6,15,4.6492158748178,0,5.71076474179651,"large",0.924828225725722,-0.437036873097075,"high_prod","Hot and mesic","Hot and moist",0,"ok",0.315669719065162,0.19793839279405,0.249756628329886
"FWB_0131","FWB_0131_2016","rv-01","lotic",-20.31188,-43.567074,0.0184177751500324,0.0506016360743558,0.0319519342277779,0.020332958853893,6,7.5,4,14,"lotic",-20.31188,-43.567074,1.07021281414641,5.61351055075359,5.74370044178681,468.3114622,73.3287622375809,183,92,1541,-2.1982250776698,0,0,2.42471511126079,0,2.24516888122118,"small",-0.287182296556394,0.510012505226243,"high_prod","Hot and dry","Hot and dry",0,"ok",0.733150793040605,0.388887834620455,0.584765687697907
"FWB_0132","FWB_0132_2016","rv-02","lotic",-20.019649,-43.829288,0.017228908230155,0.0573351183814162,0.0223606024169334,0.0151704014484334,17,5.35294117647059,1,14,"lotic",-20.019649,-43.829288,2.74142050057732,5.82997030939841,6.12616307920392,1750.971385,68.4813800341734,205,317,1412,2.13250826261653,0,36,6.00497292179734,0,6.36224678114622,"large",0.854151571715086,0.79664806325515,"high_prod","Hot and dry","Hot and dry",0,"ok",0.768938065537875,0.404209850150917,0.646821893186127
"FWB_0133","FWB_0133_2016","rv-03","lotic",-19.831886,-43.865597,0.095185622233523,0.00859308526221907,0.0336931432635771,0.0349940108498172,13,3.76923076923077,1,14,"lotic",-19.831886,-43.865597,3.13688455330987,5.654663786495,6.12616307920392,1750.971385,58.6354734871379,213,370,1382,3.5259192507986,0,78,6.45358406892121,0,7.58872866367161,"large",1.12422962409139,0.564507533610661,"high_prod","Hot and dry","Hot and dry",0,"ok",0.0828020069778922,0.509469511461288,0.252728834015968
"FWB_0134","FWB_0134_2016","rv-04","lotic",-19.549076,-43.892579,0.0555272022618967,0.0115817003918561,0.018080177719179,0.0420726655998947,17,4,1,13,"lotic",-19.549076,-43.892579,2.27222897297915,6.9039736512938,6.12616307920392,1750.971385,61.7214872456678,218,221,1335,-3.77226106305299,5,0,7.22445256663841,0,2.05040014306195,"large",0.533722108936904,2.21884103416309,"high_prod","Hot and mesic","Hot and moist",0,"ok",0.172580685033872,0.699429374879674,0.421606395398719
"FWB_0135","FWB_0135_2016","rv-05","lotic",-18.805341,-44.152567,0.0203494347715288,0.0161162940672995,0.0208336720654203,0.012836430835002,30,3.3,1,13,"lotic",-18.805341,-44.152567,3.93959926119825,5.56630842598655,6.51700399937468,1027.696902,6.18498203015708,222,77,1166,-1.16475209117265,5,0,8.08397130653291,0,2.31233837473134,"large",1.67243526610184,0.447507550691245,"high_prod","Hot and mesic","Hot and moist",0,"ok",0.441957272773307,0.381241211913284,0.412809318494165
"FWB_0136","FWB_0136_2016","rv-06","lotic",-18.425888,-44.186372,0.0260979669236593,0.0150719670309935,0.020474548017752,0.0145005777799756,33,3.84848484848485,1,13,"lotic",-18.425888,-44.186372,1.26129787094521,4.88269389608729,6.51700399937468,1027.696902,39.1307792047643,221,90,1152,-2.63108915996608,7,0,1.26130070380238,0,0.800210745206245,"small",-0.156682748944327,-0.45773337483278,"high_prod","Hot and mesic","Hot and moist",0,"ok",0.366091600914267,0.414596872755715,0.388371155097092
"FWB_0137","FWB_0137_2016","rv-07","lotic",-17.865394,-44.549269,0.0420679485830941,0.0156370064609076,0.0375495085875499,0.00855454455350446,33,3.51515151515152,1,13,"lotic",-17.865394,-44.549269,4.35850208962692,5.56277559944783,4.55476184917321,801.7112161,58.5297041499665,232,120,1148,-3.38139475436598,5,0,9.02401814436008,0,-0.0366536109814119,"large",1.95852058600689,0.442829389204395,"low_prod","Hot and mesic","Hot and moist",0,"ok",0.270982040432818,0.185548644222928,0.233039034254973
"FWB_0138","FWB_0138_2016","rv-08","lotic",-17.207188,-44.813846,0.0477017058331667,0.0148208044703521,0.0285575534583006,0.0170975071342809,29,3.6551724137931,1,18,"lotic",-17.207188,-44.813846,3.68260984110034,6.21579818169663,3.18677884604004,29.43960145,15.0347762863364,236,182,1008,0.703592438421484,10,0,9.20558950546041,0,5.88522033555037,"large",1.49692702058174,1.30756052186492,"low_prod","Extremely hot and moist","Hot and moist",0,"ok",0.237047495348535,0.374493142980497,0.295054800549081
"FWB_0139","FWB_0139_2018","sacado do juburi","lentic",-5.1468528,-67.2248083,0.106859721297997,0.0552985545911276,0.105996969182509,0.0331753098685248,8,1.625,1,18,"lentic",-5.1468528,-67.2248083,1.18784342239605,-1.21107702182697,5.46163424087814,1524.010016,36.1003384895927,261,12,2527,-2.15416508787577,0,0,3.27434875240715,0,0.623802461467598,"large",0.395326271975183,0.270772049683836,"high_prod","Extremely hot and moist","Hot and moist",0,"ok",0.341015925878108,0.23837584679029,0.293610664465216
"FWB_0140","FWB_0140_2018","samauma","lentic",-5.5276,-67.634469,0.102750232920265,0.0196992155053582,0.116230432597376,0.0170005451283386,18,2.11111111111111,1,18,"lentic",-5.5276,-67.634469,-0.186329578191493,-1.92159277315454,5.46163424087814,1524.010016,28.2708314985065,260,10,2468,-3.81671282562382,0,0,0.288938782460862,0,-0.701159191170123,"large",-0.162088507668468,0.00679009764473913,"high_prod","Extremely hot and moist","Hot and moist",0,"ok",0.160876310662385,0.127602044348409,0.143537623063778
"FWB_0141","FWB_0141_2019","santa clara","lentic",-5.98457,-67.80334,0.124578569967538,0.0271725975234215,0.0943296832046336,0.00847702102052912,10,1.6,1,18,"lentic",-5.98457,-67.80334,0.582215619852664,-0.524181491658361,5.46163424087814,1524.010016,82.4257401794725,259,15,2408,-4.26869794936688,0,0,3.1019828429964,0,-1.41465268422495,"large",0.149661506362373,0.525978246818851,"high_prod","Extremely hot and moist","Hot and moist",0,"ok",0.179060220574846,0.0824559165126344,0.140045241200423
"FWB_0142","FWB_0142_2019","sao sebastiao","lentic",-6.0592222,-67.8775306,0.127574000910078,0.000733014917463742,0.0988078882600651,0.0197047041976184,8,1.625,1,18,"lentic",-6.0592222,-67.8775306,1.19694818938897,-0.775366505647643,5.46163424087814,1524.010016,93.4986128502403,259,6,2429,-3.86323284125871,0,0,3.76110732069057,0,-0.964929657480715,"large",0.399019498144592,0.432654052116674,"high_prod","Extremely hot and moist","Hot and moist",0,"ok",0.00571297612009769,0.166266755194426,0.0828042766013318
"FWB_0143","FWB_0143_2015","tq-01","lotic",-19.60086,-43.736081,0.0630323086392048,0.00604410130914995,0.0524927924394763,0.0172093098183671,14,4.92857142857143,1,13,"lotic",-19.60086,-43.736081,0.726098280699631,7.15629905042382,5.74370044178681,468.3114622,70.1939597916077,215,105,1380,-4.8283137373023,7,0,5.03183570221144,0,1.45395534603957,"small",-0.522191730019461,2.55296979803729,"high_prod","Hot and mesic","Hot and moist",0,"ok",0.0874987758290977,0.246898002512264,0.167557720268444
"FWB_0144","FWB_0144_2018","veado","lentic",-5.8269028,-67.7986861,0.0968566591442504,0.0109924141348869,0.0646257644690893,0.018750254268987,7,4.14285714285714,1,18,"lentic",-5.8269028,-67.7986861,0.444685821261446,0.0930893248860657,5.46163424087814,1524.010016,66.4070303886935,259,8,2405,-3.27016911925575,0,0,3.47976238268019,0,-0.387119423991389,"large",0.0938743948826813,0.755316378709244,"high_prod","Extremely hot and moist","Hot and moist",0,"ok",0.101924048122658,0.224887858076919,0.155537477274146
"FWB_0146","FWB_0146_2018","ac","lotic",42.76388,-81.06083,0.0818875027618377,0.0447916152058603,0.0197927405246119,0.0889749363922614,3,3,1,7,"lotic",42.76388,-81.06083,1.45745155543622,4.57934680952389,4.38113011254299,1941.634456,59.6324669901171,76,303,949,1.47636355820876,77,8,1.45745388372222,0,4.79155024590536,"large",-0.0227216348867725,-0.859424950107129,"low_prod","Cold and mesic","Cold and wet/mesic",0,"ok",0.353583257639051,0.818027367268875,0.568139191122569
"FWB_0148","FWB_0148_2018","at","lotic",42.8638,-81.0836,0.0150680144059932,0.0410156291459875,0.0413288677235669,0.121153753288307,4,9,1,7,"lotic",42.8638,-81.0836,0.138891998866619,5.20268831335798,4.38113011254299,1941.634456,56.6760874195464,74,219,951,-2.12863178587061,75,0,0.138900702048937,0,2.21145725499257,"small",-0.923218138980688,-0.0339974391800868,"low_prod","Cold and mesic","Cold and wet/mesic",0,"ok",0.731329609638727,0.745641303259463,0.741968952792879
"FWB_0150","FWB_0150_2021","Blackbrook 24-culverts","lotic",47.8123,-67.74977,3.98542431655966e-05,0.0611613073111486,0.0693654054176975,0.0390154903227239,2,11.5,10,7,"lotic",47.8123,-67.74977,2.21112748250521,6.52511685810556,1.60632598199739,572.9540348,50.3817319893594,20,0,1030,-6.90775527898214,0,0,5.91300831573183,0,-11.5129254649702,"large",0.491993482958224,1.71715966387782,"low_prod","Cold and mesic","Cold and wet/mesic",0,"ok",0.999348799235939,0.359984940668587,0.590727575970871
"FWB_0151","FWB_0151_2007","BLR","lotic",45.33,-65.78,0.0106576511378608,0.0805575360885223,0.150039560211647,0.0510015988097459,2,5,5,7,"lotic",45.33,-65.78,1.98718918197475,4.93049691739687,-1.38659437812049,13.29489939,44.9340914618772,56,148,1325,0.120446153075867,1,0,2.27408376143324,0,3.74395955698325,"large",0.339057155011805,-0.394432714357479,"low_prod","Cold and mesic","Cold and wet/mesic",0,"ok",0.883159247248925,0.253687349685041,0.450149796872955
"FWB_0152","FWB_0152_2017","Borden Bridge","lotic",52.37287,-107.15203,0.055233294520882,0.0490360509905822,0.011852901896247,0.0633806185607799,8,2.875,1,8,"lotic",52.37287,-107.15203,3.49304703529203,5.73752821035496,5.30184781367914,2421.699451,50.7299704998893,19,139,363,-4.01738352108597,78,0,9.64994239581529,337,-0.18752306119342,"large",1.36746707841522,0.674236429746116,"low_prod","Cool temperate and dry","Cool temperate and dry/xeric",0,"ok",0.470282524073107,0.842451850927043,0.626266711368804
"FWB_0153","FWB_0153_2018","bw","lotic",42.6698465,-80.475411,0.167533352688198,0.00668395806240276,0.136356354810711,0.0238792230959911,4,3.25,2,10,"lotic",42.6698465,-80.475411,1.6064334034138,4.60602535222235,5.27166957966197,7657.739429,119.84238819878,81,135,967,0.615185639090233,56,0,1.60643540942984,0,3.84592615071928,"large",0.0790239651574855,-0.82409727986649,"low_prod","Cool temperate and moist","Cool and moist",0,"ok",0.0383656367648284,0.149025724548483,0.0913826197797039
"FWB_0154","FWB_0154_2006","CAT","lotic",46.86,-66.19,0.0916986390800897,0.0725452127359819,0.23011694466074,0.03868281996778,2,4,3,7,"lotic",46.86,-66.19,1.73254010956808,5.06562669201299,3.40356031639835,930.4465595,16.234209994181,35,3,1106,-5.29831736654804,0,0,1.73254187791312,0,-1.89705332044134,"large",0.165147225550946,-0.215494150460413,"low_prod","Cold and mesic","Cold and wet/mesic",0,"ok",0.441692105572522,0.143909426487927,0.256851800788509
"FWB_0155","FWB_0155_2014","Catamaran Brook","lotic",46.887595,-66.001731,0.0446627216098049,0.00599943553065087,0.00355172890130036,0.0411383885584574,7,22.1428571428571,2,7,"lotic",46.887595,-66.001731,3.23777608436868,5.8441494365443,3.40356031639835,930.4465595,35.6310507077704,42,8,1064,-4.42284862919414,0,0,6.40097149264192,0,-0.733948341963878,"large",1.19313244350404,0.815424033658458,"low_prod","Cold and mesic","Cold and wet/mesic",0,"ok",0.118420451660162,0.920525406886688,0.494354479604651
"FWB_0156","FWB_0156_2021","CherryBrook 20-culverts","lotic",47.62245,-67.931555,0.00785619356507721,0.0835828340805112,0.0273234839814146,0.0285003234249504,2,15,10,7,"lotic",47.62245,-67.931555,1.38529386078631,5.988121950695,3.41521420933581,1039.4769,71.7834382543419,19,5,1056,-6.21460809842219,1,0,3.02135177352468,0,-2.30248509799371,"large",-0.0720009802542047,1.00607213468552,"low_prod","Cold and mesic","Cold and wet/mesic",0,"ok",0.914082708802118,0.510540659068353,0.761109600164355
"FWB_0157","FWB_0157_2021","CherryBrook 21-culverts","lotic",47.62246,-67.931485,0.0131241527458876,0.0740489232965595,0.0131580928635014,0.0583276342566208,2,13,10,7,"lotic",47.62246,-67.931485,1.38529386078631,5.988121950695,3.41521420933581,1039.4769,71.7909172320597,19,5,1056,-6.21460809842219,1,0,3.02135177352468,0,-2.30248509799371,"large",-0.0720009802542047,1.00607213468552,"low_prod","Cold and mesic","Cold and wet/mesic",0,"ok",0.84944717633347,0.81593398579564,0.834347385171821
"FWB_0158","FWB_0158_2021","CherryBrook 22-culverts","lotic",47.646641,-67.954117,0.0308712386266319,0.0729298715542713,0.0359996328311964,0.0352078001720783,2,10.5,10,7,"lotic",47.646641,-67.954117,1.57422515667836,5.40694385132873,3.41521420933581,1039.4769,71.9341344246427,20,0,1048,-6.90775527898214,0,0,2.79923126175466,0,-11.5129254649702,"large",0.0570276787980591,0.236477315449977,"low_prod","Cold and mesic","Cold and wet/mesic",0,"ok",0.702592404138743,0.494439957840626,0.617899387988998
"FWB_0159","FWB_0159_2007","CLB","lotic",46.06,-65.54,0.16967341315323,0.0437868603015569,0.309644575960551,0.017841099873199,2,4,3,7,"lotic",46.06,-65.54,0.943905898907128,5.49676834627187,4.0196447995077,1704.729449,44.61631149219,51,14,1134,-5.80914299031403,0,0,0.943909789950142,0,-1.73721446737626,"small",-0.373442287657416,0.35542272310397,"low_prod","Cold and mesic","Cold and wet/mesic",0,"ok",0.205128849471053,0.0544790236329487,0.113926280908121
"FWB_0161","FWB_0161_2007","COB","lotic",45.92,-66.64,0.0233354488703923,0.150417211652794,0.164976999636692,0.0345561109514708,2,4,3,7,"lotic",45.92,-66.64,1.37750585508681,4.97565823116384,4.67111928522993,1436.104428,66.8547696292167,52,388,1106,1.27424485731127,1,24,1.37750837715173,0,5.28732219053422,"large",-0.0773197175621385,-0.334630197464938,"low_prod","Cold and mesic","Cold and wet/mesic",0,"ok",0.865697314791457,0.173184845610886,0.49552738657453
"FWB_0162","FWB_0162_2006","CRD","lotic",46.54,-65.84,0.176110636981522,0.0341446836975296,0.0368940080600754,0.176273928856271,3,2,1,7,"lotic",46.54,-65.84,3.47825101110445,5.2976404303268,4.0196447995077,1704.729449,58.3726712394601,45,16,1104,-3.35240721749272,0,0,5.92895599086347,0,0.00599201198599539,"large",1.35736228793456,0.0917379547969676,"low_prod","Cold and mesic","Cold and wet/mesic",0,"ok",0.162396288413792,0.826925153032964,0.49694627958974
"FWB_0164","FWB_0164_2018","de","lotic",42.65916,-80.4676,0.0745452401355544,0.00781140634358151,0.0901518295546778,0.0307154995912763,5,4.4,3,10,"lotic",42.65916,-80.4676,1.6064334034138,4.60602535222235,5.27166957966197,7657.739429,119.132732067067,81,135,967,0.615185639090233,56,0,1.60643540942984,0,3.84592615071928,"large",0.0790239651574855,-0.82409727986649,"low_prod","Cool temperate and moist","Cool and moist",0,"ok",0.0948485237989921,0.254125741077521,0.189578546607772
"FWB_0165","FWB_0165_2018","ep1","lotic",42.875,-81.098333,0.0711805553644128,0.0446038110623583,0.0860715170679246,0.0350751495364295,6,3.5,1,7,"lotic",42.875,-81.098333,1.64093657949347,4.85154066607538,4.38113011254299,1941.634456,55.2526788470142,73,250,953,0.816249377693929,73,0,2.33988184112842,0,4.22878818447196,"large",0.102587549589509,-0.498986416621106,"low_prod","Cold and mesic","Cold and wet/mesic",0,"ok",0.385231723754073,0.289526328041525,0.336296008080632
"FWB_0166","FWB_0166_2018","ep2","lotic",42.8258333,-81.1202777,0.039000862945225,0.00705558263689808,0.0696296714088212,0.0085708827613694,6,4.16666666666667,3,7,"lotic",42.8258333,-81.1202777,0.0563803334361077,5.1825097387272,4.38113011254299,1941.634456,52.2876264744824,74,260,951,-1.73160554640831,72,0,0.056389785187281,0,2.68886806126387,"small",-0.979568620759794,-0.0607178653495072,"low_prod","Cold and mesic","Cold and wet/mesic",0,"ok",0.153194249962631,0.109601304649534,0.125759236336113
"FWB_0167","FWB_0167_2019","ep3","lotic",42.812568,-81.162518,0.0664729177061057,0.0640396928099627,0.0920957911774275,0.0438156921945108,3,4.33333333333333,1,7,"lotic",42.812568,-81.162518,0.555033878430311,6.18447123708329,4.38113011254299,1941.634456,47.6232313621446,74,284,949,-0.816445396904439,70,1,3.07144299633075,0,4.10704704302797,"small",-0.639018380322008,1.26607744756603,"low_prod","Cold and mesic","Cold and wet/mesic",0,"ok",0.490678200035531,0.322384033397707,0.404825942843635
"FWB_0168","FWB_0168_2018","ep4","lotic",42.809468,-81.180463,0.00749876901928654,0.0974637771343945,0.0253316388892511,0.081184971611313,3,11.6666666666667,2,7,"lotic",42.809468,-81.180463,1.67428888475372,5.21071381142045,4.38113011254299,1941.634456,45.6492654523194,75,394,948,2.60372618512998,62,48,3.32816098900814,0,6.36018615523514,"large",0.125365158792434,-0.0233700914920035,"low_prod","Cold and mesic","Cold and wet/mesic",0,"ok",0.928557668481982,0.762181327680184,0.844758185970009
"FWB_0169","FWB_0169_2015","Fishing Lake","lentic",51.833,-103.533,0.119483632054809,0.0161500111357106,0.0129897726264895,0.0604704426093435,3,13.6666666666667,3,7,"lentic",51.833,-103.533,3.42263266238222,-5.71009641353716,4.75889072960575,938.6097831,69.5689656107213,7,31,433,-0.789658080940789,74,0,1.90330233471716,0,1.7063849337004,"large",1.3018384441866,-1.40077417440241,"low_prod","Cold and mesic","Cold and wet/mesic",0,"ok",0.119070834903588,0.823172684904505,0.366440479513373
"FWB_0170","FWB_0170_2020","Five Fingers River 10-sediment_traps","lotic",47.568169,-67.373425,0.0381141615946194,0.0290264528145305,0.101836786251221,0.0199899707256788,3,6,4,7,"lotic",47.568169,-67.373425,2.37602141106723,5.24988506069325,1.60632598199739,572.9540348,63.2177222361424,23,69,1004,-2.07944154167984,7,0,3.75258192273198,0,1.83130224589793,"large",0.604606072565261,0.0285003945710471,"low_prod","Cold and mesic","Cold and wet/mesic",0,"ok",0.432323312349296,0.164085224147182,0.259390937073849
"FWB_0171","FWB_0171_2020","Five Fingers River 11-sediment_traps","lotic",47.5675,-67.3729,0.0195521467557308,0.0628111223241702,0.0618906357863681,0.021481319878515,5,6.2,3,7,"lotic",47.5675,-67.3729,2.37602141106723,5.24988506069325,1.60632598199739,572.9540348,63.3251848844072,23,69,1004,-2.07944154167984,7,0,3.75258192273198,0,1.83130224589793,"large",0.604606072565261,0.0285003945710471,"low_prod","Cold and mesic","Cold and wet/mesic",0,"ok",0.762610846143525,0.25765642304062,0.508597024757333
"FWB_0172","FWB_0172_2020","Five Fingers River 12-sediment_traps","lotic",47.573836,-67.376062,0.00180580176900278,0.0635310784048969,0.0496345598327096,0.0391962896212002,2,9.5,9,7,"lotic",47.573836,-67.376062,2.37602141106723,5.24988506069325,1.60632598199739,572.9540348,62.298841168052,23,69,1004,-2.07944154167984,7,0,3.75258192273198,0,1.83130224589793,"large",0.604606072565261,0.0285003945710471,"low_prod","Cold and mesic","Cold and wet/mesic",0,"ok",0.972361677444707,0.441246367249222,0.666335090191058
"FWB_0173","FWB_0173_2020","Five Fingers River 1-sediment_traps","lotic",47.486034,-67.378867,0.144653073934479,0.0386536646731009,0.129366484885965,0.0370363434402288,2,6.5,3,7,"lotic",47.486034,-67.378867,1.43198448703701,5.16063943943055,1.74842838304056,131.2064851,67.2008747730162,23,245,1023,-1.15836229307388,9,0,1.43198687537903,0,2.82357943960552,"large",-0.0401141037735586,-0.0896784697704024,"low_prod","Cold and mesic","Cold and wet/mesic",0,"ok",0.210868760017874,0.222570396265307,0.216436767163603
"FWB_0174","FWB_0174_2020","Five Fingers River 2-sediment_traps","lotic",47.513543,-67.367072,0.135278331744257,0.0586970191112099,0.13090897888377,0.0391909407560595,2,7,4,7,"lotic",47.513543,-67.367072,1.43198448703701,5.16063943943055,1.74842838304056,131.2064851,71.0495083340059,23,245,1023,-1.15836229307388,9,0,1.43198687537903,0,2.82357943960552,"large",-0.0401141037735586,-0.0896784697704024,"low_prod","Cold and mesic","Cold and wet/mesic",0,"ok",0.302600401815722,0.230399525402731,0.268867368371657
"FWB_0175","FWB_0175_2020","Five Fingers River 3-sediment_traps","lotic",47.545667,-67.358251,0.015748227885778,0.0695082314406978,0.108155623563792,0.0309606828579476,3,8,4,7,"lotic",47.545667,-67.358251,1.11382925447297,5.89783787503741,1.60632598199739,572.9540348,66.8697850139048,23,170,1010,-3.2188758248682,16,0,2.89558094427279,0,2.22646078170185,"small",-0.257394903306392,0.886518151214166,"low_prod","Cold and mesic","Cold and wet/mesic",0,"ok",0.815284049910251,0.222552507713138,0.447776778806518
"FWB_0176","FWB_0176_2020","Five Fingers River 4-sediment_traps","lotic",47.535488,-67.353338,0.0133862494794233,0.0320670141326679,0.10597970664269,0.0361033692213073,3,10,10,7,"lotic",47.535488,-67.353338,0.529451087889156,6.39326818828272,1.60632598199739,572.9540348,68.5393196690766,23,155,1016,-3.47376807449699,7,0,2.385271380253,0,1.8995684848618,"small",-0.656489880439312,1.54256593206067,"low_prod","Cold and mesic","Cold and wet/mesic",0,"ok",0.705494206232038,0.254100419784448,0.363504926802024
"FWB_0177","FWB_0177_2020","Five Fingers River 5-sediment_traps","lotic",47.530931,-67.341241,0.0110136030322878,0.0631410366714028,0.0952871252504984,0.0122443677498799,3,8,4,7,"lotic",47.530931,-67.341241,0.529451087889156,6.39326818828272,1.60632598199739,572.9540348,69.287931887666,23,155,1016,-3.47376807449699,7,0,2.385271380253,0,1.8995684848618,"small",-0.656489880439312,1.54256593206067,"low_prod","Cold and mesic","Cold and wet/mesic",0,"ok",0.851477897050053,0.113867736866973,0.414921069094859
"FWB_0178","FWB_0178_2020","Five Fingers River 6-sediment_traps","lotic",47.52918,-67.339994,0.12809731078748,0.0350231362234227,0.170850359096314,0.0440722085700445,2,10,10,7,"lotic",47.52918,-67.339994,0.529451087889156,6.39326818828272,1.60632598199739,572.9540348,69.5778135603455,23,155,1016,-3.47376807449699,7,0,2.385271380253,0,1.8995684848618,"small",-0.656489880439312,1.54256593206067,"low_prod","Cold and mesic","Cold and wet/mesic",0,"ok",0.214707210930349,0.205060869356732,0.209223135258805
"FWB_0179","FWB_0179_2020","Five Fingers River 7-fishway","lotic",47.55207,-67.377902,0.0825248790625938,0.0307927264729704,0.073051229312506,0.0336433986345449,4,10.75,8,7,"lotic",47.55207,-67.377902,0.235072122179483,5.6442279792784,1.60632598199739,572.9540348,65.8954315155162,23,207,1010,-2.37515578582888,16,0,0.235080027286578,0,2.60209765837909,"small",-0.857532926374984,0.550688459600134,"low_prod","Cold and mesic","Cold and wet/mesic",0,"ok",0.271738238091399,0.315324204056844,0.292875191927029
"FWB_0180","FWB_0180_2020","Five Fingers River 8-fishway","lotic",47.549892,-67.375189,0.116174319447598,0.041298345772303,0.0851643497160437,0.0860097218864077,2,7.5,3,7,"lotic",47.549892,-67.375189,0.235072122179483,5.6442279792784,1.60632598199739,572.9540348,66.238662936298,23,207,1010,-2.37515578582888,16,0,0.235080027286578,0,2.60209765837909,"small",-0.857532926374984,0.550688459600134,"low_prod","Cold and mesic","Cold and wet/mesic",0,"ok",0.262257235023185,0.502469334760954,0.387370551400077
"FWB_0181","FWB_0181_2020","Five Fingers River 9-fishway","lotic",47.536839,-67.377881,0.115881395309309,0.022315359375359,0.23275075585559,0.0133086291224005,2,10,10,7,"lotic",47.536839,-67.377881,1.43198448703701,5.16063943943055,1.60632598199739,572.9540348,68.4036002753537,23,245,1023,-1.15836229307388,9,0,1.43198687537903,0,2.82357943960552,"large",-0.0401141037735586,-0.0896784697704024,"low_prod","Cold and mesic","Cold and wet/mesic",0,"ok",0.161475277956253,0.0540870616399814,0.092708963685093
"FWB_0182","FWB_0182_2018","fp","lotic",42.995833,-80.926111,0.110336804635727,0.0687299624523019,0.115964006214517,0.062240274790948,4,2,1,7,"lotic",42.995833,-80.926111,2.54136574508765,5.10276503614781,4.38113011254299,1941.634456,78.3263351188121,72,353,941,1.6605111826181,74,12,4.59671463838957,0,5.01369068828855,"large",0.717526261884954,-0.166315633113813,"low_prod","Cold and mesic","Cold and wet/mesic",0,"ok",0.383823104476523,0.349263634070829,0.366585084187892
"FWB_0183","FWB_0183_2018","gf","lotic",42.75055,-81.06,0.17275339925449,0.0189658945934924,0.0461030415298509,0.115147949313472,4,1.75,1,7,"lotic",42.75055,-81.06,0.259282597930083,6.31111282978237,4.38113011254299,1941.634456,60.0711137277825,76,154,946,-3.29683736633791,76,0,3.04813542682026,0,2.33263018474467,"small",-0.840998634338465,1.43377597878601,"low_prod","Cold and mesic","Cold and wet/mesic",0,"ok",0.0989253309504198,0.714091421772123,0.379957888025207
"FWB_0184","FWB_0184_2018","hc","lotic",42.668601,-81.179537,0.0886503142515385,0.0201502559472827,0.24048396776406,0.00993259543067974,2,16.5,3,7,"lotic",42.668601,-81.179537,1.09024403899759,4.64960530234715,4.38113011254299,1941.634456,51.481330526438,77,122,947,-1.43129172705063,71,0,1.09024740033648,0,2.24272998752395,"small",-0.273502180355851,-0.766388801389479,"low_prod","Cold and mesic","Cold and wet/mesic",0,"ok",0.185203587724405,0.0396642909876353,0.0837455916809051
"FWB_0185","FWB_0185_2017","Highway 17","lotic",53.5829,-109.94951,0.0692925912214117,0.0202317639796666,0.0685007180035202,0.0230883188803489,8,3.625,1,8,"lotic",53.5829,-109.94951,5.02539253507116,4.38811201748214,3.57336382073832,357.3807982,109.152138308249,15,61,431,-2.10373423424888,38,0,9.3557059766418,350,0.282174433213364,"large",2.41396646385448,-1.11265766030972,"low_prod","Cool temperate and dry","Cool temperate and dry/xeric",0,"ok",0.225991730789063,0.25208605381039,0.239187629149462
"FWB_0186","FWB_0186_2017","Highway 21","lotic",53.39618,-109.29799,0.0755307651855333,0.0380431719528134,0.0145452940301873,0.0417846416527435,8,3,1,7,"lotic",53.39618,-109.29799,4.38693954653453,5.00320018483154,5.04921247202002,1518.915703,35.8792128519634,13,74,427,-4.13516655674236,43,0,9.4043528239949,371,-1.18741071602696,"large",1.97794165076125,-0.298159200231215,"low_prod","Cold and mesic","Cold and wet/mesic",0,"ok",0.334963926683921,0.741783940389003,0.46984104764656
"FWB_0187","FWB_0187_2017","Highway 3","lotic",53.52848,-109.62186,0.0600274702012271,0.0336861805441983,0.0203101800424743,0.0202557740775071,9,4,1,7,"lotic",53.52848,-109.62186,4.20654165513892,5.18893971894654,5.04921247202002,1518.915703,77.3807672330385,14,115,431,-3.01593498087151,39,0,9.37138389945348,359,0.519989506836294,"large",1.85474079135503,-0.0522032990401739,"low_prod","Cold and mesic","Cold and wet/mesic",0,"ok",0.359458630372936,0.499329413468173,0.401713682995816
"FWB_0188","FWB_0188_2018","ht","lotic",42.853727,-80.82142,0.0255575496641187,0.0632155783205051,0.089202932337559,0.0632288596115324,4,3.5,2,7,"lotic",42.853727,-80.82142,2.05065619024808,4.34006052592984,4.38113011254299,1941.634456,85.6666209624031,75,149,948,0.182321556793955,81,0,2.05065747675182,0,2.97812873648546,"large",0.382401286712708,-1.17628734455886,"low_prod","Cold and mesic","Cold and wet/mesic",0,"ok",0.712102634610943,0.414800999207891,0.524219978459748
"FWB_0189","FWB_0189_2017","James Smith Cree Nation","lotic",53.15875,-104.8442,0.0773966191881766,0.00593921261354972,0.0602946563193325,0.0448005121822181,10,2.4,1,7,"lotic",53.15875,-104.8442,4.26165117909889,5.22327811298957,5.74401410518592,1191.55674,78.3030758768244,5,47,429,-0.959720289801491,61,0,10.6129959555949,1022,2.88692192517141,"large",1.89237726626507,-0.00673246972777496,"high_prod","Cold and mesic","Cold and wet/mesic",0,"ok",0.0712684146200205,0.426285173914128,0.269274825873147
"FWB_0190","FWB_0190_2018","jc","lotic",42.87314,-80.5436,0.0984787821251457,0.0204948169756291,0.108674072440784,0.0403131927490776,3,4,2,7,"lotic",42.87314,-80.5436,1.17711535015605,4.79037887226874,4.55083351385252,1104.325387,92.4028650437677,76,182,949,-0.390084006069862,64,0,1.1771184318154,0,3.0752368364536,"small",-0.214174323973113,-0.579976735595727,"low_prod","Cold and mesic","Cold and wet/mesic",0,"ok",0.172263570494066,0.270581466796539,0.226928696791906
"FWB_0191","FWB_0191_2018","jw","lotic",42.75722,-81.0625,0.0972813497391561,0.0230545113590069,0.0516480450575305,0.050297059283237,5,4.8,3,7,"lotic",42.75722,-81.0625,1.44597736328106,4.76524686569405,4.38113011254299,1941.634456,59.6148948327988,75,272,952,1.13847382209324,74,6,1.44597971843609,0,4.33091766540268,"large",-0.0305578148086711,-0.613256485947583,"low_prod","Cold and mesic","Cold and wet/mesic",0,"ok",0.191584712558797,0.493373954624748,0.329994835578472
"FWB_0193","FWB_0193_2018","kc","lotic",42.82718,-81.1471,0.0605463023845739,0.0712886891795068,0.0513257107804415,0.0463885256703717,6,3.83333333333333,2,7,"lotic",42.82718,-81.1471,0.353469812989784,6.15813970462148,4.38113011254299,1941.634456,49.302684267424,75,295,948,-3.38139475436598,70,0,2.932420200022,0,2.13322043191303,"small",-0.776674457649579,1.23120928755237,"low_prod","Cold and mesic","Cold and wet/mesic",0,"ok",0.540741788911601,0.474736613162018,0.512644785902932
"FWB_0194","FWB_0194_2021","Kedgwick River 23-culverts","lotic",47.81381,-67.74902,0.034577083404048,0.0268439465764392,0.0108536580654255,0.0387898504409084,3,11,2,7,"lotic",47.81381,-67.74902,2.21112748250521,6.52511685810556,1.60632598199739,572.9540348,50.1944684109547,20,0,1030,-6.90775527898214,0,0,5.91300831573183,0,-11.5129254649702,"large",0.491993482958224,1.71715966387782,"low_prod","Cold and mesic","Cold and wet/mesic",0,"ok",0.437048134571615,0.781368029940093,0.590951872772025
"FWB_0203","FWB_0203_2018","lef","lotic",42.65954,-80.5669,0.0897015893217241,0.130241734507725,0.04860872620036,0.148132719219659,2,3,3,8,"lotic",42.65954,-80.5669,1.70620158086641,4.83375826161021,5.27166957966197,7657.739429,112.485220224286,80,86,962,-0.738144546490681,68,0,2.56341048169167,0,2.60002019960956,"large",0.14715960193496,-0.522533839287016,"low_prod","Cool temperate and dry","Cool temperate and dry/xeric",0,"ok",0.59216043587992,0.752930928729398,0.668069663858345
"FWB_0204","FWB_0204_2018","lest","lotic",42.68,-81.23,0.11986945895484,0.102559860612144,0.142315135570977,0.0468797114794511,2,5.5,3,7,"lotic",42.68,-81.23,2.00807979519414,5.27517896911494,4.38113011254299,1941.634456,45.712629602027,77,220,944,0.802898044519064,68,0,4.20973971211016,0,4.82767361246611,"large",0.35332418153989,0.0619945350088533,"low_prod","Cold and mesic","Cold and wet/mesic",0,"ok",0.461089665750015,0.247785350448555,0.363048587063386
"FWB_0205","FWB_0205_2021","MacDougal Brook 17-culverts","lotic",47.837775,-67.714379,0.0195503751224296,0.0871164751271024,0.0371561117161883,0.0508094940976806,3,10,7,7,"lotic",47.837775,-67.714379,1.03992329231943,6.42389086516748,1.60632598199739,572.9540348,45.0022230540872,17,0,1050,-6.90775527898214,0,0,3.23344951093054,0,-11.5129254649702,"small",-0.307868209740956,1.58311641651171,"low_prod","Cold and mesic","Cold and wet/mesic",0,"ok",0.816715548676142,0.577606368166112,0.708648351947293
"FWB_0206","FWB_0206_2021","MacDougal Brook 18-culverts","lotic",47.837821,-67.714467,0.0389660222545802,0.110198633103776,0.00277807681238744,0.0530016415663424,2,13,9,7,"lotic",47.837821,-67.714467,1.03992329231943,6.42389086516748,1.60632598199739,572.9540348,45.0080056470052,17,0,1050,-6.90775527898214,0,0,3.23344951093054,0,-11.5129254649702,"small",-0.307868209740956,1.58311641651171,"low_prod","Cold and mesic","Cold and wet/mesic",0,"ok",0.7387717474963,0.950195574787147,0.796314979007332
"FWB_0207","FWB_0207_2015","Margo Lake","lentic",51.816,-103.363,0.0638649982439548,0.0268577316107303,0.0147690923783801,0.0390967551616077,3,12.6666666666667,1,7,"lentic",51.816,-103.363,0.955511445027436,-6.38762856318641,4.75889072960575,938.6097831,88.2307623395075,6,29,435,-2.18925640768704,56,0,-0.313328139435367,0,1.81661629597682,"large",0.301083932827398,-1.65250154159936,"low_prod","Cold and mesic","Cold and wet/mesic",0,"ok",0.296041925256764,0.725817135478725,0.456152816223559
"FWB_0209","FWB_0209_2017","Mossy River Delta","lotic",54.07572,-102.32251,0.0495072011959432,0.0112069135140712,0.0497730944485544,0.0281377590093308,11,5.81818181818182,1,7,"lotic",54.07572,-102.32251,-0.465215112513938,3.35738889610374,4.11003852209356,380.5416197,46.1721746971349,-1,1,438,-6.90775527898214,1,0,0.958203970770629,0,-11.5129254649702,"small",-1.33578679330203,-2.47753905405817,"low_prod","Cold and mesic","Cold and wet/mesic",0,"ok",0.184584977769967,0.361153263768836,0.283820967055145
"FWB_0211","FWB_0211_2015","Nashwaak River","lotic",46.263664,-66.644247,0.0440237926707392,0.00771307356839694,0.0398443289860841,0.0256255676055417,7,18.5714285714286,1,7,"lotic",46.263664,-66.644247,2.54325417117407,5.96830038630345,4.67111928522993,1436.104428,66.3718649719687,46,56,1077,-3.24419363285249,1,0,5.57575594055223,0,1.11645548118532,"large",0.718815942795147,0.979824460725484,"low_prod","Cold and mesic","Cold and wet/mesic",0,"ok",0.149082735949755,0.391409929442587,0.284442982373613
"FWB_0212","FWB_0212_2015","Newburn Lake","lentic",51.693,-103.177,0.0696347740421288,0.0136315300900341,0.0457775205722258,0.0280485962960689,3,13.6666666666667,9,7,"lentic",51.693,-103.177,0.418710334858185,-1.71217090439687,4.75889072960575,938.6097831,110.365834065599,7,30,431,-4.60517018598809,44,0,3.16209423413915,0,-1.26227304627414,"large",0.0833377884849283,0.0845977938302637,"low_prod","Cold and mesic","Cold and wet/mesic",0,"ok",0.163710041319928,0.379927828875347,0.26532232504063
"FWB_0213","FWB_0213_2022","Nicolet - site 10","lotic",46.234548,-72.641292,0.0647281445573643,0.0291801718413881,0.0124015061074751,0.0577914173993274,3,6,6,7,"lotic",46.234548,-72.641292,3.90636704057199,5.44635412399004,2.36610443212954,561.0762125,10.6132063374865,53,330,1004,1.30806251285032,58,17,7.33135889194039,0,5.31935947047363,"large",1.6497396674479,0.288664315782369,"low_prod","Cold and mesic","Cold and wet/mesic",0,"ok",0.310730433260922,0.823322558914742,0.529987398576453
"FWB_0214","FWB_0214_2022","Nicolet - site 11","lotic",46.24927,-72.651916,0.02113782782509,0.0576728656682082,0.00439784355249774,0.0298870285498037,4,7.5,6,7,"lotic",46.24927,-72.651916,3.90636704057199,5.44635412399004,2.36610443212954,561.0762125,10.5228746495949,53,330,1004,1.30806251285032,58,17,7.33135889194039,0,5.31935947047363,"large",1.6497396674479,0.288664315782369,"low_prod","Cold and mesic","Cold and wet/mesic",0,"ok",0.731789851247947,0.871726412180417,0.774211559550472
"FWB_0215","FWB_0215_2022","Nicolet - site 7","lotic",46.224836,-72.618709,0.0268780693985903,0.0248481361103792,0.0120113574089918,0.0377181335377951,3,9.66666666666667,7,7,"lotic",46.224836,-72.618709,3.90636704057199,5.44635412399004,2.36610443212954,561.0762125,9.86827799617763,53,330,1004,1.30806251285032,58,17,7.33135889194039,0,5.31935947047363,"large",1.6497396674479,0.288664315782369,"low_prod","Cold and mesic","Cold and wet/mesic",0,"ok",0.480378095897068,0.758466109740706,0.61668562568548
"FWB_0216","FWB_0216_2022","Nicolet - site 9","lotic",46.230452,-72.629703,0.0510200165764471,0.0233147379060738,0.0212097483312899,0.0219240108253411,5,6.8,6,7,"lotic",46.230452,-72.629703,3.90636704057199,5.44635412399004,2.36610443212954,561.0762125,10.0322046847798,53,330,1004,1.30806251285032,58,17,7.33135889194039,0,5.31935947047363,"large",1.6497396674479,0.288664315782369,"low_prod","Cold and mesic","Cold and wet/mesic",0,"ok",0.313645186136399,0.508279622597435,0.385113826079237
"FWB_0217","FWB_0217_2022","Nicolet - site A","lotic",46.21854,-72.6074,0.0221859926270871,0.0624870403915306,0.0121754190177041,0.0424729600239443,4,8.5,6,7,"lotic",46.21854,-72.6074,3.90636704057199,5.44635412399004,2.36610443212954,561.0762125,10.0155860481161,53,330,1004,1.30806251285032,58,17,7.33135889194039,0,5.31935947047363,"large",1.6497396674479,0.288664315782369,"low_prod","Cold and mesic","Cold and wet/mesic",0,"ok",0.737980419076179,0.777204388653047,0.75336589590459
"FWB_0218","FWB_0218_2022","Nicolet - site C","lotic",46.1888,-72.567,0.0353616934946507,0.0161623237842247,0.0367193728400023,0.0260334580817321,7,5.57142857142857,5,7,"lotic",46.1888,-72.567,3.66607131478793,5.21539480373206,2.36610443212954,561.0762125,13.5507112878318,52,173,1013,-0.901402119380404,68,0,6.60878845253052,0,2.98643973131045,"large",1.4856322064393,-0.0171715312987898,"low_prod","Cold and mesic","Cold and wet/mesic",0,"ok",0.31368524113222,0.414857110019485,0.369241736452893
"FWB_0219","FWB_0219_2022","Nicolet - site GL","lotic",46.227356,-72.624696,0.0371471195167041,0.0330148418748022,0.0324970691664698,0.0470632948817608,4,6.75,6,7,"lotic",46.227356,-72.624696,3.90636704057199,5.44635412399004,2.36610443212954,561.0762125,9.9925154786115,53,330,1004,1.30806251285032,58,17,7.33135889194039,0,5.31935947047363,"large",1.6497396674479,0.288664315782369,"low_prod","Cold and mesic","Cold and wet/mesic",0,"ok",0.470551866282332,0.59154197501196,0.534844329470387
"FWB_0220","FWB_0220_2017","North Battleford","lotic",52.75874,-108.32599,0.0286515955577065,0.127716959222815,0.0414336159377382,0.0937245726527285,3,4,1,8,"lotic",52.75874,-108.32599,3.27955691567847,6.04750522780816,3.53041523843653,308.5778028,62.7963062252104,19,401,369,0.0889262091944015,65,8,9.48988059005247,364,4.66932747821716,"large",1.22166622671098,1.08470734558791,"low_prod","Cool temperate and dry","Cool temperate and dry/xeric",0,"ok",0.816768815201229,0.693443539234731,0.759592513931882
"FWB_0221","FWB_0221_2019","northwest_miramichi","lotic",46.962445,-65.652223,0.0240466905686,0.0113221328280834,0.0148187386497054,0.0126346714615546,15,21,1,7,"lotic",46.962445,-65.652223,2.35070836817577,7.31258266935482,3.40356031639835,930.4465595,76.0513453133607,46,194,1063,-2.91877123241786,0,0,7.50850424135918,0,2.87084965791518,"large",0.587318793793389,2.7599202381723,"low_prod","Cold and mesic","Cold and wet/mesic",0,"ok",0.320116185407092,0.460222296987889,0.381342765958948
"FWB_0222","FWB_0222_2017","Paynton Ferry","lotic",53.03019,-108.83887,0.120309087181194,0.0414841116767601,0.0684469849256995,0.0464083085294968,9,2.55555555555556,1,8,"lotic",53.03019,-108.83887,-1.26940060964839,4.10103371592844,5.04921247202002,1518.915703,65.4162710730155,14,138,400,-4.19970507787993,72,0,-1.26936502309299,0,-0.494279928506528,"small",-1.88499689549613,-1.49280614462388,"low_prod","Cool temperate and dry","Cool temperate and dry/xeric",0,"ok",0.256402073570354,0.404058943505291,0.31770431666321
"FWB_0223","FWB_0223_2018","pf","lotic",42.841388,-80.995833,0.0693220232377844,0.015321484314981,0.108914233320016,0.0187106339324447,3,6.33333333333333,3,7,"lotic",42.841388,-80.995833,1.77596878332173,4.36500706767381,4.38113011254299,1941.634456,66.1869107912092,74,138,954,-0.45886588483528,78,0,1.77597047651366,0,2.61080555141696,"large",0.194806385577314,-1.14325318634654,"low_prod","Cold and mesic","Cold and wet/mesic",0,"ok",0.181011925875471,0.146606490845019,0.160325900071798
"FWB_0224","FWB_0224_2017","Point of Entry","lotic",53.40741,-109.49512,0.0702785238250188,0.022554438858007,0.0411985991393589,0.0414216874365712,12,4,1,8,"lotic",53.40741,-109.49512,3.32805304762415,6.06909371685318,5.04921247202002,1518.915703,57.9174060877714,14,50,429,-5.52146091786225,53,0,9.38839266257511,371,-1.26581274767984,"large",1.25478615448488,1.11329477746514,"low_prod","Cool temperate and dry","Cool temperate and dry/xeric",0,"ok",0.24295722344894,0.501350081841022,0.364633465409092
"FWB_0225","FWB_0225_2018","pvtf","lotic",42.7097,-81.05527,0.0411596318261505,0.0840200665743296,0.079570988518982,0.0427973138996133,4,4.25,3,7,"lotic",42.7097,-81.05527,2.03614252353468,5.20200478061661,4.38113011254299,1941.634456,62.0423384795275,76,140,951,-0.703197516413447,67,0,4.01978282046386,0,2.80855956894695,"large",0.372489329325662,-0.0349025718014093,"low_prod","Cold and mesic","Cold and wet/mesic",0,"ok",0.671195630345178,0.349741829000888,0.512294100757572
"FWB_0227","FWB_0227_2021","Ruisseau Blais 14-culverts","lotic",48.351446,-67.22151,0.0451671307754001,0.0833372747411089,0.086518908554386,0.0385540116063307,2,7,7,7,"lotic",48.351446,-67.22151,0.567016903415733,5.50780601585525,0.323176925074113,312.8250844,59.2395461245305,18,115,1054,-2.24431618487007,4,0,0.567022575549391,0,2.52107864982181,"small",-0.630834698322906,0.370038781997212,"low_prod","Cold and mesic","Cold and wet/mesic",0,"ok",0.648516869177707,0.308252270409849,0.480686851720303
"FWB_0228","FWB_0228_2015","Saint John River","lotic",45.959018,-66.825887,0.0571186176832827,0.0102075084550065,0.0277601587808502,0.0255293471903644,10,6.3,1,7,"lotic",45.959018,-66.825887,5.22896728841324,5.48013397099129,4.67111928522993,1436.104428,45.5218140826392,51,214,1082,0.106160195828391,2,0,9.86686998876758,68,3.84421535985481,"large",2.5529957195244,0.333395518274479,"low_prod","Cold and mesic","Cold and wet/mesic",0,"ok",0.151612888495026,0.4790689409685,0.296287098283631
"FWB_0229","FWB_0229_2018","sc","lotic",42.61735,-81.4682,0.0344729969186818,0.0589167626262626,0.00455786524588143,0.0694551537165319,5,4.4,3,8,"lotic",42.61735,-81.4682,0.135404637006203,5.0343038183066,4.38113011254299,1941.634456,34.272216147757,80,164,932,-1.10563690360507,68,0,0.135413370592519,0,3.21775559764792,"small",-0.92559979640994,-0.256971834072872,"low_prod","Cool temperate and dry","Cool temperate and dry/xeric",0,"ok",0.630869625463685,0.938418060636115,0.766844597726628
"FWB_0231","FWB_0231_2015","Slave River @ Delta","lotic",61.27,-113.53,0.0749129295332048,0.019149126551764,0.0293390857068403,0.0233384382553284,7,10,2,7,"lotic",61.27,-113.53,5.05977460365655,5.97897388899927,0.242369212197275,8.339254512,121.98499415738,-41,3,302,-6.90775527898214,0,0,11.9809628061505,696,-6.89780494812897,"large",2.43744733918574,0.993958290590648,"low_prod","Cold and mesic","Cold and wet/mesic",0,"ok",0.203579714805151,0.44304356962733,0.289543998922745
"FWB_0232","FWB_0232_2014","Slave River @ Smith","lotic",60.03,-111.89,0.0651073617222131,0.0232095207526274,0.0336246377181815,0.0235553773502032,6,5.5,2,7,"lotic",60.03,-111.89,5.89936570543334,5.1547991272359,7.21674748745585,486.4692119,18.0497516619545,-30,154,348,0.34500713907105,0,0,11.9156254002427,698,3.69657501716487,"large",3.01083732999156,-0.0974121989192153,"high_prod","Cold and mesic","Cold and wet/mesic",0,"ok",0.262798234066282,0.411951226701007,0.321415087829879
"FWB_0233","FWB_0233_2007","SMB","lotic",45.78,-65.88,0.142686262135879,0.05370361559709,0.0484416560764391,0.10605832144272,2,4.5,3,7,"lotic",45.78,-65.88,1.85379486014751,5.04959688708277,4.56402262941576,1283.648966,17.275303427829,50,45,1201,-3.54045944899566,0,0,1.85379642656232,0,-0.0964998872256298,"large",0.247956893462816,-0.236720784500998,"low_prod","Cold and mesic","Cold and wet/mesic",0,"ok",0.273454091509292,0.686461727345999,0.455305089755344
"FWB_0235","FWB_0235_2013","Stoney Lake","lentic",51.788,-103.364,0.0598912817566272,0.0260221253871082,0.0175311080547182,0.0553032374833094,3,18.6666666666667,6,7,"lentic",51.788,-103.364,1.05431202977153,-3.13359098634408,4.75889072960575,938.6097831,88.0410622718319,6,32,435,-5.52146091786225,39,0,2.49592983726786,0,-1.27650765550918,"large",0.341161060052461,-0.443510481319013,"low_prod","Cold and mesic","Cold and wet/mesic",0,"ok",0.302887829178658,0.759301632695182,0.512293002556377
"FWB_0236","FWB_0236_2015","Theodore Lake","lentic",51.453,-102.845,0.0273192143100694,0.0241010553682435,0.0621835133071803,0.0764538725242802,3,9.33333333333333,1,8,"lentic",51.453,-102.845,1.08856195281461,-2.70766127100919,5.07626679146763,1117.148211,66.0124357937436,9,32,428,-2.97592964625781,59,0,4.00398230457018,0,-0.27705870081465,"large",0.355054080289146,-0.285262395368102,"high_prod","Cool temperate and dry","Cool temperate and dry/xeric",0,"ok",0.468707292260826,0.551466489834308,0.529075914478766
"FWB_0238","FWB_0238_2018","uh","lotic",42.67777,-80.80861,0.0781067354220878,0.0685673390569428,0.232653215553966,0.0539955547000639,2,6,1,7,"lotic",42.67777,-80.80861,1.97671643915702,5.52587619657505,4.38113011254299,1941.634456,89.8033809015852,79,139,953,-0.0366639843715915,72,0,4.80870685244732,0,4.29727193674032,"large",0.331904904475492,0.393967277375431,"low_prod","Cold and mesic","Cold and wet/mesic",0,"ok",0.467480973038256,0.18836834587573,0.282844293225549
"FWB_0240","FWB_0240_2018","vn","lotic",42.7819,-80.79972,0.00955190879954566,0.175670818288775,0.206388910642966,0.0412483358132971,2,2.5,2,7,"lotic",42.7819,-80.79972,2.9313004133946,4.41886371587139,4.38113011254299,1941.634456,88.215488982043,77,214,948,1.22876297313315,76,2,4.29293596108095,0,3.9848088611138,"large",0.98382807880777,-1.07193632585327,"low_prod","Cold and mesic","Cold and wet/mesic",0,"ok",0.948430147046745,0.166567575772905,0.501130082150526
"FWB_0241","FWB_0241_2018","wa","lotic",42.82023,-80.6831,0.16019765717339,0.0078234266230317,0.143107309140537,0.0145626083815899,3,5.33333333333333,3,7,"lotic",42.82023,-80.6831,1.99197551589856,4.49389922634555,4.38113011254299,1941.634456,100.956590098486,77,183,951,0.782073389754347,69,0,1.99197688015411,0,3.51044064967168,"large",0.342325931870873,-0.972574460389698,"low_prod","Cold and mesic","Cold and wet/mesic",0,"ok",0.0465621721171061,0.0923613623349943,0.0687339684363168
"FWB_0242","FWB_0242_2006","WAC","lotic",46.14,-66.08,0.0256495471519691,0.121401037211563,0.129184360206894,0.0421715852641971,2,6,3,7,"lotic",46.14,-66.08,0.853989705676776,6.3967206800101,4.0196447995077,1704.729449,20.9591583610663,47,49,1114,-4.8283137373023,0,0,3.10112823858348,0,0.221550282735646,"small",-0.434849614510378,1.54713771435897,"low_prod","Cold and mesic","Cold and wet/mesic",0,"ok",0.825573306879493,0.246105176848455,0.513722575227078
"FWB_0243","FWB_0243_2018","wh","lotic",43.30021,-80.5602,0.0423155050885938,0.0299548816071143,0.0803663133845476,0.00961342359758241,5,3.6,2,7,"lotic",43.30021,-80.5602,0.763605644208507,4.99951070022575,4.55083351385252,1104.325387,34.2182779352867,67,156,932,-1.33941077522104,66,0,0.763610304029896,0,2.56641059702311,"small",-0.496576467099224,-0.303044808001642,"low_prod","Cold and mesic","Cold and wet/mesic",0,"ok",0.414483483162174,0.106839872175795,0.243872265288765
"FWB_0244","FWB_0244_2013","Whitesand Lake","lentic",51.764,-103.345,0.0419590192834998,0.0372943504366292,0.00554360033243713,0.0405797758472434,3,21,7,7,"lentic",51.764,-103.345,1.66959183525385,-3.72505952214962,4.75889072960575,938.6097831,90.3142348259902,6,31,434,-5.11599580975408,54,0,2.59316371638886,0,-1.777797394212,"large",0.590741030729716,-0.663262145317897,"low_prod","Cold and mesic","Cold and wet/mesic",0,"ok",0.47057116395591,0.879809311641862,0.621120972034982
"FWB_0245","FWB_0245_2018","ww","lotic",42.653333,-81.76555,0.148325072055732,0.0188309339091327,0.104666118421885,0.0352169810425821,3,4.66666666666667,1,8,"lotic",42.653333,-81.76555,0.355574338494699,4.88124678819505,4.38113011254299,1941.634456,32.5520083596343,83,153,903,-1.74296930505862,75,0,0.355581346178625,0,2.30985956971295,"small",-0.77523719389421,-0.459649632066072,"low_prod","Cool temperate and dry","Cool temperate and dry/xeric",0,"ok",0.112654844798642,0.251760085224076,0.176029417738629
"FWB_0246","FWB_0246_2019","bueno02","lotic",-40.674423,-73.123486,0.0704777433953046,0.00820211521952996,0.0533619885844055,0.0104737247835672,7,5.28571428571429,1,10,"lotic",-40.674423,-73.123486,4.33657152801258,4.42630364256778,5.5404025997493,2349.755329,51.7301186011229,111,138,1408,1.38504357921824,30,0,6.8565230458882,0,4.47087290014222,"large",1.94354333756321,-1.06208439053899,"high_prod","Cool temperate and moist","Cool and moist",0,"ok",0.10424669494746,0.164073121940265,0.131044206210323
"FWB_0247","FWB_0247_2019","bueno05","lotic",-40.252681,-72.618789,0.0644616515066162,0.0849745198379616,0.118329008404102,0.0092155802039147,5,5.8,1,10,"lotic",-40.252681,-72.618789,-0.82098055206983,5.99447662250279,5.5404025997493,2349.755329,42.598341360167,120,147,1765,-2.88240358824699,25,0,-0.820957825055363,0,2.86231573147675,"small",-1.57875309163973,1.01448697775436,"high_prod","Cool temperate and moist","Cool and moist",0,"ok",0.568634214015179,0.0722537922187901,0.340060082360945
"FWB_0248","FWB_0248_2019","bueno06","lotic",-40.323583,-73.091798,0.0875917437835306,0.00902299947166004,0.0505925390858121,0.0333636294337096,7,4.85714285714286,1,11,"lotic",-40.323583,-73.091798,4.16257936867257,5.36249445635172,3.60412682777076,336.4621163,50.4217422815973,118,215,1290,-0.972861083362549,47,9,7.72853109449487,0,2.82861514144883,"large",1.82471720608906,0.177617519924713,"low_prod","Warm temperate and mesic","Warm temperate",0,"ok",0.0933915380577827,0.397393425903563,0.234736749616975
"FWB_0249","FWB_0249_2019","cruces01","lotic",-39.373922,-72.629482,0.0977756696830151,0.00334242953639654,0.0765308545854309,0.0547460047497488,7,5.14285714285714,1,10,"lotic",-39.373922,-72.629482,2.55163028183091,5.8153407996768,3.54188608750284,650.4976999,50.6756586976523,116,226,2069,-1.68739945390381,16,18,5.33859526107273,0,3.11453745330973,"large",0.724536320253111,0.777275697190453,"low_prod","Cool temperate and moist","Cool and moist",0,"ok",0.0330547108994202,0.417027075655198,0.249955655868928
"FWB_0250","FWB_0250_2019","cruces02","lotic",-39.551033,-72.978841,0.0753044517808843,0.0135470829569257,0.0134392370139362,0.0331803726456445,8,5.25,1,10,"lotic",-39.551033,-72.978841,3.29609609166171,5.85103911874366,3.54188608750284,650.4976999,28.8615659742645,120,148,1768,-2.01740615076038,12,10,6.73997903635294,0,2.6395579185854,"large",1.23296148453935,0.824547336364793,"low_prod","Cool temperate and moist","Cool and moist",0,"ok",0.152468755850998,0.711725664112799,0.344925524992245
"FWB_0251","FWB_0251_2019","cruces03","lotic",-39.757643,-73.261317,0.0738855752540923,0.00604177520419722,0.0499762721830659,0.0692821174365968,5,6.4,1,11,"lotic",-39.757643,-73.261317,3.20656029914555,6.31481078477553,3.60412682777076,336.4621163,40.2042321867987,118,88,2252,0.25696509978972,1,0,7.36871627785245,0,5.07671643728038,"large",1.17181394838873,1.43867280302562,"low_prod","Warm temperate and mesic","Warm temperate",0,"ok",0.0755908355469653,0.580941245790342,0.378159062045886
"FWB_0252","FWB_0252_2019","imperial01","lotic",-38.63686,-72.433866,0.0746607245869788,0.0101062607559461,0.0946380893316386,0.00973931132066587,7,5.28571428571429,2,11,"lotic",-38.63686,-72.433866,3.30725293548561,5.85567008067177,5.06662060686287,1218.60447,21.3775434915796,122,194,1411,-0.850971265753513,21,0,6.94995713066147,0,3.66348497652394,"large",1.24058093472655,0.830679646429192,"low_prod","Warm temperate and mesic","Warm temperate",0,"ok",0.119224020000962,0.0933086210214112,0.1049228713408
"FWB_0254","FWB_0254_2019","imperial03","lotic",-38.781169,-72.938739,0.0701622089606361,0.0121154295586233,0.0087256566103923,0.0134173001507944,7,6.85714285714286,2,11,"lotic",-38.781169,-72.938739,1.16377561457452,5.6768410954188,3.53719841546092,174.1731569,39.0391963546319,128,122,974,-1.14570389620196,23,0,2.7214934345634,0,3.78273425718932,"small",-0.223284557331064,0.593874679535376,"low_prod","Warm temperate and mesic","Warm temperate",0,"ok",0.147250574720705,0.605939861397053,0.244518139748615
"FWB_0255","FWB_0255_2018","Lago_Chungará","lentic",-18.235698,-69.174814,0.0483037106072567,0.0267723225502028,0.0283131377418774,0.0244002552917566,2,82.5,74,6,"lentic",-18.235698,-69.174814,3.05729762921215,-8.12226176757191,3.97713005667184,557.8130359,59.8767656339172,20,20,316,-3.64965874096066,0,0,1.09259756979098,0,-1.42707468984151,"large",1.15364520583631,-2.29697966683434,"low_prod","Extremely cold and mesic","Cold and wet/mesic",0,"ok",0.356602785526139,0.462885310307912,0.400444538857519
"FWB_0257","FWB_0257_2019","maullin01","lotic",-41.210828,-73.034405,0.198399357850801,0.0273150325774261,0.0332750827372992,0.047838752940507,2,11.5,3,10,"lotic",-41.210828,-73.034405,1.31049264770361,5.14514466661563,4.59394893437517,466.1444562,11.9905806123287,106,175,1669,-0.239527030564734,8,0,1.3104953445716,0,3.90350704737029,"small",-0.12308568897847,-0.110196615406997,"low_prod","Cool temperate and moist","Cool and moist",0,"ok",0.121015910973172,0.589773033672433,0.244937652808909
"FWB_0258","FWB_0258_2019","maullin02","lotic",-41.65493,-73.560841,0.00421053555864196,0.0603063674813853,0.146443888951175,0.0183292292911243,3,8,1,10,"lotic",-41.65493,-73.560841,1.4530179931628,5.20054626013072,3.68009786381987,555.4072207,32.6532622257407,108,85,1976,-1.82015894374975,4,0,2.24971265768268,0,2.84059836051134,"large",-0.025749490024605,-0.0368339415672521,"low_prod","Cool temperate and moist","Cool and moist",0,"ok",0.934737481803339,0.111239196579208,0.342952546878109
"FWB_0263","FWB_0263_2007","Río_Chungara_CH05","lotic",-18.310797,-69.132427,0.100575724599887,0.0255712813328087,0.00226571510657484,0.0229442662480765,2,26.5,19,6,"lotic",-18.310797,-69.132427,-0.400477566597125,3.62642670557846,5.61102805647569,1588.182798,60.492014636203,-4,4,312,-4.07454193492592,0,0,-0.400462641335373,0,-1.45667390788247,"small",-1.29157496116198,-2.12127975148637,"high_prod","Extremely cold and mesic","Cold and wet/mesic",0,"ok",0.202710172498679,0.910126268056251,0.320537217675849
"FWB_0267","FWB_0267_2019","valdivia03","lotic",-39.785397,-73.004671,0.0370228579901838,0.0145010648846034,0.0457041290351603,0.0242683527573399,8,4.5,1,11,"lotic",-39.785397,-73.004671,1.37143449821287,8.56221557497324,3.60412682777076,336.4621163,50.7255769103226,125,230,1692,-3.17008566069877,13,0,8.16182168620348,0,4.8252932602508,"large",-0.0814660874495311,4.41468150869999,"low_prod","Warm temperate and mesic","Warm temperate",0,"ok",0.281443338851424,0.346827097391035,0.319099299671555
"FWB_0268","FWB_0268_2019","valdivia05","lotic",-39.771736,-72.459847,0.0368581331801502,0.0415325503298947,0.0713386399664133,0.0346547640290753,6,7.33333333333333,1,10,"lotic",-39.771736,-72.459847,3.68524786787989,6.03903547055322,5.12997534689801,2838.616787,9.38837691086086,105,85,2202,-1.75446368448436,7,0,7.67886208063495,0,2.48665595219932,"large",1.49872863347124,1.07349171080971,"low_prod","Cool temperate and moist","Cool and moist",0,"ok",0.529814876847869,0.326952081193187,0.413198966297369
"FWB_0269","FWB_0269_2009","alta","lentic",-45.5347339,-72.7085739,0.000237585861291933,0.0764102988953265,0.00482477881325272,0.0602908973774364,2,5.5,5,10,"lentic",-45.5347339,-72.7085739,-0.2484613592985,-2.66307275195273,4.58014694722941,2384.914772,64.1718929208441,87,3,2346,-4.07454193492592,1,0,0.471259090823939,0,-0.029418512082669,"large",-0.187291428304969,-0.268696169669285,"low_prod","Cool temperate and moist","Cool and moist",0,"ok",0.996900294612874,0.925904496497533,0.964290085260864
"FWB_0270","FWB_0270_2009","barroso","lentic",-45.7395523,-72.2450823,0.0229330347016387,0.0839857871194495,0.0400212197123706,0.0527790204191869,2,8.5,5,10,"lentic",-45.7395523,-72.2450823,-0.798507696217772,-1.9539122818943,4.58014694722941,2384.914772,38.4685998462987,72,48,1337,-2.3538783873816,3,0,0.48551396960892,0,2.05591827638635,"small",-0.410410320581677,-0.00521775297662201,"low_prod","Cool temperate and moist","Cool and moist",0,"ok",0.785509844655663,0.568737972491937,0.684785949831188
"FWB_0271","FWB_0271_2009","burgos","lentic",-45.712804,-72.2184615,0.0753825248471717,0.0963753382619513,0.0760852836968164,0.125017354562908,2,5,2,10,"lentic",-45.712804,-72.2184615,-1.83258146374831,-0.923234226681954,4.58014694722941,2384.914772,33.5033059594563,72,62,1327,-2.14558134418438,3,0,-0.297045775404747,0,2.05591827638635,"small",-0.829868424486255,0.377715917994699,"low_prod","Cool temperate and moist","Cool and moist",0,"ok",0.561111651701914,0.621659445369622,0.593768157292288
"FWB_0272","FWB_0272_2009","caro","lentic",-45.8041109,-72.5489798,0.0201780520875043,0.0618093477753494,0.00659417685907156,0.0294769668699247,5,6.4,1,10,"lentic",-45.8041109,-72.5489798,2.58550584834412,-2.93402347158257,4.58014694722941,2384.914772,65.7549569481287,80,23,1742,-0.514164525031505,0,0,5.86679381123504,0,1.91736516130158,"large",0.962269220820014,-0.369364029235578,"low_prod","Cool temperate and moist","Cool and moist",0,"ok",0.753888376491295,0.817189692996323,0.773229212117571
"FWB_0273","FWB_0273_2009","castor","lentic",-45.6002737,-71.7815498,0.021742529428938,0.0727312778439463,0.0177390773704786,0.0638064387289244,2,13.5,9,7,"lentic",-45.6002737,-71.7815498,1.45395300959371,-4.41710516124677,4.58014694722941,2384.914772,41.6341164334668,59,68,776,-1.21739582465808,0,0,1.27480677994008,0,1.85002994967784,"large",0.50327004386229,-0.920381791670092,"low_prod","Cold and mesic","Cold and wet/mesic",0,"ok",0.769856534244084,0.782464098346562,0.775697315254919
"FWB_0275","FWB_0275_2009","chacano","lentic",-46.172833,-72.1933467,0.038551711982745,0.0841071885262478,0.0905601462436346,0.0692403673746003,2,7.5,5,7,"lentic",-46.172833,-72.1933467,-1.30933331998376,-3.19065889892237,4.58014694722941,2384.914772,105.984708528823,64,4,831,-5.11599580975408,0,0,-1.83251896570135,0,-0.933920222143981,"small",-0.617619858526394,-0.464713246962232,"low_prod","Cold and mesic","Cold and wet/mesic",0,"ok",0.685699840592338,0.433292520823908,0.542901203610711
"FWB_0276","FWB_0276_2007","frio","lentic",-45.6675335,-71.9438005,0.056401792911004,0.0448820972646235,0.0472174622217716,0.0863954018357465,2,7,7,7,"lentic",-45.6675335,-71.9438005,1.24990173621434,-0.799506276461492,4.58014694722941,2384.914772,32.6312028120793,67,46,965,-0.978166135592243,0,0,3.83230879379388,0,2.05591827638635,"large",0.420499391594973,0.423685265978845,"low_prod","Cold and mesic","Cold and wet/mesic",0,"ok",0.443131648940393,0.646609908747669,0.558873193156476
"FWB_0277","FWB_0277_2009","monreal2","lentic",-45.8725212,-72.0208877,0.00828629296965517,0.0869991885489099,0.0286355827476096,0.0360181454888028,3,10.3333333333333,6,7,"lentic",-45.8725212,-72.0208877,0.72270598280149,-3.36918459873413,4.58014694722941,2384.914772,58.9658478321016,62,23,882,-1.06421086195078,1,0,1.5166667067055,0,2.05591827638635,"large",0.206649530920921,-0.531041914043008,"low_prod","Cold and mesic","Cold and wet/mesic",0,"ok",0.913037192680391,0.557093093798073,0.769150568057526
"FWB_0278","FWB_0278_2007","palos","lentic",-45.3209332,-72.7027331,9.31183282610252e-05,0.104010435834499,0.0418338737003433,0.050714892947938,3,4,4,10,"lentic",-45.3209332,-72.7027331,1.56861591791385,-2.15957418717249,4.58014694722941,2384.914772,70.2037756630175,93,1,2573,-2.86470401114759,0,0,4.06476143135128,0,-0.029418512082669,"large",0.549781509119753,-0.081628488578157,"low_prod","Cool temperate and moist","Cool and moist",0,"ok",0.999105522102392,0.547980213941401,0.786796352793156
"FWB_0279","FWB_0279_2009","pollux","lentic",-45.6762901,-71.8626781,0.00451505780010758,0.0642117659048687,0.000576849289010053,0.0579642008387807,2,16.5,16,7,"lentic",-45.6762901,-71.8626781,2.09801792725277,-3.18432515765371,4.58014694722941,2384.914772,39.9802106404858,59,36,820,-0.901402119380404,0,0,3.30984970741954,0,2.05591827638635,"large",0.764526307811324,-0.462360036099999,"low_prod","Cold and mesic","Cold and wet/mesic",0,"ok",0.934304285332764,0.990146242888523,0.959990632861452
"FWB_0281","FWB_0281_2009","quijada","lentic",-45.7176801,-71.9110071,0.192725963737145,0.0339088872418001,0.0392690558756066,0.0756781374455209,2,6.5,2,7,"lentic",-45.7176801,-71.9110071,-1.51412773262978,-2.97844124935045,4.58014694722941,2384.914772,41.15893260106,56,23,830,-1.80180980508156,0,0,-2.04786535824509,0,2.05591827638635,"small",-0.700691955233665,-0.385866818453825,"low_prod","Cold and mesic","Cold and wet/mesic",0,"ok",0.149619032974546,0.658373077749704,0.320821970931971
"FWB_0282","FWB_0282_2009","rengifo","lentic",-45.6175874,-72.5113244,0.00452128024844124,0.106615857407197,0.000438513056389485,0.0825540152165832,2,6,4,10,"lentic",-45.6175874,-72.5113244,0.418710334858185,-2.77762271871585,4.58014694722941,2384.914772,45.3904370746889,87,18,1970,-3.72970144863419,0,0,1.71488022474649,0,-0.029418512082669,"large",0.0833377884849283,-0.311255569338668,"low_prod","Cool temperate and moist","Cool and moist",0,"ok",0.959318007069333,0.994716234515146,0.974451131509933
"FWB_0283","FWB_0283_2007","thompson","lentic",-45.646731,-71.792894,0.0130129091009106,0.105532580301677,0.0794607326864554,0.0547695747010507,2,7,6,7,"lentic",-45.646731,-71.792894,-0.083381608939051,-1.24075219471331,4.58014694722941,2384.914772,43.5995977756901,56,18,752,-1.81400507817537,0,0,1.93715911304622,0,2.04730696247119,"large",-0.120329049746448,0.259746664179015,"low_prod","Cold and mesic","Cold and wet/mesic",0,"ok",0.890228559800213,0.40802688876319,0.634167341329136
"FWB_0284","FWB_0284_2009","zenteno","lentic",-45.592058,-72.5482465,0.168762755501973,0.0194148101583861,0.0112127984133972,0.055927874301083,2,8.5,2,10,"lentic",-45.592058,-72.5482465,1.79009141212736,-3.9020655249633,4.58014694722941,2384.914772,47.9790101510846,87,9,2055,-3.12356564506388,0,0,2.30985956971295,0,-0.029418512082669,"large",0.639620062017176,-0.729026190742769,"low_prod","Cool temperate and moist","Cool and moist",0,"ok",0.103172820257585,0.83299544136115,0.295093233209829
"FWB_0285","FWB_0285_2012","a0","lotic",22.518806,112.355525,0.0368957479411613,0.0567952752390697,0.0343039734352074,0.0530468230719876,15,2.73333333333333,1,13,"lotic",22.518806,112.355525,0.365337317017385,6.580086739667,5.10379908599664,301.3203383,27.008471081006,224,149,1531,-0.770028224895903,23,84,2.79953549960773,0,4.75619894053106,"small",-0.768569669484395,1.78995066565474,"low_prod","Hot and mesic","Hot and moist",0,"ok",0.606197619699532,0.607284938353346,0.606722239649949
"FWB_0286","FWB_0286_2012","a1","lotic",22.509437,112.352614,0.0224919800010378,0.0240182009164645,0.0304785160225005,0.0142514541606735,17,4.52941176470588,1,13,"lotic",22.509437,112.352614,0.25619140536041,6.57163397459566,5.10379908599664,301.3203383,26.6110185914899,224,110,1530,-0.991553216374702,23,62,2.65668743061704,0,4.75619894053106,"small",-0.843109732080393,1.77875753189039,"low_prod","Hot and mesic","Hot and moist",0,"ok",0.516407385279084,0.318610857604248,0.419438751640278
"FWB_0287","FWB_0287_2012","a2","lotic",22.497802,112.34733,0.0682296814227659,0.0174251757950989,0.026878078986017,0.0191010097404684,12,4.33333333333333,1,13,"lotic",22.497802,112.34733,0.561328605939097,6.2316715199244,5.10379908599664,301.3203383,26.3409783614986,223,96,1546,-0.470003629245736,20,7,2.47443619202561,0,4.75619894053106,"small",-0.634719461788034,1.32857996302658,"low_prod","Hot and mesic","Hot and moist",0,"ok",0.203434765535569,0.415428192892079,0.277483025168973
"FWB_0288","FWB_0288_2012","a3","lotic",22.487674,112.3282,0.0502373260971778,0.0300522059437098,0.0249320461714476,0.0197438550875559,17,4.05882352941176,1,13,"lotic",22.487674,112.3282,-0.962334670375562,7.45280854613886,5.10379908599664,301.3203383,27.6079195429578,224,84,1548,-3.05760767727208,14,0,2.26778762286187,0,4.75619894053106,"small",-1.67528941321837,2.94560704986295,"low_prod","Hot and mesic","Hot and moist",0,"ok",0.374297933738182,0.441935238711652,0.398478680994652
"FWB_0289","FWB_0289_2012","a4","lotic",22.487514,112.320093,0.0563991684283423,0.00568411973310923,0.0477562562831152,0.0169360189335159,9,5.22222222222222,2,13,"lotic",22.487514,112.320093,0.159564569671338,5.91539809267214,5.10379908599664,301.3203383,28.4071914468963,222,88,1566,-0.874669057183336,27,0,1.45372167442657,0,4.75619894053106,"small",-0.909100022246761,0.909771354545592,"low_prod","Hot and mesic","Hot and moist",0,"ok",0.091556357619579,0.261793527539467,0.178426646775492
"FWB_0290","FWB_0290_2012","a5","lotic",22.488044,112.308298,0.0358200926650103,0.0137601619087109,0.0317944617658881,0.0206862663299275,13,4.53846153846154,1,13,"lotic",22.488044,112.308298,0.159564569671338,5.91539809267214,5.10379908599664,301.3203383,29.6194695535382,222,88,1566,-0.874669057183336,27,0,1.45372167442657,0,4.75619894053106,"small",-0.909100022246761,0.909771354545592,"low_prod","Hot and mesic","Hot and moist",0,"ok",0.277533103188303,0.394168813591152,0.337508294919837
"FWB_0291","FWB_0291_2012","a6","lotic",22.488044,112.308298,0.0469769613863069,0.0115157139395988,0.044344209881497,0.0151104164566634,9,4,1,13,"lotic",22.488044,112.308298,0.159564569671338,5.91539809267214,5.10379908599664,301.3203383,29.6194695535382,222,88,1566,-0.874669057183336,27,0,1.45372167442657,0,4.75619894053106,"small",-0.909100022246761,0.909771354545592,"low_prod","Hot and mesic","Hot and moist",0,"ok",0.196874461211362,0.254150389756379,0.225745990121062
"FWB_0292","FWB_0292_2012","a9","lotic",22.488935,112.273781,0.0594802706406618,0.0302752071491786,0.0792994471335306,0.0357575374728322,4,6,5,14,"lotic",22.488935,112.273781,0.940397807217388,5.34646262510399,5.10379908599664,301.3203383,33.1814519828405,196,84,1765,0.630739720431328,26,0,0.940401711934482,0,4.74664379306385,"small",-0.375838102307511,0.156388202638731,"low_prod","Hot and dry","Hot and dry",0,"ok",0.337307626171486,0.310781110726717,0.322405891953354
"FWB_0293","FWB_0293_2022","bojanovicky","lentic",48.8660933,17.0639633,0.025441378477135,0.0931511898441941,0.0566119337054359,0.0590408676195037,4,7,1,8,"lentic",48.8660933,17.0639633,0.131028262406404,-0.335807116866236,5.23849418430559,1574.477633,64.7898354223516,94,208,609,1.30019166206648,48,9,3.74137726028582,0,5.48297373720821,"large",-0.0333565716535516,0.595966048044729,"high_prod","Cool temperate and dry","Cool temperate and dry/xeric",0,"ok",0.785472404913257,0.510500973111942,0.649712127473518
"FWB_0294","FWB_0294_2022","komarovsky","lentic",48.8596561,17.0663667,0.00722381697976965,0.0292209298741228,0.0141225531655912,0.0606432181704492,5,8.8,2,8,"lentic",48.8596561,17.0663667,0.131028262406404,-0.335807116866236,5.23849418430559,1574.477633,65.8231642305938,94,208,609,1.30019166206648,48,9,3.74137726028582,0,5.48297373720821,"large",-0.0333565716535516,0.595966048044729,"high_prod","Cool temperate and dry","Cool temperate and dry/xeric",0,"ok",0.801787154436,0.811109376480364,0.808054395458314
"FWB_0295","FWB_0295_2022","vytopa","lentic",48.87061,17.0642639,0.0354625024043867,0.0522989465181378,0.0395367658498881,0.0408312676744462,3,9.66666666666667,4,8,"lentic",48.87061,17.0642639,0.131028262406404,-0.335807116866236,5.23849418430559,1574.477633,64.2003367297725,94,208,609,1.30019166206648,48,9,3.74137726028582,0,5.48297373720821,"large",-0.0333565716535516,0.595966048044729,"high_prod","Cool temperate and dry","Cool temperate and dry/xeric",0,"ok",0.595921639401227,0.508053586530558,0.553919591241351
"FWB_0296","FWB_0296_2012","Soto2019_Congo","lotic",0.598722,24.725265,0.0249655816022752,0.0113535049005828,0.0157132742026828,0.0102304581355072,58,2.36206896551724,1,18,"lotic",0.598722,24.725265,4.46468898500847,6.29133189751212,6.46298430691546,4925.924379,12.7187724938209,251,113,1777,-1.82635091399767,0,36,12.5726390404055,17,3.29646666763764,"large",2.03103981928327,1.40758210979572,"high_prod","Extremely hot and moist","Hot and moist",0,"ok",0.312604362989399,0.394332550234017,0.346658944099401
"FWB_0297","FWB_0297_2013","Soto2019_Lobaye","lotic",0.495852,24.177021,0.0706949205637252,0.037825674487482,0.0335211943855539,0.00626382710021219,26,1.73076923076923,1,18,"lotic",0.495852,24.177021,3.38476307519873,5.46110681100671,5.48876024015904,1812.842908,15.1704449493814,249,58,1869,-0.61803970807314,0,0,7.21256287642851,0,3.45552804191355,"large",1.29351567665439,0.308199792962617,"high_prod","Extremely hot and moist","Hot and moist",0,"ok",0.348557566143398,0.157441842841613,0.297288144692096
"FWB_0298","FWB_0298_2012","Soto2019_Lomami","lotic",0.736261,24.231292,0.0327407274962831,0.0299919599337714,0.0235743294277283,0.0053826998422024,52,2.82692307692308,1,18,"lotic",0.736261,24.231292,-0.0640053299759124,5.98542225780353,5.48876024015904,1812.842908,12.6752968254159,249,127,1794,-2.56394985712845,2,31,1.92934658461239,0,3.45552804191355,"small",-1.06178475465031,1.00249720702554,"high_prod","Extremely hot and moist","Hot and moist",0,"ok",0.478091425099741,0.185885775506393,0.385808365966731
"FWB_0299","FWB_0299_2013","Soto2019_Lubilu","lotic",0.7608333,24.5941667,0.0231947293004309,0.0406774943877837,0.0189655820082342,0.0167297210493005,38,2.63157894736842,1,18,"lotic",0.7608333,24.5941667,1.94003578586271,6.0552172553873,6.46298430691546,4925.924379,13.5573760130702,248,83,1769,-1.01611106715637,0,0,5.33467827319621,0,3.45552804191355,"large",0.306854234678412,1.09491959631997,"high_prod","Extremely hot and moist","Hot and moist",0,"ok",0.636857338588156,0.468681300235357,0.576565646585522
"FWB_0300","FWB_0300_2008","Batts_Bridge_Stream_Site_A_Cackle_Street","lotic",51.017806,0.075281,0.0830391946443141,0.00850722354476794,0.0161799886638669,0.0346618245871079,6,12.1666666666667,3,10,"lotic",51.017806,0.075281,0.084341148433751,5.02139066597121,6.8304659864214,383.9539256,49.4955073751397,98,229,704,0.309688152714396,10,4,0.084350339567983,0,4.70595634521217,"small",-0.960473073629182,-0.274071403289518,"high_prod","Cool temperate and moist","Cool and moist",0,"ok",0.0929279781017421,0.68175822951089,0.303178483890709
"FWB_0301","FWB_0301_2008","Batts_Bridge_Stream_Site_B_Old_Forge_Lane","lotic",51.013064,0.078184,0.0492171566974363,0.00894723595825604,0.0139930101388344,0.0182078738441911,8,13.375,1,10,"lotic",51.013064,0.078184,0.084341148433751,5.02139066597121,6.8304659864214,383.9539256,49.4801230768117,98,229,704,0.309688152714396,10,4,0.084350339567983,0,4.70595634521217,"small",-0.960473073629182,-0.274071403289518,"high_prod","Cool temperate and moist","Cool and moist",0,"ok",0.153826689315227,0.565446397489872,0.300503808681002
"FWB_0302","FWB_0302_2008","Batts_Bridge_Stream_Site_C_Batts_Bridge","lotic",50.993945,0.066774,0.0496330349931615,0.0166484446957345,0.0349457038782149,0.0250105351885046,5,9.8,3,10,"lotic",50.993945,0.066774,0.084341148433751,5.02139066597121,6.8304659864214,383.9539256,51.9304511256515,98,229,704,0.309688152714396,10,4,0.084350339567983,0,4.70595634521217,"small",-0.960473073629182,-0.274071403289518,"high_prod","Cool temperate and moist","Cool and moist",0,"ok",0.251177927437302,0.417146498476544,0.330004219775922
"FWB_0304","FWB_0304_2009","Chesthunt Lock","lotic",51.710046,-0.016882,0.0471059134622136,0.0454309057550586,0.0627150482005171,0.0515475054726666,5,2.4,1,10,"lotic",51.710046,-0.016882,-0.25489224962879,4.82163971075032,7.0178497640043,383.4739996,90.6132000910774,102,396,635,2.34755845863678,6,37,-0.25487934648623,0,6.90096931633081,"small",-1.19214898656402,-0.538581198897747,"high_prod","Cool temperate and moist","Cool and moist",0,"ok",0.490949506794576,0.451132097223242,0.46894925198393
"FWB_0308","FWB_0308_2006","Hucks Farm Middle Lake","lentic",52.219124,-2.345661,0.0348864486511864,0.0180005565433829,0.00390340022924201,0.0390890266087593,6,32.1666666666667,7,10,"lentic",52.219124,-2.345661,-1.66073120682165,-4.31673839464576,5.74345478197933,8672.27107,33.8114054041616,96,410,647,3.17605182767727,62,31,-3.81625838344377,0,6.56836159308064,"small",-0.760159681078022,-0.883091956901925,"high_prod","Cool temperate and moist","Cool and moist",0,"ok",0.340358779574671,0.909207260061166,0.595430969311006
"FWB_0309","FWB_0309_2006","Hucks Farm Top  Lake","lentic",52.219607,-2.34395,0.0195982887688177,0.0254809574368766,0.0179756502550273,0.0345340888668532,6,30.1666666666667,29,10,"lentic",52.219607,-2.34395,-1.66073120682165,-4.31673839464576,5.74345478197933,8672.27107,33.7877136264964,96,410,647,3.17605182767727,62,31,-3.81625838344377,0,6.56836159308064,"small",-0.760159681078022,-0.883091956901925,"high_prod","Cool temperate and moist","Cool and moist",0,"ok",0.565248081580785,0.657670166418005,0.614977664766967
"FWB_0311","FWB_0311_2008","Millstream_Frome_River","lotic",50.678097,-2.179381,0.0299379581223275,0.020738436218414,0.00323213899085477,0.00638933896984883,6,31.3333333333333,5,10,"lotic",50.678097,-2.179381,2.06686275947298,5.45832844211236,6.30828738103638,487.7141237,65.9324400787407,100,247,800,-0.605136303237232,24,0,4.43199479520926,0,3.57520698972167,"large",0.393469394222649,0.30452068270477,"high_prod","Cool temperate and moist","Cool and moist",0,"ok",0.40923267111254,0.664070426180303,0.449896060223218
"FWB_0312","FWB_0312_2005","River Cam West","lotic",52.247102,0.185005,0.085524371944609,0.0152223872335377,0.030081554797167,0.0282206603714377,8,12.625,1,10,"lotic",52.247102,0.185005,1.94333540868284,5.02552554459963,6.83554142559081,814.9419564,16.7275774263714,97,423,547,2.92643578455133,66,56,4.52500091197204,0,7.13341726437736,"large",0.309107677687151,-0.268596005689258,"high_prod","Cool temperate and moist","Cool and moist",0,"ok",0.151095552429836,0.484040962934704,0.273142582549843
"FWB_0319","FWB_0319_2013","001_Aulne","lotic",48.336464,-3.6805324,0.0712331023599173,0.0207286650109146,0.0222226132214583,0.038903577971859,5,5,5,10,"lotic",48.336464,-3.6805324,1.5999934536061,6.04125791187349,4.42146975602532,745.1427224,79.2542454120298,109,112,996,-2.06356819252355,35,0,4.2812944196673,0,2.77183906631798,"large",0.0746258685683089,1.07643466294091,"low_prod","Cool temperate and moist","Cool and moist",0,"ok",0.225405248328114,0.636446950355908,0.389529284615717
"FWB_0320","FWB_0320_2013","002_Sarre","lotic",48.0078219,-3.129124,0.0375285347803589,0.015345319448139,0.0247827539328652,0.0455813160331777,9,3.55555555555556,1,10,"lotic",48.0078219,-3.129124,0.743840294875463,5.84053055344534,4.42146975602532,745.1427224,14.4547247505903,109,55,916,-2.1803674602698,59,0,2.82185555849731,0,3.47577936050457,"small",-0.510075006386221,0.810631916255179,"low_prod","Cool temperate and moist","Cool and moist",0,"ok",0.290225096544375,0.647792489194767,0.494382195087441
"FWB_0321","FWB_0321_2013","003_Grande Vallée","lotic",49.638944,-1.831727,0.070324994392711,0.0227679837129821,0.0647605870495675,0.045781092936935,3,5,5,10,"lotic",49.638944,-1.831727,-0.20334092401803,5.46719133015896,5.27299039647049,9417.570433,191.608081442316,107,136,940,-1.07587280169862,50,0,-0.208242623625355,0,3.72463286503933,"small",-1.15694254612483,0.316256900452071,"low_prod","Cool temperate and moist","Cool and moist",0,"ok",0.244572514235526,0.414152317411179,0.336627749382826
"FWB_0322","FWB_0322_2014","004_Couesnon","lotic",48.3780983,-1.5039129,0.0470405022875678,0.0237178577490448,0.0470345831589966,0.0220900614583022,9,5,5,11,"lotic",48.3780983,-1.5039129,1.68380299438941,5.88931088059642,4.77998987567694,3326.549151,90.4450275499445,112,144,730,-0.944175935363691,47,0,4.71850788911158,0,3.71676233822578,"large",0.13186272079016,0.875226723074331,"low_prod","Warm temperate and mesic","Warm temperate",0,"ok",0.335195130819489,0.319568535659047,0.327473085959811
"FWB_0323","FWB_0323_2013","005_Leyre","lotic",44.4744521,-0.7945967,0.168484084354464,0.0506604505127344,0.0128598427309155,0.0906850259041296,3,3,1,11,"lotic",44.4744521,-0.7945967,2.33766261960674,5.48175190345211,4.61327593942615,546.6935622,21.996226308074,128,158,1034,-0.563874844855806,2,0,5.52731976127156,0,3.34151849999249,"large",0.578409335801014,0.335537981042908,"low_prod","Warm temperate and mesic","Warm temperate",0,"ok",0.231173688832508,0.875804152340553,0.438023296962341
"FWB_0327","FWB_0327_2014","009_Vaudelle","lotic",48.2740143,-0.1998329,0.0580931575257039,0.0147716152149953,0.0298916785057713,0.0230146276395434,8,3.75,1,10,"lotic",48.2740143,-0.1998329,2.31213930579886,4.05392098847265,5.43885085120789,7388.771977,56.8390241218758,101,113,762,0.688637025082059,59,0,2.31214029628965,0,3.05809702752071,"large",0.560978454698695,-1.55519271942697,"high_prod","Cool temperate and moist","Cool and moist",0,"ok",0.202726429512961,0.435007266928265,0.300436659915944
"FWB_0328","FWB_0328_2014","010_l’Huisne","lotic",48.2201673,0.6673934,0.0490034742723289,0.0211145504266314,0.0458611919142184,0.0181628047784396,11,4,1,10,"lotic",48.2201673,0.6673934,2.4248027257183,5.02103331327577,5.43885085120789,7388.771977,56.2962186279044,105,236,670,0.70012279429637,58,3,5.07429223925989,0,4.11192265825877,"large",0.637920762894967,-0.274544608978714,"high_prod","Cool temperate and moist","Cool and moist",0,"ok",0.301128711444498,0.2836874565271,0.29280425922913
"FWB_0329","FWB_0329_2013","011_Gartempe","lotic",46.7569367,0.859382,0.0729188018519837,0.0115737583763512,0.0292470856570486,0.028996126573855,12,4,1,11,"lotic",46.7569367,0.859382,2.85612531916757,5.25082176459168,4.7940304934811,2657.084495,55.3944561056826,115,116,739,-0.640554730440775,80,0,6.48770838652865,19,3.12978271894732,"large",0.932488031853435,0.0297407759071286,"low_prod","Warm temperate and mesic","Warm temperate",0,"ok",0.136979615069941,0.497845593730316,0.284230674982278
"FWB_0330","FWB_0330_2013","012_l’Anglin","lotic",46.6664803,0.9072097,0.0720460461197033,0.0118743187614381,0.0556004480764653,0.0307124987281825,9,4.66666666666667,1,11,"lotic",46.6664803,0.9072097,3.18866400945996,4.34790821533617,6.08151833786387,3040.059655,55.4248068714342,115,110,761,0.0478373294141601,86,0,5.47547565826747,0,2.96434531625485,"large",1.15959186390431,-1.16589545072001,"high_prod","Warm temperate and mesic","Warm temperate",0,"ok",0.141495080225831,0.355827252633306,0.250167356012118
"FWB_0331","FWB_0331_2014","013_Bléou","lotic",44.7059497,1.3771011,0.0316049487473966,0.0558338885243625,0.0920779004620743,0.0252500028533308,3,5,5,11,"lotic",44.7059497,1.3771011,0.34571510370239,5.00351789347025,5.2333987395794,5259.649283,73.817138046421,119,61,838,-1.29828348379718,6,0,0.345722180818183,0,2.84071513512654,"small",-0.781970455519959,-0.297738491118736,"low_prod","Warm temperate and mesic","Warm temperate",0,"ok",0.638547929804136,0.215208847510492,0.395981745595925
"FWB_0332","FWB_0332_2014","014_Nahon","lotic",47.0077488,1.4573622,0.0501477481183694,0.0170462346169206,0.03610351864511,0.0123401035437204,7,5,5,10,"lotic",47.0077488,1.4573622,0.960498986538475,4.55261255284099,4.7940304934811,2657.084495,27.4960639292948,109,148,719,-0.549913012474038,79,0,0.960502813549905,0,2.69496563700081,"small",-0.362110211430973,-0.894826396688998,"low_prod","Cool temperate and moist","Cool and moist",0,"ok",0.253686921402978,0.254731231608144,0.25412441030687
"FWB_0333","FWB_0333_2014","015_Vendinelle","lotic",43.5397629,1.8041326,0.0745647131816501,0.00998291309327346,0.0590412835989757,0.0229679771264806,6,5,5,11,"lotic",43.5397629,1.8041326,1.22817749302275,4.65950914379905,5.22638461642103,1074.082287,58.4198501124076,127,172,756,0.264669298142708,98,0,1.92103326948883,0,3.83165879607848,"small",-0.179301965789586,-0.753274155327932,"low_prod","Warm temperate and mesic","Warm temperate",0,"ok",0.11807443370216,0.280065652626364,0.197835651309206
"FWB_0334","FWB_0334_2013","017_l’Indre","lotic",46.7451568,1.8254107,0.0538103840917701,0.0236364268968463,0.0481734583461618,0.0240298963081319,8,4.875,4,10,"lotic",46.7451568,1.8254107,2.78210579093162,4.17513213397991,5.83015831728674,2332.666287,49.7874005842733,109,167,747,0.677017798630062,83,0,4.45940437138776,0,3.67794514180977,"large",0.881937166646736,-1.39468517497938,"high_prod","Cool temperate and moist","Cool and moist",0,"ok",0.305195612254719,0.332808585185354,0.318518345771282
"FWB_0335","FWB_0335_2010","024_Mauldre, Beynes","lotic",48.8434477,1.8796234,0.0288263583245892,0.0348060457965852,0.053739873936974,0.0247934279482768,10,10.9,1,10,"lotic",48.8434477,1.8796234,0.571544358800696,5.35703024056295,5.79433044615551,7415.941657,48.2965630180394,106,335,625,1.17062282464438,60,34,2.60970281364871,0,5.92179290066256,"small",-0.627742719863315,0.170381816847111,"high_prod","Cool temperate and moist","Cool and moist",0,"ok",0.546986182233575,0.315705915237129,0.41922539140465
"FWB_0336","FWB_0336_2009","026_Ru des Vaux, Auffargis","lotic",48.6991596,1.9117367,0.0122445070506073,0.025154601199414,0.044726403839443,0.0355568797633518,3,18.3333333333333,16,10,"lotic",48.6991596,1.9117367,1.11218640869523,4.39455301793704,5.79433044615551,7415.941657,55.9295657373287,103,228,649,1.51358758677727,41,0,1.56444263855139,0,4.86744990842047,"small",-0.258516867704778,-1.10412850102759,"high_prod","Cool temperate and moist","Cool and moist",0,"ok",0.672598956939025,0.442892694066564,0.515892649757637
"FWB_0337","FWB_0337_2014","027_Créquoise","lotic",50.4359279,1.9173593,0.0801658488008529,0.0264566689141317,0.0334825628876979,0.0907100719886656,4,4.75,4,10,"lotic",50.4359279,1.9173593,0.965842510703403,5.36480240401818,5.09735417598003,2008.925192,28.5529339450728,103,130,649,-0.796287939479459,62,0,2.43317554027515,0,3.65457290664543,"small",-0.358460907305054,0.180673699380045,"low_prod","Cool temperate and moist","Cool and moist",0,"ok",0.248133972833522,0.730398159914793,0.507621529987842
"FWB_0338","FWB_0338_2009","029_Aulne, La-Celle-lès-Bordes","lotic",48.63875,1.9496198,0.248770848842497,0.0296995661960401,0.000363570768424639,0.139536444895359,2,3,3,10,"lotic",48.63875,1.9496198,1.22318702324974,4.35536953834962,5.79433044615551,7415.941657,59.9877672367267,103,193,649,1.7985695611566,30,4,1.223189966153,0,4.74322641358901,"small",-0.182710155098893,-1.15601518244759,"high_prod","Cool temperate and moist","Cool and moist",0,"ok",0.106652500919819,0.997401209951982,0.404512361945134
"FWB_0339","FWB_0339_2009","031_Rémarde, Saint-Arnoult-en-Yveline, aval","lotic",48.5744238,1.9643203,0.185219097540485,0.0191172998061529,0.118956040848969,0.03674218682565,2,13,5,10,"lotic",48.5744238,1.9643203,1.34260367249516,4.24409046730383,5.79433044615551,7415.941657,67.6150098555885,104,249,642,2.09099949051356,29,12,1.3426062841397,0,4.95409323144935,"large",-0.101155799332157,-1.30337069474161,"high_prod","Cool temperate and moist","Cool and moist",0,"ok",0.0935579762313325,0.235983333750173,0.155150318190937
"FWB_0340","FWB_0340_2009","033_Yvette, Maincourt-sur-Yvette","lotic",48.7166572,1.9724565,0.0287317188723607,0.0601090681743981,0.0269349202322043,0.0486978232759658,3,7,4,10,"lotic",48.7166572,1.9724565,0.61302113608066,4.66349069191903,5.79433044615551,7415.941657,48.8559482083086,103,326,648,2.49872736880531,38,36,0.613026553184081,0,5.94295949354066,"small",-0.599416587186488,-0.748001797665079,"high_prod","Cool temperate and moist","Cool and moist",0,"ok",0.676593152453292,0.643872230692059,0.661546518052191
"FWB_0341","FWB_0341_2009","036_Aulne, Bullion","lotic",48.6033552,1.9956741,0.035593542325268,0.0300985281586732,0.0313220560997204,0.0493885488219575,3,14,5,10,"lotic",48.6033552,1.9956741,-0.231932057347289,5.63504045402513,5.79433044615551,7415.941657,61.6274880784029,106,190,633,-0.898942093539542,43,0,1.79309357890785,0,4.43086453579912,"small",-1.17646856258939,0.538522357945198,"high_prod","Cool temperate and moist","Cool and moist",0,"ok",0.458175970660431,0.611921430521856,0.542934592967007
"FWB_0342","FWB_0342_2009","037_Orge, Dourdan","lotic",48.5273541,2.0113725,0.0465187158598314,0.028124916016977,0.0371564526237362,0.016056812134245,7,10.2857142857143,3,10,"lotic",48.5273541,2.0113725,1.27982211660937,4.31223889168525,5.79433044615551,7415.941657,71.8095040552811,104,279,643,2.01916061079491,40,11,1.27982489747314,0,4.90412604482247,"small",-0.144031808470346,-1.21312869422543,"high_prod","Cool temperate and moist","Cool and moist",0,"ok",0.376789222467018,0.301744540713163,0.345556081166451
"FWB_0343","FWB_0343_2013","040_l’Aude","lotic",42.5551044,2.0743202,0.243871595170867,0.0200918458453216,0.00164885795510244,0.0731862146699059,2,5,5,7,"lotic",42.5551044,2.0743202,1.11972125187834,4.67606465339073,5.03549808667674,766.5302192,72.4365441505129,52,182,1185,0.0227394869694893,1,0,1.11972451558059,0,3.47751037335342,"small",-0.253371025098362,-0.731351384278128,"low_prod","Cold and mesic","Cold and wet/mesic",0,"ok",0.0761160173089626,0.977966775506924,0.275320158617972
"FWB_0344","FWB_0344_2009","041_Rémarde, Val-St-Germain","lotic",48.568724,2.0735182,0.0422294044049838,0.0132617092463659,0.0828576886892457,0.0134842337772599,11,9.27272727272727,1,10,"lotic",48.568724,2.0735182,1.27982211660937,4.77255724363582,5.79433044615551,7415.941657,62.5528182465417,107,223,638,1.42310833424261,52,1,2.70964958806739,0,5.01188790924623,"small",-0.144031808470346,-0.60357609882224,"high_prod","Cool temperate and moist","Cool and moist",0,"ok",0.238987981565646,0.139962265979775,0.176153646844453
"FWB_0345","FWB_0345_2014","042_Cher","lotic",47.1975917,2.0942721,0.0574399233804234,0.01935826076078,0.0189420919723885,0.0401228552436494,12,4,2,10,"lotic",47.1975917,2.0942721,3.10781017695934,5.23965178489935,5.83015831728674,2332.666287,53.421380234161,112,372,686,2.10108071678332,47,75,6.95931304789322,16,5.74459170109494,"large",1.10437358184292,0.0149495122453327,"high_prod","Cool temperate and moist","Cool and moist",0,"ok",0.252066646851797,0.679300619653391,0.437801745110883
"FWB_0346","FWB_0346_2010","043_Yvette, Saint-Rémy-lès-Chevreuse","lotic",48.7046548,2.088831,0.0226024828527722,0.0127964094985613,0.00791644885847327,0.00849781832365414,10,12.7,2,10,"lotic",48.7046548,2.088831,0.665775983763813,5.25767431442708,5.79433044615551,7415.941657,41.6797783455793,106,390,647,2.54427558159483,39,82,2.62691317265583,0,6.90415983310618,"small",-0.563388213893834,0.0388149080150469,"high_prod","Cool temperate and moist","Cool and moist",0,"ok",0.361491805211223,0.517709272632466,0.410981071487517
"FWB_0348","FWB_0348_2009","045_Prédecelle, St-Maurice-Montcouronne","lotic",48.5765282,2.1059272,0.0641806377734787,0.00632874852468213,0.0183914894849166,0.022289282896552,6,9.5,2,10,"lotic",48.5765282,2.1059272,0.993622074810479,5.11985281680094,5.79433044615551,7415.941657,59.9470060293407,109,308,631,1.60743590976343,60,43,3.06879730918129,0,5.94914406061756,"small",-0.339489143580741,-0.143688029841735,"high_prod","Cool temperate and moist","Cool and moist",0,"ok",0.0897575323932043,0.547907072352084,0.25737917600865
"FWB_0349","FWB_0349_2009","046_Prédecelle, Briis-ss-Forge","lotic",48.6209589,2.1172739,0.111461406226272,0.0317128024738581,0.0411252077320847,0.0244865580207848,3,7.66666666666667,3,10,"lotic",48.6209589,2.1172739,1.00173421369162,4.30369492658915,5.79433044615551,7415.941657,52.5462197929246,105,299,647,2.40125326479075,63,30,1.001737886105,0,5.59662779489254,"small",-0.333949042895263,-1.22444259487113,"high_prod","Cool temperate and moist","Cool and moist",0,"ok",0.221498011141649,0.373203765205997,0.269172106229263
"FWB_0350","FWB_0350_2009","047_Prédecelle, Vaugrigneuse","lotic",48.6099272,2.1216989,0.0710250865568116,0.0103349207533467,0.0647457841135334,0.0518567134822439,5,9.6,1,10,"lotic",48.6099272,2.1216989,1.00173421369162,4.30369492658915,5.79433044615551,7415.941657,54.0743180415312,105,299,647,2.40125326479075,63,30,1.001737886105,0,5.59662779489254,"small",-0.333949042895263,-1.22444259487113,"high_prod","Cool temperate and moist","Cool and moist",0,"ok",0.127027038160754,0.444730726626579,0.314158654767183
"FWB_0351","FWB_0351_2009","049_Orge, Breux-Jouy","lotic",48.5586959,2.1607238,0.119381272003936,0.0138511744708661,0.0363477147334159,0.0494412703733072,6,5.66666666666667,1,10,"lotic",48.5586959,2.1607238,1.53406760540932,4.16635095924609,5.79433044615551,7415.941657,60.8906914642932,107,338,641,2.24580307889506,55,28,2.28574509278113,0,5.57297122670046,"large",0.0296024977733847,-1.40631318812943,"high_prod","Cool temperate and moist","Cool and moist",0,"ok",0.103962471885448,0.576312568703328,0.288978317725105
"FWB_0352","FWB_0352_2009","051_Renarde, St-Yon","lotic",48.5560511,2.1731678,0.217236016475661,0.0119286900709066,0.0834409107362555,0.0339298870348906,3,9.33333333333333,1,10,"lotic",48.5560511,2.1731678,0.8754687373539,4.68224400211114,5.79433044615551,7415.941657,60.9784928936687,107,229,645,0.738598443463863,58,3,1.87839730423734,0,4.59725907551101,"small",-0.420180733730436,-0.723168703673582,"high_prod","Cool temperate and moist","Cool and moist",0,"ok",0.0520529109855868,0.289082869667874,0.132334426153785
"FWB_0353","FWB_0353_2010","052_Orge, Breuillet","lotic",48.5693986,2.1866277,0.0376991498649414,0.00764352285449666,0.0154815766114389,0.0128495239764059,12,10.6666666666667,1,10,"lotic",48.5693986,2.1866277,0.155292884406035,5.77483433907816,5.79433044615551,7415.941657,58.4503297507876,109,362,631,0.84070474491756,59,78,2.86471258111086,0,6.26640328584036,"small",-0.912017325169356,0.723637127092447,"high_prod","Cool temperate and moist","Cool and moist",0,"ok",0.168572393202131,0.453548351803843,0.27815932198055
"FWB_0354","FWB_0354_2009","053_Yvette, Villebon-sur-Yvette","lotic",48.7008578,2.2346486,0.105145161065305,0.0226392159680832,0.0309743981739727,0.0222616887715684,4,14.75,1,10,"lotic",48.7008578,2.2346486,2.11938314877278,4.12434739749874,5.79433044615551,7415.941657,35.6739282533821,108,373,645,4.6687457436251,18,93,3.17237146625359,0,7.5147398186377,"large",0.429337646606463,-1.461934216426,"high_prod","Cool temperate and moist","Cool and moist",0,"ok",0.177167322748444,0.418169141438615,0.24804325297099
"FWB_0355","FWB_0355_2009","054_Rouillon, Ballainvillier","lotic",48.6777192,2.29522,0.133431414388715,0.0265212687331856,0.00513375391015969,0.0535510430704168,2,17.5,5,10,"lotic",48.6777192,2.29522,0.059211859631846,4.59437604194248,5.79433044615551,7415.941657,38.7747337834933,108,350,650,3.18676577094997,10,82,0.0592212846581184,0,7.22570270740564,"small",-0.977634859461104,-0.839523272086144,"high_prod","Cool temperate and moist","Cool and moist",0,"ok",0.165806963756735,0.912519865888624,0.366233235793203
"FWB_0356","FWB_0356_2009","055_Orge, Viry-Châtillon","lotic",48.6728894,2.3585448,0.0806121756754785,0.010170099655393,0.0183936459714033,0.0401237190922584,5,15.4,6,10,"lotic",48.6728894,2.3585448,1.80959938735639,5.19598125586153,5.79433044615551,7415.941657,40.0685060730983,111,400,637,4.64724259840993,16,100,4.54454942041422,0,8.42817573304476,"large",0.217774056027151,-0.0428789106381621,"high_prod","Cool temperate and moist","Cool and moist",0,"ok",0.112027371183706,0.68567200605508,0.33686496909669
"FWB_0357","FWB_0357_2014","056_Cère","lotic",44.8772339,2.3697159,0.0436845345529652,0.0391267803635867,0.0316562186799316,0.0495079084265444,7,4.14285714285714,1,10,"lotic",44.8772339,2.3697159,2.49559927932674,4.73059056323924,5.72298786906916,2607.870037,40.8570140126885,103,199,804,0.798407691217438,17,5,4.2641156064518,0,4.54328425029965,"large",0.68627053117708,-0.65914828891154,"high_prod","Cool temperate and moist","Cool and moist",0,"ok",0.472481090331851,0.609972782207057,0.540536361400286
"FWB_0359","FWB_0359_2013","058_petite Sauldre","lotic",47.3044787,2.4696565,0.0471337805101652,0.0106710954004971,0.0269357178190315,0.0145550055822707,10,4.4,1,10,"lotic",47.3044787,2.4696565,1.25276296849537,4.95529968585349,4.39001870135895,2951.129214,62.4816746530569,106,138,737,-0.7339691750802,30,0,2.60150453899124,0,2.72595625980679,"small",-0.162511571602028,-0.361588940430483,"low_prod","Cool temperate and moist","Cool and moist",0,"ok",0.184605454684987,0.350801441601615,0.254050543604788
"FWB_0360","FWB_0360_2014","059_Almont","lotic",48.5590133,2.7356275,0.0920898815736498,0.029833275489638,0.110012421027579,0.0472911556258289,3,5,5,10,"lotic",48.5590133,2.7356275,1.3955018418708,4.89341987030245,5.79433044615551,7415.941657,76.0037489227013,109,286,640,1.20297230399235,57,4,3.06995856013686,0,4.67511602991919,"large",-0.0650295459836429,-0.443530062291851,"high_prod","Cool temperate and moist","Cool and moist",0,"ok",0.244689164947986,0.300636238742537,0.276207188648769
"FWB_0361","FWB_0361_2013","061_Couze Chambon","lotic",45.5574074,2.8829685,0.00193206720233746,0.0896226841719357,0.167761088486664,0.020969270985759,2,5,5,7,"lotic",45.5574074,2.8829685,0.669878553620591,4.97955706994714,6.1750377327876,3018.886887,51.0923358091196,58,109,968,-1.76609172247948,56,0,0.669883671314763,0,2.10242659966732,"small",-0.560586406576581,-0.329467363332109,"high_prod","Cold and mesic","Cold and wet/mesic",0,"ok",0.978897138888628,0.111107036750084,0.394569496837039
"FWB_0362","FWB_0362_2014","070_l’Allier","lotic",46.4035543,3.3184703,0.0398317482971853,0.0187110974480102,0.0186256473686874,0.0131099536426832,21,4.71428571428571,1,10,"lotic",46.4035543,3.3184703,3.12460910047488,5.8157109081054,6.29634568147497,3692.052106,80.5670670239473,109,167,729,-1.07880966137193,58,0,7.75244173690976,68,3.16842470207037,"large",1.11584623154078,0.777765793994707,"high_prod","Cool temperate and moist","Cool and moist",0,"ok",0.319613732640351,0.413099271004385,0.352476723226068
"FWB_0363","FWB_0363_2013","071_Vis","lotic",43.8972981,3.4905225,0.140980687698896,0.0297959976464535,0.235430693940143,0.0253029984111267,2,5,5,11,"lotic",43.8972981,3.4905225,2.36809189519617,4.85138821253769,3.91144095446935,319.5858164,22.7294831676669,116,93,757,-2.59026716544583,20,0,3.85950812310052,0,1.06918691085846,"large",0.5991906923608,-0.499188295275697,"low_prod","Warm temperate and mesic","Warm temperate",0,"ok",0.174473451022891,0.0970453729356837,0.127688692799686
"FWB_0364","FWB_0364_2014","072_Hogneau","lotic",50.3340785,3.7386517,0.0377439342394379,0.00987286823217099,0.0348355613193301,0.017593807211849,11,3.63636363636364,1,10,"lotic",50.3340785,3.7386517,1.20985546748409,4.926086158743,5.88819513772932,7280.910939,63.8879821732729,98,160,769,0.582215619852664,55,0,2.4864063579966,0,4.72134312613609,"small",-0.191814802136857,-0.40027343170836,"high_prod","Cool temperate and moist","Cool and moist",0,"ok",0.207340008562263,0.335571602419476,0.274539996570729
"FWB_0366","FWB_0366_2013","074_Cure","lotic",47.4834104,3.7587245,0.273289892984542,0.0147928872554318,0.00659087028625872,0.114098434858965,2,5,5,10,"lotic",47.4834104,3.7587245,2.28228033965368,4.78470514887628,6.58116074782446,12555.1486,97.2186176336327,108,110,722,-0.293029678778376,13,0,4.35658074156397,318,2.81762243500996,"large",0.540586585028779,-0.587489868202372,"high_prod","Cool temperate and moist","Cool and moist",0,"ok",0.0513494324204637,0.945389773531896,0.31531341479186
"FWB_0367","FWB_0367_2013","075_Loire","lotic",44.8925975,3.919868,0.0963996812104584,0.0113991400667472,0.0678206787815845,0.0285248691748589,5,5,5,8,"lotic",44.8925975,3.919868,0.513422249613257,6.5646145826295,5.37119090688994,1557.371131,117.81876523346,86,33,722,-3.81671282562382,2,0,4.17264744959334,0,2.54944595217527,"small",-0.667436608450358,1.76946246778314,"high_prod","Cool temperate and dry","Cool temperate and dry/xeric",0,"ok",0.105744570596317,0.296068368283656,0.195567526018374
"FWB_0368","FWB_0368_2014","076_Grands Riaux","lotic",49.9364071,4.2093772,0.0028370567681604,0.0891701556931977,0.00792831065088764,0.190254644970414,2,3.5,2,10,"lotic",49.9364071,4.2093772,1.39426253076907,4.1917686794794,5.26397978448009,6239.968803,110.141361810642,89,71,999,0.771033719217016,7,0,1.39426501092472,0,3.96874373460925,"large",-0.0658759205816184,-1.37265509635057,"low_prod","Cool temperate and moist","Cool and moist",0,"ok",0.969164843795785,0.959994992374433,0.962902370227852
"FWB_0369","FWB_0369_2013","077_Galeizon","lotic",44.157178,4.0227447,0.100731225410524,0.014044482425886,0.0284330008520204,0.0267573195556013,7,4.42857142857143,1,11,"lotic",44.157178,4.0227447,1.68806423288929,4.86342893927725,4.84738367664036,1554.146818,45.5361770255301,123,137,746,0.715397789494765,4,7,2.48923145100551,0,4.27088569450635,"large",0.134772889203211,-0.483243990201746,"low_prod","Warm temperate and mesic","Warm temperate",0,"ok",0.122364589952289,0.484819065335706,0.240058571721789
"FWB_0370","FWB_0370_2013","078_Gagne","lotic",44.9926005,4.0601018,0.173655771141359,0.0207757876728267,0.0236799196587224,0.10451309672705,2,5,5,7,"lotic",44.9926005,4.0601018,0.958200134951365,4.69722993173004,6.25111954810256,2894.714589,103.865629922752,66,60,877,-0.939047718996771,27,0,0.958203970770629,0,2.67200912088747,"small",-0.363680188158463,-0.703324367129052,"high_prod","Cold and mesic","Cold and wet/mesic",0,"ok",0.106853989133943,0.815279175680973,0.388342655925155
"FWB_0371","FWB_0371_2013","079_l’Arconce","lotic",46.3568958,4.1554771,0.0349375597010038,0.0158669996648862,0.064913725037862,0.0137276596951269,10,4.6,1,10,"lotic",46.3568958,4.1554771,1.58514521986506,5.38837385857605,6.29634568147497,3692.052106,31.3447181260592,108,63,747,-1.60445037092306,13,0,4.19769821547801,0,2.7605167735964,"large",0.0644854221173605,0.211886970026977,"high_prod","Cool temperate and moist","Cool and moist",0,"ok",0.312314482458424,0.174560248929192,0.228625621034576
"FWB_0372","FWB_0372_2014","080_Furan","lotic",45.5219521,4.2604946,0.0643043625408984,0.020476032035954,0.0791573361304608,0.036209006119878,4,5,5,10,"lotic",45.5219521,4.2604946,1.25504607450994,4.92815030755728,6.25111954810256,2894.714589,69.0923995703984,104,383,745,1.51798030194527,56,62,2.9539728606277,0,5.77420679668435,"small",-0.160952348149169,-0.397540090181319,"high_prod","Cool temperate and moist","Cool and moist",0,"ok",0.241518480046619,0.313861091663168,0.283217398666732
"FWB_0373","FWB_0373_2013","085_Marne","lotic",48.1431018,5.1509381,0.0630296793813114,0.0330566552126932,0.0334439264285693,0.0314925656344129,9,4.88888888888889,4,10,"lotic",48.1431018,5.1509381,2.36762348917327,5.03668647983529,4.35723798832554,545.875074,24.7696639194225,94,181,757,0.145830448211539,48,0,4.86828040293307,89,3.78487144688551,"large",0.598870799350269,-0.253816718677998,"low_prod","Cool temperate and moist","Cool and moist",0,"ok",0.344030765169346,0.484974852104239,0.400870002019092
"FWB_0374","FWB_0374_2013","086_Marche","lotic",49.6119707,5.3157959,0.0705083594863771,0.0454526644538328,0.0150955095444891,0.0665733545064696,3,5,5,10,"lotic",49.6119707,5.3157959,1.31184017519494,5.11646178782616,6.1125779416245,8488.206111,128.57497760041,93,73,985,-0.438504962186365,21,0,2.42329805444502,0,3.1697280167518,"large",-0.122165409125299,-0.148178423292063,"high_prod","Cool temperate and moist","Cool and moist",0,"ok",0.391965014704151,0.815161999375062,0.566847555797372
"FWB_0375","FWB_0375_2014","090_l’Ain","lotic",45.8162036,5.2082111,0.0718259662686044,0.0152802101262933,0.0235808782338898,0.0311739943573322,8,3.75,1,11,"lotic",45.8162036,5.2082111,3.6726992578849,5.13370049799553,6.25111954810256,2894.714589,83.8217163763825,114,232,836,0.825928291793764,63,0,7.08580439689321,185,4.54936155489905,"large",1.49015869108568,-0.125350959471391,"high_prod","Warm temperate and mesic","Warm temperate",0,"ok",0.175420512743209,0.569337355417933,0.327462716620479
"FWB_0376","FWB_0376_2014","091_Roanne","lotic",44.6709661,5.2711312,0.0969672487029654,0.0363265618650742,0.185480734384734,0.0116797795634693,4,3,1,10,"lotic",44.6709661,5.2711312,1.58514521986506,4.94654937661153,5.37119090688994,1557.371131,61.7848447269904,93,98,929,-2.46510402249182,7,0,3.1095523559628,0,1.25248007134088,"large",0.0644854221173605,-0.373176081560997,"high_prod","Cool temperate and moist","Cool and moist",0,"ok",0.272529997531516,0.0592399529174372,0.145273757572459
"FWB_0377","FWB_0377_2013","092_Meuse","lotic",48.8702103,5.540626,0.0295428896708678,0.0163197299642272,0.0616304990260569,0.0296051728680199,10,4.5,3,10,"lotic",48.8702103,5.540626,3.08044100148095,4.97468188412258,4.48311494129119,526.3137998,52.4258808656729,94,178,713,-0.563874844855806,42,0,6.18073898070328,0,3.19818361000631,"large",1.08568208875455,-0.335923074167532,"low_prod","Cool temperate and moist","Cool and moist",0,"ok",0.355839463468829,0.324491202326992,0.334977936778119
"FWB_0378","FWB_0378_2008","095_Bez","lotic",44.691714,5.497978,8.9220772743537e-07,0.0779670235717466,0.0257233881473069,0.0550954348392222,2,24.5,7,10,"lotic",44.691714,5.497978,0.818898385865506,5.7588596134327,5.37119090688994,1557.371131,85.7431407959685,83,60,977,-1.78976146656538,1,0,3.17170077569806,0,2.94606975399321,"small",-0.458814865572909,0.70248342892512,"high_prod","Cool temperate and moist","Cool and moist",0,"ok",0.999988556732362,0.681715382670266,0.837994781208127
"FWB_0379","FWB_0379_2013","096_Vair","lotic",48.404116,5.7305377,0.0648585099528407,0.0117775229698981,0.068003471619553,0.014523108522978,8,5,5,10,"lotic",48.404116,5.7305377,2.03679496695836,4.95242259755892,4.35723798832554,545.875074,70.7049848730473,93,186,763,-0.52932909533055,41,0,4.19095707544019,0,3.5863485424592,"large",0.372934908760596,-0.365398774710881,"low_prod","Cool temperate and moist","Cool and moist",0,"ok",0.153681271338402,0.175980980889978,0.165243777959907
"FWB_0380","FWB_0380_2014","097_Seille","lotic",46.7374441,5.6291696,0.246426930903439,0.0189524864533084,0.0493944016623435,0.0808380328499775,2,5,2,10,"lotic",46.7374441,5.6291696,0.408792898200839,6.37743030496263,6.07762900839907,4184.308672,89.6605643780759,102,73,947,-2.53830742651512,6,0,3.34688233338901,0,3.69979491314045,"small",-0.738892133309332,1.52159344021335,"high_prod","Cool temperate and moist","Cool and moist",0,"ok",0.0714165651657556,0.620721198622219,0.252243502897665
"FWB_0381","FWB_0381_2008","098_Archiane","lotic",44.726639,5.521828,1.18813707014059e-05,0.0570956904891432,0.0356268424218634,0.0485768378015469,2,28,16,7,"lotic",44.726639,5.521828,1.4530179931628,4.52368491038978,5.37119090688994,1557.371131,90.4781323130011,51,71,1162,-1.76026080216868,15,0,1.4530203317943,0,1.35609542903895,"large",-0.025749490024605,-0.933132320101165,"high_prod","Cold and mesic","Cold and wet/mesic",0,"ok",0.999791947541903,0.576896849076693,0.7477998158875
"FWB_0382","FWB_0382_2008","099_Nonnière","lotic",44.7236,5.5454,0.0189719727254389,0.0505166224919472,0.00602751986697478,0.0378836228852062,2,30,20,7,"lotic",44.7236,5.5454,-0.134674903326602,5.69614623372006,5.37119090688994,1557.371131,92.6284157542843,73,35,1021,-4.3428059215206,1,0,1.16440315029987,0,0.510431546127597,"small",-1.11004780308907,0.619438503150685,"high_prod","Cold and mesic","Cold and wet/mesic",0,"ok",0.726977172785152,0.862733705178388,0.779545411303131
"FWB_0383","FWB_0383_2008","100_Gats","lotic",44.671343,5.556318,0.00137192961575374,0.040017143104552,0.0412821739277339,0.0442930364171649,2,30,20,7,"lotic",44.671343,5.556318,0.553310235372146,5.35417474522426,5.37119090688994,1557.371131,90.549917577954,72,16,1018,-3.81671282562382,3,0,1.77783125373876,0,0.598292397046987,"small",-0.640195524380803,0.166600575913558,"high_prod","Cold and mesic","Cold and wet/mesic",0,"ok",0.966852854495562,0.517591908201547,0.664046434841979
"FWB_0384","FWB_0384_2008","101_Borne","lotic",44.705901,5.5852771,0.000292149999704574,0.0557972783316069,0.00751621059732217,0.061889189025984,2,27,14,7,"lotic",44.705901,5.5852771,0.440832251945456,4.91107760873568,5.37119090688994,1557.371131,95.5442721747985,60,37,1098,-3.24419363285249,6,0,0.440838686931186,0,0.694651049182452,"small",-0.7170111906574,-0.42014772212375,"high_prod","Cold and mesic","Cold and wet/mesic",0,"ok",0.994791353586653,0.891705679412323,0.937779423070324
"FWB_0385","FWB_0385_2013","105_Fourches","lotic",47.6957119,6.1538647,0.072225164023692,0.018402490105396,0.00731661903776195,0.0670008128284547,4,4.75,4,10,"lotic",47.6957119,6.1538647,0.39068982252601,4.99773812051948,5.93073239946398,3003.924359,53.2253124305864,96,84,984,-0.669430653942629,19,0,0.390696588402986,0,3.51491319440661,"small",-0.751255440129497,-0.305392054327878,"high_prod","Cool temperate and moist","Cool and moist",0,"ok",0.203056012894077,0.90154908674814,0.517768094869354
"FWB_0386","FWB_0386_2014","106_l’Altbach","lotic",49.4712134,6.3056867,0.0620120376790628,0.0102035574116108,0.0482006511504344,0.015990142471433,8,4,1,10,"lotic",49.4712134,6.3056867,1.66430481387494,4.34738208331772,6.26537250050086,9997.437938,50.1281048061827,96,239,774,1.77799855397802,32,23,2.14791878025098,0,5.07780167189203,"large",0.118546641662761,-1.16659215363444,"high_prod","Cool temperate and moist","Cool and moist",0,"ok",0.141292990784045,0.249103361544759,0.192026928725778
"FWB_0387","FWB_0387_2013","107_Moselle","lotic",48.5460891,6.2445093,0.028027794331979,0.0337960274429088,0.016441932552576,0.0273040618292014,8,5,5,10,"lotic",48.5460891,6.2445093,3.91705034714217,4.39560945819071,6.26537250050086,9997.437938,121.726710121886,93,256,778,2.63433189660793,39,19,6.27040415912483,0,5.34394066434254,"large",1.65703572030397,-1.10272956506124,"high_prod","Cool temperate and moist","Cool and moist",0,"ok",0.546650570486673,0.624149987103163,0.578764759630138
"FWB_0388","FWB_0388_2014","108_Gélon","lotic",45.4857655,6.14588,0.153289177475308,0.0261312184227696,0.0715569361757091,0.0380578636556068,4,3.25,1,10,"lotic",45.4857655,6.14588,2.09961174846922,4.37537937916603,5.30077993942497,1462.55953,44.0591312816382,101,138,912,1.50585359617753,1,8,2.74701511231019,0,4.77955205672721,"large",0.415834974872225,-1.12951819324097,"low_prod","Cool temperate and moist","Cool and moist",0,"ok",0.145642407553341,0.34719639787851,0.222080504474177
"FWB_0389","FWB_0389_2014","109_Doubs","lotic",47.2622141,6.9509218,0.086381616829382,0.0116296643151596,0.0538690628742618,0.0575860582060685,5,4,1,7,"lotic",47.2622141,6.9509218,2.46580877409606,5.67289859070063,5.68498388620428,2596.172904,73.0805072201229,73,199,1164,-0.504181081047322,2,0,5.84522708750354,18,3.84818844978205,"large",0.665925416175059,0.588654023063259,"high_prod","Cold and mesic","Cold and wet/mesic",0,"ok",0.118656385054377,0.516674852154742,0.330438303164828
"FWB_0392","FWB_0392_2014","112_l’Ill","lotic",47.9647385,7.3966445,0.064148466813732,0.00849976102228354,0.014778051031217,0.0411557246680598,8,4.625,2,10,"lotic",47.9647385,7.3966445,2.51325112279714,5.49099374562541,6.42740884752282,13705.50796,83.3374015566126,101,216,600,-0.0855578883616465,79,0,5.84084224771893,12,4.02184573060447,"large",0.698325673667011,0.347776009049325,"high_prod","Cool temperate and moist","Cool and moist",0,"ok",0.1169988763039,0.735793787448394,0.386177570150509
"FWB_0393","FWB_0393_2013","113_Riedbrunnen","lotic",48.166187,7.4514212,0.197192881014578,0.0147439726917154,0.0587069488271918,0.0413673600451752,3,3.66666666666667,1,10,"lotic",48.166187,7.4514212,1.00026416565033,4.90084529769453,6.42740884752282,13705.50796,53.657531738365,102,176,610,1.71775405591756,38,0,2.04355655878704,0,5.96141507525779,"small",-0.334952996880834,-0.433697326925896,"high_prod","Cool temperate and moist","Cool and moist",0,"ok",0.0695677624437512,0.413366432517005,0.179837581044059
"FWB_0395","FWB_0395_2015","Allos","lentic",44.233642,6.708646,0.006550199173902,0.0440230204889407,0.0538851853485378,0.0720243036998217,2,38,10,10,"lentic",44.233642,6.708646,1.17865499634165,-2.48927941789483,5.23380172088215,1213.651527,68.0494834283418,99,102,837,0.0139029051689912,2,0,4.56013108278469,579,2.55893205900969,"large",0.391599110633636,-0.204125745311678,"high_prod","Cool temperate and moist","Cool and moist",0,"ok",0.870480874708585,0.572032372176163,0.657556340993515
"FWB_0396","FWB_0396_2001","Annecy","lentic",45.861525,6.167323,0.0357447333927432,0.0147965995593709,0.0385132023898041,0.0114855655013049,6,15.3333333333333,3,10,"lentic",45.861525,6.167323,3.24024585060439,-4.77643384548494,6.09008877846301,13059.70194,46.7111168773247,102,185,916,4.54745632379762,4,31,3.80042105246041,0,6.62184365170033,"large",1.22785568913787,-1.053885218317,"high_prod","Cool temperate and moist","Cool and moist",0,"ok",0.292762353010952,0.22971697075254,0.261409774211972
"FWB_0397","FWB_0397_2017","Annecy_1","lentic",45.867835,6.163049,0.0716154405199633,0.0188724523339908,0.0291887005913739,0.0382837830543194,9,4.11111111111111,2,10,"lentic",45.867835,6.163049,3.24024585060439,-4.77643384548494,6.09008877846301,13059.70194,46.0958725195093,102,185,916,4.54745632379762,4,31,3.80042105246041,0,6.62184365170033,"large",1.22785568913787,-1.053885218317,"high_prod","Cool temperate and moist","Cool and moist",0,"ok",0.208563286631623,0.567398456166998,0.361839067840141
"FWB_0398","FWB_0398_2015","Batailleres","lentic",45.1412285,6.5665101,0.0544489746238311,0.0345912486014475,0.0263218023864833,0.0367321272157573,3,9.33333333333333,5,5,"lentic",45.1412285,6.5665101,0.0295588022415444,-4.0836751016102,5.30077993942497,1462.55953,52.5011107562555,24,81,1457,-0.962334670375562,0,0,0.877138176398087,3819,2.36142082157702,"large",-0.0745162922667294,-0.796500628097133,"high_prod","Cold and wet","Cold and wet/mesic",0,"ok",0.388490137922599,0.582550959908009,0.46894226037794
"FWB_0402","FWB_0402_2022","BID","lentic",43.525573,1.285494,0.0635302402643501,0.0201617401166015,0.0211629910435758,0.0391496818637743,9,5.77777777777778,1,11,"lentic",43.525573,1.285494,-1.17118298150295,0.0362996449645712,6.6442627756725,7771.31446,51.8545480603191,126,248,703,3.00884591269937,63,18,1.50252285576994,0,6.44722188120188,"small",-0.561581033393711,0.734216986425061,"high_prod","Warm temperate and mesic","Warm temperate",0,"ok",0.240904086924801,0.649112035275148,0.411871565439157
"FWB_0403","FWB_0403_2022","BIR","lentic",43.530329,1.289764,0.0560764305073165,0.0181501078117047,0.0474084873011127,0.0234506512098612,8,7,2,11,"lentic",43.530329,1.289764,-1.17118298150295,0.0362996449645712,6.6442627756725,7771.31446,52.65260015458,126,248,703,3.00884591269937,63,18,1.50252285576994,0,6.44722188120188,"small",-0.561581033393711,0.734216986425061,"high_prod","Warm temperate and mesic","Warm temperate",0,"ok",0.244523161429092,0.330947450147582,0.286732363459363
"FWB_0405","FWB_0405_2022","BON","lentic",43.453752,1.27367,0.0278878884762643,0.032036896990516,0.0141712605363006,0.0222116506478527,6,8.83333333333333,5,11,"lentic",43.453752,1.27367,-1.07880966137193,-0.696980672857403,6.6442627756725,7771.31446,40.7684612543466,127,221,710,2.11251358274003,72,0,0.642911221732931,0,5.78146859236694,"small",-0.524111039540122,0.461777185718589,"high_prod","Warm temperate and mesic","Warm temperate",0,"ok",0.534618467817058,0.610496794372163,0.563283616209741
"FWB_0406","FWB_0406_2011","briere_canal_breca","lentic",47.360951,-2.295578,0.0347967858050729,0.0193687477686878,0.0233243149434055,0.0257386707965863,11,18.9090909090909,7,11,"lentic",47.360951,-2.295578,-1.46967597005894,1.09776055852758,4.69343236323417,867.3064255,10.9497332971347,118,188,820,-0.338273858567841,15,0,1.50851420623107,0,4.96294259748893,"small",-0.682660696121749,1.1285875875722,"low_prod","Warm temperate and mesic","Warm temperate",0,"ok",0.357584362061386,0.524604656817827,0.436966633495679
"FWB_0407","FWB_0407_2011","briere_canal_brivet","lentic",47.351064,-2.233724,0.0109811254837163,0.0141439458031892,0.0343541444181439,0.0168300426265268,13,17.1538461538462,4,11,"lentic",47.351064,-2.233724,-0.843970070294529,1.00171982492565,4.69343236323417,867.3064255,7.4039120565624,118,167,815,-1.33180617583582,17,0,2.13676778865724,0,3.99630918911607,"small",-0.428851520646908,1.09290502841129,"low_prod","Warm temperate and mesic","Warm temperate",0,"ok",0.56294151931663,0.328813322986618,0.40590079247172
"FWB_0408","FWB_0408_2011","briere_prairie","lentic",47.362775,-2.26535,0.0127068240368763,0.0153363578261769,0.00746068953641372,0.0175936569147191,9,15.5555555555556,2,11,"lentic",47.362775,-2.26535,-2.20727491318972,-1.3121492467988,4.69343236323417,867.3064255,7.97079161900421,118,101,814,-0.898942093539542,16,0,-2.37504826472776,0,3.99630918911607,"small",-0.981857778421315,0.233220111960925,"low_prod","Warm temperate and mesic","Warm temperate",0,"ok",0.546883656108313,0.702219750534486,0.620179804717917
"FWB_0409","FWB_0409_2011","briere_roseliere","lentic",47.359318,-2.209878,0.00456574380888244,0.00897910514054737,0.0143771920821311,0.0262759351249347,10,17.2,3,11,"lentic",47.359318,-2.209878,2.30258509299405,-0.728766684096209,4.69343236323417,867.3064255,5.53162906768671,118,188,814,2.63404478779171,19,26,3.74121119662754,0,6.20247075800607,"large",0.847506224870707,0.449967548453435,"low_prod","Warm temperate and mesic","Warm temperate",0,"ok",0.662916594645772,0.64634474467607,0.650486286862149
"FWB_0410","FWB_0410_2022","BVI","lentic",43.519202,1.354537,0.0527318987945712,0.00498660384117086,0.0321445925566366,0.0223655577597143,7,7,3,11,"lentic",43.519202,1.354537,-1.38629436111989,-0.866395118333028,6.6442627756725,7771.31446,52.6910818890855,128,366,698,2.42983429390951,19,93,0.14583909121654,0,7.09523849977204,"small",-0.648838068873781,0.398833674703225,"high_prod","Warm temperate and mesic","Warm temperate",0,"ok",0.0863952391946308,0.410300790401701,0.243718167165037
"FWB_0411","FWB_0411_2010","Candes","lentic",44.950435,1.978936,0.0550888045401631,0.0171519554714339,0.0450942575997967,0.017812583880354,7,5.42857142857143,3,11,"lentic",44.950435,1.978936,-1.71479842809193,3.06835834788803,5.72298786906916,2607.870037,64.0088758540003,124,133,778,0.138021297897375,5,0,5.38710179991047,219,3.44495937016166,"small",-0.782091321575565,1.86073497508236,"high_prod","Warm temperate and mesic","Warm temperate",0,"ok",0.237427671977433,0.283158134492803,0.25871372459335
"FWB_0412","FWB_0412_2015","Cerces","lentic",45.0712685,6.4741196,0.0266671809875356,0.0319608964767558,0.268594031971505,0.0162906199653933,2,14.5,5,5,"lentic",45.0712685,6.4741196,0.0295588022415444,-4.0836751016102,5.30077993942497,1462.55953,46.5107581286085,24,81,1457,-0.962334670375562,0,0,0.877138176398087,3819,2.36142082157702,"large",-0.0745162922667294,-0.796500628097133,"high_prod","Cold and wet","Cold and wet/mesic",0,"ok",0.54514658946854,0.0571832138187693,0.140465002639818
"FWB_0413","FWB_0413_2015","Chenilly_brook","lotic",48.600016,-0.88757,0.0501738429087148,0.016616172539541,0.0100344729227873,0.031009035427523,5,13.4,4,10,"lotic",48.600016,-0.88757,0.118671529717499,5.35926817554238,4.48155382560223,2699.723102,76.1334998554951,104,110,766,-1.46101790731583,10,0,0.118680410672734,0,3.20177076386622,"small",-0.937027497601768,0.173345285649244,"low_prod","Cool temperate and moist","Cool and moist",0,"ok",0.248782283220372,0.755516199123572,0.441654935213174
"FWB_0414","FWB_0414_2002","Clairvaux","lentic",46.56429,5.74962,0.0245173202481761,0.0294269659074464,0.0386450828247421,0.0174411093668566,9,7.55555555555556,3,10,"lentic",46.56429,5.74962,-0.653926467406664,-2.07505463149418,6.07762900839907,4184.308672,91.7232219925384,93,86,1042,0.0797349680188535,3,0,0.188974377624055,0,4.23068049760417,"small",-0.351762891354139,-0.0502264580788345,"high_prod","Cool temperate and moist","Cool and moist",0,"ok",0.54550663294632,0.310969753611998,0.425955389618522
"FWB_0415","FWB_0415_2015","Douenne_brook","lotic",48.609517,-1.074531,0.0569085568657928,0.0234977205997192,0.0153090909973416,0.0345647011579491,5,13.8,5,10,"lotic",48.609517,-1.074531,1.21639532432449,4.94342281961608,4.48155382560223,2699.723102,93.7817133947534,106,104,768,-0.133531392624523,14,0,1.21639828728307,0,3.58781552821379,"small",-0.187348475081158,-0.377316261771439,"low_prod","Cool temperate and moist","Cool and moist",0,"ok",0.292237389173972,0.693043373367838,0.445673861908937
"FWB_0416","FWB_0416_2022","FDL","lentic",43.43998,1.302606,0.0462031309343289,0.0137909881834327,0.0174959926141729,0.0252011136981186,13,5.15384615384615,1,11,"lentic",43.43998,1.302606,-1.71479842809193,2.71712071708897,6.6442627756725,7771.31446,39.3985685356172,127,138,705,2.0921109447805,76,16,4.13131932563022,0,5.95246643517721,"small",-0.782091321575565,1.73023766346797,"high_prod","Warm temperate and mesic","Warm temperate",0,"ok",0.229872333925973,0.590230014975601,0.379702372021165
"FWB_0417","FWB_0417_2010","Filheit","lentic",43.06708,0.747653,0.118166496061181,0.0213905077848519,0.0226693675964217,0.0636617041800757,3,6.33333333333333,5,11,"lentic",43.06708,0.747653,-2.12026353620009,6.03094852803,6.6442627756725,7771.31446,54.9420585667063,123,110,757,0.418710334858185,4,0,6.35024154767682,0,3.8193814815918,"small",-0.946562784624735,2.96144292896581,"high_prod","Warm temperate and mesic","Warm temperate",0,"ok",0.153274340917,0.73741357393187,0.376523690905463
"FWB_0419","FWB_0419_2019","Garonne_Muret","lotic",43.45862,0.501481,0.042175894028466,0.0211183168241733,0.0290822217580477,0.00854137287725461,11,6.45454545454546,1,11,"lotic",43.45862,0.501481,2.48332206165776,3.88173687201813,5.09246936063569,4305.982669,66.7649085751461,122,139,782,1.42647615075272,50,1,2.48332289631228,0,3.53467906471784,"large",0.677885933351494,-1.78319856500604,"low_prod","Warm temperate and mesic","Warm temperate",0,"ok",0.333653213140467,0.227021712307102,0.293899471535495
"FWB_0420","FWB_0420_2010","Gensac","lentic",43.966092,0.957323,0.0580282833679354,0.00982245654986732,0.0568811647039731,0.0180577007856048,11,6.81818181818182,1,11,"lentic",43.966092,0.957323,-0.673344553263766,-2.08235084422626,5.09246936063569,4305.982669,44.4932511382217,125,156,745,0.154436353304419,100,0,0.867944669077109,0,3.37697333427796,"small",-0.359639576490952,-0.0529372614296519,"high_prod","Warm temperate and mesic","Warm temperate",0,"ok",0.144765651218641,0.240965761459469,0.195253409769778
"FWB_0421","FWB_0421_2010","Gouyre","lentic",44.047403,1.60547,0.0572721990703583,0.00974432677725979,0.0465183371574281,0.0185363107904741,10,5.9,1,11,"lentic",44.047403,1.60547,-0.616186139423817,-2.41051517221472,4.18412522983717,1101.334321,26.2663129875917,129,130,737,0.246860077931526,51,0,0.590011964862319,0,3.39454228555447,"small",-0.336454035338744,-0.174862017819821,"low_prod","Warm temperate and mesic","Warm temperate",0,"ok",0.14540184908147,0.284934457032472,0.214131795417519
"FWB_0422","FWB_0422_2019","Hers_Launaguet","lotic",43.66534,1.44714,0.0741334189417872,0.0243002456370895,0.0710130797720254,0.00765459629788483,8,12.375,1,11,"lotic",43.66534,1.44714,2.82648487624731,4.40581089635828,4.18412522983717,1101.334321,35.7992901287732,127,349,703,3.57234563785798,55,78,4.88243071733459,0,6.77634963677693,"large",0.91224540034202,-1.08922084205348,"low_prod","Warm temperate and mesic","Warm temperate",0,"ok",0.246869256986945,0.0973029416946595,0.180432524214171
"FWB_0423","FWB_0423_2002","Ilay","lentic",46.62493,5.89555,0.0412202857919939,0.0281408923299715,0.0885892964166881,0.0188034802736272,7,6,1,7,"lentic",46.62493,5.89555,-0.430782916092454,-2.18864210061396,6.09008877846301,13059.70194,98.8346770166318,79,81,1191,-1.39836694235416,4,0,0.302331740144339,0,2.73365361829631,"large",-0.261247713547902,-0.0924282555328571,"high_prod","Cold and mesic","Cold and wet/mesic",0,"ok",0.405715316433759,0.175090735644634,0.265591639256137
"FWB_0424","FWB_0424_2020","Lac_de_Jouarres","lentic",43.271909,2.701901,0.0157560475847788,0.0357090539303148,0.00340652752837262,0.0218809956431315,11,6.45454545454545,1,11,"lentic",43.271909,2.701901,-0.0408219945202552,-2.78870699480351,5.33049232570368,990.2806851,39.438858834764,144,178,662,1.1365501280085,82,0,-0.233181260984796,0,4.36882753352673,"large",-0.103065315061785,-0.31537377338002,"high_prod","Warm temperate and mesic","Warm temperate",0,"ok",0.693849868727882,0.865288209316943,0.750333292295898
"FWB_0425","FWB_0425_2020","Lac_de_Laragou","lentic",43.693865,1.660645,0.0449759990511655,0.0117672532464952,0.0707040807162707,0.0228808039374215,6,7.33333333333333,1,11,"lentic",43.693865,1.660645,-0.843970070294529,-2.74871595782822,4.18412522983717,1101.334321,35.3567234992844,128,182,733,0.812262661450107,100,0,-0.233181260984796,0,4.05447714666856,"small",-0.428851520646908,-0.300515676307467,"low_prod","Warm temperate and mesic","Warm temperate",0,"ok",0.207377137721453,0.244492516308496,0.230482848298247
"FWB_0426","FWB_0426_2020","Lac_de_Maury","lentic",44.66035,2.685979,0.0609777797413287,0.0235702249597587,0.033706505533118,0.0419531217890756,9,6.77777777777778,1,10,"lentic",44.66035,2.685979,-0.0408219945202552,-2.70931743429803,5.72298786906916,2607.870037,41.7546080666618,108,79,748,-0.400477566597125,1,0,2.71144509857769,646,2.65345391397535,"large",-0.103065315061785,-0.285877719119994,"high_prod","Cool temperate and moist","Cool and moist",0,"ok",0.278779198197395,0.554498128974649,0.408990170576347
"FWB_0427","FWB_0427_2016","Lake Bourget","lentic",45.729665,5.869574,0.019849708330675,0.0108957200881783,0.0371444681059686,0.00770206393338495,9,15.3333333333333,4,10,"lentic",45.729665,5.869574,3.75091484503339,-5.48456159286805,6.09008877846301,13059.70194,83.6404517673099,112,234,868,3.85777799057575,2,26,4.60076057794133,0,5.78544236629026,"large",1.43500169250046,-1.31697994168937,"high_prod","Cool temperate and moist","Cool and moist",0,"ok",0.354385046769977,0.171742687408388,0.246028597602592
"FWB_0428","FWB_0428_2017","Lake Geneva","lentic",46.435708,6.529857,0.105617692511344,0.00647677582493815,0.0219124553892688,0.0348029175416708,6,6.5,1,10,"lentic",46.435708,6.529857,6.34849192893319,-5.73595170357058,6.09008877846301,13059.70194,54.6503523429198,100,164,886,6.44260385870732,20,58,8.05242384259223,135,7.14344381983224,"large",2.48867387002856,-1.41038033713815,"high_prod","Cool temperate and moist","Cool and moist",0,"ok",0.0577796203601047,0.61364169436123,0.244533689841366
"FWB_0429","FWB_0429_2022","LAM1","lentic",43.506265,1.337336,0.0622257926022317,0.0306712881386228,0.0204834165363495,0.0213340862448951,9,7.77777777777778,2,11,"lentic",43.506265,1.337336,-1.66073120682165,-0.331018589371701,6.6442627756725,7771.31446,50.2328698897188,127,367,699,0.903813210363042,43,36,-0.00399798128729837,0,6.14539093749853,"small",-0.760159681078022,0.597745156858346,"high_prod","Warm temperate and mesic","Warm temperate",0,"ok",0.330164176247727,0.510171216021622,0.386041162165541
"FWB_0431","FWB_0431_2022","LAV","lentic",43.386392,1.265891,0.0471383100609483,0.0252756305369856,0.023153490277725,0.0370016856145904,13,7,1,11,"lentic",43.386392,1.265891,-0.994252273343867,-2.539458942815,6.6442627756725,7771.31446,30.4626817268719,126,343,713,0.483043242753539,93,29,-0.763548185859269,0,5.077421350134,"small",-0.489811473332117,-0.222769229169805,"high_prod","Warm temperate and mesic","Warm temperate",0,"ok",0.349043710759013,0.615103938534361,0.46977243116919
"FWB_0432","FWB_0432_2010","LHyere","lotic",48.363872,-3.477854,0.0503137800336526,0.0206393197175865,0.0158953329486891,0.051991257683018,5,11.6,1,10,"lotic",48.363872,-3.477854,0.632866249675015,6.3461991245789,4.42146975602532,745.1427224,64.4470266148155,107,131,959,-2.71810053695571,26,0,3.20079372461615,0,2.78414728889119,"small",-0.585863573728715,1.48023717670628,"low_prod","Cool temperate and moist","Cool and moist",0,"ok",0.290886794092827,0.765854599549369,0.523125463621214
"FWB_0433","FWB_0433_2022","LIN","lentic",43.343186,1.22705,0.063877733803781,0.0553473037340037,0.0394590514151423,0.0725989808274175,8,6.625,1,11,"lentic",43.343186,1.22705,-2.30258509299405,-1.04979355347826,6.6442627756725,7771.31446,23.2956534683876,127,269,719,1.40437982866628,93,0,-1.35088860798934,0,4.91427129922383,"small",-1.02051906986767,0.330694612592223,"high_prod","Warm temperate and mesic","Warm temperate",0,"ok",0.464225508978876,0.647869495604478,0.553202120167875
"FWB_0435","FWB_0435_2013","Lods","lotic",47.048269,6.236964,0.0386201576000283,0.0771188119365589,0.0231213594256052,0.023369184023879,4,9.25,2,10,"lotic",47.048269,6.236964,1.90687227632856,5.18184498195146,5.68498388620428,2596.172904,21.8006295610803,86,142,1136,-0.209487224866724,0,0,3.92086400833324,0,3.97315592157054,"large",0.284205561548558,-0.0615981348765663,"high_prod","Cool temperate and moist","Cool and moist",0,"ok",0.66631673191267,0.502665322664416,0.619418711865735
"FWB_0436","FWB_0436_2014","Lou","lentic",45.2906442,6.5290091,0.0771230173306958,0.0303483565805354,0.0827908518901428,0.0372214887496745,4,11.25,3,10,"lentic",45.2906442,6.5290091,-1.83258146374831,4.43111041685531,5.30077993942497,1462.55953,48.9493129923843,103,121,861,2.01102885899366,3,23,5.85078483746325,55,5.39779163720679,"small",-0.829868424486255,2.36704599019938,"high_prod","Cool temperate and moist","Cool and moist",0,"ok",0.282385489978033,0.310147177792191,0.297031571967965
"FWB_0437","FWB_0437_2010","Mas_Chaban","lentic",45.80643,0.64829,0.115454481928708,0.0122213465910959,0.0776830581028493,0.0392395388122157,4,3,3,11,"lentic",45.80643,0.64829,0.22314355131421,-2.61870334923304,4.37568980330055,2367.041626,81.175076622397,114,92,935,-0.551647618286246,7,0,1.66506370796994,671,2.61980242372089,"large",0.00400875530775677,-0.252211353507411,"low_prod","Warm temperate and mesic","Warm temperate",0,"ok",0.0957216940182235,0.335602696549069,0.210389275040588
"FWB_0440","FWB_0440_2010","Montdély","lentic",43.05118,9.12378,0.0812312357171255,0.0248817791756686,0.0448953398992817,0.0353860320225269,3,6.33333333333333,4,11,"lentic",43.05118,9.12378,-0.287682072451781,-1.58218473926915,5.18365200925294,1328.67019,136.22143921071,148,128,751,0.731405892677036,2,0,1.48342334045058,0,3.96677649642463,"large",-0.20320078263696,0.132892291938683,"high_prod","Warm temperate and mesic","Warm temperate",0,"ok",0.234483764322469,0.4407751284693,0.32333490416823
"FWB_0442","FWB_0442_2022","NEW","lentic",43.4906696,1.3920236,0.0525289964892861,0.0130206537899422,0.0247987920823327,0.019518540535912,10,8.8,3,11,"lentic",43.4906696,1.3920236,-0.174353387144778,-4.20733188431255,6.6442627756725,7771.31446,50.066067408743,128,353,702,1.95755635368971,75,57,-1.68195484327328,0,5.91472660808273,"large",-0.157230526984507,-0.842443534809124,"high_prod","Warm temperate and mesic","Warm temperate",0,"ok",0.198638035969328,0.440426789762986,0.296168998799389
"FWB_0444","FWB_0444_2014","Noir Forclaz","lentic",45.6589909,6.6967482,0.291831259868763,NA,0.30981545781893,NA,3,1,1,7,"lentic",45.6589909,6.6967482,0.672944473242426,-4.98045107094034,6.09008877846301,13059.70194,80.5300199960091,50,108,1315,-0.424647927524938,0,0,1.6507736949427,7403,2.69449271227013,"large",0.1864644444189,-1.129684896684,"high_prod","Cold and mesic","Cold and wet/mesic",0,"ok",NA,NA,NA
"FWB_0445","FWB_0445_2014","Noir Masse","lentic",45.3110817,6.5050886,0.105342321240936,0.07099491226844,0.178521879087124,0.0124413733821285,3,4.33333333333333,2,10,"lentic",45.3110817,6.5050886,-1.83258146374831,4.43111041685531,5.30077993942497,1462.55953,47.3868472238412,103,121,861,2.01102885899366,3,23,5.85078483746325,55,5.39779163720679,"small",-0.829868424486255,2.36704599019938,"high_prod","Cool temperate and moist","Cool and moist",0,"ok",0.402608744934547,0.0651506152165676,0.227160836523977
"FWB_0448","FWB_0448_2007","Oriege_Station_Sympatry","lotic",42.653101,1.963692,0.00318387005534096,0.0401181695413089,0.0319126813885538,0.0270737787835298,2,50.5,50,6,"lotic",42.653101,1.963692,1.46093790411566,4.66938197260006,5.03549808667674,766.5302192,85.666159310392,44,62,1242,-1.9173226922034,2,0,1.46094022429858,0,1.1118608048864,"large",-0.0203406693989081,-0.740200576153585,"low_prod","Extremely cold and mesic","Cold and wet/mesic",0,"ok",0.926472977139227,0.458982937856355,0.656886634145134
"FWB_0449","FWB_0449_2013","Ornans","lotic",47.103186,6.125469,0.0135450696416831,0.0222697503918357,0.0803245807710111,0.0125029763380754,5,9.4,1,10,"lotic",47.103186,6.125469,0.687631999871835,6.55956311590354,5.68498388620428,2596.172904,23.2575638542174,95,260,1071,-1.62455155024415,3,0,4.35236620601855,0,4.31053076723303,"small",-0.54846187552661,1.7627733261481,"high_prod","Cool temperate and moist","Cool and moist",0,"ok",0.621802660769861,0.134690351954242,0.270305380717305
"FWB_0450","FWB_0450_2015","Pepin","lentic",45.1435191,6.5512203,0.00821893703510945,0.0716153185439734,0.0008142188612103,0.073979268845599,2,10.5,7,5,"lentic",45.1435191,6.5512203,0.0295588022415444,-4.0836751016102,5.30077993942497,1462.55953,50.7611024934908,24,81,1457,-0.962334670375562,0,0,0.877138176398087,3819,2.36142082157702,"large",-0.0745162922667294,-0.796500628097133,"high_prod","Cold and wet","Cold and wet/mesic",0,"ok",0.89704999469848,0.989113773322057,0.94158127316378
"FWB_0452","FWB_0452_2010","Petite_Leyre","lotic",44.31796,-0.576581,0.0345239493533323,0.0288295853051959,0.00203483111672289,0.0352624912348775,4,25,6,11,"lotic",44.31796,-0.576581,0.301584977620772,6.66865925850705,4.61327593942615,546.6935622,55.008090578332,125,109,1005,-3.38139475436598,17,0,3.93311910954787,0,1.93456171273659,"small",-0.812108665101563,1.90723820918103,"low_prod","Warm temperate and mesic","Warm temperate",0,"ok",0.455058829165345,0.945442970475451,0.636776262457693
"FWB_0474","FWB_0474_2002","Pont-Houarn_brook","lotic",48.093652,-3.205026,0.119435956562828,0.0516644690391692,0.0716241400945199,0.0611349638589105,4,3.5,2,10,"lotic",48.093652,-3.205026,-0.27049724769768,5.45397866347311,4.42146975602532,745.1427224,14.5024649663421,106,51,945,-2.1803674602698,43,0,-0.27048414162367,0,2.91863576324233,"small",-1.20280625732393,0.298760714961258,"low_prod","Cool temperate and moist","Cool and moist",0,"ok",0.301954065031655,0.460495454084682,0.371222298221534
"FWB_0475","FWB_0475_2022","POU","lentic",43.371928,1.258473,0.0179511951187299,0.0464778022202375,0.0357384644459553,0.0398891938076302,9,6.33333333333333,1,11,"lentic",43.371928,1.258473,-1.77195684193188,-1.871737179014,6.6442627756725,7771.31446,28.1290698361277,127,319,712,1.02460687535761,97,1,-1.65020782497731,0,5.13192039775512,"small",-0.805276862727773,0.0253132296607404,"high_prod","Warm temperate and mesic","Warm temperate",0,"ok",0.721380188111777,0.527441874160358,0.616657563772785
"FWB_0477","FWB_0477_2002","Saint Point","lentic",46.81519,6.31163,0.0159866540771277,0.0226809184567567,0.0159532137247674,0.0151972742324239,6,10.8333333333333,3,7,"lentic",46.81519,6.31163,1.38128181929635,-1.341551322323,5.68498388620428,2596.172904,58.3199873130629,73,148,1247,1.33315726270676,7,0,4.08701795472791,0,4.17203080330014,"large",0.473791953761026,0.222296191869953,"high_prod","Cold and mesic","Cold and wet/mesic",0,"ok",0.586561735595929,0.487866329840766,0.542527140151971
"FWB_0478","FWB_0478_2010","Salagou","lentic",43.65896,3.36826,0.0226610024712045,0.0292233685368165,0.0981817245802672,0.0264574475969256,6,4.5,3,11,"lentic",43.65896,3.36826,1.86252854011626,-3.81299248196519,3.91144095446935,319.5858164,19.9314688500391,138,119,692,1.67952352000079,14,2,2.48931442127482,2265,4.3004777203237,"large",0.669003207893779,-0.69593237724072,"low_prod","Warm temperate and mesic","Warm temperate",0,"ok",0.563240297011575,0.212272330879352,0.315429971147362
"FWB_0479","FWB_0479_2002","Scorff_river_Guemene","lotic",48.081327,-3.206725,0.0235588998707704,0.0217587840177144,0.0134931840976971,0.0532596664099923,6,13.5,3,10,"lotic",48.081327,-3.206725,1.21698774140343,5.22071663532229,4.42146975602532,745.1427224,14.6743553092691,108,144,938,0.357674444271816,55,0,2.22224342396935,0,4.6826867209571,"small",-0.186943890012633,-0.0101243730780238,"low_prod","Cool temperate and moist","Cool and moist",0,"ok",0.480138924823633,0.797863551967076,0.669386032929166
"FWB_0480","FWB_0480_2015","Selune_river_05","lotic",48.590903,-0.898053,0.080980381268452,0.0120201981617795,0.0333137029277627,0.0219024404789283,6,6.66666666666667,1,10,"lotic",48.590903,-0.898053,-0.744440474947496,7.09000856375081,4.48155382560223,2699.723102,77.9373378701258,107,61,743,-4.26869794936688,10,0,2.42674861885026,0,3.15521201439302,"small",-1.52648084384604,2.4651880747346,"low_prod","Cool temperate and moist","Cool and moist",0,"ok",0.129248637324857,0.396667335449477,0.228871870807936
"FWB_0481","FWB_0481_2015","Selune_river_10","lotic",48.58195,-1.094053,0.0884098660452296,0.008426834844242,0.0473423887200492,0.0186161799768055,5,6.6,4,10,"lotic",48.58195,-1.094053,1.01559293294802,6.36769702788556,4.48155382560223,2699.723102,97.7285628158519,110,359,741,-0.297059234264378,16,0,4.17220041894071,0,5.615177137077,"small",-0.324484375046607,1.50870465513892,"low_prod","Cool temperate and moist","Cool and moist",0,"ok",0.0870210856714367,0.282240508619364,0.166116711436184
"FWB_0482","FWB_0482_2022","TAB","lentic",43.551353,1.259427,0.0253627623010483,0.0233208449331229,0.019079424005284,0.0177967379469381,5,10.8,2,11,"lentic",43.551353,1.259427,-0.150822889734584,-3.86709309631803,6.6442627756725,7771.31446,55.4085329564312,127,324,696,3.9012855648854,22,100,-1.23783987383751,0,7.47367686352652,"large",-0.147685697459258,-0.716032685723242,"high_prod","Warm temperate and mesic","Warm temperate",0,"ok",0.479028696886575,0.482608194692173,0.480571456317112
"FWB_0483","FWB_0483_2010","Tolerme","lentic",44.82567,2.04672,0.0667526548037716,0.0141810511507219,0.0147497998902892,0.0228039417408506,7,6.28571428571429,2,10,"lentic",44.82567,2.04672,-1.30933331998376,-0.62554582420674,5.72298786906916,2607.870037,44.0218561348096,107,75,845,-0.375420986759788,3,0,1.03496581398321,0,2.89817512119656,"small",-0.617619858526394,0.488317780709178,"high_prod","Cool temperate and moist","Cool and moist",0,"ok",0.175218111953201,0.607234878613038,0.31214270916624
"FWB_0484","FWB_0484_2019","Touch_Tournefeuille","lotic",43.57827,1.34424,0.0238087987136373,0.00726216182533848,0.00167160941970693,0.0180213827662468,7,11.5714285714286,1,11,"lotic",43.57827,1.34424,2.05129923573356,4.66736534027634,4.18412522983717,1101.334321,51.79513374948,127,364,696,4.03630929346899,19,100,4.10323839458317,0,7.73183730091821,"large",0.38284044792371,-0.74287099644357,"low_prod","Warm temperate and mesic","Warm temperate",0,"ok",0.233728269077125,0.91511653465748,0.498060990809505
"FWB_0485","FWB_0485_2010","Varenne","lotic",49.692833,1.246043,0.00480705233157412,0.0470793337423968,0.00678960890830902,0.0601241580367689,2,14,5,10,"lotic",49.692833,1.246043,1.14644961808227,5.46409571198375,4.83489857837131,1917.758384,24.585706002757,101,158,715,-0.0693500781347932,35,0,2.82831962461434,0,4.39032969367787,"small",-0.235117166023999,0.312157689362439,"low_prod","Cool temperate and moist","Cool and moist",0,"ok",0.907354265823775,0.898531958096428,0.90238513213006
"FWB_0487","FWB_0487_2010","Vigueirat_piscisud_pond","lentic",43.540458,4.749884,0.0827611040758221,0.0305740261258028,0.0143384772934606,0.0216324102199036,10,12.9,1,11,"lentic",43.540458,4.749884,-0.116533816255952,-3.17069809309517,4.71240298353181,416.4750255,72.7676741175705,142,130,646,0.56531380905006,28,0,-1.69821448282495,0,4.37016923777568,"large",-0.133776796375402,-0.457297095417817,"low_prod","Warm temperate and mesic","Warm temperate",0,"ok",0.26976654168404,0.601386613323526,0.349660630861935
"FWB_0488","FWB_0488_2012","Crique_Chien","lotic",3.18807,-52.48833,0.0229826933234711,0.0200387608423702,0.0303871827956897,0.0110144365221479,49,6.26530612244898,1,18,"lotic",3.18807,-52.48833,1.16720508013372,5.09543714397933,4.31168263256197,598.2121551,29.51373595672,252,15,2567,-5.52146091786225,0,0,1.16720819248493,0,-1.82628880412529,"small",-0.2209424395772,-0.176019212541404,"low_prod","Extremely hot and moist","Hot and moist",0,"ok",0.465785297845204,0.266038785526498,0.367828320897621
"FWB_0489","FWB_0489_2012","Crique_Clando","lotic",4.75431,-53.96736,0.0167767554134397,0.0130035128602589,0.0244911401216996,0.0119232358517667,11,4.09090909090909,1,18,"lotic",4.75431,-53.96736,-0.00300450902029872,5.55456090498626,4.44324406262839,674.5393342,38.1915497609618,249,52,2561,-2.71810053695571,0,0,-0.00299447898032898,0,2.28716785580288,"small",-1.02012487986976,0.431951508041772,"low_prod","Extremely hot and moist","Hot and moist",0,"ok",0.436648613798533,0.327432107046258,0.376567454897882
"FWB_0490","FWB_0490_2011","Crique_Nouvelle_France","lotic",3.56573,-53.1975,0.0177847075689719,0.00557855234420236,0.020774060910274,0.00895975613796308,70,6.71428571428571,1,13,"lotic",3.56573,-53.1975,1.67372640231646,5.65453655087053,2.78913690147183,128.8635709,64.7441512181358,246,10,2425,-6.90775527898214,0,0,3.42783963717847,0,-3.35212154401556,"large",0.124981017275399,0.564339048463812,"low_prod","Hot and mesic","Hot and moist",0,"ok",0.238774570198428,0.301332187637655,0.273806192622077
"FWB_0491","FWB_0491_2012","Crique_Quad","lotic",4.74515,-53.97761,0.0423012002609294,0.0216810702962134,0.0765536705986653,0.0178070306875556,21,3.23809523809524,1,18,"lotic",4.74515,-53.97761,1.20836315262723,5.64530949467868,4.44324406262839,674.5393342,38.9889166137039,258,89,2517,-2.12863178587061,0,0,2.50176458625756,0,2.28716785580288,"small",-0.192833963012008,0.552120600022983,"low_prod","Extremely hot and moist","Hot and moist",0,"ok",0.338860595402753,0.188712360599591,0.249383351367382
"FWB_0492","FWB_0492_2012","Crique_Violette","lotic",4.73665,-53.95892,0.0265848313219284,0.0185615832034228,0.0430662700063383,0.0127895994126847,15,3.13333333333333,1,18,"lotic",4.73665,-53.95892,0.409457129377702,6.21896542370419,4.44324406262839,674.5393342,36.7300880509829,256,63,2528,-2.91877123241786,0,0,2.06178787870494,0,2.28716785580288,"small",-0.738438503551241,1.31175457708301,"low_prod","Extremely hot and moist","Hot and moist",0,"ok",0.411141912343889,0.228975030658621,0.310400729486215
"FWB_0493","FWB_0493_2005","Stechlinsee","lentic",53.152028,13.023303,0.029029073868319,0.00811183649438367,0.0670744144098826,0.0169842679311816,4,55,10,8,"lentic",53.152028,13.023303,1.34025042261848,-6.11738104784684,2.59272145396433,287.2890019,110.895633915412,82,62,573,-1.29098418131557,10,0,0.0573345094453185,0,2.94622737902566,"large",0.457148120031297,-1.55209494751645,"low_prod","Cool temperate and dry","Cool temperate and dry/xeric",0,"ok",0.218407045362293,0.202052512104208,0.207064263713366
"FWB_0495","FWB_0495_2006","Leixlip Reservoir","lentic",53.35,-6.5,0.0333561990294912,0.0219364132513464,0.00234684004201356,0.0155585748123727,3,65,58,10,"lentic",53.35,-6.5,-1.83258146374831,4.40895918755,5.77149750970226,8826.179636,57.620639931682,94,178,803,3.60807604051033,23,58,5.30454796598811,326,6.98581757462598,"small",-0.829868424486255,2.35881601818095,"high_prod","Cool temperate and moist","Cool and moist",0,"ok",0.396733168256345,0.868931266820737,0.512240418644781
"FWB_0496","FWB_0496_2006","Lough Corrib","lentic",53.47,-9.24,0.0114804758672176,0.0699125282681206,0.000229518450004354,0.0132403130536936,3,58.6666666666667,55,10,"lentic",53.47,-9.24,5.07473621950278,-2.47032659675085,5.08748249665425,3734.309312,29.5464258673426,97,91,1118,2.98870765861703,4,1,6.77763521543827,0,4.06786385611159,"large",1.97199201280358,-0.197084096040866,"high_prod","Cool temperate and moist","Cool and moist",0,"ok",0.858950090500061,0.982960555227336,0.876558672968834
"FWB_0497","FWB_0497_2009","Lough Corrib_Bobs","lentic",53.483827,-9.39255,0.0897800983680617,0.0150451179713012,0.0684323763768766,0.034204194125824,5,10.6,1,10,"lentic",53.483827,-9.39255,5.07473621950278,-2.47032659675085,5.08748249665425,3734.309312,36.3084855575577,97,91,1118,2.98870765861703,4,1,6.77763521543827,0,4.06786385611159,"large",1.97199201280358,-0.197084096040866,"high_prod","Cool temperate and moist","Cool and moist",0,"ok",0.143525751691214,0.333255426972046,0.237389800053239
"FWB_0498","FWB_0498_2024","Lough Corrib_Far","lentic",53.4985,-9.456833,0.0352490028554394,0.016907137962696,0.0266107884723565,0.0237608284886169,7,8.85714285714286,1,10,"lentic",53.4985,-9.456833,5.07473621950278,-2.47032659675085,5.08748249665425,3734.309312,40.0516119396187,97,91,1118,2.98870765861703,4,1,6.77763521543827,0,4.06786385611159,"large",1.97199201280358,-0.197084096040866,"high_prod","Cool temperate and moist","Cool and moist",0,"ok",0.324163898967332,0.471710656162302,0.39665323159539
"FWB_0499","FWB_0499_2009","Lough Corrib_GF","lentic",53.465971,-9.223841,0.0839761982713408,0.0120041503700477,0.0293799017259339,0.0195027023130531,5,8.8,1,10,"lentic",53.465971,-9.223841,5.07473621950278,-2.47032659675085,5.08748249665425,3734.309312,29.798515793368,97,91,1118,2.98870765861703,4,1,6.77763521543827,0,4.06786385611159,"large",1.97199201280358,-0.197084096040866,"high_prod","Cool temperate and moist","Cool and moist",0,"ok",0.125068834818457,0.398970200063368,0.217494204695781
"FWB_0500","FWB_0500_2009","Lough Corrib_IQ","lentic",53.469081,-9.224226,0.0292975613545996,0.0551433272081512,0.0941257317415375,0.102677142434142,5,4,1,10,"lentic",53.469081,-9.224226,5.07473621950278,-2.47032659675085,5.08748249665425,3734.309312,29.2433451584166,97,91,1118,2.98870765861703,4,1,6.77763521543827,0,4.06786385611159,"large",1.97199201280358,-0.197084096040866,"high_prod","Cool temperate and moist","Cool and moist",0,"ok",0.65304058432749,0.521725827756384,0.56115189224329
"FWB_0501","FWB_0501_2008","Lough Corrib_Maam","lentic",53.4925,-9.507167,0.0181532810895226,0.0452662438638284,0.0280771321044509,0.0303992811124945,7,14.8571428571429,3,10,"lentic",53.4925,-9.507167,5.07473621950278,-2.47032659675085,5.08748249665425,3734.309312,45.3481241611846,97,91,1118,2.98870765861703,4,1,6.77763521543827,0,4.06786385611159,"large",1.97199201280358,-0.197084096040866,"high_prod","Cool temperate and moist","Cool and moist",0,"ok",0.71375879742279,0.519855432988242,0.620738690001412
"FWB_0502","FWB_0502_2008","Lough Corrib_Moons","lentic",53.46176,-9.346857,0.0182123324048092,0.0218748842124454,0.0277300010289546,0.0478284602855622,7,24.4285714285714,2,10,"lentic",53.46176,-9.346857,5.07473621950278,-2.47032659675085,5.08748249665425,3734.309312,36.2130066868154,97,91,1118,2.98870765861703,4,1,6.77763521543827,0,4.06786385611159,"large",1.97199201280358,-0.197084096040866,"high_prod","Cool temperate and moist","Cool and moist",0,"ok",0.545682291222731,0.632999394819241,0.602731945928245
"FWB_0503","FWB_0503_2008","Lough Corrib_Rin","lentic",53.479167,-9.370167,0.0349287875077477,0.0288334399514885,0.0223453429570334,0.0255232991760717,7,17.8571428571429,1,10,"lentic",53.479167,-9.370167,5.07473621950278,-2.47032659675085,5.08748249665425,3734.309312,35.2404142942524,97,91,1118,2.98870765861703,4,1,6.77763521543827,0,4.06786385611159,"large",1.97199201280358,-0.197084096040866,"high_prod","Cool temperate and moist","Cool and moist",0,"ok",0.452202520213429,0.533194551562603,0.486932864771748
"FWB_0504","FWB_0504_2006","Lough Ramor","lentic",53.81,-7.06,0.0151131772401606,0.0279481592621556,0.00663100527343071,0.0346485135349836,3,58,36,10,"lentic",53.81,-7.06,1.880990602956,-1.88214102336743,5.77149750970226,8826.179636,76.641981784161,89,113,928,1.58596455624846,9,0,3.61501787467996,0,4.20198762089548,"large",0.676492095162834,0.0214478302857131,"high_prod","Cool temperate and moist","Cool and moist",0,"ok",0.649031394105761,0.839363309824264,0.742186838946784
"FWB_0505","FWB_0505_2008","River Inney_Abbeyshrule","lotic",53.592455,-7.649627,0.0472164107624294,0.029844034369601,0.027064736529101,0.0288584804084697,8,9.25,1,10,"lotic",53.592455,-7.649627,2.57116079570609,4.88612716240011,4.25109791458548,2750.955115,56.5341703364846,89,65,966,-0.249744233111389,7,0,5.14985221841083,0,3.06991213598069,"large",0.737874481112158,-0.453187050788077,"low_prod","Cool temperate and moist","Cool and moist",0,"ok",0.387280845814842,0.516037559868661,0.441426517096115
"FWB_0506","FWB_0506_2008","River Inney_Ballinalack","lotic",53.632396,-7.473694,0.028705907602143,0.00646982162478114,0.00730226772227174,0.00940271903712104,8,15.5,2,10,"lotic",53.632396,-7.473694,1.7696842615762,5.46852177349356,4.25109791458548,2750.955115,76.8171995570196,89,111,956,-0.903868211875598,7,0,4.71979276599506,0,3.20890669783839,"large",0.190514436962965,0.318018670723029,"low_prod","Cool temperate and moist","Cool and moist",0,"ok",0.183928571403405,0.562868990712258,0.305942976309125
"FWB_0507","FWB_0507_2008","River Inney_Shrule Bridge","lotic",53.554986,-7.796507,0.00747953778882278,0.0149103669335431,0.0193352224760573,0.0173544295710812,10,12.1,1,10,"lotic",53.554986,-7.796507,1.64846629940158,5.90174124408434,4.25109791458548,2750.955115,39.6007811932568,90,151,966,-0.695149183230618,4,0,5.37671261020536,0,3.97869069577538,"large",0.107729893308664,0.891686984312581,"low_prod","Cool temperate and moist","Cool and moist",0,"ok",0.665941508837629,0.473006109427922,0.54612455253352
"FWB_0508","FWB_0508_2007","Ross Lake","lentic",53.372506,-9.217473,0.0074232808571185,0.024184765589154,0.000214244143508492,0.0239172897535173,3,68,55,10,"lentic",53.372506,-9.217473,0.113328685307003,-0.727242239926833,5.08748249665425,3734.309312,46.8554294221163,97,108,1109,0.559044196036465,2,0,1.78875663188807,0,3.84078497259447,"large",-0.0405361668460274,0.45053393385285,"high_prod","Cool temperate and moist","Cool and moist",0,"ok",0.765145850765038,0.991121818263907,0.862978426576093
"FWB_0509","FWB_0509_2022","cotugno","lentic",40.18097,16.3505,0.0390282778834953,0.0243852514398881,0.0346327626230732,0.0255857047306199,7,25.2857142857143,8,11,"lentic",40.18097,16.3505,2.13534917361813,-3.36831200649634,4.22853095484978,400.9707534,48.8627361296307,155,135,664,1.29060911098548,43,0,4.84453356186213,1704,3.8222079199002,"large",0.779669225375323,-0.530717714893536,"low_prod","Warm temperate and mesic","Warm temperate",0,"ok",0.384543356915733,0.424881367045467,0.404191127811604
"FWB_0512","FWB_0512_2002","Manantali","lentic",13.19664,-10.42923,0.0683533665427801,0.0117195523949954,0.0501456747743677,0.0132056285448445,15,7.66666666666667,1,17,"lentic",13.19664,-10.42923,6.08308611415521,-2.79012913086886,4.71040268095162,977.1426313,13.18652711737,278,70,1009,1.87441414735024,2,0,9.07979765281458,1473,2.4685240176358,"large",2.38101557394986,-0.31590214766855,"low_prod","Extremely hot and xeric","Hot and dry",0,"ok",0.146360998830362,0.208450779272913,0.173786411720462
"FWB_0513","FWB_0513_2001","Selingue","lentic",11.4497,-8.27592,0.0131921421573598,0.0102748130403514,0.0063357389105512,0.0146894228697908,7,19.4285714285714,1,17,"lentic",11.4497,-8.27592,5.81642640176029,-0.911092629503057,6.13917833373163,1105.791444,42.92939486144,272,65,1149,3.84106391648765,3,2,9.3208167800122,204,3.83788140193967,"large",2.27284865118184,0.382226954545499,"high_prod","Extremely hot and xeric","Hot and dry",0,"ok",0.43784176318509,0.698659207632117,0.561093461173277
"FWB_0514","FWB_0514_2022","I1","lotic",14.7316667,-60.9844444,0.153550347222224,0.0908962673611115,0.37112426035503,0.0221811965811967,2,3,1,18,"lotic",14.7316667,-60.9844444,0.841136058273395,5.12646716899638,5.79983427454387,1068.979602,378.995471415838,249,309,2293,1.42503418943582,3,4,0.841140370467633,0,5.63989089087619,"small",-0.443627879014192,-0.134929318548659,"high_prod","Extremely hot and moist","Hot and moist",0,"ok",0.371845065295939,0.0563968696340597,0.177306305995809
"FWB_0515","FWB_0515_2022","I2","lotic",14.6566667,-60.9338889,0.0740038189423958,0.137023597973532,0.0209809039569951,0.269028120087718,2,3.5,2,18,"lotic",14.6566667,-60.9338889,-0.398986142010455,5.55223261531688,5.79983427454387,1068.979602,373.360483353199,252,304,2064,1.07500242302898,3,30,-0.517497833534055,0,6.25319208968033,"small",-1.29055640828758,0.42886839174886,"high_prod","Extremely hot and moist","Hot and moist",0,"ok",0.649316567373431,0.927654306530267,0.810423523851327
"FWB_0516","FWB_0516_2022","I3","lotic",14.5580556,-60.94,0.0170687166027372,0.105085148794764,0.0033373916015208,0.102744670853091,2,5,4,18,"lotic",14.5580556,-60.94,1.00722772686626,5.4502142209434,5.79983427454387,1068.979602,362.771511394796,256,337,1875,1.40462531780461,3,35,1.91324084277944,366,5.91101344980475,"small",-0.330197305338696,0.293775848065318,"high_prod","Extremely hot and moist","Hot and moist",0,"ok",0.860268714811489,0.968539529452034,0.910592042206955
"FWB_0519","FWB_0519_2022","U1","lotic",14.8386111,-61.2247222,0.260894080506052,0.00757151360246488,0.0781126907084318,0.0343185951540227,3,3,2,18,"lotic",14.715,-61.1686111,0.246860077931526,5.69932238996152,5.79983427454387,1068.979602,369.635411517737,253,275,1781,-0.0866478067256722,3,0,1.53255902792302,0,5.43854446159248,"small",-0.849482464875358,0.623644362578587,"high_prod","Extremely hot and moist","Hot and moist",15541.4582806052,"check",0.0282029197357945,0.305240617776151,0.109977558124603
"FWB_0520","FWB_0520_2022","U2","lotic",14.715,-61.1686111,0.107112178096065,0.0335049099392361,0.219132501086794,0.0176622890336811,3,2.66666666666667,2,18,"lotic",14.715,-61.1686111,0.246860077931526,5.69932238996152,5.79983427454387,1068.979602,369.635411517737,253,275,1781,-0.0866478067256722,3,0,1.53255902792302,0,5.43854446159248,"small",-0.849482464875358,0.623644362578587,"high_prod","Extremely hot and moist","Hot and moist",0,"ok",0.238270543127909,0.0745890102763454,0.135573896674757
"FWB_0521","FWB_0521_2022","U3","lotic",14.8252778,-61.0430556,0.393671890497917,0.0167146406271296,0.33077412507037,0.0319830174516795,2,2.5,1,13,"lotic",14.8252778,-61.0430556,2.04057076729084,4.53079340906058,5.79983427454387,1068.979602,386.486485963771,233,152,3295,1.85536005063765,3,0,2.03901139745956,0,5.04320580254903,"large",0.375513552237573,-0.923719261082663,"high_prod","Hot and mesic","Hot and moist",0,"ok",0.040729018521411,0.0881664720074685,0.0629865570122189
"FWB_0522","FWB_0522_2022","U4","lotic",14.7294444,-61.1411111,0.333811375235876,0.0139454920783678,0.34883337880451,0.024070008692397,2,3.5,2,13,"lotic",14.7294444,-61.1411111,0.849723487602042,5.11906429787527,5.79983427454387,1068.979602,372.262984897187,225,148,3561,-0.0576291128366364,3,0,0.849727762924241,0,4.10171748199389,"small",-0.437763183672164,-0.144732184947932,"high_prod","Hot and mesic","Hot and moist",0,"ok",0.0401012701375822,0.064547573176971,0.0527509329354187
"FWB_0524","FWB_0524_2015","arroyonegro","lotic",16.8675667,-93.87005,0.036781133458363,0.0301795684321714,0.00968278571428572,0.0345666666666667,8,3.875,1,18,"lotic",16.8675667,-93.87005,2.52099746993235,4.63122557485431,5.58940480901499,588.975964,16.1133082705342,243,54,1276,-2.5133061243097,15,0,3.88629506206779,0,0.478721765615428,"large",0.703615960692728,-0.790727197954795,"high_prod","Extremely hot and moist","Hot and moist",0,"ok",0.450705676316061,0.781177275801638,0.582197152076413
"FWB_0525","FWB_0525_2015","centla","lentic",18.3911833,-92.6111,0.0405499170062547,0.0216811465062746,0.0281953646441742,0.0173428571428572,12,3.5,1,18,"lentic",18.3911833,-92.6111,2.57261223020711,-2.1272016716312,5.18526871554777,798.8369874,8.69543151552079,261,58,1771,0.365337317017385,44,0,1.33710674297609,0,3.44909857938941,"large",0.957039098186562,-0.0696009440388026,"high_prod","Extremely hot and moist","Hot and moist",0,"ok",0.348397492868002,0.380841773400036,0.362106917018692
"FWB_0526","FWB_0526_2015","chancala","lotic",17.3753167,-91.7968,0.0660174603174603,0.027082304526749,0.0470265920159386,0.0343480974517906,7,3.57142857142857,1,18,"lotic",17.3753167,-91.7968,1.38253731224218,5.74062988231416,5.98088646570816,904.4597843,55.0059447713983,257,66,2450,-1.13943428318836,72,0,2.68560075406707,0,3.32438868892042,"large",-0.0738835363473182,0.678343657243798,"high_prod","Extremely hot and moist","Hot and moist",0,"ok",0.290895520220355,0.42209804641297,0.352088231029568
"FWB_0527","FWB_0527_2017","CHIAPASBENEMERITO river","lotic",16.552306,-90.647545,0.0703256432013012,0.0170979800992695,0.0616391964059348,0.0239360921182771,16,2.625,1,18,"lotic",16.552306,-90.647545,4.49064558585994,5.94972177244428,4.8671723379777,1951.327206,5.79920391583972,252,132,1968,-1.89047544216721,3,0,9.44786545236223,16,2.22202666902839,"large",2.04876660925529,0.955222699251352,"low_prod","Extremely hot and moist","Hot and moist",0,"ok",0.195576200731066,0.27970799200408,0.237192660836542
"FWB_0528","FWB_0528_2017","CHIAPASCATAZAJA lagoon","lentic",17.776863,-92.030542,0.0339278765184547,0.0171321352711481,0.0265525973501701,0.0111607368910995,22,7.18181818181818,1,18,"lentic",17.776863,-92.030542,3.74903337693368,-1.22808781107815,5.45567808838738,1306.175423,10.9412637155281,269,112,2242,1.92949036491633,32,0,5.09528282941228,0,4.14676321482317,"large",1.43423850029267,0.264451934550762,"high_prod","Extremely hot and moist","Hot and moist",0,"ok",0.335529402964938,0.295936095697589,0.318709088113096
"FWB_0529","FWB_0529_2017","CHIAPASFRONTERA COROZAL river","lotic",16.863074,-90.96074,0.0289562389432082,0.00473476418507592,0.0355935888507848,0.0428072465067049,25,4.04,1,18,"lotic",16.863074,-90.96074,5.2612124135948,5.67756607493158,5.92410307586014,2760.158312,38.0499999800821,256,101,2135,-1.98050159382493,2,0,10.1041248069391,8,2.02998997132955,"large",2.57501719163416,0.59483469588441,"high_prod","Extremely hot and moist","Hot and moist",0,"ok",0.140534972112511,0.54600497955811,0.4241344538016
"FWB_0530","FWB_0530_2017","CHIAPASLACANTUN river","lotic",16.254869,-90.862443,0.0542930609208978,0.00740413682760648,0.0106108710395924,0.010748427100739,27,4.51851851851852,1,18,"lotic",16.254869,-90.862443,3.34127043308181,7.07017215337775,4.8671723379777,1951.327206,41.312919498662,256,112,2562,-5.52146091786225,9,0,8.87043432798066,0,0.060163338971272,"large",1.26381283010114,2.43892074175701,"low_prod","Extremely hot and moist","Hot and moist",0,"ok",0.120007668059543,0.503220051057924,0.218556823690722
"FWB_0531","FWB_0531_2015","laventa","lotic",16.7606667,-93.5263,0.057751912818168,0.0255390946502058,0.0547489101962112,0.0257914439222762,9,3.44444444444444,1,18,"lotic",16.7606667,-93.5263,2.46172331433234,6.17310284322824,5.58940480901499,588.975964,30.9519765133712,238,63,826,-1.20731170559145,12,0,6.33705227185584,0,2.87198203198456,"large",0.663135294017502,1.25102344428645,"high_prod","Extremely hot and moist","Hot and moist",0,"ok",0.306624873758469,0.320230078506148,0.313313263561368
"FWB_0532","FWB_0532_2015","miranda","lotic",16.1686333,-90.8933333,0.0663631400423993,0.0167993827160494,0.0603055040197897,0.0268088099437305,11,3,1,18,"lotic",16.1686333,-90.8933333,4.44074355563267,5.96978331137398,4.8671723379777,1951.327206,51.1718220563704,257,71,2858,-2.79688141480883,12,0,8.80823969930253,0,1.43936345284562,"large",2.01468653790549,0.981788146991086,"low_prod","Extremely hot and moist","Hot and moist",0,"ok",0.202006651058967,0.307742880865215,0.256101731153158
"FWB_0533","FWB_0533_2019","Site1Mexico","lotic",17.42311,-91.49175,0.0528006725169629,0.0271746922444868,0.0374162421203645,0.0210765342384262,13,3.38461538461538,1,18,"lotic",17.42311,-91.49175,4.93460342114963,6.04728066859227,5.92410307586014,2760.158312,50.1348991410017,261,165,2284,-0.770028224895903,66,0,10.2697018967195,7,3.36110463506488,"large",2.35196298491507,1.0844099847456,"high_prod","Extremely hot and moist","Hot and moist",0,"ok",0.339788287625113,0.360327130125336,0.34846446332383
"FWB_0534","FWB_0534_2019","Site2Mexico","lotic",17.74469,-91.77311,0.0224005938988063,0.0105677877084079,0.0387660374840047,0.0216171079900864,16,3.4375,1,18,"lotic",17.74469,-91.77311,5.00485193600719,6.04412941199419,5.45567808838738,1306.175423,24.284047350498,267,316,2057,2.7923300731488,11,46,10.5332212058488,7,7.2457370970403,"large",2.39993847584518,1.08023709737319,"high_prod","Extremely hot and moist","Hot and moist",0,"ok",0.320543114136225,0.357999037982573,0.344770960955599
"FWB_0535","FWB_0535_2019","Site3Mexico","lotic",18.09524,-92.07406,0.0306161922649643,0.0201216113150472,0.0240271116544783,0.0327344997433431,21,3.14285714285714,1,18,"lotic",18.09524,-92.07406,5.30880220799031,5.76015762750465,5.45567808838738,1306.175423,31.6925787543598,268,68,1936,-2.40794560865187,63,0,10.6052953715147,6,1.69653445246392,"large",2.6075181456261,0.704202256434544,"high_prod","Extremely hot and moist","Hot and moist",0,"ok",0.396580259595121,0.576701382099936,0.491687429827312
"FWB_0536","FWB_0536_2019","Site4Mexico","lotic",18.39681,-92.63533,0.0352082010824625,0.00852892658778404,0.041592202270032,0.0153357148092796,22,3.18181818181818,1,18,"lotic",18.39681,-92.63533,1.08856195281461,6.52327273652272,5.18526871554777,798.8369874,8.05284738874575,260,124,1763,-3.35240721749272,22,0,4.09117303825257,0,1.93586125620221,"small",-0.274650943579944,1.7147176819488,"low_prod","Extremely hot and moist","Hot and moist",0,"ok",0.195004268503578,0.269388300083313,0.237069793754483
"FWB_0537","FWB_0537_2017","TABASCOEL COMETA channel","lotic",18.48077,-92.447209,0.0505415197899147,0.0123272737031206,0.0563631936768008,0.0260506244926567,15,3.6,1,18,"lotic",18.48077,-92.447209,-0.221894331913778,5.61800816252593,5.18526871554777,798.8369874,19.659172648731,262,54,1586,-6.90775527898214,31,0,-0.2218818475972,0,-2.48879419651519,"small",-1.16961340264087,0.515968233294273,"low_prod","Extremely hot and moist","Hot and moist",0,"ok",0.196079374491037,0.316095347494907,0.264160299409631
"FWB_0538","FWB_0538_2017","TABASCOEL COMETA lagoon","lentic",18.468174,-92.45386,0.0579524994666667,0.120134864,0.108362818870614,0.0267362553704003,6,2.33333333333333,1,18,"lentic",18.468174,-92.45386,-0.579818495252942,-1.78583470243179,5.18526871554777,798.8369874,18.8301496778681,261,53,1604,-5.80914299031403,29,0,-1.20061179219376,0,-2.93727470398242,NA,-0.321701990033677,0.0572290646169598,"high_prod","Extremely hot and moist","Hot and moist",0,"ok",0.674583876483107,0.197901099771441,0.468957469695688
"FWB_0540","FWB_0540_2016","TABASCOEL VIENTO channel","lotic",18.253329,-92.666011,0.108834656130152,0.0010478510333129,0.0614575037655924,0.0246029746818682,10,1.5,1,18,"lotic",18.253329,-92.666011,4.98364771675433,5.82822204553063,4.27083547127832,470.6126403,10.2265255013927,263,112,1881,-0.565633860260986,74,0,10.1129156763119,579,3.61539463391455,"large",2.38545727534567,0.794333015911187,"low_prod","Extremely hot and moist","Hot and moist",0,"ok",0.00953610415672523,0.285880059299091,0.130909640042511
"FWB_0541","FWB_0541_2016","TABASCOEL VIENTO lagoon","lentic",18.237498,-92.643252,0.0307996029722435,0.0133624710776058,0.0250701750684406,0.0119095306875148,36,3.91666666666667,1,18,"lentic",18.237498,-92.643252,2.8130106367387,5.03475196581303,4.27083547127832,470.6126403,13.3657960688127,264,92,1889,0.233489843368354,50,0,10.1085730343359,580,3.4526826409566,"large",1.05455347574033,2.59132036290403,"low_prod","Extremely hot and moist","Hot and moist",0,"ok",0.302577978165666,0.322055853178247,0.311454861177604
"FWB_0542","FWB_0542_2016","TABASCOEL VIENTO river","lotic",18.248154,-92.669471,0.208760485018049,0.000266656651610712,0.219095513935633,0.0340930530066174,4,1.25,1,18,"lotic",18.248154,-92.669471,4.98364771675433,5.82822204553063,4.27083547127832,470.6126403,10.277597125704,263,112,1881,-0.565633860260986,74,0,10.1129156763119,579,3.61539463391455,"large",2.38545727534567,0.794333015911187,"low_prod","Extremely hot and moist","Hot and moist",0,"ok",0.00127570347793459,0.134654788793815,0.0743369578706325
"FWB_0543","FWB_0543_2017","TABASCOGUANAL channel","lotic",18.297088,-92.443481,0.0589613921110672,0.0320614034439153,0.044569928207262,0.0176009071260054,18,2.72222222222222,1,18,"lotic",18.297088,-92.443481,0.76220671649144,6.31543004645889,5.18526871554777,798.8369874,28.0098181769833,263,68,1805,-6.90775527898214,24,0,3.19544382736864,0,-1.93787253737285,"small",-0.497531850200747,1.43949282804684,"low_prod","Extremely hot and moist","Hot and moist",0,"ok",0.352234879718109,0.283105527401321,0.324179995486548
"FWB_0544","FWB_0544_2016","TABASCOGUANAL lagoon","lentic",18.291281,-92.447487,0.0512063004034517,0.0167980482249153,0.026535421067634,0.0553845707117227,26,4.42307692307692,1,18,"lentic",18.291281,-92.447487,-0.0304592074847086,1.68160221944009,5.18526871554777,798.8369874,28.1801663735163,263,55,1811,-2.7646205525906,24,0,3.17755412218128,0,1.81189047397501,"large",-0.0988617899965682,1.34550559542981,"high_prod","Extremely hot and moist","Hot and moist",0,"ok",0.247014324285554,0.676081253290351,0.481460306847676
"FWB_0545","FWB_0545_2016","TABASCOGUANAL river","lotic",18.30456,-92.440266,0.200836769866926,0.11214760257677,0.223030870421396,0.136549021963935,2,3,1,18,"lotic",18.30456,-92.440266,4.56862030299051,6.51448897413288,5.18526871554777,798.8369874,27.6649964024054,263,86,1787,-2.63108915996608,26,0,10.6654328491861,6,2.33020123278919,"large",2.10201862948748,1.70308624223009,"low_prod","Extremely hot and moist","Hot and moist",0,"ok",0.358316939919882,0.379745989293549,0.3697737711413
"FWB_0546","FWB_0546_2017","TABASCOSAN PEDRITO channel","lotic",18.366164,-92.606525,0.0506433496618081,0.0320102729720912,0.0472987925415747,0.0413033133380896,21,3.19047619047619,1,18,"lotic",18.366164,-92.606525,0.650239679548669,5.42290529784584,5.18526871554777,798.8369874,11.673710946993,261,58,1786,-1.64506509007725,38,0,0.650244898741729,0,3.3145499384406,"small",-0.573998570902413,0.257613429423415,"low_prod","Extremely hot and moist","Hot and moist",0,"ok",0.387282153546681,0.46616627142233,0.42809421294409
"FWB_0547","FWB_0547_2017","TABASCOSAN PEDRITO lagoon","lentic",18.370737,-92.595814,0.0901734318470921,0.00190238052489214,0.0318154527959869,0.109471018976698,10,1.8,1,18,"lentic",18.370737,-92.595814,2.57261223020711,-2.1272016716312,5.18526871554777,798.8369874,11.4009402016185,261,58,1771,0.365337317017385,44,0,1.33710674297609,0,3.44909857938941,"large",0.957039098186562,-0.0696009440388026,"high_prod","Extremely hot and moist","Hot and moist",0,"ok",0.0206610235183868,0.774816000450669,0.47725535387949
"FWB_0549","FWB_0549_2017","TABASCOSAN PEDRO river","lotic",17.483247,-92.141278,0.0322768797594357,0.0152811271848827,0.0282589825730571,0.0356601055888859,17,4.76470588235294,1,18,"lotic",17.483247,-92.141278,1.62037785247243,5.01677709231458,5.98088646570816,904.4597843,15.1637424508602,253,54,2769,-0.70117935225721,79,0,1.62037983070984,0,3.13510326995451,"large",0.0885471812809066,-0.280180687841328,"high_prod","Extremely hot and moist","Hot and moist",0,"ok",0.321315550560689,0.557894466493934,0.456965915062738
"FWB_0550","FWB_0550_2017","TABASCOTENOSIQUE river","lotic",17.422215,-92.491749,0.0113947734128563,0.0052991842830368,0.023799171667432,0.0175204016285002,30,4.73333333333333,1,13,"lotic",17.422215,-92.491749,1.56903249779906,5.0189867696173,5.98088646570816,904.4597843,24.9344279595568,215,70,2947,0.238229188732251,100,0,1.56903458026253,0,4.05524001565455,"large",0.0534814065462981,-0.27725463779538,"high_prod","Hot and mesic","Hot and moist",0,"ok",0.317431275409333,0.42402184318358,0.393349370765805
"FWB_0552","FWB_0552_2014","Kavango","lotic",-18.193333,21.751944,0.020332325737654,0.00836708479948464,0.0267089720774627,0.0105948262808186,44,7.86363636363636,1,13,"lotic",-18.193333,21.751944,4.27315997968677,5.62056428078128,4.16888639161521,471.8458678,24.7032239449179,219,55,559,-3.77226106305299,0,0,10.3043781471604,5,-0.891573729337318,"large",1.90023708165533,0.519353039722489,"low_prod","Hot and mesic","Hot and moist",0,"ok",0.291542043647801,0.28401467805132,0.287287715213177
"FWB_0553","FWB_0553_2013","Kwando","lotic",-18.0516667,23.3347222,0.0257921228775627,0.00793889124959517,0.017256243342116,0.0154416215573482,43,6.41860465116279,1,13,"lotic",-18.0516667,23.3347222,-0.0366639843715915,4.92580526601243,5.73849680378323,1052.91408,58.2490243954473,219,52,571,-0.352398387171472,1,0,-0.0366536109814119,0,3.27336438894008,"small",-1.04311226768433,-0.400645389272558,"high_prod","Hot and mesic","Hot and moist",0,"ok",0.235358807169789,0.472251677741846,0.351963079153773
"FWB_0554","FWB_0554_2011","Liambezi","lentic",-17.910002,24.37232,0.018277153128176,0.0131084680829195,0.0178434668664503,0.0147695410427834,32,10.5,1,13,"lentic",-17.910002,24.37232,-1.89711998488588,-1.00327483650841,6.31419697444577,1619.618636,21.986219094641,223,79,604,0.185649346886629,2,0,-0.489374029965282,0,3.52744846200937,"small",-0.856047606818498,0.347977975683206,"high_prod","Hot and mesic","Hot and moist",0,"ok",0.41765839187167,0.452872702937704,0.435603223207908
"FWB_0555","FWB_0555_2013","Zambezi","lotic",-17.5413889,24.5227778,0.0390058692739176,0.0146973419356393,0.0210536440187646,0.017017528199686,51,5.35294117647059,1,13,"lotic",-17.5413889,24.5227778,-0.0943106794712413,5.19775604845066,6.31419697444577,1619.618636,60.9557083560606,217,32,667,-1.30933331998376,0,0,0.85186313791727,0,2.92632913934937,"small",-1.08248147717598,-0.04052873401709,"high_prod","Hot and mesic","Hot and moist",0,"ok",0.273677152717896,0.446992493481426,0.345574319877661
"FWB_0557","FWB_0557_2005","acheron","lotic",-43.32775,171.675667,0.0106678449690695,0.0687939233261794,0.0532882228599095,0.0532185496156163,2,6,6,5,"lotic",-43.32775,171.675667,0.282166891763671,5.18773977045908,5.83963668802594,848.4202291,45.9009717488206,67,53,1892,-5.80914299031403,0,0,0.282174433213364,0,-1.57498817770487,"small",-0.825370044417645,-0.0537922683084716,"high_prod","Cold and wet","Cold and wet/mesic",0,"ok",0.865748709122203,0.499672916366379,0.656092005863447
"FWB_0559","FWB_0559_2015","ahay2","lotic",-43.6203519,172.5441714,0.177709370755998,NA,0.202344695802961,NA,4,1,1,11,"lotic",-43.6203519,172.5441714,0.90946750652603,5.53753201424578,5.83963668802594,848.4202291,93.9675072663174,118,291,628,0.658038003446377,10,9,2.75696797617664,0,5.16158090030087,"small",-0.396961628737826,0.409401886668406,"high_prod","Warm temperate and mesic","Warm temperate",0,"ok",NA,NA,NA
"FWB_0560","FWB_0560_2015","amcd2","lotic",-43.7205743,171.5912963,0.5,NA,0.5,NA,2,1,1,10,"lotic",-43.7205743,171.5912963,3.53974119111021,3.80995858197082,6.37452705235083,2056.046475,17.6329249904077,103,137,925,-1.95899538860397,10,0,4.69205414652726,0,0.944687694392698,"large",1.39935636537718,-1.87824722601759,"high_prod","Cool temperate and moist","Cool and moist",0,"ok",NA,NA,NA
"FWB_0561","FWB_0561_2010","Andrews1","lotic",-43.0045741,171.7879795,0.136959825154954,0.0306600422682792,0.0850716382888276,0.0632453705365926,4,2.5,1,10,"lotic",-43.0045741,171.7879795,1.27592130363852,4.88672895311044,5.83963668802594,848.4202291,32.6305853276677,81,33,2645,-6.90775527898214,0,0,2.05078611876828,0,-3.29656713258407,"small",-0.146695828025531,-0.452390160792671,"high_prod","Cool temperate and moist","Cool and moist",0,"ok",0.182914130285426,0.426420213281384,0.297228401824689
"FWB_0562","FWB_0562_2010","Andrews2","lotic",-43.0039275,171.7887182,0.112338107638889,0.0157074652777777,0.0408447512287016,0.0574065632579115,5,2.2,1,10,"lotic",-43.0039275,171.7887182,1.27592130363852,4.88672895311044,5.83963668802594,848.4202291,32.6355655789001,81,33,2645,-6.90775527898214,0,0,2.05078611876828,0,-3.29656713258407,"small",-0.146695828025531,-0.452390160792671,"high_prod","Cool temperate and moist","Cool and moist",0,"ok",0.122670896931363,0.584282903062159,0.323088971194703
"FWB_0563","FWB_0563_2010","Andrews3","lotic",-43.0029885,171.7888015,0.10295901816609,0.0402816224529028,0.0537026788448476,0.0983188505741598,4,2.5,1,10,"lotic",-43.0029885,171.7888015,1.27592130363852,4.88672895311044,5.83963668802594,848.4202291,32.7249298932901,81,33,2645,-6.90775527898214,0,0,2.05078611876828,0,-3.29656713258407,"small",-0.146695828025531,-0.452390160792671,"high_prod","Cool temperate and moist","Cool and moist",0,"ok",0.281216436053566,0.646742937989853,0.469414937271594
"FWB_0564","FWB_0564_2010","Andrews4","lotic",-43.0011808,171.7887045,0.120992982846959,0.0580655491200712,0.0278189707330432,0.112690419496039,5,1.8,1,10,"lotic",-43.0011808,171.7887045,1.27592130363852,4.88672895311044,5.83963668802594,848.4202291,32.9190676920687,81,33,2645,-6.90775527898214,0,0,2.05078611876828,0,-3.29656713258407,"small",-0.146695828025531,-0.452390160792671,"high_prod","Cool temperate and moist","Cool and moist",0,"ok",0.324282504062765,0.802013440612845,0.534333882583248
"FWB_0566","FWB_0566_2015","apye2","lotic",-44.1169968,171.5941227,0.5,NA,0.5,NA,2,1,1,11,"lotic",-44.1169968,171.5941227,0.253090627682162,4.94838934035971,6.37452705235083,2056.046475,50.4516351558754,115,162,644,-3.10109278921182,7,0,0.253098391627178,0,1.14899166556026,"small",-0.845227375872304,-0.370739605427908,"high_prod","Warm temperate and mesic","Warm temperate",0,"ok",NA,NA,NA
"FWB_0567","FWB_0567_2015","asil1","lotic",-43.6620676,172.3722181,0.5,NA,0.5,NA,2,1,1,11,"lotic",-43.6620676,172.3722181,0.553885113226438,4.66439935613443,5.83963668802594,848.4202291,88.7254280109265,116,213,639,-1.99510039324608,14,0,0.55389086033636,0,2.24251762843668,"small",-0.639802917542916,-0.746798546418412,"high_prod","Warm temperate and mesic","Warm temperate",0,"ok",NA,NA,NA
"FWB_0568","FWB_0568_2015","asil2","lotic",-43.6669274,172.3777106,0.196335588017127,0.0265310918691842,0.24838976873787,3.43370123443528e-05,3,1.33333333333333,1,11,"lotic",-43.6669274,172.3777106,0.553885113226438,4.66439935613443,5.83963668802594,848.4202291,89.6708587741687,116,213,639,-1.99510039324608,14,0,0.55389086033636,0,2.24251762843668,"small",-0.639802917542916,-0.746798546418412,"high_prod","Warm temperate and mesic","Warm temperate",0,"ok",0.119044676766928,0.000138219325538714,0.0563673844071645
"FWB_0569","FWB_0569_2015","ayea1","lotic",-44.1434395,171.5581045,0.5,NA,0.5,NA,2,1,1,11,"lotic",-44.1434395,171.5581045,1.7448425494403,4.54468069910111,6.37452705235083,2056.046475,53.6282108638822,115,151,646,-2.99573227355399,9,0,3.4517957513121,0,1.10922576592772,"large",0.173549048617309,-0.905329740761677,"high_prod","Warm temperate and mesic","Warm temperate",0,"ok",NA,NA,NA
"FWB_0570","FWB_0570_2015","ayea2","lotic",-44.1482668,171.566961,0.5,NA,0.5,NA,2,1,1,11,"lotic",-44.1482668,171.566961,1.7448425494403,4.54468069910111,6.37452705235083,2056.046475,54.5350415597416,115,151,646,-2.99573227355399,9,0,3.4517957513121,0,1.10922576592772,"large",0.173549048617309,-0.905329740761677,"high_prod","Warm temperate and mesic","Warm temperate",0,"ok",NA,NA,NA
"FWB_0571","FWB_0571_2022","bittern","lotic",-42.810011,170.889218,0.0739860539551898,0.08059670781893,0.0362758409655786,0.0484594143961884,4,4.5,3,10,"lotic",-42.810011,170.889218,0.783444818540726,5.05378268910386,5.83963668802594,848.4202291,134.510539736358,120,118,3223,-3.32423634052603,0,0,0.783449386826317,0,1.4658007711654,"small",-0.483027509798613,-0.231177954251049,"high_prod","Cool temperate and moist","Cool and moist",0,"ok",0.521382247890615,0.571891996894289,0.539266218898343
"FWB_0572","FWB_0572_2022","boggy","lotic",-43.766727,172.369426,0.0394166050295858,0.0497525711468019,0.0210011808734421,0.0635438854361189,4,5.5,4,11,"lotic",-43.766727,172.369426,0.976821231614187,4.4816773027043,6.37452705235083,2056.046475,99.2414335292317,117,168,637,-1.40242374304977,16,0,0.976824996667341,0,2.37722956406363,"small",-0.350963104304555,-0.988758706020518,"high_prod","Warm temperate and mesic","Warm temperate",0,"ok",0.557957057362346,0.751597795233296,0.652200159074954
"FWB_0573","FWB_0573_2017","BOY","lotic",-42.450984,172.40403,0.139008275702727,0.0573200470501361,0.068492348572309,0.0684175498811412,3,5.33333333333333,1,10,"lotic",-42.450984,172.40403,1.22934811065716,5.21135566960584,5.84968846999958,455.1586379,42.3582637891446,71,56,1887,-6.90775527898214,0,0,2.25507515898016,0,-4.70942020736189,"small",-0.178502504679039,-0.0225201442302339,"high_prod","Cool temperate and moist","Cool and moist",0,"ok",0.291960152495624,0.499726832420399,0.377320454046689
"FWB_0574","FWB_0574_2005","bradleymid","lotic",-43.190236,171.713494,0.144459556537978,0.0151471480132038,0.142766856278097,0.0405396268476717,3,5,2,10,"lotic",-43.190236,171.713494,0.167207918983906,5.48534026410964,5.83963668802594,848.4202291,33.1823129524874,81,77,1877,-6.21460809842219,0,0,1.20327556130851,0,-1.62958960064495,"small",-0.903880076510338,0.340289680693316,"high_prod","Cool temperate and moist","Cool and moist",0,"ok",0.0949029557110272,0.221157627141081,0.16239321455708
"FWB_0575","FWB_0575_2005","bradleyupper","lotic",-43.190667,171.707886,0.032938888888889,0.114828888888889,0.0276972496144794,0.118337213903092,2,4.5,3,10,"lotic",-43.190667,171.707886,0.167207918983906,5.48534026410964,5.83963668802594,848.4202291,33.8074824896329,81,77,1877,-6.21460809842219,0,0,1.20327556130851,0,-1.62958960064495,"small",-0.903880076510338,0.340289680693316,"high_prod","Cool temperate and moist","Cool and moist",0,"ok",0.777090179034671,0.810337580956384,0.79361580689096
"FWB_0576","FWB_0576_2016","BRM","lotic",-42.928908,171.560303,0.19170432,0.0525056533333333,0.0634715216378615,0.0836735393643887,2,3,2,10,"lentic",-42.928908,171.560303,-1.71479842809193,-2.06941200604266,5.83963668802594,848.4202291,59.7624951513811,91,105,2279,-6.21460809842219,0,0,-1.46097480479648,0,-3.54011468084882,"small",-0.782091321575565,-0.0481300214009206,"high_prod","Cool temperate and moist","Cool and moist",0,"ok",0.21500208454495,0.568646604884068,0.347968419338001
"FWB_0577","FWB_0577_2016","BRO","lotic",-43.193423,171.728859,0.0274022500435186,0.183942607678182,0.0174618294210878,0.164058393179689,2,3,3,10,"lentic",-43.193423,171.728859,-0.261364764134408,-1.07112840306696,5.83963668802594,848.4202291,31.6101163757854,88,63,1962,-5.52146091786225,0,0,1.97032537126015,0,-2.32268576470105,"large",-0.192525520781087,0.322767954766043,"high_prod","Cool temperate and moist","Cool and moist",0,"ok",0.870343426668077,0.9038022917177,0.885802832290973
"FWB_0578","FWB_0578_2009","Broad5","lotic",-43.0375349,171.6498202,0.0672222222222222,0.143541666666667,0.0849468822505412,0.0935010478329757,2,3,3,5,"lotic",-43.0375349,171.6498202,0.0158733491562902,5.5820365973359,5.83963668802594,848.4202291,43.0508223560826,69,57,2827,-6.21460809842219,0,0,0.660629154130301,0,-2.21631565784187,"small",-1.00723244341659,0.468334762177201,"high_prod","Cold and wet","Cold and wet/mesic",0,"ok",0.681054365733114,0.52396823986255,0.609032673071133
"FWB_0579","FWB_0579_2005","broken","lotic",-43.19575,171.733056,0.0137526066800024,0.0302899549837363,0.0373569260220428,0.0597790663446752,3,5.66666666666667,3,10,"lotic",-43.19575,171.733056,-0.884307686021104,7.06648067153152,5.83963668802594,848.4202291,31.2358597037637,86,110,1689,-6.90775527898214,0,0,2.22613700027738,0,-1.82009721725981,"small",-1.62200169763048,2.43403248924498,"high_prod","Cool temperate and moist","Cool and moist",0,"ok",0.687742806946553,0.615416231287276,0.63797948595635
"FWB_0581","FWB_0581_2005","cass","lotic",-43.026583,171.7485,0.0554220325925926,0.0920156444444444,0.114855013914967,0.0542325196915483,4,4.5,1,10,"lotic",-43.026583,171.7485,0.79253992443798,5.51997270421883,5.83963668802594,848.4202291,34.0906803908268,90,113,2522,-6.21460809842219,0,0,2.21974790105056,0,-2.22553146355175,"small",-0.47681610203623,0.386149885189285,"high_prod","Cool temperate and moist","Cool and moist",0,"ok",0.624098577064055,0.320736357878122,0.462042703766452
"FWB_0582","FWB_0582_2016","CLS","lotic",-43.026794,171.68925,0.153437967128347,0.00186371191135734,0.164178844973515,0.00134190888954044,5,1.2,1,10,"lentic",-43.026794,171.68925,-1.71479842809193,-2.06941200604266,5.83963668802594,848.4202291,39.7793041452449,91,105,2279,-6.21460809842219,0,0,-1.46097480479648,0,-3.54011468084882,"small",-0.782091321575565,-0.0481300214009206,"high_prod","Cool temperate and moist","Cool and moist",0,"ok",0.0120005908685692,0.00810719416279775,0.00999188483141201
"FWB_0583","FWB_0583_2005","coach_upper","lotic",-43.307306,171.758,0.0504811977755924,0.115752290254128,0.00218049127803487,0.171922837308651,2,4.5,3,10,"lotic",-43.307306,171.758,0.00598207167754747,5.2473421965562,5.83963668802594,848.4202291,36.8094373947347,69,72,1806,-6.21460809842219,0,0,0.00599201198599539,0,-1.7259155504928,"small",-1.01398758826102,0.0251331392184763,"high_prod","Cool temperate and moist","Cool and moist",0,"ok",0.696323536407014,0.987475878285985,0.8452659645313
"FWB_0584","FWB_0584_2005","coachlow","lotic",-43.307803,171.762617,5.54746309745203e-05,0.110813970303448,0.178719776466006,0.0217523819000178,2,6,5,10,"lotic",-43.307803,171.762617,0.00598207167754747,5.2473421965562,5.83963668802594,848.4202291,36.4766936488034,69,72,1806,-6.21460809842219,0,0,0.00599201198599539,0,-1.7259155504928,"small",-1.01398758826102,0.0251331392184763,"high_prod","Cool temperate and moist","Cool and moist",0,"ok",0.999499640040524,0.10850575001194,0.425790677500747
"FWB_0585","FWB_0585_2010","Coopers3","lotic",-43.2812906,172.0982945,0.0295079630492585,0.0892697568597352,2.65339239506995e-05,0.0740620294431531,2,4.5,4,10,"lotic",-43.2812906,172.0982945,0.306749135169007,5.26129546361275,5.83963668802594,848.4202291,22.8376063117934,98,75,1060,-4.3428059215206,4,0,1.31372635645349,0,0.64763189810682,"small",-0.808581857536743,0.0436100261655851,"high_prod","Cool temperate and moist","Cool and moist",0,"ok",0.751569881355971,0.999641862080397,0.846865421619967
"FWB_0586","FWB_0586_2010","Coopers4","lotic",-43.2794614,172.097846,0.00836058263971462,0.14616447054446,0.00483677747368846,0.138193802963152,2,3.5,3,10,"lotic",-43.2794614,172.097846,0.306749135169007,5.26129546361275,5.83963668802594,848.4202291,22.5655611205399,98,75,1060,-4.3428059215206,4,0,1.31372635645349,0,0.64763189810682,"small",-0.808581857536743,0.0436100261655851,"high_prod","Cool temperate and moist","Cool and moist",0,"ok",0.945894969990725,0.966183612910497,0.955647419768862
"FWB_0587","FWB_0587_2005","coralynn","lotic",-43.022389,171.698278,0.068244680078569,0.0542192895032077,0.0013781276575625,0.0692111083454434,3,4.33333333333333,2,5,"lotic",-43.022389,171.698278,0.851858871714766,6.92078451174651,5.83963668802594,848.4202291,39.2143003211792,71,81,2755,-6.90775527898214,0,0,4.73173243796774,0,-2.25369969526424,"small",-0.436304845352272,2.24110194028706,"high_prod","Cold and wet","Cold and wet/mesic",0,"ok",0.442736665227908,0.980476801625905,0.639359483696553
"FWB_0588","FWB_0588_2016","CR","lotic",-42.973765,171.604453,0.164507183983036,0.0134100497342685,0.169934295186469,0.112319230117783,4,1.5,1,10,"lentic",-42.973765,171.604453,-1.71479842809193,-2.06941200604266,5.83963668802594,848.4202291,51.9596824162497,91,105,2279,-6.21460809842219,0,0,-1.46097480479648,0,-3.54011468084882,"small",-0.782091321575565,-0.0481300214009206,"high_prod","Cool temperate and moist","Cool and moist",0,"ok",0.0753724046517937,0.397937386244191,0.273223096833411
"FWB_0589","FWB_0589_2010","Craigieburn1","lotic",-43.1263889,171.7777778,0.34124218813408,0.0117005519032546,0.0582091298505714,0.069346140058978,2,4,3,5,"lotic",-43.1263889,171.7777778,1.51446767484287,4.671103145374,5.83963668802594,848.4202291,25.598076650942,63,52,2389,-5.80914299031403,0,0,1.51446987409271,0,-2.32268576470105,"large",0.0162169295086566,-0.73792140277923,"high_prod","Cold and wet","Cold and wet/mesic",0,"ok",0.0331514168616045,0.543655625582165,0.168672273941763
"FWB_0590","FWB_0590_2010","Craigieburn2","lotic",-43.126402,171.7780211,0.108249398629303,0.0422860987138007,0.0362154587985004,0.0607374735919015,3,3.66666666666667,3,5,"lotic",-43.126402,171.7780211,1.51446767484287,4.671103145374,5.83963668802594,848.4202291,25.5709592486936,63,52,2389,-5.80914299031403,0,0,1.51446987409271,0,-2.32268576470105,"large",0.0162169295086566,-0.73792140277923,"high_prod","Cold and wet","Cold and wet/mesic",0,"ok",0.280904500666853,0.626463502386178,0.41627631811571
"FWB_0591","FWB_0591_2010","Craigieburn3","lotic",-43.1268126,171.776893,0.154587490481949,0.0215016964525665,0.0308921507971927,0.112542513557007,3,2.33333333333333,1,5,"lotic",-43.1268126,171.776893,1.51446767484287,4.671103145374,5.83963668802594,848.4202291,25.6876276205326,63,52,2389,-5.80914299031403,0,0,1.51446987409271,0,-2.32268576470105,"large",0.0162169295086566,-0.73792140277923,"high_prod","Cold and wet","Cold and wet/mesic",0,"ok",0.122106852935624,0.784625627728963,0.419512375896014
"FWB_0592","FWB_0592_2010","Craigieburn4","lotic",-43.1276243,171.774699,0.00832466181061393,0.251194546497059,0.121448414792394,0.250001151657967,2,2,2,5,"lotic",-43.1276243,171.774699,1.51446767484287,4.671103145374,5.83963668802594,848.4202291,25.9149651349045,63,52,2389,-5.80914299031403,0,0,1.51446987409271,0,-2.32268576470105,"large",0.0162169295086566,-0.73792140277923,"high_prod","Cold and wet","Cold and wet/mesic",0,"ok",0.967922752751524,0.673041979957126,0.794327260247111
"FWB_0593","FWB_0593_2010","Craigieburn5","lotic",-43.1284572,171.7706082,0.0605039305964335,0.060522077706602,0.0049057736073667,0.128389902314345,2,4.5,4,5,"lotic",-43.1284572,171.7706082,1.51446767484287,4.671103145374,5.83963668802594,848.4202291,26.3526379453729,63,52,2389,-5.80914299031403,0,0,1.51446987409271,0,-2.32268576470105,"large",0.0162169295086566,-0.73792140277923,"high_prod","Cold and wet","Cold and wet/mesic",0,"ok",0.500074971943729,0.963196303455125,0.742807207324103
"FWB_0594","FWB_0594_2016","CSFH","lotic",-43.026794,171.68925,0.197194926379302,0.0348697899071738,0.211679922262359,0.0603242413768696,3,2,1,10,"lentic",-43.026794,171.68925,-1.71479842809193,-2.06941200604266,5.83963668802594,848.4202291,39.7793041452449,91,105,2279,-6.21460809842219,0,0,-1.46097480479648,0,-3.54011468084882,"small",-0.782091321575565,-0.0481300214009206,"high_prod","Cool temperate and moist","Cool and moist",0,"ok",0.150258903917683,0.221776904330334,0.188851236557342
"FWB_0597","FWB_0597_2016","dch3","lotic",-43.543143,171.954136,0.5,NA,0.5,NA,2,1,1,10,"lotic",-43.543143,171.954136,-0.479650006297541,5.91025900060004,5.83963668802594,848.4202291,60.7875284889893,109,159,804,-3.86323284125871,6,0,1.29582519467894,0,2.20651572507934,"small",-1.34564495353782,0.90296617961114,"high_prod","Cool temperate and moist","Cool and moist",0,"ok",NA,NA,NA
"FWB_0598","FWB_0598_2016","dch4","lotic",-43.549702,171.975833,0.0129145408163266,0.311224489795919,0.46554088827062,0.00120092728052152,2,2,1,10,"lotic",-43.549702,171.975833,-0.0943106794712413,4.92929795067612,5.83963668802594,848.4202291,61.6123656484466,108,145,819,-2.97592964625781,5,0,-0.0942996905206311,0,1.88494770232532,"small",-1.08248147717598,-0.396020383572368,"high_prod","Cool temperate and moist","Cool and moist",0,"ok",0.960157402852927,0.00257300126217196,0.395034749661767
"FWB_0601","FWB_0601_2016","dcw1","lotic",-43.424559,171.927123,0.202169393538098,0.0256845657653038,0.0750507643975022,0.234861975592201,3,1.66666666666667,1,10,"lotic",-43.424559,171.927123,1.52605630349505,4.54453314152822,5.83963668802594,848.4202291,43.218549607396,101,128,929,-2.48891467118554,7,0,1.52605847740573,0,0.872551987772499,"large",0.0241312626432753,-0.90552513618996,"high_prod","Cool temperate and moist","Cool and moist",0,"ok",0.11272380714308,0.757832593781089,0.484497351174763
"FWB_0602","FWB_0602_2016","dcw11","lotic",-43.44688,171.94203,0.296568126847622,0.0108841709217952,0.248350520925415,0.0600215746086666,3,1.33333333333333,1,10,"lotic",-43.44688,171.94203,0.10345870836823,5.08273865002658,5.83963668802594,848.4202291,46.2909410409577,102,87,918,-2.88240358824699,4,0,0.103467725460128,0,1.68064353398293,"small",-0.947416935359181,-0.192834531578351,"high_prod","Cool temperate and moist","Cool and moist",0,"ok",0.0354011695497495,0.194640097070758,0.115139553258192
"FWB_0603","FWB_0603_2016","dcw12","lotic",-43.444813,171.946094,0.0582388634464451,0.119682617490382,0.207755300642143,0.0143233717632292,3,2.33333333333333,2,10,"lotic",-43.444813,171.946094,0.10345870836823,5.08273865002658,5.83963668802594,848.4202291,45.9100683934067,102,87,918,-2.88240358824699,4,0,0.103467725460128,0,1.68064353398293,"small",-0.947416935359181,-0.192834531578351,"high_prod","Cool temperate and moist","Cool and moist",0,"ok",0.672670983066269,0.0644968362251552,0.335014844704244
"FWB_0605","FWB_0605_2016","dcw14","lotic",-43.451917,171.974489,0.115569526627219,0.201553254437868,0.248143957279896,0.0438134221207638,2,2,2,10,"lotic",-43.451917,171.974489,1.52605630349505,4.54453314152822,5.83963668802594,848.4202291,46.6457355518993,101,128,929,-2.48891467118554,7,0,1.52605847740573,0,0.872551987772499,"large",0.0241312626432753,-0.90552513618996,"high_prod","Cool temperate and moist","Cool and moist",0,"ok",0.635568513119531,0.150067870216898,0.402847921316312
"FWB_0606","FWB_0606_2016","dcw15","lotic",-43.457517,171.97308,0.224389347594921,0.0122365046600362,0.151108100165723,0.0651158611785562,3,2,2,10,"lotic",-43.457517,171.97308,1.6327637377376,4.67445308148991,5.83963668802594,848.4202291,47.5139141687371,106,132,851,-1.79576749062559,13,0,2.38204393794522,0,1.89762135917678,"large",0.0970059925085196,-0.733485424406368,"high_prod","Cool temperate and moist","Cool and moist",0,"ok",0.0517124589026383,0.301150070388714,0.1708124051632
"FWB_0607","FWB_0607_2016","dcw16","lotic",-43.453225,171.96175,0.000959852269104052,0.182263435717575,0.120311793053068,0.191070082005844,2,2.5,1,10,"lotic",-43.453225,171.96175,0.10345870836823,5.08273865002658,5.83963668802594,848.4202291,46.9727118508673,102,87,918,-2.88240358824699,4,0,0.103467725460128,0,1.68064353398293,"small",-0.947416935359181,-0.192834531578351,"high_prod","Cool temperate and moist","Cool and moist",0,"ok",0.994761297651345,0.613619793925688,0.754811202181095
"FWB_0608","FWB_0608_2016","dcw18","lotic",-43.465636,171.97577,0.138237037037037,0.284844444444444,0.200112091303461,0.0559219145776927,3,1.66666666666667,1,10,"lotic",-43.465636,171.97577,1.6327637377376,4.67445308148991,5.83963668802594,848.4202291,48.7340345468159,106,132,851,-1.79576749062559,13,0,2.38204393794522,0,1.89762135917678,"large",0.0970059925085196,-0.733485424406368,"high_prod","Cool temperate and moist","Cool and moist",0,"ok",0.673261432873451,0.218415965430977,0.501779690440448
"FWB_0609","FWB_0609_2016","dcw19","lotic",-43.471539,171.976965,0.0127730951204167,0.143292632361088,1.49075333837253e-05,0.237550518518519,2,3,3,10,"lotic",-43.471539,171.976965,1.6327637377376,4.67445308148991,5.83963668802594,848.4202291,49.6285710896921,106,132,851,-1.79576749062559,13,0,2.38204393794522,0,1.89762135917678,"large",0.0970059925085196,-0.733485424406368,"high_prod","Cool temperate and moist","Cool and moist",0,"ok",0.918155668598473,0.999937248724987,0.967512727234596
"FWB_0610","FWB_0610_2016","dcw2","lotic",-43.419581,171.947222,0.139280005441622,0.09041169268442,0.106032603888321,0.0444132886870351,3,2,1,10,"lotic",-43.419581,171.947222,1.52605630349505,4.54453314152822,5.83963668802594,848.4202291,42.0670629244723,101,128,929,-2.48891467118554,7,0,1.52605847740573,0,0.872551987772499,"large",0.0241312626432753,-0.90552513618996,"high_prod","Cool temperate and moist","Cool and moist",0,"ok",0.393621943770938,0.295211041835449,0.354674161854626
"FWB_0611","FWB_0611_2016","dcw4","lotic",-43.420741,171.974491,0.270569482050834,0.000393047427722973,0.291276023017616,2.73394582549165e-05,3,1.33333333333333,1,10,"lotic",-43.420741,171.974491,1.52605630349505,4.54453314152822,5.83963668802594,848.4202291,41.881261699013,101,128,929,-2.48891467118554,7,0,1.52605847740573,0,0.872551987772499,"large",0.0241312626432753,-0.90552513618996,"high_prod","Cool temperate and moist","Cool and moist",0,"ok",0.00145056007736331,9.38521890806566e-05,0.000747665636477844
"FWB_0612","FWB_0612_2016","dcw5","lotic",-43.426134,171.986225,0.114088199788743,0.0828768673607967,0.170357485990465,0.0931488119452501,3,2.66666666666667,1,10,"lotic",-43.426134,171.986225,1.52605630349505,4.54453314152822,5.83963668802594,848.4202291,42.6181546726392,101,128,929,-2.48891467118554,7,0,1.52605847740573,0,0.872551987772499,"large",0.0241312626432753,-0.90552513618996,"high_prod","Cool temperate and moist","Cool and moist",0,"ok",0.420769370732501,0.353497478712918,0.382272802725651
"FWB_0614","FWB_0614_2016","dcw9","lotic",-43.431281,171.984839,0.035227099527511,0.17812325356907,0.0416177830624917,0.169713634562029,2,2.5,1,10,"lotic",-43.431281,171.984839,1.52605630349505,4.54453314152822,5.83963668802594,848.4202291,43.4141269297627,101,128,929,-2.48891467118554,7,0,1.52605847740573,0,0.872551987772499,"large",0.0241312626432753,-0.90552513618996,"high_prod","Cool temperate and moist","Cool and moist",0,"ok",0.834886143771395,0.803068641992289,0.819053023021164
"FWB_0615","FWB_0615_2022","drain","lotic",-43.775356,172.358484,0.0373041695244627,0.0706125685871056,0.0479802017354868,0.0592066683207021,3,5.33333333333333,5,11,"lotic",-43.775356,172.358484,1.0591782194227,4.68962809979563,6.37452705235083,2056.046475,97.9615862499599,117,180,639,-1.08470938349912,16,0,1.7243742333736,0,2.94627991518237,"small",-0.294718257994984,-0.713390697019662,"high_prod","Warm temperate and mesic","Warm temperate",0,"ok",0.654324526693011,0.552368665020866,0.603519569074652
"FWB_0618","FWB_0618_2005","drylow","lotic",-43.257278,171.712583,0.0797674572279893,0.0526515385565991,0.0511213787644446,0.0661953927237911,4,5,2,5,"lotic",-43.257278,171.712583,-0.3051673867928,5.35651881357522,5.83963668802594,848.4202291,36.6768800212483,59,73,2127,-6.21460809842219,0,0,-0.305153818363821,0,-1.62450079011115,"small",-1.22648386740688,0.169704586303483,"high_prod","Cold and wet","Cold and wet/mesic",0,"ok",0.397613184155615,0.564244923245514,0.475890708720773
"FWB_0619","FWB_0619_2016","DS","lotic",-43.260536,171.721844,0.135345761979969,0.0647007418864553,0.0034562027638954,0.138581574563485,2,3,2,10,"lentic",-43.260536,171.721844,-0.261364764134408,-2.46939041027427,5.83963668802594,848.4202291,35.9978134635644,78,83,1608,-4.60517018598809,0,0,0.711973841559839,0,-1.65542949628509,"large",-0.192525520781087,-0.196736269362714,"high_prod","Cool temperate and moist","Cool and moist",0,"ok",0.32342850605206,0.975667017402495,0.594246294335788
"FWB_0620","FWB_0620_2017","DUCK","lotic",-43.537994,171.183983,0.0160684337472174,0.0626883977892634,0.00986500707699186,0.0567787908923651,6,5.5,1,10,"lotic",-43.537994,171.183983,0.380489122037987,5.38022363691092,6.37452705235083,2056.046475,52.1889194946767,88,124,1156,-6.90775527898214,0,0,1.51907766149317,0,-2.61715886091414,"small",-0.758221902192592,0.201094463606055,"high_prod","Cool temperate and moist","Cool and moist",0,"ok",0.795974096040489,0.851974116458251,0.821641481798619
"FWB_0621","FWB_0621_2010","ebog1","lotic",-43.7304025,172.3111904,0.0753223593964336,0.0857338820301783,0.164354703064546,0.000851486275207162,4,1.5,1,11,"lotic",-43.7304025,172.3111904,1.0591782194227,4.68962809979563,6.37452705235083,2056.046475,93.2590952593792,117,180,639,-1.08470938349912,16,0,1.7243742333736,0,2.94627991518237,"small",-0.294718257994984,-0.713390697019662,"high_prod","Warm temperate and mesic","Warm temperate",0,"ok",0.53232263009965,0.00515408217216394,0.265385653205621
"FWB_0622","FWB_0622_2010","ebro1","lotic",-43.7043657,172.3040779,0.0946930727023318,0.178986625514403,0.161204696691242,0.075186265569856,2,2.5,2,11,"lotic",-43.7043657,172.3040779,0.370873663338545,4.85487308827788,5.83963668802594,848.4202291,91.5396226185018,116,180,649,-2.61729583783375,15,0,0.370880564625981,0,1.67672452909584,"small",-0.764788679476914,-0.494573630135611,"high_prod","Warm temperate and mesic","Warm temperate",0,"ok",0.654000375916296,0.318058968290046,0.498309177097445
"FWB_0623","FWB_0623_2010","ecou1","lotic",-43.4371783,172.5664489,0.146140727759247,0.0350782972468767,0.126864761548671,0.100064836248285,3,1.66666666666667,1,11,"lotic",-43.4371783,172.5664489,4.57630764130299,4.10795033999593,4.99476697158333,881.3360322,75.047626515947,116,169,669,-0.95711272639441,16,0,7.04051188028337,0,1.53450098140427,"large",2.10726861705284,-1.48364716555232,"low_prod","Warm temperate and mesic","Warm temperate",0,"ok",0.193568513271116,0.440951013969616,0.331112555438817
"FWB_0624","FWB_0624_2010","egam1","lotic",-43.2846398,172.1446902,0.337230740507363,0.010510747041938,0.110833736382861,0.135835232364234,2,2.5,2,10,"lotic",-43.2846398,172.1446902,0.421994410059375,4.91174309450591,5.83963668802594,848.4202291,25.9938314899571,96,75,1047,-2.78062089393705,4,0,0.422000967414925,0,1.58596660374841,"small",-0.729876298402114,-0.419266487263721,"high_prod","Cool temperate and moist","Cool and moist",0,"ok",0.0302257493519459,0.550678235102622,0.246203575081792
"FWB_0625","FWB_0625_2010","egar1","lotic",-43.2071657,172.3241683,0.294149717710213,0.0217010273497154,1.4048782109828e-05,0.247457721167005,2,2.5,2,10,"lotic",-43.2071657,172.3241683,2.35773593745889,3.99796163476668,5.83963668802594,848.4202291,36.5752182855102,93,71,1069,-2.5133061243097,4,0,2.35773688380083,0,0.251544401834961,"large",0.592118198977779,-1.62929397814068,"high_prod","Cool temperate and moist","Cool and moist",0,"ok",0.068706589074526,0.999943230768856,0.477805770842302
"FWB_0626","FWB_0626_2010","egre1","lotic",-43.802661,172.9834254,0.181135388039287,0.0567402623656619,0.340888659888405,0.0126065908737882,2,2.5,2,10,"lotic",-43.802661,172.9834254,0.0962188577405429,5.38348928560258,4.99476697158333,881.3360322,139.842575662564,104,116,1058,-2.05572501506252,0,0,0.0806671280671546,0,2.29958158698227,"small",-0.952361315874958,0.205418828748663,"low_prod","Cool temperate and moist","Cool and moist",0,"ok",0.2385290897537,0.0356626881028989,0.117264567976858
"FWB_0627","FWB_0627_2010","ehan1","lotic",-43.7173201,172.3104697,0.200440837665406,0.0741153709829867,0.210559076505207,0.0616500277241296,2,2,2,11,"lotic",-43.7173201,172.3104697,0.370873663338545,4.85487308827788,6.37452705235083,2056.046475,93.4375957692769,116,180,649,-2.61729583783375,15,0,0.370880564625981,0,1.67672452909584,"small",-0.764788679476914,-0.494573630135611,"high_prod","Warm temperate and mesic","Warm temperate",0,"ok",0.269946075333163,0.226480403360019,0.248306532088799
"FWB_0628","FWB_0628_2010","ejol1","lotic",-43.8444611,172.253352,0.427936172038091,0.00315994166261544,0.393185741613,0.00750092377618629,2,2,2,11,"lotic",-43.8444611,172.253352,1.73906168022761,4.02318081772982,6.37452705235083,2056.046475,86.4314172634638,115,171,659,-1.89047544216721,15,0,1.73677692176714,0,1.26892030432025,"large",0.169601064250034,-1.59589878899823,"high_prod","Warm temperate and mesic","Warm temperate",0,"ok",0.00733001658374789,0.0187201732029207,0.0128168864597876
"FWB_0629","FWB_0629_2010","ekai1","lotic",-43.7260959,172.709187,0.127846277399849,0.0859197845804991,0.206051917984215,0.00775381800332789,3,1.66666666666667,1,10,"lotic",-43.7260959,172.709187,2.10535292346434,4.52655208815906,5.83963668802594,848.4202291,118.278172543773,106,117,858,-2.13707065451647,1,0,2.10535414149039,0,0.66423831706245,"large",0.419755850487389,-0.929335609317551,"high_prod","Cool temperate and moist","Cool and moist",0,"ok",0.401933701657459,0.0362657155455345,0.219082743597747
"FWB_0630","FWB_0630_2010","emou1","lotic",-43.2750437,172.0786282,0.412760706727556,0.00230772443751392,0.255018476148697,0.0256795955286655,2,2.5,2,10,"lotic",-43.2750437,172.0786282,0.47374661552457,4.9338948078026,5.83963668802594,848.4202291,21.0536012678625,100,108,1045,-4.19970507787993,5,0,0.473752842155247,0,0.0852690266451178,"small",-0.694532669160367,-0.389933235014691,"high_prod","Cool temperate and moist","Cool and moist",0,"ok",0.00555986498668734,0.0914847593188381,0.0402251615331323
"FWB_0631","FWB_0631_2010","emtt1","lotic",-43.1906702,172.3357312,0.262034702096428,0.0611615040084309,0.0502665149530322,0.251415729826084,2,2,2,10,"lotic",-43.1906702,172.3357312,2.35773593745889,3.99796163476668,5.83963668802594,848.4202291,37.3005334121917,93,71,1069,-2.5133061243097,4,0,2.35773688380083,0,0.251544401834961,"large",0.592118198977779,-1.62929397814068,"high_prod","Cool temperate and moist","Cool and moist",0,"ok",0.189239548154186,0.833379272983612,0.50022085637988
"FWB_0632","FWB_0632_2010","enar1","lotic",-43.8287936,173.0452892,0.168733727810651,NA,0.126265285013018,NA,6,1,1,10,"lotic",-43.8287936,173.0452892,0.0516432331518384,5.41577263154822,4.99476697158333,881.3360322,146.093911588182,103,93,1083,-4.42284862919414,0,0,0.016866949859772,0,-0.139250573146693,"small",-0.982803774017964,0.248168367684226,"low_prod","Cool temperate and moist","Cool and moist",0,"ok",NA,NA,NA
"FWB_0633","FWB_0633_2010","eoka1","lotic",-43.7642433,172.7973871,0.147516302946871,NA,0.148052456133247,NA,5,1,1,11,"lotic",-43.7642433,172.7973871,0.359770148846035,5.79968444925489,4.99476697158333,881.3360322,128.309352852433,108,129,967,-2.16282315061889,1,0,1.78171081687482,0,2.60564900603629,"small",-0.772371708953167,0.756543590825846,"low_prod","Warm temperate and mesic","Warm temperate",0,"ok",NA,NA,NA
"FWB_0634","FWB_0634_2010","eoku1","lotic",-43.785481,172.8305974,0.232364916045954,0.00448964777174595,0.258359311346182,0.00135059231938112,3,1.66666666666667,1,10,"lotic",-43.785481,172.8305974,0.948176920736477,5.11599586975408,4.99476697158333,881.3360322,132.334598117079,102,98,1040,-2.57702193869581,1,0,0.948180795196232,0,1.04204546451035,"small",-0.370525437821491,-0.148795391025106,"low_prod","Cool temperate and moist","Cool and moist",0,"ok",0.0189552934905721,0.00520038820360246,0.0117612927898912
"FWB_0635","FWB_0635_2010","eotu1","lotic",-43.4583779,172.5790622,0.245061569390974,0.032206449876196,0.003534363668831,0.242873609257891,2,2.5,2,11,"lotic",-43.4583779,172.5790622,1.56944890421774,4.42132948701165,4.99476697158333,881.3360322,78.344146569468,117,249,635,-0.827822083886547,7,0,2.0578360652273,0,2.78624566520989,"large",0.0537657869691858,-1.06867115688522,"low_prod","Warm temperate and mesic","Warm temperate",0,"ok",0.116156381689164,0.985656455727258,0.525286748360689
"FWB_0636","FWB_0636_2010","epaw1","lotic",-43.743256,172.9320953,0.165974080129476,0.0786576000792707,0.325261627352643,0.0109641311187812,2,2.5,2,10,"lotic",-43.743256,172.9320953,-0.385662480811985,5.47724049119139,4.99476697158333,881.3360322,129.292594298684,104,130,993,-3.10109278921182,1,0,-0.39599509060679,0,1.73448516632029,"small",-1.28145715276198,0.329563978397122,"low_prod","Cool temperate and moist","Cool and moist",0,"ok",0.321534806988823,0.0326094323309053,0.154292129582934
"FWB_0637","FWB_0637_2010","eplas1","lotic",-43.3454868,172.5627601,0.118309333333333,0.1172,0.245490874688254,0.000670948664396669,3,1.66666666666667,1,10,"lotic",-43.3454868,172.5627601,3.46106877869955,3.57167125491882,4.99476697158333,881.3360322,60.995568446285,112,170,804,1.21728381838561,16,0,3.46106909266138,0,2.9635194675581,"large",1.34562786142644,-2.19378680431324,"low_prod","Cool temperate and moist","Cool and moist",0,"ok",0.497644820870511,0.00272564061826708,0.244712491143082
"FWB_0638","FWB_0638_2016","ES","lotic",-42.995446,171.741315,0.109148302469136,0.129973868312757,0.0115150231014245,0.13017988206993,2,3,2,10,"lentic",-42.995446,171.741315,-1.71479842809193,-2.06941200604266,5.83963668802594,848.4202291,37.5006968461089,91,105,2279,-6.21460809842219,0,0,-1.46097480479648,0,-3.54011468084882,"small",-0.782091321575565,-0.0481300214009206,"high_prod","Cool temperate and moist","Cool and moist",0,"ok",0.543545869827807,0.918733682855434,0.683146231642791
"FWB_0639","FWB_0639_2010","estef1","lotic",-43.2882987,172.2871017,0.069993983988153,0.140232368457587,0.0613768772316739,0.143256750813905,2,2.5,2,10,"lotic",-43.2882987,172.2871017,3.46106877869955,3.57167125491882,5.83963668802594,848.4202291,37.9573055185814,112,170,804,1.21728381838561,16,0,3.46106909266138,0,2.9635194675581,"large",1.34562786142644,-2.19378680431324,"high_prod","Cool temperate and moist","Cool and moist",0,"ok",0.667054186243285,0.700064560170906,0.683336866900865
"FWB_0640","FWB_0640_2010","etew1","lotic",-43.6625976,172.7084343,0.281924423263119,0.000184149853785015,0.275964971458949,0.00250535678043773,3,1.66666666666667,1,10,"lotic",-43.6625976,172.7084343,0.0535407669280298,5.35514679907955,5.83963668802594,848.4202291,111.068846749298,101,129,873,-2.02495335639577,0,0,0.0430690679586344,0,2.37033812953653,"small",-0.981507873105983,0.167887767588305,"high_prod","Cool temperate and moist","Cool and moist",0,"ok",0.000652762345186525,0.00899685361911881,0.00479773075246968
"FWB_0641","FWB_0641_2010","etro1","lotic",-43.2869555,172.1259274,0.198436792672582,0.0500342813443562,0.146573326925728,0.0606937542597477,2,2.5,2,10,"lotic",-43.2869555,172.1259274,0.492254238180555,4.98397772674357,5.83963668802594,848.4202291,25.1078570142367,99,100,1036,-2.97592964625781,4,0,0.492260350631312,0,1.31560630361668,"small",-0.681893081196541,-0.323613538881634,"high_prod","Cool temperate and moist","Cool and moist",0,"ok",0.201368636338511,0.292828720859127,0.242964154614012
"FWB_0642","FWB_0642_2010","ewai1","lotic",-43.6700982,172.6757021,0.171272186204698,NA,0.153720124980818,NA,5,1,1,10,"lotic",-43.6700982,172.6757021,0.118671529717499,5.29488688162307,5.83963668802594,848.4202291,109.386969333752,107,143,812,-2.40794560865187,0,0,0.10975982449245,0,1.96403209308559,"small",-0.937027497601768,0.0880917113834322,"high_prod","Cool temperate and moist","Cool and moist",0,"ok",NA,NA,NA
"FWB_0643","FWB_0643_2010","ewhi1","lotic",-43.2873557,172.0378261,0.0824211473168679,0.118135365963584,0.212246300670857,0.0357874319178642,2,2.5,2,10,"lotic",-43.2873557,172.0378261,0.134530892957606,5.09054318032734,5.83963668802594,848.4202291,21.6101206666655,96,110,1127,-4.50986000618377,4,0,0.134539634178143,0,0.0797442015865657,"small",-0.926196510799756,-0.182499788936501,"high_prod","Cool temperate and moist","Cool and moist",0,"ok",0.589037793045331,0.144284535592605,0.343125601367485
"FWB_0644","FWB_0644_2017","FIVE","lotic",-43.764833,172.796808,0.117803324279456,0.0163151958004012,0.0171667702220321,0.0386740435519939,3,8.66666666666667,3,11,"lotic",-43.764833,172.796808,0.359770148846035,5.79968444925489,4.99476697158333,881.3360322,128.384265854406,108,129,967,-2.16282315061889,1,0,1.78171081687482,0,2.60564900603629,"small",-0.772371708953167,0.756543590825846,"low_prod","Warm temperate and mesic","Warm temperate",0,"ok",0.12164759789093,0.692576646688893,0.289479007094712
"FWB_0645","FWB_0645_2005","flockmain","lotic",-43.17535,171.752956,0.0659190759637188,0.115925276360544,0.282163148750008,0.0670915694318646,2,3.5,1,5,"lotic",-43.17535,171.752956,-0.142716302201595,5.34923750449302,5.83963668802594,848.4202291,28.4635101928837,72,49,2130,-6.21460809842219,0,0,-0.142704768242737,0,-2.32268576470105,"small",-1.11553959262476,0.160062692100965,"high_prod","Cold and wet","Cold and wet/mesic",0,"ok",0.63749726004043,0.192099250029107,0.344600199766862
"FWB_0646","FWB_0646_2005","flocktrib","lotic",-43.174481,171.750136,0.0362722801947438,0.128636053891183,0.00346324427582408,0.137834760600183,2,3.5,1,5,"lotic",-43.174481,171.750136,-0.142716302201595,5.34923750449302,5.83963668802594,848.4202291,28.7549576785487,72,49,2130,-6.21460809842219,0,0,-0.142704768242737,0,-2.32268576470105,"small",-1.11553959262476,0.160062692100965,"high_prod","Cold and wet","Cold and wet/mesic",0,"ok",0.780045803046899,0.975489786434966,0.870232848198784
"FWB_0647","FWB_0647_2022","frosty","lotic",-42.805762,170.941637,0.04959898614493,0.0267589388696655,0.0384380012597617,0.0535783492741529,6,3.83333333333333,1,10,"lotic",-42.805762,170.941637,1.21134555865535,4.94226768938715,5.83963668802594,848.4202291,129.395344492165,117,69,3362,-3.35240721749272,0,0,1.21134853661399,0,0.777033262231227,"small",-0.190797159904609,-0.37884588279587,"high_prod","Cool temperate and moist","Cool and moist",0,"ok",0.350440885665118,0.582269878812521,0.477135167365115
"FWB_0648","FWB_0648_2017","GARR","lotic",-43.486066,171.937147,0.0024139421306601,0.0400863765295371,0.114822680413077,0.0185673161226359,3,8.66666666666667,4,10,"lotic",-43.486066,171.937147,3.05861317159319,3.92375509337016,5.83963668802594,848.4202291,52.314919687411,108,145,804,-0.578034373459441,6,0,4.2026159870699,0,2.48823527044511,"large",1.07077499987264,-1.72755812449172,"high_prod","Cool temperate and moist","Cool and moist",0,"ok",0.943201787498106,0.139195716356922,0.333467437288082
"FWB_0649","FWB_0649_2005","ghost","lotic",-43.238817,171.741006,0.0222978721886505,0.0530045537998415,0.0147769132393895,0.0617408396779296,4,3.5,1,5,"lotic",-43.238817,171.741006,-0.210721031315653,5.22679900500794,5.83963668802594,848.4202291,32.5922255243441,58,50,2153,-6.21460809842219,0,0,-0.210708685712848,0,-1.62450079011115,"small",-1.16198271347126,-0.00207011190771795,"high_prod","Cold and wet","Cold and wet/mesic",0,"ok",0.703889059403502,0.806882551094298,0.755798038869121
"FWB_0651","FWB_0651_2016","GS","lotic",-43.032752,171.758002,0.028928836731691,0.20220508157139,0.15197601948191,0.0756058026936471,3,2,1,10,"lentic",-43.032752,171.758002,-1.71479842809193,-2.06941200604266,5.83963668802594,848.4202291,32.6932857343767,91,105,2279,-6.21460809842219,0,0,-1.46097480479648,0,-3.54011468084882,"small",-0.782091321575565,-0.0481300214009206,"high_prod","Cool temperate and moist","Cool and moist",0,"ok",0.874839500216679,0.332213715361347,0.605627537383306
"FWB_0652","FWB_0652_2017","GSM","lotic",-43.125129,172.220527,0.148361064937931,0.0065678733443498,0.105880663475702,0.0461201324090741,4,8,1,10,"lotic",-43.125129,172.220527,1.89009536994892,5.14357383167536,5.83963668802594,848.4202291,24.1474324492956,92,105,1139,-6.21460809842219,1,0,3.6998443691124,0,-2.64493456678813,"large",0.272747948224149,-0.112276711737575,"high_prod","Cool temperate and moist","Cool and moist",0,"ok",0.0423928119379681,0.30342033500953,0.17166145826962
"FWB_0653","FWB_0653_2022","halswell","lotic",-43.596176,172.550439,0.0101343536872121,0.029302608719443,0.097690149613143,0.0480605965882408,7,3.85714285714286,2,11,"lotic",-43.596176,172.550439,0.90946750652603,5.53753201424578,5.83963668802594,848.4202291,91.5957066485417,118,291,628,0.658038003446377,10,9,2.75696797617664,0,5.16158090030087,"small",-0.396961628737826,0.409401886668406,"high_prod","Warm temperate and mesic","Warm temperate",0,"ok",0.743023978806697,0.329745115142227,0.41775561612152
"FWB_0654","FWB_0654_2017","HANM","lotic",-43.116089,172.221267,0.0836722075408613,0.0790353381428186,0.0686238273240787,0.0495999423763768,4,4.25,1,10,"lotic",-43.116089,172.221267,0.162118849476435,6.01005080463487,5.83963668802594,848.4202291,24.463987949032,95,131,1098,-6.90775527898214,1,0,2.34228742092154,0,-2.99553229355132,"small",-0.907355603480459,1.03511027704205,"high_prod","Cool temperate and moist","Cool and moist",0,"ok",0.485750908544041,0.41954289312588,0.457888720391688
"FWB_0655","FWB_0655_2022","harts","lotic",-43.798216,172.344572,0.129947162526038,0.0343697607072093,0.00554782909079455,0.116398098009842,3,4,3,11,"lotic",-43.798216,172.344572,1.85363820627392,5.03333878667663,6.37452705235083,2056.046475,96.331709071085,117,177,640,-0.585190039054853,11,0,3.95940284221995,0,2.9070655271962,"large",0.247849908332857,-0.258249726931589,"high_prod","Warm temperate and mesic","Warm temperate",0,"ok",0.209167504058128,0.954505827109616,0.52667629956595
"FWB_0658","FWB_0658_2022","kaituna","lotic",-43.753397,172.683067,0.0519324121391841,0.0225754805257239,0.0657220721557993,0.0332654317741891,8,3.75,1,10,"lotic",-43.753397,172.683067,2.10535292346434,4.52655208815906,5.83963668802594,848.4202291,119.609396360646,106,117,858,-2.13707065451647,1,0,2.10535414149039,0,0.66423831706245,"large",0.419755850487389,-0.929335609317551,"high_prod","Cool temperate and moist","Cool and moist",0,"ok",0.302994484453545,0.336056880449445,0.321858178348668
"FWB_0659","FWB_0659_2016","KR","lotic",-43.308988,171.772385,0.0301340659217716,0.169780706941716,0.0861587406681618,0.0727668460183887,3,2,1,10,"lentic",-43.308988,171.772385,-0.261364764134408,-2.46939041027427,5.83963668802594,848.4202291,35.8014342457825,78,83,1608,-4.60517018598809,0,0,0.711973841559839,0,-1.65542949628509,"large",-0.192525520781087,-0.196736269362714,"high_prod","Cool temperate and moist","Cool and moist",0,"ok",0.849265437015259,0.457867405340507,0.675920493626311
"FWB_0660","FWB_0660_2016","KS","lotic",-43.014228,171.591568,0.261090024504232,0.0758342596191421,0.132291157652038,0.179825568784278,2,3,1,10,"lentic",-43.014228,171.591568,-0.527632742082372,-1.58949356709436,5.83963668802594,848.4202291,50.4118303467788,91,96,2209,-5.80914299031403,0,0,1.08822856391337,0,-2.48879419651519,"large",-0.300533541743925,0.130176801630674,"high_prod","Cool temperate and moist","Cool and moist",0,"ok",0.225078046292957,0.576148452015016,0.39390396638104
"FWB_0661","FWB_0661_2022","l2","lotic",-43.648706,172.496687,0.0617787037037037,0.0298271604938272,0.1045761261694,0.00490385339565711,7,3.71428571428571,1,11,"lotic",-43.648706,172.496687,0.476234178996372,4.82141459539587,5.83963668802594,848.4202291,94.20523720309,118,230,633,0.199670195128568,15,0,0.476240390157207,0,4.39182856342689,"small",-0.692833813618417,-0.538879296177569,"high_prod","Warm temperate and mesic","Warm temperate",0,"ok",0.325603177865453,0.0447922388653996,0.172717349166008
"FWB_0662","FWB_0662_2016","LAS","lotic",-43.025957,171.748184,0.112716955772378,0.048248669200273,0.102696675602464,0.104672757707405,4,1.5,1,10,"lentic",-43.025957,171.748184,-1.71479842809193,-2.06941200604266,5.83963668802594,848.4202291,34.1719672233974,91,105,2279,-6.21460809842219,0,0,-1.46097480479648,0,-3.54011468084882,"small",-0.782091321575565,-0.0481300214009206,"high_prod","Cool temperate and moist","Cool and moist",0,"ok",0.299745173595112,0.504764641715512,0.415169350484102
"FWB_0663","FWB_0663_2017","LEWP","lotic",-43.116089,172.221267,0.178496090139956,0.0654964277704803,0.0245556787138417,0.0990883490578018,2,7,1,10,"lotic",-43.116089,172.221267,0.162118849476435,6.01005080463487,5.83963668802594,848.4202291,24.463987949032,95,131,1098,-6.90775527898214,1,0,2.34228742092154,0,-2.99553229355132,"small",-0.907355603480459,1.03511027704205,"high_prod","Cool temperate and moist","Cool and moist",0,"ok",0.268436214074902,0.80140020382389,0.44768339481301
"FWB_0664","FWB_0664_2016","LFS","lotic",-43.001188,171.80973,0.0266144459425376,0.275730805102399,0.0567698487712662,0.237173366511066,2,3,3,10,"lentic",-43.001188,171.80973,-1.71479842809193,-2.06941200604266,5.83963668802594,848.4202291,31.2400713771481,91,105,2279,-6.21460809842219,0,0,-1.46097480479648,0,-3.54011468084882,"small",-0.782091321575565,-0.0481300214009206,"high_prod","Cool temperate and moist","Cool and moist",0,"ok",0.911973328998702,0.806867973745409,0.860161147795807
"FWB_0665","FWB_0665_2017","LILA","lotic",-43.125129,172.220527,0.0651337743816662,0.0311889823246883,0.0028604384767534,0.0472661459944849,3,5.66666666666667,1,10,"lotic",-43.125129,172.220527,1.89009536994892,5.14357383167536,5.83963668802594,848.4202291,24.1474324492956,92,105,1139,-6.21460809842219,1,0,3.6998443691124,0,-2.64493456678813,"large",0.272747948224149,-0.112276711737575,"high_prod","Cool temperate and moist","Cool and moist",0,"ok",0.323796612463758,0.94293569955091,0.535715133221624
"FWB_0667","FWB_0667_2010","Little.Kowai3","lotic",-43.3024222,171.9050996,0.0752895194386583,0.0945507121204424,0.1739058743171,0.0263577969325044,3,3,1,10,"lotic",-43.3024222,171.9050996,1.28398474229532,4.63933737684292,5.83963668802594,848.4202291,26.1466505965563,94,116,1174,-4.13516655674236,1,0,1.63374215693642,0,-0.186317530071301,"small",-0.141188986650603,-0.779985566788871,"high_prod","Cool temperate and moist","Cool and moist",0,"ok",0.556703857810867,0.131615468587174,0.326688014191087
"FWB_0668","FWB_0668_2010","Little.Kowai4","lotic",-43.3009796,171.9032262,0.0396573161177416,0.0694155313397705,0.0924541688595261,0.0527208335272288,3,4,3,10,"lotic",-43.3009796,171.9032262,1.28398474229532,4.63933737684292,5.83963668802594,848.4202291,26.0383057869413,94,116,1174,-4.13516655674236,1,0,1.63374215693642,0,-0.186317530071301,"small",-0.141188986650603,-0.779985566788871,"high_prod","Cool temperate and moist","Cool and moist",0,"ok",0.636414405214922,0.36315366048197,0.480383078723422
"FWB_0669","FWB_0669_2009","Lower.Farm3","lotic",-43.0034087,171.8069614,0.5,NA,0.5,NA,2,1,1,10,"lotic",-43.0034087,171.8069614,0.963174317773006,4.93152304172001,5.83963668802594,848.4202291,31.2170070178775,72,31,2568,-6.90775527898214,0,0,0.963178134559615,0,-3.57519368971012,"small",-0.360283121852816,-0.393073922682713,"high_prod","Cool temperate and moist","Cool and moist",0,"ok",NA,NA,NA
"FWB_0672","FWB_0672_2017","MAKE","lotic",-43.537994,171.183983,0.0479644438807935,0.121056826091781,0.00869477929705426,0.0708354025814378,2,7.5,1,10,"lotic",-43.537994,171.183983,0.380489122037987,5.38022363691092,6.37452705235083,2056.046475,52.1889194946767,88,124,1156,-6.90775527898214,0,0,1.51907766149317,0,-2.61715886091414,"small",-0.758221902192592,0.201094463606055,"high_prod","Cool temperate and moist","Cool and moist",0,"ok",0.716222438225816,0.890673212462429,0.772042276334004
"FWB_0673","FWB_0673_2009","MangatawhiriRiver","lotic",-37.2708793,175.0269068,0.0497046309144316,0.0210844832346238,0.0165152770536997,0.0235764246442224,10,4.5,2,11,"lotic",-37.2708793,175.0269068,3.66783455551819,5.63185711561313,5.19511557139778,663.3472437,98.9268585231156,147,170,1310,-1.84516024595517,0,0,8.51287709244719,55,2.64376124881974,"large",1.48683639331547,0.534306987902143,"low_prod","Warm temperate and mesic","Warm temperate",0,"ok",0.297849231312992,0.588062457958584,0.402783002070268
"FWB_0674","FWB_0674_2009","MangawaraStream","lotic",-37.6096352,175.187003,0.0206277759083808,0.0408793995393823,0.0211739867763425,0.0311805006099608,10,4.4,2,11,"lotic",-37.6096352,175.187003,0.372941916402604,7.30413044808397,6.79657092721974,4793.109362,102.21109817281,140,239,1380,-2.39689577246529,0,0,5.07026183368056,0,4.47715509342248,"small",-0.763376187606913,2.74872782450741,"high_prod","Warm temperate and mesic","Warm temperate",0,"ok",0.66462813877871,0.595565006298163,0.632872367711316
"FWB_0675","FWB_0675_2017","MAO","lotic",-43.605961,171.531684,0.0913585067683612,0.0225205982909135,0.0223455074673161,0.0786334797310976,3,6.33333333333333,1,5,"lotic",-43.605961,171.531684,1.92161745648627,4.20441189085557,6.37452705235083,2056.046475,30.6588120998435,65,47,1634,-4.01738352108597,1,0,1.92161892018543,0,-0.816422772725978,"large",0.294275628629029,-1.35591298238549,"high_prod","Cold and wet","Cold and wet/mesic",0,"ok",0.197758827479294,0.77871131324174,0.470794825361722
"FWB_0678","FWB_0678_2022","mirror","lotic",-42.820944,170.904754,0.0809219177124609,0.0401220737077957,0.0140729343579797,0.0453778255016949,4,6,5,10,"lotic",-42.820944,170.904754,0.783444818540726,5.05378268910386,5.83963668802594,848.4202291,132.281203720886,120,118,3223,-3.32423634052603,0,0,0.783449386826317,0,1.4658007711654,"small",-0.483027509798613,-0.231177954251049,"high_prod","Cool temperate and moist","Cool and moist",0,"ok",0.331466876108659,0.763284197019568,0.47369742667413
"FWB_0679","FWB_0679_2009","mita1","lotic",-42.0469503,171.9184558,0.171933808954409,0.0666810226833981,0.173790612040534,0.0234763335463237,2,6,2,10,"lotic",-42.0469503,171.9184558,0.0861776962410524,5.21990280960295,6.61730805395062,2058.607559,40.9864325878805,106,58,2386,-5.80914299031403,0,0,0.0861868705108953,0,-1.5701691235134,"small",-0.959218822448917,-0.0112020393872778,"high_prod","Cool temperate and moist","Cool and moist",0,"ok",0.279450452537724,0.119007943659709,0.206839012183003
"FWB_0680","FWB_0680_2009","mkiw1","lotic",-41.7055723,171.7860506,0.0324194400493769,0.0292574180643955,0.0247009228212454,0.0172445018994184,6,8,4,10,"lotic",-41.7055723,171.7860506,0.747161768866184,4.78512775901773,6.61730805395062,2058.607559,64.7981452692492,106,64,2668,-3.38139475436598,0,0,0.74716650594639,0,0.897315841908891,"small",-0.507806640348312,-0.586930248740155,"high_prod","Cool temperate and moist","Cool and moist",0,"ok",0.474366220315984,0.411117589445296,0.448763708845451
"FWB_0681","FWB_0681_2009","mlan1","lotic",-42.1462474,171.9005804,0.250657469750608,0.0149116119439388,0.311927659703913,0.0104702349238639,2,9.5,9,10,"lotic",-42.1462474,171.9005804,2.93380367693182,4.31002985505865,6.61730805395062,2058.607559,49.7856898598642,104,79,2493,0.0563803334361075,0,0,4.25649189768736,0,3.49000190001245,"large",0.985537656545737,-1.2160538958894,"high_prod","Cool temperate and moist","Cool and moist",0,"ok",0.0561496535996986,0.0324761268554568,0.0431688307165884
"FWB_0682","FWB_0682_2017","NATH","lotic",-42.552701,172.805863,0.0353767034917355,0.0288214069264069,0.0355842440780231,0.0537843805950549,4,7.75,1,10,"lotic",-42.552701,172.805863,1.1622128700777,4.88897200618318,5.84968846999958,455.1586379,5.02934941371589,107,147,1031,-1.09961278900169,8,0,2.29263677213886,0,3.356932313784,"small",-0.224351817394643,-0.449419914622118,"high_prod","Cool temperate and moist","Cool and moist",0,"ok",0.448944785737213,0.601826209050493,0.537914591154087
"FWB_0683","FWB_0683_2017","NBRA","lotic",-43.627095,171.207922,0.196793875651247,0.0695253967539,0.0776987215527659,0.104047500683099,3,6,1,7,"lotic",-43.627095,171.207922,2.4697084060301,5.08826036687835,6.37452705235083,2056.046475,40.4091239563058,81,81,1203,-5.80914299031403,0,0,4.63765683382593,0,-2.43030483459642,"large",0.668588629153466,-0.185522685713829,"high_prod","Cold and mesic","Cold and wet/mesic",0,"ok",0.261060328552311,0.572487831675913,0.387382870390555
"FWB_0684","FWB_0684_2017","NON","lotic",-43.679693,171.340945,0.153321609898187,0.0809751836778864,0.0268251384478862,0.0661958968329201,2,8,1,10,"lotic",-43.679693,171.340945,-0.3078847797693,6.18311472903364,6.37452705235083,2056.046475,24.2631245435103,97,149,1010,-5.80914299031403,3,0,2.11227289589845,0,0.169751213370053,"small",-1.22833968261325,1.26428116245412,"high_prod","Cool temperate and moist","Cool and moist",0,"ok",0.345609440240141,0.711622877912419,0.449627449335054
"FWB_0685","FWB_0685_2022","ogilvie","lotic",-42.816237,170.898391,0.0368606676949693,0.0235969809467131,0.0110860687565664,0.0379043226547227,4,4.5,3,10,"lotic",-42.816237,170.898391,0.783444818540726,5.05378268910386,5.83963668802594,848.4202291,133.2067449076,120,118,3223,-3.32423634052603,0,0,0.783449386826317,0,1.4658007711654,"small",-0.483027509798613,-0.231177954251049,"high_prod","Cool temperate and moist","Cool and moist",0,"ok",0.390305965859946,0.773709324681741,0.561922384098152
"FWB_0686","FWB_0686_2017","OKA","lotic",-42.380281,172.399865,0.0121714103342929,0.0335834948859672,0.0709164993381686,0.0303709192620151,6,7.33333333333333,1,10,"lotic",-42.380281,172.399865,0.930982280617145,5.24737113517081,5.84968846999958,455.1586379,47.5027406800413,71,38,1972,-5.80914299031403,0,0,2.03966197239555,0,-1.32046916809972,"small",-0.382268338048838,0.0251714596711868,"high_prod","Cool temperate and moist","Cool and moist",0,"ok",0.733986765447316,0.299848882336508,0.434938815480625
"FWB_0687","FWB_0687_2022","okana","lotic",-43.764749,172.796917,0.0785704030032041,0.0379764338890636,0.0195280766148079,0.049417566497615,7,4.57142857142857,1,11,"lotic",-43.764749,172.796917,0.359770148846035,5.79968444925489,4.99476697158333,881.3360322,128.374225363099,108,129,967,-2.16282315061889,1,0,1.78171081687482,0,2.60564900603629,"small",-0.772371708953167,0.756543590825846,"low_prod","Warm temperate and mesic","Warm temperate",0,"ok",0.325846971927414,0.716761266800204,0.471145786527134
"FWB_0688","FWB_0688_2017","OKU","lotic",-43.579804,171.175827,0.0753609344445592,0.0189841360077374,0.133366826147732,0.0273970920764386,4,6.25,2,10,"lotic",-43.579804,171.175827,0.780700077567807,5.69211613208546,6.37452705235083,2056.046475,48.0071245651634,87,90,1106,-6.90775527898214,0,0,2.92337714888052,0,-2.13698591234448,"small",-0.484902002034055,0.614101851025688,"high_prod","Cool temperate and moist","Cool and moist",0,"ok",0.201220221859247,0.170418165836415,0.18180946239804
"FWB_0689","FWB_0689_2022","okuti","lotic",-43.787384,172.795377,0.0301008726908828,0.0703739473074249,0.0203195577053536,0.0680107237666535,4,5,4,10,"lotic",-43.787384,172.795377,0.948176920736477,5.11599586975408,5.83963668802594,848.4202291,131.712799994626,102,98,1040,-2.57702193869581,1,0,0.948180795196232,0,1.04204546451035,"small",-0.370525437821491,-0.148795391025106,"high_prod","Cool temperate and moist","Cool and moist",0,"ok",0.700413768430839,0.769959323498894,0.732949851441573
"FWB_0690","FWB_0690_2005","onetree","lotic",-43.99975,171.728639,0.0735720825195312,0.0559860229492187,0.155489395112945,0.0329476970577937,2,4,3,11,"lotic",-43.99975,171.728639,2.1216625571138,4.29497828494014,6.37452705235083,2056.046475,41.3495353498143,114,157,664,-2.3859667019331,11,0,3.59360704859615,0,1.3230909483284,"large",0.430894344771714,-1.23598515344573,"high_prod","Warm temperate and mesic","Warm temperate",0,"ok",0.432130608476077,0.174847195306646,0.27967000969567
"FWB_0691","FWB_0691_2009","OpuatiaStream","lotic",-37.4103828,175.0577562,0.0290533861960996,0.0445104312467756,0.0292347296631449,0.0211033509888017,9,4.44444444444444,3,11,"lotic",-37.4103828,175.0577562,-0.476424197048658,5.4452912248882,5.19511557139778,663.3472437,118.738894863326,146,128,1245,-3.68887945411394,0,0,-0.47640809411873,0,1.47568020848882,"small",-1.34344192073812,0.287256827022835,"low_prod","Warm temperate and mesic","Warm temperate",0,"ok",0.605058747547182,0.419232332967102,0.529562365423678
"FWB_0692","FWB_0692_2017","OTU","lotic",-43.116089,172.221267,0.0167381951505094,0.047895136930207,0.00636508308236142,0.0331353872158251,4,9.25,5,10,"lotic",-43.116089,172.221267,0.162118849476435,6.01005080463487,5.83963668802594,848.4202291,24.463987949032,95,131,1098,-6.90775527898214,1,0,2.34228742092154,0,-2.99553229355132,"small",-0.907355603480459,1.03511027704205,"high_prod","Cool temperate and moist","Cool and moist",0,"ok",0.741028435148506,0.838860574714381,0.778138532300906
"FWB_0697","FWB_0697_2017","PERC","lotic",-43.211526,172.524938,0.00941449240784463,0.0371612240204188,0.0243656069572977,0.0420068486745786,4,8.5,1,10,"lotic",-43.211526,172.524938,0.346422567474381,5.02098282860207,4.99476697158333,881.3360322,40.5838462942415,107,122,767,-2.04794287462046,2,0,0.346429639585159,0,2.20497336666227,"small",-0.781487300511695,-0.27461146067765,"low_prod","Cool temperate and moist","Cool and moist",0,"ok",0.797866933032689,0.632895804060084,0.700923895013051
"FWB_0698","FWB_0698_2016","POR","lotic",-43.244847,171.726992,0.177322583618959,0.074714258966124,0.0827212038795522,0.085127712616384,4,1.5,1,10,"lentic",-43.244847,171.726992,-0.261364764134408,-2.46939041027427,5.83963668802594,848.4202291,34.3966384828176,78,83,1608,-4.60517018598809,0,0,0.711973841559839,0,-1.65542949628509,"large",-0.192525520781087,-0.196736269362714,"high_prod","Cool temperate and moist","Cool and moist",0,"ok",0.296441814616456,0.507168675220164,0.380679668518278
"FWB_0699","FWB_0699_2005","porter","lotic",-43.244167,171.728333,0.087023486192867,0.0348957818064899,0.128293796984393,0.0147085638867984,5,3.4,1,10,"lotic",-43.244167,171.728333,0.333611004340181,6.02888176859169,5.83963668802594,848.4202291,34.2171682957881,78,90,1728,-6.21460809842219,0,0,2.45462010780812,0,-1.62450079011115,"small",-0.790236824002572,1.06004619998578,"high_prod","Cool temperate and moist","Cool and moist",0,"ok",0.286220401246782,0.102855392017248,0.187241585010513
"FWB_0700","FWB_0700_2016","PR","lotic",-43.015345,171.709076,0.261892786591974,0.0102674989760166,0.136752694330347,0.0622824475526562,3,2,1,10,"lentic",-43.015345,171.709076,-1.71479842809193,-2.06941200604266,5.83963668802594,848.4202291,38.7176103614901,91,105,2279,-6.21460809842219,0,0,-1.46097480479648,0,-3.54011468084882,"small",-0.782091321575565,-0.0481300214009206,"high_prod","Cool temperate and moist","Cool and moist",0,"ok",0.0377259266707068,0.312921863764475,0.153969971485384
"FWB_0701","FWB_0701_2010","Pudding.Hill2","lotic",-43.6020811,171.5416867,0.0516398561286499,0.146099944293095,0.0237726566432574,0.185146474744206,2,3,3,5,"lotic",-43.6020811,171.5416867,1.92161745648627,4.20441189085557,6.37452705235083,2056.046475,31.4717020722768,65,47,1634,-4.01738352108597,1,0,1.92161892018543,0,-0.816422772725978,"large",0.294275628629029,-1.35591298238549,"high_prod","Cold and wet","Cold and wet/mesic",0,"ok",0.7388494576281,0.886211202940681,0.81455586764958
"FWB_0702","FWB_0702_2010","Pudding.Hill3","lotic",-43.6010187,171.5411449,0.110401693975992,0.103663309333903,0.00960613114559991,0.294678284303055,2,2.5,2,5,"lotic",-43.6010187,171.5411449,1.92161745648627,4.20441189085557,6.37452705235083,2056.046475,31.6177981105446,65,47,1634,-4.01738352108597,1,0,1.92161892018543,0,-0.816422772725978,"large",0.294275628629029,-1.35591298238549,"high_prod","Cold and wet","Cold and wet/mesic",0,"ok",0.484260891463107,0.968430420166488,0.768480834011522
"FWB_0703","FWB_0703_2010","Pudding.Hill4","lotic",-43.5992477,171.5407696,0.5,NA,0.5,NA,2,1,1,5,"lotic",-43.5992477,171.5407696,1.92161745648627,4.20441189085557,6.37452705235083,2056.046475,31.8745361081027,65,47,1634,-4.01738352108597,1,0,1.92161892018543,0,-0.816422772725978,"large",0.294275628629029,-1.35591298238549,"high_prod","Cold and wet","Cold and wet/mesic",0,"ok",NA,NA,NA
"FWB_0704","FWB_0704_2017","RIO","lotic",-43.116089,172.221267,0.139123593249962,0.0779878710583355,0.0512213010097795,0.0919033248495484,2,6.5,1,10,"lotic",-43.116089,172.221267,0.162118849476435,6.01005080463487,5.83963668802594,848.4202291,24.463987949032,95,131,1098,-6.90775527898214,1,0,2.34228742092154,0,-2.99553229355132,"small",-0.907355603480459,1.03511027704205,"high_prod","Cool temperate and moist","Cool and moist",0,"ok",0.35920660065925,0.64212097881658,0.471610703494006
"FWB_0705","FWB_0705_2005","roadmarker","lotic",-43.245739,171.724719,0.0387712718723615,0.0559518025591755,0.0213987393220924,0.0399455138996682,4,4,3,10,"lotic",-43.245739,171.724719,0.333611004340181,6.02888176859169,5.83963668802594,848.4202291,34.6837114660277,78,90,1728,-6.21460809842219,0,0,2.45462010780812,0,-1.62450079011115,"small",-0.790236824002572,1.06004619998578,"high_prod","Cool temperate and moist","Cool and moist",0,"ok",0.590688202372652,0.65116961739292,0.614461193773234
"FWB_0706","FWB_0706_2010","scle1","lotic",-43.447213,172.580929,0.12685360975392,0.0674616359882937,0.0194528771231358,0.102531661014601,5,2.2,1,11,"lotic",-43.447213,172.580929,1.56944890421774,4.42132948701165,4.99476697158333,881.3360322,76.6429249228505,117,249,635,-0.827822083886547,7,0,2.0578360652273,0,2.78624566520989,"large",0.0537657869691858,-1.06867115688522,"low_prod","Warm temperate and mesic","Warm temperate",0,"ok",0.347176237925206,0.840529976830581,0.537443607825589
"FWB_0707","FWB_0707_2010","scou1","lotic",-43.412757,172.630287,0.00821568717959644,0.17037939526189,0.0644620967976768,0.0931619102125335,2,3,3,11,"lotic",-43.412757,172.630287,3.91348194066439,4.75669370468916,4.99476697158333,881.3360322,71.8488443663701,119,319,619,1.74449314342697,16,17,7.08997183859741,0,5.0969047904049,"large",1.65459871429812,-0.624582563796404,"low_prod","Warm temperate and mesic","Warm temperate",0,"ok",0.953998245263622,0.591038839702247,0.783838020334314
"FWB_0708","FWB_0708_2010","scri1","lotic",-43.469219,172.548897,0.133472385291296,0.0627676580091895,0.0601583330105822,0.0463017629253056,5,2.6,1,11,"lotic",-43.469219,172.548897,1.56944890421774,4.42132948701165,5.83963668802594,848.4202291,77.922992509718,117,249,635,-0.827822083886547,7,0,2.0578360652273,0,2.78624566520989,"large",0.0537657869691858,-1.06867115688522,"high_prod","Warm temperate and mesic","Warm temperate",0,"ok",0.319851427636911,0.434921296268503,0.360321674148041
"FWB_0709","FWB_0709_2010","scus1","lotic",-43.346407,172.562506,0.118833014357619,0.0103771534028033,0.127704985105071,0.0134112759100222,5,2.4,1,10,"lotic",-43.346407,172.562506,3.46106877869955,3.57167125491882,4.99476697158333,881.3360322,61.1356946761718,112,170,804,1.21728381838561,16,0,3.46106909266138,0,2.9635194675581,"large",1.34562786142644,-2.19378680431324,"low_prod","Cool temperate and moist","Cool and moist",0,"ok",0.0803122043928023,0.09503706953083,0.0879989034759893
"FWB_0710","FWB_0710_2009","seas1","lotic",-43.32902,172.578383,0.0922560978771936,0.0981546297226827,0.102941711748909,0.0330232814254761,3,3,3,11,"lotic",-43.32902,172.578383,0.629674757604372,4.7995298036777,4.99476697158333,881.3360322,58.5466964148144,119,317,681,1.67952352000079,22,24,0.629680085240686,0,5.74098194776144,"small",-0.588043169969278,-0.567859091432615,"low_prod","Warm temperate and mesic","Warm temperate",0,"ok",0.515488969344952,0.242880764044326,0.401923007131062
"FWB_0711","FWB_0711_2017","SEL","lotic",-43.125129,172.220527,0.0739293685987291,0.0566053768794745,0.0433430101262009,0.0407274594663542,3,7.33333333333333,2,10,"lotic",-43.125129,172.220527,1.89009536994892,5.14357383167536,5.83963668802594,848.4202291,24.1474324492956,92,105,1139,-6.21460809842219,1,0,3.6998443691124,0,-2.64493456678813,"large",0.272747948224149,-0.112276711737575,"high_prod","Cool temperate and moist","Cool and moist",0,"ok",0.433642220483943,0.48444429612132,0.453543667677119
"FWB_0712","FWB_0712_2022","selwyn","lotic",-43.700487,172.423652,0.0246434441580188,0.0727510079978849,0.0517130825266206,0.100643199560621,6,3.83333333333333,2,11,"lotic",-43.700487,172.423652,0.0573250666192694,5.78787380150065,5.83963668802594,848.4202291,96.6382856202985,118,183,630,-2.91877123241786,8,0,2.30995883997732,0,2.70236808843246,"small",-0.97892342508054,0.740903955861295,"high_prod","Warm temperate and mesic","Warm temperate",0,"ok",0.746972814030814,0.660577943894634,0.694269060245075
"FWB_0713","FWB_0713_2009","sfla1","lotic",-43.339532,172.602226,0.119267165294209,0.0582159423978456,0.0621989962323963,0.0469821482013187,5,2.6,1,11,"lotic",-43.339532,172.602226,0.629674757604372,4.7995298036777,4.99476697158333,881.3360322,60.3545239655736,119,317,681,1.67952352000079,22,24,0.629680085240686,0,5.74098194776144,"small",-0.588043169969278,-0.567859091432615,"low_prod","Warm temperate and mesic","Warm temperate",0,"ok",0.328008356146514,0.430313754678053,0.366973174433379
"FWB_0714","FWB_0714_2005","slip","lotic",-43.255139,171.708472,0.0627427318567156,0.0124841451690739,0.0826788483257531,0.00901365190317755,5,4.4,2,10,"lotic",-43.255139,171.708472,-2.33304430047875,7.29811261086648,5.83963668802594,848.4202291,36.9385851242829,82,70,1594,-6.90775527898214,0,0,0.27990944368324,0,-1.62450079011115,"small",-2.61140126640385,2.740759017096,"high_prod","Cool temperate and moist","Cool and moist",0,"ok",0.165953255839585,0.0983030442039749,0.128791500578424
"FWB_0715","FWB_0715_2010","snor1","lotic",-43.313656,172.613456,0.1207330561703,0.00207341162529855,0.0856304249187802,0.00961773939580365,6,2.16666666666667,1,11,"lotic",-43.313656,172.613456,0.34500713907105,5.09503536840965,4.99476697158333,881.3360322,56.5595095586417,119,345,670,1.95741514066964,24,30,0.345014221198946,0,6.17610011201885,"small",-0.782453952584894,-0.176551242907418,"low_prod","Warm temperate and mesic","Warm temperate",0,"ok",0.0168835702428114,0.10097558798129,0.0536156967084958
"FWB_0716","FWB_0716_2010","ssal1","lotic",-43.256645,172.668558,0.076857265849786,0.0729257980750662,0.105919621336051,0.0321819303283042,6,2.66666666666667,1,11,"lotic",-43.256645,172.668558,-0.313341819232359,5.26281072989835,4.99476697158333,881.3360322,49.2141963751274,118,203,683,-1.18417017702976,19,0,-0.313328139435367,0,3.60337630281628,"small",-1.23206651082871,0.0456165386003032,"low_prod","Warm temperate and mesic","Warm temperate",0,"ok",0.486876127141142,0.233030910518078,0.365103665537141
"FWB_0717","FWB_0717_2009","sshi1","lotic",-43.459373,172.566065,0.189900442707182,0.0310083588890213,0.100765503589609,0.0279285881285712,4,2.5,1,11,"lotic",-43.459373,172.566065,1.56944890421774,4.42132948701165,5.83963668802594,848.4202291,78.4487245997169,117,249,635,-0.827822083886547,7,0,2.0578360652273,0,2.78624566520989,"large",0.0537657869691858,-1.06867115688522,"high_prod","Warm temperate and mesic","Warm temperate",0,"ok",0.140367240530783,0.217015309372014,0.168582549357201
"FWB_0718","FWB_0718_2009","ssou1","lotic",-43.323309,172.591798,0.0498098317750249,0.0519955040800169,0.0949156154726206,0.0750486105310995,5,2,1,11,"lotic",-43.323309,172.591798,0.629674757604372,4.7995298036777,4.99476697158333,881.3360322,57.7774100869571,119,317,681,1.67952352000079,22,24,0.629680085240686,0,5.74098194776144,"small",-0.588043169969278,-0.567859091432615,"low_prod","Warm temperate and mesic","Warm temperate",0,"ok",0.510734566546218,0.441555333705676,0.467469990907742
"FWB_0719","FWB_0719_2009","sspr1","lotic",-43.654532,172.4822,0.103754444118063,0.0818099972583079,0.178257354067289,0.02410623120654,4,2.25,1,11,"lotic",-43.654532,172.4822,1.6274742749202,4.39716483960675,5.83963668802594,848.4202291,94.0179094812139,117,223,635,1.14071346468675,15,0,2.28105599620672,0,4.75465006028103,"large",0.0933936090163443,-1.10066993225501,"high_prod","Warm temperate and mesic","Warm temperate",0,"ok",0.44087108850977,0.11912336487773,0.273030616992141
"FWB_0720","FWB_0720_2017","STOU","lotic",-42.588545,172.450505,0.0667281158581122,0.0319058892033029,0.220120841849914,0.0260413203881314,2,10,3,10,"lotic",-42.588545,172.450505,2.04795087458846,5.79622668355187,5.84968846999958,455.1586379,35.1297639769034,93,70,1261,-6.90775527898214,0,0,5.0879543575545,0,-3.61154811117761,"large",0.380553719584004,0.751964824740069,"high_prod","Cool temperate and moist","Cool and moist",0,"ok",0.323477579395022,0.105789290081669,0.168062220776098
"FWB_0721","FWB_0721_2010","swai1","lotic",-43.435288,172.585162,0.271374523801178,0.00491686397677809,0.096407558028847,0.115106275551998,3,2.33333333333333,1,11,"lotic",-43.435288,172.585162,3.91348194066439,4.75669370468916,4.99476697158333,881.3360322,74.8403265623336,119,319,619,1.74449314342697,16,17,7.08997183859741,0,5.0969047904049,"large",1.65459871429812,-0.624582563796404,"low_prod","Warm temperate and mesic","Warm temperate",0,"ok",0.0177959364434825,0.544202114837098,0.246047262869484
"FWB_0722","FWB_0722_2016","TF","lotic",-43.018983,171.572686,0.166178992542327,0.0385274455791454,0.174003956993101,0.0486147175850889,3,2,1,10,"lentic",-43.018983,171.572686,-0.527632742082372,-1.58949356709436,5.83963668802594,848.4202291,52.0642465277253,91,96,2209,-5.80914299031403,0,0,1.08822856391337,0,-2.48879419651519,"large",-0.300533541743925,0.130176801630674,"high_prod","Cool temperate and moist","Cool and moist",0,"ok",0.188208274896968,0.218376637437099,0.203924741547966
"FWB_0724","FWB_0724_2017","TOPA","lotic",-43.645665,171.269847,0.0774748204045813,0.0170785567730678,0.0356948393109327,0.0207626748890179,5,5.4,1,10,"lotic",-43.645665,171.269847,-0.49593701127224,6.68249916961842,6.37452705235083,2056.046475,33.4488830488291,94,160,1005,-6.90775527898214,0,0,2.61417971777072,0,-1.83251896570135,"small",-1.35676799380461,1.92556499042347,"high_prod","Cool temperate and moist","Cool and moist",0,"ok",0.18062344553786,0.367757510815736,0.250586108835451
"FWB_0725","FWB_0725_2016","UAS","lotic",-42.990379,171.796107,0.0530652852088652,0.175047730959584,0.172791052956312,0.10463472747322,2,3,2,10,"lentic",-42.990379,171.796107,-1.71479842809193,-2.06941200604266,5.83963668802594,848.4202291,33.4766529078525,91,105,2279,-6.21460809842219,0,0,-1.46097480479648,0,-3.54011468084882,"small",-0.782091321575565,-0.0481300214009206,"high_prod","Cool temperate and moist","Cool and moist",0,"ok",0.767372830800328,0.377162956201174,0.553236389204794
"FWB_0726","FWB_0726_2016","UHR","lotic",-42.985167,171.746472,0.288670986452529,0.00169634473574018,0.118768167141169,0.0845346830872521,3,2,2,10,"lentic",-42.985167,171.746472,-1.71479842809193,-2.06941200604266,5.83963668802594,848.4202291,38.0514697680746,91,105,2279,-6.21460809842219,0,0,-1.46097480479648,0,-3.54011468084882,"small",-0.782091321575565,-0.0481300214009206,"high_prod","Cool temperate and moist","Cool and moist",0,"ok",0.00584206470059227,0.41580667950436,0.174673356967873
"FWB_0727","FWB_0727_2009","WaahiStream","lotic",-37.5483432,175.1546049,0.0346195262092861,0.0401536378493507,0.00383159194016373,0.0682710160271763,8,3.375,1,11,"lotic",-37.5483432,175.1546049,3.98614669174411,5.20130673062115,6.79657092721974,4793.109362,111.50981771431,144,334,1267,1.41415268924829,1,33,8.36492181359423,55,5.47778489614484,"large",1.70422434856858,-0.0358269281401276,"high_prod","Warm temperate and mesic","Warm temperate",0,"ok",0.537006001482864,0.946859176828953,0.738206529102368
"FWB_0728","FWB_0728_2009","WaikatoRiveratfHoodsLanding","lotic",-37.3252818,174.7633466,0.0224394782834053,0.122816436874831,0.058924798174874,0.0298487974456606,6,2.33333333333333,1,11,"lotic",-37.3252818,174.7633466,0.581656804526582,5.83668844038354,5.07585114391995,226.757618,101.568817670011,148,145,1265,-3.05760767727208,0,0,2.35099518494518,0,1.91205933500871,"small",-0.620836530470027,0.805544198203685,"low_prod","Warm temperate and mesic","Warm temperate",0,"ok",0.84551762825658,0.336235084734544,0.652333262640568
"FWB_0729","FWB_0729_2009","WaikatoRiveratTuakau","lotic",-37.3007591,174.9474838,0.0555719231007321,0.0395789824152774,0.00859503186759034,0.104439439461569,7,2.57142857142857,1,11,"lotic",-37.3007591,174.9474838,3.2910104226274,5.99291067914605,5.19511557139778,663.3472437,102.401167431002,147,179,1335,-1.82015894374975,1,0,8.52842804543102,55,3.37382652744904,"large",1.22948827988692,1.01241335884842,"low_prod","Warm temperate and mesic","Warm temperate",0,"ok",0.415960123559918,0.923960967247227,0.691779720839641
"FWB_0730","FWB_0730_2009","WaikatoRiverUpstreamofHamilton","lotic",-37.8444345,175.3482871,0.10060706119823,0.0502355795521834,0.0247721696261235,0.035508700964343,8,2.375,1,11,"lotic",-37.8444345,175.3482871,3.75056233930152,5.0764897196712,6.79657092721974,4793.109362,64.6050562580605,139,254,1224,0.375692949774494,1,2,7.91713664201117,88,4.47008341295778,"large",1.54333447087076,-0.201109352037878,"high_prod","Warm temperate and mesic","Warm temperate",0,"ok",0.333033015745886,0.589054215981393,0.40613326280882
"FWB_0731","FWB_0731_2009","WaikatoRiverUpstreamofMangatawhiriConfluence","lotic",-37.2714286,175.0275142,0.0131002806515921,0.0374549344295969,0.0732039226217369,0.0289332235091751,6,4.5,1,11,"lotic",-37.2714286,175.0275142,3.66783455551819,5.63185711561313,5.19511557139778,663.3472437,99.0115076294509,147,170,1310,-1.84516024595517,0,0,8.51287709244719,55,2.64376124881974,"large",1.48683639331547,0.534306987902143,"low_prod","Warm temperate and mesic","Warm temperate",0,"ok",0.740871824389359,0.283278166712144,0.43478375350129
"FWB_0732","FWB_0732_2009","WaikatoRiverUpstreamofMangawaraConfluence","lotic",-37.612166,175.185183,0.0343746138687049,0.0348660776015973,0.0106104023161066,0.0299255881726859,8,3.875,1,11,"lotic",-37.612166,175.185183,2.89353342123374,6.20915137684585,6.79657092721974,4793.109362,101.992487445737,142,220,1326,-1.20397280432594,0,0,8.29661260539874,58,4.52495757221466,"large",0.958035505206109,1.29875883683377,"high_prod","Warm temperate and mesic","Warm temperate",0,"ok",0.503548951652968,0.73824736516454,0.590213373350326
"FWB_0733","FWB_0733_2009","WaikatoRiverUpstreamofWaahiConfluence","lotic",-37.5493626,175.1553642,0.00490837006758171,0.0485918357455479,0.025494798090474,0.0293064320325315,6,3.33333333333333,1,11,"lotic",-37.5493626,175.1553642,3.98614669174411,5.20130673062115,6.79657092721974,4793.109362,111.343828007882,144,334,1267,1.41415268924829,1,33,8.36492181359423,55,5.47778489614484,"large",1.70422434856858,-0.0358269281401276,"high_prod","Warm temperate and mesic","Warm temperate",0,"ok",0.908255118032142,0.534776901298584,0.719272714204969
"FWB_0734","FWB_0734_2009","WaikatoRiverUpstreamofWaipaConfluence","lotic",-37.6639309,175.1517399,0.0588914759954305,0.0231349199364655,0.0451310403620808,0.0559598662863993,9,3.33333333333333,1,11,"lotic",-37.6639309,175.1517399,3.66573876167229,5.2037014782944,6.79657092721974,4793.109362,97.5634177610488,142,272,1317,1.12037378044962,0,16,7.98873842003492,86,5.12546291496165,"large",1.48540509275561,-0.0326558082980058,"high_prod","Warm temperate and mesic","Warm temperate",0,"ok",0.282042380061093,0.553559841747058,0.431935077178999
"FWB_0735","FWB_0735_2009","WaikatoRiverUpstreamofWhangamarinoConfluence","lotic",-37.2947662,175.0585894,0.0133679329107672,0.0408406254574044,0.00986151058653773,0.0264606828866716,5,4.6,2,11,"lotic",-37.2947662,175.0585894,3.64719771511929,5.63273168594016,5.19511557139778,663.3472437,102.726784045028,147,240,1270,-2.01740615076038,0,0,8.49819017438654,54,2.63984344911377,"large",1.47274267828974,0.535465092093391,"low_prod","Warm temperate and mesic","Warm temperate",0,"ok",0.753398110682535,0.728499034789531,0.743408256036521
"FWB_0736","FWB_0736_2009","WaikatoRiverUpstreamofWhangapeConfluence","lotic",-37.4277167,175.0796365,0.0271799225001796,0.0533599306386967,0.0974870624978715,0.0474096833399859,6,5.66666666666667,1,11,"lotic",-37.4277167,175.0796365,3.25728851935461,5.97220202875837,5.19511557139778,663.3472437,121.487272392998,146,154,1195,-3.61191841297781,0,0,8.43307957767051,52,1.7277559160807,"large",1.20645825757413,0.984991007474384,"low_prod","Warm temperate and mesic","Warm temperate",0,"ok",0.662528283316921,0.327196329122797,0.446997579080239
"FWB_0737","FWB_0737_2022","waikekewai","lotic",-43.857886,172.359919,0.14380942379052,0.025346565847511,0.0176071910616607,0.0927086826195194,4,4.75,2,11,"lotic",-43.857886,172.359919,1.00320210386345,7.00145593445458,6.37452705235083,2056.046475,98.4253393463752,118,119,641,-6.21460809842219,18,0,6.31075067714094,0,1.57609000057506,"small",-0.332946562604145,2.34792686890049,"high_prod","Warm temperate and mesic","Warm temperate",0,"ok",0.149841373644226,0.840392950949683,0.422422662034455
"FWB_0738","FWB_0738_2005","waimakspring","lotic",-43.017333,171.812167,0.192764066140689,0.0248421131538015,0.0560602819131545,0.152487314578348,3,3.66666666666667,2,10,"lotic",-43.017333,171.812167,0.963174317773006,4.93152304172001,5.83963668802594,848.4202291,29.3320528302514,72,31,2568,-6.90775527898214,0,0,0.963178134559615,0,-3.57519368971012,"small",-0.360283121852816,-0.393073922682713,"high_prod","Cool temperate and moist","Cool and moist",0,"ok",0.114160881066627,0.731187110969947,0.416116054363439
"FWB_0739","FWB_0739_2009","WaipaRiver","lotic",-37.6670127,175.1432717,0.0186652128725601,0.0193801155335104,0.0580825119653612,0.0210275846155874,6,3.83333333333333,1,11,"lotic",-37.6670127,175.1432717,2.08193842187842,6.67209029866179,6.79657092721974,4793.109362,97.7024769699528,141,259,1395,0.278389025540188,0,38,6.9045030060713,0,6.0109338100209,"large",0.403765160709165,1.91178158535187,"high_prod","Warm temperate and mesic","Warm temperate",0,"ok",0.509395406622856,0.265801528810816,0.344906777928338
"FWB_0740","FWB_0740_2009","WhangamarinoRiver","lotic",-37.2941538,175.0616176,0.015866570968991,0.0419830543410267,0.0408266389003661,0.016867463629646,8,4.5,2,11,"lotic",-37.2941538,175.0616176,3.64719771511929,5.63273168594016,5.19511557139778,663.3472437,102.694525446271,147,240,1270,-2.01740615076038,0,0,8.49819017438654,54,2.63984344911377,"large",1.47274267828974,0.535465092093391,"low_prod","Warm temperate and mesic","Warm temperate",0,"ok",0.725727333859785,0.292360274100315,0.509335461740954
"FWB_0741","FWB_0741_2009","WhangapeStream","lotic",-37.4277293,175.0776934,0.0192090360716796,0.0326444013399062,0.0241218753405689,0.030961633323673,9,4.44444444444444,1,11,"lotic",-37.4277293,175.0776934,3.25728851935461,5.97220202875837,5.19511557139778,663.3472437,121.456912956826,146,154,1195,-3.61191841297781,0,0,8.43307957767051,52,1.7277559160807,"large",1.20645825757413,0.984991007474384,"low_prod","Warm temperate and mesic","Warm temperate",0,"ok",0.629551346438074,0.562085351396145,0.594799430857853
"FWB_0742","FWB_0742_2017","WHIS","lotic",-43.486066,171.937147,0.126477466195763,0.0119187678472969,0.0853643822635968,0.0277862501320569,5,5.8,1,10,"lotic",-43.486066,171.937147,3.05861317159319,3.92375509337016,5.83963668802594,848.4202291,52.314919687411,108,145,804,-0.578034373459441,6,0,4.2026159870699,0,2.48823527044511,"large",1.07077499987264,-1.72755812449172,"high_prod","Cool temperate and moist","Cool and moist",0,"ok",0.0861206081921895,0.245568668453365,0.157843421154393
"FWB_0743","FWB_0743_2017","WOOL","lotic",-43.764833,172.796808,0.185985241019092,0.010000899617055,0.0343598437193684,0.0852003646268749,3,8.33333333333333,1,11,"lotic",-43.764833,172.796808,0.359770148846035,5.79968444925489,4.99476697158333,881.3360322,128.384265854406,108,129,967,-2.16282315061889,1,0,1.78171081687482,0,2.60564900603629,"small",-0.772371708953167,0.756543590825846,"low_prod","Warm temperate and mesic","Warm temperate",0,"ok",0.051028606332026,0.712614721949437,0.301702949664751
"FWB_0744","FWB_0744_2016","WRRR","lotic",-43.260536,171.721844,0.132296991737523,0.168583482536144,0.113371348239877,0.0481319497795824,4,1.5,1,10,"lentic",-43.260536,171.721844,-0.261364764134408,-2.46939041027427,5.83963668802594,848.4202291,35.9978134635644,78,83,1608,-4.60517018598809,0,0,0.711973841559839,0,-1.65542949628509,"large",-0.192525520781087,-0.196736269362714,"high_prod","Cool temperate and moist","Cool and moist",0,"ok",0.56030050784488,0.298024562778792,0.468691691408107
"FWB_0745","FWB_0745_2016","WS","lotic",-42.973765,171.604453,0.101020485485416,0.0853217975129305,0.142189412697689,0.00304283117891583,5,1.4,1,10,"lentic",-42.973765,171.604453,-1.71479842809193,-2.06941200604266,5.83963668802594,848.4202291,51.9596824162497,91,105,2279,-6.21460809842219,0,0,-1.46097480479648,0,-3.54011468084882,"small",-0.782091321575565,-0.0481300214009206,"high_prod","Cool temperate and moist","Cool and moist",0,"ok",0.457876742412174,0.0209514849987524,0.266500052113991
"FWB_0746","FWB_0746_2016","WSB","lotic",-43.016753,171.811291,0.0240322242020661,0.219003630112528,0.101756238198793,0.170499447139551,3,2,2,10,"lentic",-43.016753,171.811291,-1.71479842809193,-2.06941200604266,5.83963668802594,848.4202291,29.4636047726307,91,105,2279,-6.21460809842219,0,0,-1.46097480479648,0,-3.54011468084882,"small",-0.782091321575565,-0.0481300214009206,"high_prod","Cool temperate and moist","Cool and moist",0,"ok",0.901116548133026,0.626247517761343,0.755888748948643
"FWB_0747","FWB_0747_2016","XCWS","lotic",-43.014228,171.591568,0.253748974245676,0.0322765433657367,0.158034831391138,0.0304602369822817,4,1.5,1,10,"lentic",-43.014228,171.591568,-0.527632742082372,-1.58949356709436,5.83963668802594,848.4202291,50.4118303467788,91,96,2209,-5.80914299031403,0,0,1.08822856391337,0,-2.48879419651519,"large",-0.300533541743925,0.130176801630674,"high_prod","Cool temperate and moist","Cool and moist",0,"ok",0.112844978431564,0.161596996914201,0.132210871774536
"FWB_0748","FWB_0748_2019","A1","lotic",38.158073,-6.970127,0.035560313781632,0.0207210228181022,0.0146554673944091,0.0225447426791,7,5.57142857142857,1,12,"lotic",38.158073,-6.970127,1.53126013137008,4.56635928471931,4.69725534280993,1014.595982,21.5562190319984,161,76,572,-1.1551826401565,8,0,1.5312622939975,0,2.03666581695437,"large",0.0276851626442427,-0.876623003191355,"low_prod","Warm temperate and xeric","Warm temperate",0,"ok",0.368168634044133,0.606038047488191,0.462826804186648
"FWB_0749","FWB_0749_2019","A2","lotic",38.179958,-7.054216,0.0294873117568507,0.0406243060873077,0.0367510120010368,0.0199665430056063,9,5.66666666666667,1,12,"lotic",38.179958,-7.054216,1.86206259307048,6.17415636961734,4.69725534280993,1014.595982,30.594135865465,167,49,533,-2.61729583783375,9,0,5.74736867723079,0,2.21942193845296,"large",0.2536032554772,1.25241852171946,"low_prod","Warm temperate and xeric","Warm temperate",0,"ok",0.579423315799187,0.352034621437184,0.477735900431925
"FWB_0750","FWB_0750_2019","A3","lotic",38.09122,-7.0921,0.0472901375074407,0.0154583612518673,0.035882313091206,0.0213396707451159,8,6.125,2,12,"lotic",38.09122,-7.0921,1.66468338666008,5.02848791403126,4.69725534280993,1014.595982,37.2294176372553,164,63,552,-6.21460809842219,14,0,2.78210641001148,0,-3.24393725546357,"large",0.118805184000013,-0.264673242306167,"low_prod","Warm temperate and xeric","Warm temperate",0,"ok",0.246354280301793,0.372927838471243,0.306725714532748
"FWB_0751","FWB_0751_2019","A4","lotic",38.070386,-7.184753,0.0349554972962762,0.0226461639471175,0.0369404059091992,0.0257371921561101,9,6.66666666666667,3,12,"lotic",38.070386,-7.184753,1.96613285617284,4.37566838470429,4.69725534280993,1014.595982,47.9262485827718,162,49,562,-0.939047718996771,7,0,1.96613425614386,0,1.85723661222228,"large",0.324676956802923,-1.12913549271385,"low_prod","Warm temperate and xeric","Warm temperate",0,"ok",0.393151229639489,0.410628245984989,0.402258513905953
"FWB_0752","FWB_0752_2019","A5","lotic",38.148395,-7.298176,0.0243207233646567,0.0266961016211535,0.0191721458523167,0.0395020431497638,6,8,4,12,"lotic",38.148395,-7.298176,3.25782727100314,5.22084214721338,4.69725534280993,1014.595982,57.9717143078746,169,110,526,-0.894040122939335,39,0,6.42077477057078,0,2.41662870125415,"large",1.20682619239639,-0.00995817049529833,"low_prod","Warm temperate and xeric","Warm temperate",0,"ok",0.523280341898555,0.673243956526832,0.603496515933613
"FWB_0753","FWB_0753_2019","C1","lotic",39.145956,-7.334261,0.101608493322247,0.5,0.322482672879631,0.0775413109875476,2,1.5,1,12,"lotic",39.145956,-7.334261,2.22581203418813,4.51355435129524,5.49363743750636,1545.319847,63.3212605845823,163,116,685,-2.37515578582888,30,0,2.77906830930103,0,0.290435777523399,"large",0.502022144453848,-0.946547185189197,"high_prod","Warm temperate and xeric","Warm temperate",0,"ok",0.831105287824085,0.193841654787614,0.576600024599966
"FWB_0754","FWB_0754_2019","C2","lotic",39.241752,-7.352868,0.0135386225832603,0.030617355653691,0.0216511839447045,0.0297980002543051,7,7.42857142857143,1,11,"lotic",39.241752,-7.352868,1.17093295024774,4.75055796155775,5.09617815339697,1456.43723,64.6571234593115,150,135,832,0.0953101798043247,4,0,1.17093605101812,0,3.50119383643442,"small",-0.218396529543284,-0.632707501971538,"low_prod","Warm temperate and mesic","Warm temperate",0,"ok",0.693390948998823,0.579173425550229,0.631925665608947
"FWB_0755","FWB_0755_2019","C3","lotic",39.13275,-7.277278,0.039189924646569,0.0292330664385694,0.0740514243232905,0.0203930627762999,7,6.42857142857143,1,12,"lotic",39.13275,-7.277278,-0.321583624127462,6.27877633651651,5.49363743750636,1545.319847,58.2208785658272,165,270,647,-1.63475572041839,51,0,2.18222486422658,0,4.42169208064963,"small",-1.23769516556674,1.39095606228059,"high_prod","Warm temperate and xeric","Warm temperate",0,"ok",0.427240405234475,0.215926449521566,0.304702508861726
"FWB_0756","FWB_0756_2019","C4","lotic",38.981366,-7.111071,0.0721232527293133,0.0392233569402844,0.0216118301367191,0.0576772756211139,2,10,9,12,"lotic",38.981366,-7.111071,1.67410142575982,5.67922203464204,5.49363743750636,1545.319847,30.3430461059492,167,130,571,-3.77226106305299,91,0,4.42861210839362,1796,0.28593805253276,"large",0.125237135626683,0.597027514256992,"high_prod","Warm temperate and xeric","Warm temperate",0,"ok",0.352263594344481,0.727430017905277,0.508302614460958
"FWB_0757","FWB_0757_2019","CH1","lotic",37.730271,-7.46013,0.0392456423772974,0.018808969977283,0.0166347034498051,0.0226942272974655,12,6.08333333333333,1,12,"lotic",37.730271,-7.46013,0.710987098688276,5.6579270503518,5.32145463705001,2609.002185,15.4820540404465,169,36,515,-4.96184512992682,2,0,2.47981118995399,0,-0.228143530402595,"small",-0.532511754250565,0.568828740759945,NA,"Warm temperate and xeric","Warm temperate",0,"ok",0.323987521652946,0.577036468224869,0.426182863683049
"FWB_0758","FWB_0758_2019","CH2","lotic",37.762035,-7.410703,0.0675195135039574,0.0262439449524768,0.0234427001301908,0.0178439348936322,11,6.36363636363636,1,12,"lotic",37.762035,-7.410703,3.28353933819392,4.68455608611854,5.32145463705001,2609.002185,22.0053312316739,168,61,522,-1.33560124680437,13,0,5.26512768212438,0,1.26101737835305,"large",1.22438598065393,-0.720107046884247,NA,"Warm temperate and xeric","Warm temperate",0,"ok",0.279895231943376,0.432196396808216,0.326455752158025
"FWB_0759","FWB_0759_2019","CH3","lotic",37.9355,-7.254917,0.0302545762476406,0.018039008095831,0.0269704173449378,0.0194481539005473,11,7.54545454545455,1,12,"lotic",37.9355,-7.254917,2.07668775348321,5.18832240334887,5.32145463705001,2609.002185,49.6782818742934,167,74,528,-1.95899538860397,16,0,4.12093796878448,0,1.81872753977972,"large",0.40017927146322,-0.0530207470588001,NA,"Warm temperate and xeric","Warm temperate",0,"ok",0.373528043964075,0.418973556891606,0.39580095884492
"FWB_0760","FWB_0760_2019","CR1","lotic",37.616813,-7.685658,0.0527063656109475,0.0165853576842273,0.0269664755730438,0.022597949312575,6,6.83333333333333,2,12,"lotic",37.616813,-7.685658,2.00417905717929,5.1390033680752,5.32145463705001,2609.002185,16.2869530484131,169,118,516,-2.10373423424888,2,0,3.92616276617383,0,1.7109126883743,"large",0.350660213175126,-0.118328910043091,NA,"Warm temperate and xeric","Warm temperate",0,"ok",0.239355537653113,0.455930828708795,0.329670005267208
"FWB_0761","FWB_0761_2019","CR2","lotic",37.536444,-7.867333,0.0503857074058896,0.0400266310805815,0.0381968333758287,0.022099101501254,6,5.33333333333333,1,12,"lotic",37.536444,-7.867333,1.5793909910818,5.23750768695362,5.32145463705001,2609.002185,38.6616334695837,162,98,556,-3.03655426807425,5,0,2.77813643021137,0,0.514026495505869,"large",0.0605556315536671,0.0121103022462543,NA,"Warm temperate and xeric","Warm temperate",0,"ok",0.44271204296492,0.366510637015655,0.412225096839704
"FWB_0762","FWB_0762_2019","D2","lotic",38.566776,-7.685554,0.029569613197976,0.0204229628791034,0.0081185176348985,0.0219633389326685,7,8.42857142857143,2,12,"lotic",38.566776,-7.685554,2.07819075977818,4.77165810388381,5.26247278755472,1864.270739,77.7203329594187,164,89,600,-3.72970144863419,66,0,3.13757943165926,0,-0.549895681601688,"large",0.401205733944574,-0.60476673779448,"low_prod","Warm temperate and xeric","Warm temperate",0,"ok",0.408519913989128,0.730119129560256,0.529336273912466
"FWB_0763","FWB_0763_2019","D3","lotic",38.477142,-7.688804,0.0519022042942171,0.0179246504252065,0.0581817051188572,0.0307109535232241,6,7,1,12,"lotic",38.477142,-7.688804,1.39003734739872,6.23634630078725,5.26247278755472,1864.270739,71.3600657479355,165,56,576,-5.52146091786225,69,0,4.68702672459834,177,-0.860359459553357,"large",-0.0687614655197991,1.33477029803236,"low_prod","Warm temperate and xeric","Warm temperate",0,"ok",0.256701386554369,0.3454835752734,0.306424855510088
"FWB_0764","FWB_0764_2019","D4","lotic",38.423573,-7.716366,0.0784671417979387,0.0247240384113599,0.0306859367124546,0.0508315981452747,7,5.85714285714286,1,12,"lotic",38.423573,-7.716366,1.10127540608759,5.55566110479127,5.26247278755472,1864.270739,65.7163980287316,166,152,571,-4.42284862919414,74,0,3.10036297296071,0,-0.226888053219193,"small",-0.265968423196057,0.433408390314137,"low_prod","Warm temperate and xeric","Warm temperate",0,"ok",0.239594492099161,0.623566429406752,0.409052905431217
"FWB_0765","FWB_0765_2019","F1","lotic",37.404844,-7.737848,0.0396157580062632,0.019718962462391,0.0290622529885506,0.0293410817161932,11,7.45454545454546,1,12,"lotic",37.404844,-7.737848,1.75353825640786,4.74111877600572,5.32145463705001,2609.002185,45.4693192154828,159,45,573,-0.916290731874155,1,0,1.75353998800809,0,2.12046471596209,"large",0.179487691044109,-0.645206851665836,NA,"Warm temperate and xeric","Warm temperate",0,"ok",0.332334294434037,0.502387095951389,0.416688080216132
"FWB_0766","FWB_0766_2019","F2","lotic",37.381827,-7.521334,0.0336017974298561,0.0144799500901522,0.014890202783538,0.0462702710486618,10,6.4,1,12,"lotic",37.381827,-7.521334,2.68791551868183,4.80149117723771,5.32145463705001,2609.002185,46.6412798488749,170,63,508,-2.16282315061889,2,0,4.35956384979384,0,0.985073981391957,"large",0.817610902081746,-0.56526184468156,NA,"Warm temperate and xeric","Warm temperate",0,"ok",0.301152741674512,0.756538792940179,0.556105692349015
"FWB_0767","FWB_0767_2019","G3","lotic",38.025893,-7.642629,0.00915249522316216,0.0254991938091158,0.0204178005821882,0.0302970077681415,11,5.09090909090909,1,12,"lotic",38.025893,-7.642629,3.9544692800909,5.79895224777685,5.32145463705001,2609.002185,45.0303545455822,170,129,520,-4.71053070164592,67,0,9.15804162597573,2488,-0.825513537816087,"large",1.68259059049498,0.755574011165577,NA,"Warm temperate and xeric","Warm temperate",0,"ok",0.735871598794603,0.597399630475869,0.653607718343907
"FWB_0768","FWB_0768_2019","L1","lotic",37.877032,-7.534361,0.0168066349013002,0.0390452060258923,0.0163354204779824,0.038139942431278,10,6.5,1,12,"lotic",37.877032,-7.534361,1.82277352275722,4.78885470841241,5.32145463705001,2609.002185,24.709093451711,168,88,528,-2.7646205525906,62,0,2.75480718865704,0,0.608683464615104,"large",0.226771194467965,-0.581995030174928,NA,"Warm temperate and xeric","Warm temperate",0,"ok",0.699085390520806,0.700131956804174,0.699602145012106
"FWB_0769","FWB_0769_2019","L2","lotic",37.822398,-7.622378,0.0168692150067616,0.0318791784899261,0.0574976797083349,0.0177706241583721,10,6.8,1,12,"lotic",37.822398,-7.622378,0.7738050835774,6.06062415026852,5.32145463705001,2609.002185,16.2762443190569,169,45,518,-6.21460809842219,21,0,3.43688654571744,0,-1.40238309346948,"small",-0.489610866304292,1.10207939517211,NA,"Warm temperate and xeric","Warm temperate",0,"ok",0.653953416784744,0.236097045442158,0.400347724974597
"FWB_0770","FWB_0770_2019","LU1","lotic",38.609312,-7.371537,0.047475367944153,0.019217544037325,0.0148572182718564,0.039692739547695,4,8.25,6,12,"lotic",38.609312,-7.371537,1.54351176231793,5.66318411214289,5.49363743750636,1545.319847,48.2752364507491,167,105,561,-0.970219073899711,45,0,3.78741193671977,0,2.67408037123356,"large",0.0360522862853598,0.575790130948665,"high_prod","Warm temperate and xeric","Warm temperate",0,"ok",0.288149721857431,0.727640151051934,0.485886581880627
"FWB_0771","FWB_0771_2019","LU2","lotic",38.634678,-7.401047,0.0570969116755032,0.0322716226314287,0.0193739376986347,0.0368590980520669,9,6.22222222222222,1,12,"lotic",38.634678,-7.401047,1.21728381838561,5.60665697079616,5.49363743750636,1545.319847,49.410476498898,167,150,566,-0.789658080940789,54,0,3.42103301494958,0,3.53079216098209,"small",-0.186741687324052,0.500937009032892,"high_prod","Warm temperate and xeric","Warm temperate",0,"ok",0.36110721611024,0.655470535424668,0.474793785919558
"FWB_0772","FWB_0772_2019","O1","lotic",37.641514,-7.746774,0.0365683510757958,0.0341980439013201,0.0238639044935311,0.0375703961181388,9,4.66666666666667,1,12,"lotic",37.641514,-7.746774,3.68356535929017,3.62384923935863,5.32145463705001,2609.002185,19.2093436275116,163,96,551,0.110646520087064,19,0,3.83516377510912,0,1.73976592972611,"large",1.49757958176887,-2.12469282684435,NA,"Warm temperate and xeric","Warm temperate",0,"ok",0.483252593443242,0.611554062536232,0.542874904703201
"FWB_0773","FWB_0773_2019","O2","lotic",37.52665,-8.002733,0.0445790333501846,0.0125538523828183,0.0276737288249582,0.0334319485445448,8,5.5,1,12,"lotic",37.52665,-8.002733,3.68356535929017,3.62384923935863,5.32145463705001,2609.002185,51.9540013753925,163,96,551,0.110646520087064,19,0,3.83516377510912,0,1.73976592972611,"large",1.49757958176887,-2.12469282684435,NA,"Warm temperate and xeric","Warm temperate",0,"ok",0.219730759644905,0.547116896231809,0.388923881690748
"FWB_0774","FWB_0774_2019","OD1","lotic",37.339588,-7.65984,0.0236006899552894,0.0222546843445126,0.0848509023941344,0.0179266879925718,6,8.5,1,12,"lotic",37.339588,-7.65984,2.80674857388649,4.54443645870381,5.32145463705001,2609.002185,52.2782740425521,164,23,547,-1.37436579025462,1,0,3.76870698479241,0,1.32681236750515,"large",0.898766698381907,-0.9056531633831,NA,"Warm temperate and xeric","Warm temperate",0,"ok",0.485323360333113,0.17442214713462,0.270339573874703
"FWB_0775","FWB_0775_2019","OD2","lotic",37.296121,-7.753693,0.0329416026222645,0.0240520824243004,0.0610747085481224,0.0131134454395503,7,8.71428571428571,1,12,"lotic",37.296121,-7.753693,0.35697489894773,6.3862786317111,5.32145463705001,2609.002185,60.4721058426019,162,26,556,-3.61191841297781,0,0,3.03538606599182,0,1.99470167376804,"small",-0.77428069573268,1.53331037592025,NA,"Warm temperate and xeric","Warm temperate",0,"ok",0.422013112586937,0.176759290192465,0.283313057184316
"FWB_0776","FWB_0776_2019","ODC1","lotic",38.099753,-7.682594,0.0367519062531075,0.0259928630025859,0.00611583337942389,0.020287338943058,9,8.88888888888889,1,12,"lotic",38.099753,-7.682594,1.90195826152613,5.1395826026157,5.32145463705001,2609.002185,56.0056659847345,168,68,533,-4.13516655674236,88,0,3.81207028569289,0,-0.47963385133918,"large",0.280849586364422,-0.117561888880433,NA,"Warm temperate and xeric","Warm temperate",0,"ok",0.414263424838833,0.768367478546646,0.519139321966958
"FWB_0777","FWB_0777_2019","ODC2","lotic",38.133528,-7.798422,0.0642494168965405,0.0528768892744624,0.0110950573680254,0.0558770817508293,4,4.75,1,12,"lotic",38.133528,-7.798422,1.40437982866628,4.5799203400062,5.26247278755472,1864.270739,56.6025949485066,164,173,571,1.09426953923397,62,0,1.40438228385599,0,4.25389506529834,"large",-0.0589664174485062,-0.858665482246345,"low_prod","Warm temperate and xeric","Warm temperate",0,"ok",0.45145186425723,0.834333238955753,0.590738128472849
"FWB_0778","FWB_0778_2019","TC1","lotic",37.806532,-7.728025,0.0371749845777983,0.0257890849920968,0.0179486574940139,0.0448071188307257,6,6.16666666666667,1,12,"lotic",37.806532,-7.728025,1.9058319254879,5.88295292224755,5.32145463705001,2609.002185,20.1090747784565,168,55,526,-6.21460809842219,22,0,5.1719432139511,0,-3.01573092006068,"large",0.283495064786865,0.866807527974689,NA,"Warm temperate and xeric","Warm temperate",0,"ok",0.409584151219273,0.71399194552011,0.561535876221077
"FWB_0779","FWB_0779_2019","TC2","lotic",37.690464,-8.015366,0.00982222299650621,0.0312739413173822,0.0256552310879025,0.0603934024610393,5,8.2,1,12,"lotic",37.690464,-8.015366,1.32574786125186,5.2037890006982,5.32145463705001,2609.002185,46.698830197317,164,134,552,-4.60517018598809,84,0,2.81162973174733,0,-0.491006656734024,"large",-0.112667299910673,-0.0325399113146067,NA,"Warm temperate and xeric","Warm temperate",0,"ok",0.760994166718698,0.70185196406041,0.720968103447823
"FWB_0780","FWB_0780_2019","V1","lotic",37.515164,-7.581794,0.0844531725960276,0.0209507352056292,0.0353762603819995,0.0320687477707575,8,5.75,1,12,"lotic",37.515164,-7.581794,2.63469066674775,4.88191646931207,5.32145463705001,2609.002185,27.237601348205,169,61,517,-3.81671282562382,1,0,4.55926246857466,0,-0.499210013593761,"large",0.781261544285388,-0.45876284173663,NA,"Warm temperate and xeric","Warm temperate",0,"ok",0.198766209361546,0.475479930228856,0.306738880505156
"FWB_0781","FWB_0781_2019","V2","lotic",37.489804,-7.620071,0.0374278989961658,0.0675086893769442,0.0256487271392013,0.0182444190529868,5,8.6,1,12,"lotic",37.489804,-7.620071,2.46385324059017,4.9984739505827,5.32145463705001,2609.002185,30.8587470906943,166,30,530,-2.46510402249182,1,0,4.36317518236731,0,1.00759654124178,"large",0.664589904952285,-0.304417669702739,NA,"Warm temperate and xeric","Warm temperate",0,"ok",0.643328417890926,0.415655304659703,0.57618263366792
"FWB_0782","FWB_0782_2019","V3","lotic",37.473871,-7.777062,0.0464182074158877,0.0231911457032026,0.043273294638456,0.0434111753048717,10,6.4,1,12,"lotic",37.473871,-7.777062,3.66780902349464,3.89204814230294,5.32145463705001,2609.002185,38.6245904931828,162,44,555,-0.125563222975346,2,0,4.18369779215454,0,1.82196692836014,"large",1.48681895648615,-1.76954440253919,NA,"Warm temperate and xeric","Warm temperate",0,"ok",0.33316134490614,0.500795302010302,0.426135337296572
"FWB_0783","FWB_0783_2019","V4","lotic",37.396414,-7.985228,0.070685606064193,0.0203291904075249,0.0515152338259615,0.0216371686281472,9,7.33333333333333,1,12,"lotic",37.396414,-7.985228,2.09285122858975,4.96876117270558,5.32145463705001,2609.002185,61.6007719751285,158,64,578,-1.37832619147071,1,0,3.15406035871823,0,1.93441721471524,"large",0.411217948294257,-0.343763267797816,NA,"Warm temperate and xeric","Warm temperate",0,"ok",0.223361378540708,0.29578206459755,0.255631815065768
"FWB_0784","FWB_0784_2019","X1","lotic",39.080263,-7.018103,0.00890249593389645,0.0347580493195088,0.0472029277253161,0.0278117651478953,6,7,1,12,"lotic",39.080263,-7.018103,-0.435408984481236,7.71956473368983,5.49363743750636,1545.319847,42.0315249221336,169,53,558,-6.90775527898214,32,0,4.49759622246094,0,-1.82009721725981,"small",-1.31543100887023,3.29884503347265,"high_prod","Warm temperate and xeric","Warm temperate",0,"ok",0.796097463230785,0.37075090335839,0.527235634451791
"FWB_0785","FWB_0785_2016","TFVT3_3_DRY","lotic",-4.23981,11.63756,0.0279492831654051,0.031762460708861,0.0503221531549726,0.0188177601298637,13,4.84615384615385,1,18,"lotic",-4.23981,11.63756,0.422649932862265,5.40731812648307,5.46708816681139,1630.854007,74.9655423421089,253,35,1360,-2.12863178587061,6,0,0.422656485920742,0,2.1643581219474,"small",-0.729428615937249,0.236972929823717,"high_prod","Extremely hot and moist","Hot and moist",0,"ok",0.531929879250264,0.272169275832615,0.392546141461492
"FWB_0786","FWB_0786_2017","TFVT3_3_WET","lotic",-4.23981,11.63756,0.0509097095912961,0.0462643772336504,0.0715541498896492,0.0158670344160851,9,5,1,18,"lotic",-4.23981,11.63756,0.422649932862265,5.40731812648307,5.46708816681139,1630.854007,74.9655423421089,253,35,1360,-2.12863178587061,6,0,0.422656485920742,0,2.1643581219474,"small",-0.729428615937249,0.236972929823717,"high_prod","Extremely hot and moist","Hot and moist",0,"ok",0.476097885200537,0.181501023374312,0.336581816365982
"FWB_0787","FWB_0787_2016","TFVT3_4_DRY","lotic",-4.23584,15.33595,0.0151258365672896,0.0260473406184509,0.0427538790934013,0.0311816668300432,10,4.9,1,18,"lotic",-4.23584,15.33595,2.02920032524309,6.06247790870194,6.84907050881753,4864.929028,22.6894234714825,256,145,1381,3.13349221325848,6,100,5.57142376559802,0,9.39251216838995,"large",0.367748227370001,1.10453413819844,"high_prod","Extremely hot and moist","Hot and moist",0,"ok",0.63262887148461,0.421741213114593,0.497173506079207
"FWB_0788","FWB_0788_2017","TFVT3_4_WET","lotic",-4.23584,15.33595,0.0656077626102087,0.0221649708166724,0.050700419936327,0.0226948848795043,12,4,1,18,"lotic",-4.23584,15.33595,2.02920032524309,6.06247790870194,6.84907050881753,4864.929028,22.6894234714825,256,145,1381,3.13349221325848,6,100,5.57142376559802,0,9.39251216838995,"large",0.367748227370001,1.10453413819844,"high_prod","Extremely hot and moist","Hot and moist",0,"ok",0.25252683779225,0.309214396431106,0.278342133994456
"FWB_0789","FWB_0789_2016","TFVT3_5_1_DRY","lotic",-4.17172,11.52928,0.0230784461239136,0.0135516522389077,0.0295360321587726,0.0121159303165823,13,6.30769230769231,1,18,"lotic",-4.17172,11.52928,1.56066774806467,5.34284467174692,5.15200936585746,1652.232774,69.4335005407258,256,23,1352,-2.12863178587061,5,0,3.10458712689647,0,2.1643581219474,"large",0.047768787911888,0.151597316397708,"low_prod","Extremely hot and moist","Hot and moist",0,"ok",0.369959482627606,0.290884981079852,0.327885881907858
"FWB_0790","FWB_0790_2017","TFVT3_5_1_WET","lotic",-4.17172,11.52928,0.0297099042186986,0.0282989731762696,0.0210227283716118,0.0134935047700418,12,7.25,1,18,"lotic",-4.17172,11.52928,1.56066774806467,5.34284467174692,5.15200936585746,1652.232774,69.4335005407258,256,23,1352,-2.12863178587061,5,0,3.10458712689647,0,2.1643581219474,"large",0.047768787911888,0.151597316397708,"low_prod","Extremely hot and moist","Hot and moist",0,"ok",0.48783866275482,0.390932136617135,0.451687954804115
"FWB_0791","FWB_0791_2016","TFVT3_5_DRY","lotic",-4.21243,14.70042,0.0195245507345883,0.0125924478177543,0.0121681483155304,0.0120637671706175,16,6.8125,1,18,"lotic",-4.21243,14.70042,0.410784269585764,5.18515721503505,6.84907050881753,4864.929028,53.4099298810189,244,53,1430,-2.67364877438488,0,0,0.410790900863512,0,1.4400744359044,"small",-0.737532146980657,-0.0572120827799549,"high_prod","Extremely hot and moist","Hot and moist",0,"ok",0.392080467831755,0.497846205245874,0.437563268238492
"FWB_0792","FWB_0792_2017","TFVT3_5_WET","lotic",-4.21243,14.70042,0.0281378610885833,0.00864113915641543,0.0163495551326433,0.0121314768687399,16,6.75,1,18,"lotic",-4.21243,14.70042,0.410784269585764,5.18515721503505,6.84907050881753,4864.929028,53.4099298810189,244,53,1430,-2.67364877438488,0,0,0.410790900863512,0,1.4400744359044,"small",-0.737532146980657,-0.0572120827799549,"high_prod","Extremely hot and moist","Hot and moist",0,"ok",0.234947635847999,0.425949342992583,0.318305328853205
"FWB_0793","FWB_0793_2017","TSVT6_3_WET","lotic",-4.2411,11.64591,0.0192610509121182,0.016185158396691,0.0291727133221905,0.0155542905963948,12,6.16666666666667,1,18,"lotic",-4.2411,11.64591,1.43174562402381,4.92137788907717,5.46708816681139,1630.854007,74.2692158513372,255,50,1352,-1.34323487165944,3,0,1.43174801293639,0,2.1643581219474,"large",-0.0402772327784418,-0.406508112516767,"high_prod","Extremely hot and moist","Hot and moist",0,"ok",0.456611827112036,0.347760619618242,0.395885953866705
"FWB_0798","FWB_0798_2019","Ravine_du_Grand_Sable","lotic",-21.042694,55.482071,0.210520099983466,0.157830993148722,0.38228343089413,0.00765742201505809,2,4,1,13,"lentic",-26.890897,32.298722,-0.0202027073175195,-1.62285545280295,4.07734539105797,92.56986043,10.4443766107567,229,120,647,-0.102032725565152,9,0,1.54008997791973,0,3.20914907301938,"large",-0.0947013787687502,0.117781670774529,"low_prod","Hot and mesic","Hot and moist",2677407.13293862,"check",0.42847977402929,0.0196373936147732,0.218238392254729
"FWB_0799","FWB_0799_2020","Riviere_du_Mat_downstream","lotic",-21.065836,55.49622,0.030042155278058,0.0289909296711029,0.0129391978005212,0.0181074571100974,3,26.6666666666667,5,13,"lentic",-26.890897,32.298722,-0.0202027073175195,-1.62285545280295,4.07734539105797,92.56986043,10.4443766107567,229,120,647,-0.102032725565152,9,0,1.54008997791973,0,3.20914907301938,"large",-0.0947013787687502,0.117781670774529,"low_prod","Hot and mesic","Hot and moist",2678192.12187093,"check",0.491096301270208,0.583233754561568,0.522852162478654
"FWB_0800","FWB_0800_2019","Riviere_du_Mat_upstream","lotic",-21.066069,55.498387,0.0704652575847027,0.036291623273998,0.0730937036019967,0.0505894449757184,2,12,3,13,"lentic",-26.890897,32.298722,-0.0202027073175195,-1.62285545280295,4.07734539105797,92.56986043,10.4443766107567,229,120,647,-0.102032725565152,9,0,1.54008997791973,0,3.20914907301938,"large",-0.0947013787687502,0.117781670774529,"low_prod","Hot and mesic","Hot and moist",2678417.34881065,"check",0.33994645574211,0.409024556356042,0.37702246637531
"FWB_0801","FWB_0801_2019","Site1Russia","lotic",53.280345,136.170654,0.212672241893024,0.0332760915814628,0.029092151612213,0.114459230210259,2,5.5,4,7,"lotic",53.280345,136.170654,3.93967708220996,4.38676073287052,2.45029850198034,167.2932297,41.0127951561477,-33,0,653,-5.80914299031403,0,0,6.32002343057757,0,-3.72928486874898,"large",1.67248841315056,-1.11444702855596,"low_prod","Cold and mesic","Cold and wet/mesic",0,"ok",0.135297080941248,0.79733980096276,0.379295070033842
"FWB_0802","FWB_0802_2019","Site2Russia","lotic",53.070903,136.027958,0.150190640385983,0.04951461192759,0.0907556853054434,0.0950752989211784,2,6,4,7,"lotic",53.070903,136.027958,4.34848277763853,4.96336919950204,2.45029850198034,167.2932297,59.8116119070887,-30,0,646,-6.21460809842219,0,0,7.7460446891359,0,-3.72928486874898,"large",1.95167800132877,-0.350903307395702,"low_prod","Cold and mesic","Cold and wet/mesic",0,"ok",0.247938456069464,0.511622425705035,0.375035851743326
"FWB_0803","FWB_0803_2019","Site3Russia","lotic",53.294958,136.107849,0.10201718473522,0.0437630639983466,0.0450115480848951,0.0646618409020737,2,7,4,7,"lotic",53.294958,136.107849,4.29059641806799,4.24150557592019,2.45029850198034,167.2932297,33.5239612202588,-33,0,662,-6.21460809842219,0,0,6.56507059903387,0,-3.72928486874898,"large",1.91214511548506,-1.3067936024859,"low_prod","Cold and mesic","Cold and wet/mesic",0,"ok",0.300198856693746,0.589585509295758,0.424440637713824
"FWB_0804","FWB_0804_2019","Site4Russia","lotic",53.054355,136.225229,0.0989591152271382,0.00996624734628049,0.0392082012895876,0.0135908041775305,5,10,4,7,"lotic",53.054355,136.225229,2.5065050493405,6.87119746485974,2.45029850198034,167.2932297,73.1738688478761,-27,0,613,-6.90775527898214,0,0,7.88653994700375,0,-3.72928486874898,"large",0.693718513122913,2.17543887688728,"low_prod","Cold and mesic","Cold and wet/mesic",0,"ok",0.0914961135847766,0.257406442740565,0.145661731804736
"FWB_0805","FWB_0805_2018","Kivu","lentic",-2.04188,29.22771,0.0047828377750522,0.0359983637995591,0.000193078192035767,0.0196955959971952,2,199.5,133,14,"lentic",-2.04188,29.22771,7.78359061579691,-8.74036969582172,5.49045355315651,490.8921845,12.6543548092853,193,74,1317,7.02307394724472,13,36,7.13657072266054,0,6.61373987324767,"large",3.07080233417609,-2.52662881559051,"high_prod","Hot and dry","Hot and dry",0,"ok",0.882719547478223,0.990292053145488,0.917983745566634
"FWB_0806","FWB_0806_2007","Loch Skeen","lentic",55.435242,-3.311333,0.027250103161377,0.0412067132009257,0.0762687015222726,0.0226896200630936,3,25.6666666666667,10,5,"lentic",55.435242,-3.311333,-1.77195684193188,-2.58450077224642,3.4816265100502,1980.695571,73.4308777839241,57,66,1393,-3.57555076880693,1,0,-1.29459067690968,0,0.0198124311696903,"small",-0.805276862727773,-0.239503875846536,"low_prod","Cold and wet","Cold and wet/mesic",0,"ok",0.601937329116244,0.229284608910029,0.381664012271054
"FWB_0807","FWB_0807_2021","hrhov","lentic",48.594674,20.760459,0.0810355032422152,0.0151918529284842,0.0394431433893711,0.0638592199637612,6,5.16666666666667,1,8,"lentic",48.594674,20.760459,-0.673344553263766,0.148725844194913,5.3217929510552,1264.424209,4.96320000157274,91,107,576,-0.170788320980282,19,0,2.30458409366021,0,3.6210290547571,"small",-0.359639576490952,0.775987330682326,"high_prod","Cool temperate and dry","Cool temperate and dry/xeric",0,"ok",0.157874574684719,0.618177724990305,0.396186959420868
"FWB_0808","FWB_0808_2021","inacovce","lentic",48.683137,22.06486,0.101495463437827,0.0149044766928341,0.0922874337107107,0.0104131380075604,10,3.6,1,8,"lentic",48.683137,22.06486,0.512823626428664,1.29048085228581,5.17692683507123,2010.14078,20.6635944597277,96,116,682,0.335757695683344,80,0,3.35891633713482,6695,3.82214227942749,"large",0.121513578330797,1.2001900527516,"high_prod","Cool temperate and dry","Cool temperate and dry/xeric",0,"ok",0.128045398271713,0.10139318441309,0.11555251280221
"FWB_0809","FWB_0809_2021","perin","lentic",48.539368,21.141027,0.0154383670699187,0.0513034266155456,0.0607693722883223,0.0424921168499449,4,6,3,8,"lentic",48.539368,21.141027,-0.798507696217772,-0.0631358039130027,5.3217929510552,1264.424209,48.1500261987561,90,263,608,0.557900031151919,64,0,1.59229378818506,0,3.81560042713798,"small",-0.410410320581677,0.697273169419541,"high_prod","Cool temperate and dry","Cool temperate and dry/xeric",0,"ok",0.76868516386186,0.411500136251647,0.551727836707381
"FWB_0810","FWB_0810_2023","slanec","lentic",48.636304,21.464834,0.0804749127642894,0.0266806839132768,0.0523604955999891,0.0963202452249383,3,16.3333333333333,1,8,"lentic",48.636304,21.464834,0.157003748809665,-2.13742056361974,5.3217929510552,1264.424209,83.6860816866699,90,238,619,1.79442258664754,35,18,-0.186317530071301,0,5.36493346240689,"large",-0.0228199652557986,-0.0733976270113774,"high_prod","Cool temperate and dry","Cool temperate and dry/xeric",0,"ok",0.248990111021076,0.647832696356793,0.480779745125206
"FWB_0814","FWB_0814_2012","After N - M confluence","lotic",-28.710591,31.994499,0.0429023259175774,0.0404922920542473,0.0198851149497418,0.0205297334141948,5,8,5,13,"lotic",-28.710591,31.994499,2.87762418507366,4.48406245911546,5.72309510054875,1442.848632,94.879157429726,218,240,1087,1.85457776162021,4,4,4.79253740864032,0,4.69590637557543,"large",0.947170458213291,-0.985600286907518,"high_prod","Hot and mesic","Hot and moist",0,"ok",0.485550423265058,0.507975020203568,0.492870434502603
"FWB_0815","FWB_0815_2015","Amatele","lotic",-32.7331,27.02,0.00484963269054176,0.154721935261708,0.0158848808299039,0.155172968106996,2,3,3,12,"lotic",-32.7331,27.02,1.25390517307415,4.2973699016481,2.59920976271593,632.3567761,39.7872419455048,160,114,798,0.618423634364009,6,0,1.25390802695135,0,3.27880411018099,"small",-0.161731514891639,-1.23281817962127,"low_prod","Warm temperate and xeric","Warm temperate",0,"ok",0.969608416130918,0.907137375287798,0.937287753414278
"FWB_0816","FWB_0816_2015","Baakens","lotic",-33.963,25.5678,0.0195263830290185,0.0781777761841586,0.0244342659446925,0.0696086154091153,6,2.66666666666667,1,14,"lotic",-33.963,25.5678,0.233489843368354,4.64530136207255,2.8460514331769,162.8492992,32.8928704304132,174,390,570,2.97149080918096,4,98,0.979081476539868,0,6.92054811065378,"small",-0.85861352719489,-0.772088070066745,"low_prod","Hot and dry","Hot and dry",0,"ok",0.800147883301318,0.740179526690957,0.770736232258282
"FWB_0818","FWB_0818_2015","Fernkloof","lotic",-33.7202,25.2879,0.0278742283950617,0.128750419921055,0.0336076817558299,0.091083865214056,2,3,2,12,"lotic",-33.7202,25.2879,-0.34389975245001,4.85870042447617,2.8460514331769,162.8492992,12.2350203113342,172,36,465,-3.44201937618241,1,0,-0.34388564817712,0,0.453626503215182,"small",-1.25293573277453,-0.48950547957576,"low_prod","Warm temperate and xeric","Warm temperate",0,"ok",0.822031661716469,0.730473455719124,0.781449091160978
"FWB_0819","FWB_0819_2017","FKL","lotic",-24.256686,27.968412,0.0495730355860103,0.0255335954262909,0.0456037480795969,0.0351437969509612,4,4.75,4,14,"lotic",-24.256686,27.968412,0.877965617552487,4.21663790083784,3.41011772186098,755.4780248,27.4407143121236,180,54,645,-2.91877123241786,37,0,1.25276582563414,0,-0.15898400822975,"small",-0.418475515427048,-1.33972332563046,"low_prod","Hot and dry","Hot and dry",0,"ok",0.339964595431114,0.435230531623734,0.389321569160688
"FWB_0820","FWB_0820_2021","GWT1","lotic",-25.5608568,27.5349165,0.482578212372721,0.000370439237616463,0.49310775587753,3.687296276364e-05,2,2,1,14,"lotic",-25.5608568,27.5349165,-0.964955903855436,6.302333320588,4.12854894456772,630.4387218,33.0382297347278,194,137,607,-0.951917909517306,50,0,2.7042436319687,1328,4.95453051322539,"small",-1.67707955729891,1.42215017113981,"low_prod","Hot and dry","Hot and dry",0,"ok",0.000767036488001934,7.47710927124006e-05,0.000417288192161367
"FWB_0821","FWB_0821_2015","Kaaloog","lotic",19.3104,26.3753,0.178729810891973,0.0141796932067202,0.0530623205957696,0.05542500022962,3,4,3,16,"lotic",19.3104,26.3753,-3.41124771751566,4.50986011618376,5.66317438815877,961.7831701,206.224551856511,253,32,18,-3.47376807449699,0,0,-3.41094473311704,0,-0.0171359859467349,"small",-3.3477490505493,-0.951439083569283,"high_prod","Extremely hot and arid","Hot and dry",0,"ok",0.073504378506234,0.510889197077939,0.230940367251289
"FWB_0822","FWB_0822_2015","Kap","lotic",-33.4513,27.0396,0.334243107472014,0.0267518096594281,0.154765396316041,0.230427169056122,2,2,1,14,"lotic",-33.4513,27.0396,0.8845936451309,4.20160762079314,2.59920976271593,632.3567761,72.4556036020609,180,104,582,-2.04794287462046,5,0,2.43702944374544,0,1.89386619705497,"small",-0.413948973084943,-1.35962639091573,"low_prod","Hot and dry","Hot and dry",0,"ok",0.0741057793057164,0.598212919383554,0.34465732104305
"FWB_0824","FWB_0824_2015","Klipplaat","lotic",-32.485,26.947,0.0149367474470356,0.140786465477824,0.000571775303974431,0.242709864874326,2,3,3,11,"lotic",-32.485,26.947,-0.16960278438618,5.56001310323411,2.59920976271593,632.3567761,64.7699356653883,128,110,977,-4.3428059215206,18,0,2.01196671380998,0,0.61573143606191,"small",-1.13390143535987,0.439171297516916,"low_prod","Warm temperate and mesic","Warm temperate",0,"ok",0.904081432905941,0.997649739192997,0.961131994685287
"FWB_0826","FWB_0826_2010","Lake Jozini","lentic",-27.420517,32.065671,0.135013044558899,0.00515014998307561,0.0878126119632136,0.053731459358405,5,3.2,1,13,"lentic",-27.420517,32.065671,4.8587265437105,-3.1578607283233,5.72309510054875,1442.848632,74.2299683007005,224,93,548,2.76449354452542,8,2,7.32898875042081,1930,3.82314829350774,"large",1.88437059557215,-0.452527556382005,"high_prod","Hot and mesic","Hot and moist",0,"ok",0.0367439540737158,0.379609395552256,0.20901700622089
"FWB_0827","FWB_0827_2010","Lake Nyamithi","lentic",-26.890897,32.298722,0.0201303918726964,0.0535159899288273,0.0399084100730044,0.0285364248577554,10,9.4,1,13,"lentic",-26.890897,32.298722,-0.0202027073175195,-1.62285545280295,4.07734539105797,92.56986043,10.4443766107567,229,120,647,-0.102032725565152,9,0,1.54008997791973,0,3.20914907301938,"large",-0.0947013787687502,0.117781670774529,"low_prod","Hot and mesic","Hot and moist",0,"ok",0.726661495374646,0.416925906631573,0.577462961283378
"FWB_0828","FWB_0828_2015","Liesbeek","lotic",-33.946,18.478,0.00238589650283658,0.155032082740754,0.0844448733221595,0.0344438585668515,3,3,3,11,"lotic",-33.946,18.478,1.06712162157674,4.96239906309801,5.53236072020091,285.201484,81.0901292118608,160,342,990,3.1454014980727,0,52,1.0671250615433,0,6.88634470984007,"small",-0.289293394298322,-0.352187959985516,"high_prod","Warm temperate and mesic","Warm temperate",0,"ok",0.984843557805144,0.28971508081192,0.685744984372365
"FWB_0829","FWB_0829_2015","Lisbon","lotic",-24.8702,30.8413,0.0788861398958569,0.252871502503974,0.231338091679765,0.190651652967095,2,2,1,11,"lotic",-24.8702,30.8413,0.0685927914656117,5.21761644429988,5.70760625368616,884.4109903,66.1258786250609,159,85,1027,-4.07454193492592,0,0,0.0686021284901822,0,0.078820422525759,"small",-0.971228249854916,-0.0142296395223069,"high_prod","Warm temperate and mesic","Warm temperate",0,"ok",0.762217565433552,0.451792147523965,0.588424136644595
"FWB_0830","FWB_0830_2010","Luvuvhu River","lotic",-22.427917,31.209444,0.0230748135444307,0.0109909726960747,0.0131181007251196,0.0211091126650074,19,8.36842105263158,1,18,"lotic",-22.427917,31.209444,1.29417907221208,4.5167792981646,5.9529374041193,1409.666772,49.2058776225539,239,76,470,-4.50986000618377,9,0,1.2941818134364,0,-1.70369364835982,"small",-0.13422687530274,-0.942276717314249,"high_prod","Extremely hot and moist","Hot and moist",0,"ok",0.32263963081545,0.616734772544949,0.470034784453718
"FWB_0831","FWB_0831_2015","Magalies","lotic",-26.0161,27.5646,0.0839583333333333,0.0932175925925926,0.0629950714960395,0.131622384947021,3,3,3,12,"lotic",-26.0161,27.5646,-1.57021719928082,6.27725908216928,6.11054219062009,743.8929737,55.5740905548232,166,169,687,-4.3428059215206,13,0,1.35015150649677,0,1.95741655289855,"small",-2.09043644958211,1.38894691725884,"high_prod","Warm temperate and xeric","Warm temperate",0,"ok",0.526130128037627,0.676313355197559,0.604744431186435
"FWB_0832","FWB_0832_2012","Mposa","lotic",-28.689436,32.016889,0.0487366116336156,0.0412137487978621,0.0319843476330193,0.0135635932858314,7,5,1,13,"lotic",-28.689436,32.016889,-0.0491902441907718,6.40487288925803,5.72309510054875,1442.848632,92.7607485531747,218,370,1082,-2.07147337203066,3,2,3.10148816104207,0,3.49717430883801,"small",-1.05166694625031,1.55793285273286,"high_prod","Hot and mesic","Hot and moist",0,"ok",0.458183253520789,0.297787188887345,0.404265895127849
"FWB_0833","FWB_0833_2021","MRT1","lotic",-25.797824,27.577367,0.0299640544449656,0.0671477588394305,0.0926636342944295,0.04234307954779,3,5.66666666666667,5,12,"lotic",-25.797824,27.577367,-0.29975465368605,4.43377781842197,4.12854894456772,630.4387218,61.8717240972733,178,156,659,0.714908672341458,14,4,-0.299741158500458,0,3.96512784797106,"small",-1.2227872977556,-1.05218710256183,"low_prod","Warm temperate and xeric","Warm temperate",0,"ok",0.691447894632401,0.313636843255631,0.4717022796181
"FWB_0834","FWB_0834_2021","MRT2","lotic",-25.741246,27.568126,0.04272746743764,0.0755548591790305,0.00753165095967696,0.0607598815214335,3,5.66666666666667,1,12,"lotic",-25.741246,27.568126,-0.29975465368605,4.43377781842197,4.12854894456772,630.4387218,54.9001726653236,178,156,659,0.714908672341458,14,4,-0.299741158500458,0,3.96512784797106,"small",-1.2227872977556,-1.05218710256183,"low_prod","Warm temperate and xeric","Warm temperate",0,"ok",0.638767103591805,0.889713253077748,0.730620791999715
"FWB_0835","FWB_0835_2021","MRT3","lotic",-25.727336,27.566574,0.0154027673478819,0.104499359416026,0.000684159394128485,0.0526052234517145,2,6.5,3,12,"lotic",-25.727336,27.566574,-0.29975465368605,4.43377781842197,4.12854894456772,630.4387218,53.1877832919182,178,156,659,0.714908672341458,14,4,-0.299741158500458,0,3.96512784797106,"small",-1.2227872977556,-1.05218710256183,"low_prod","Warm temperate and xeric","Warm temperate",0,"ok",0.871538831181781,0.987161431459853,0.907114807312098
"FWB_0836","FWB_0836_2021","MRT4","lotic",-25.71803,27.56583,0.00896342851140564,0.0605627611280451,0.0239034914346418,0.0681993067456306,2,10,10,14,"lotic",-25.71803,27.56583,-1.49165487677772,5.61123095385661,4.12854894456772,630.4387218,52.0416159729888,187,201,624,-3.05760767727208,20,4,0.57042006807292,0,2.48457409449762,"small",-2.03678313038612,0.506993867800338,"low_prod","Hot and dry","Hot and dry",0,"ok",0.871078387038205,0.740469432993169,0.796652070959534
"FWB_0837","FWB_0837_2021","MRT5","lotic",-25.687557,27.535343,0.103942622846441,0.0490042148249237,0.0419870120708715,0.0388425437723089,2,8.5,7,14,"lotic",-25.687557,27.535343,-3.86323284125871,7.28504951698075,4.12854894456772,630.4387218,48.5341036545251,189,400,623,-6.90775527898214,20,0,-0.759265615771405,0,-11.5129254649702,"small",-3.65642757917942,2.72346089559312,"low_prod","Hot and dry","Hot and dry",0,"ok",0.320400314063495,0.480548771635816,0.375772580270244
"FWB_0838","FWB_0838_2021","MRT6","lotic",-25.682188,27.53308,0.021620440936994,0.0886327888198778,0.00250376900679534,0.0771378132219109,3,5.66666666666667,1,14,"lotic",-25.682188,27.53308,-1.44392347395653,6.0943806939791,4.12854894456772,630.4387218,47.9036383052675,189,383,624,1.18203389680718,20,35,1.45652213646577,267,7.02182566237738,"small",-2.00418546639603,1.14677973949563,"low_prod","Hot and dry","Hot and dry",0,"ok",0.803901971990563,0.96856203836326,0.872960142030518
"FWB_0839","FWB_0839_2021","MRT7","lotic",-25.660386,27.531239,0.0305942346106362,0.0923201616429824,0.0136247844909147,0.0742211329474521,2,6.5,6,14,"lotic",-25.660386,27.531239,-0.908818717035454,5.74821678674698,4.12854894456772,630.4387218,45.25599101394,190,229,624,2.25811060289222,27,36,1.59898547554679,235,7.06846668439204,"small",-1.63874125075129,0.688390220168146,"low_prod","Hot and dry","Hot and dry",0,"ok",0.75109315472283,0.844901335335544,0.790192857815848
"FWB_0840","FWB_0840_2015","Muldersdrift","lotic",-26.0363,27.8458,0.151537090666072,0.136444642459346,0.141327536931933,0.163265306122449,3,1.33333333333333,1,11,"lotic",-26.0363,27.8458,-0.168418651624963,4.50747062904954,6.11054219062009,743.8929737,76.0448048048124,160,353,739,3.74551967816119,3,92,-0.168406817375462,0,7.06615976425099,"small",-1.13309274423436,-0.954603237416673,"high_prod","Warm temperate and mesic","Warm temperate",0,"ok",0.473796170953395,0.536011629443636,0.505775915183469
"FWB_0841","FWB_0841_2012","Nseleni","lotic",-28.681934,32.00408,0.0491762922710096,0.0286376956666711,0.0454368605736017,0.0635259166402338,8,3.875,1,13,"lotic",-28.681934,32.00408,2.41885587465943,4.6843086600169,5.72309510054875,1442.848632,91.5258765949219,217,213,1060,2.17008174318095,11,12,4.38954840013604,0,5.85462772614076,"large",0.633859422956098,-0.720434688008672,"high_prod","Hot and mesic","Hot and moist",0,"ok",0.368027605648567,0.583005667298352,0.493442598345358
"FWB_0842","FWB_0842_2011","Olifants River","lotic",-24.035194,31.565528,0.0411112422168245,0.00652333681880128,0.0418989495251684,0.00687532616930148,14,8.35714285714286,1,13,"lotic",-24.035194,31.565528,2.58150387977567,6.61917747701498,5.52188363290565,924.0396573,42.0344591994067,228,71,502,-6.21460809842219,4,0,8.61962341977268,584,-2.30248509799371,"large",0.744938182558028,1.84171453799594,"high_prod","Hot and mesic","Hot and moist",0,"ok",0.136945407115333,0.140962137754124,0.138977514312491
"FWB_0843","FWB_0843_2017","PBS","lotic",-24.244631,27.789014,0.0042727160418682,0.0813396309929189,0.0825678764194386,0.0307915741228487,3,6.33333333333333,6,14,"lotic",-24.244631,27.789014,0.673964361143171,4.25487935460732,3.41011772186098,755.4780248,27.9790751953177,186,22,612,-2.37515578582888,25,0,0.673969457970142,0,0.47499738964291,"small",-0.557796046920734,-1.28908407282117,"low_prod","Hot and dry","Hot and dry",0,"ok",0.950092291709605,0.271627764386193,0.563553259714267
"FWB_0845","FWB_0845_2015","Rondegat","lotic",-32.3761,19.0667,0.102460747168338,0.0243823729785937,0.00155297702766061,0.110018426534209,4,3,3,12,"lotic",-32.3761,19.0667,2.04936885742354,3.95806713492953,4.59337682882383,483.4576709,33.6527099292181,158,92,370,-1.2413285908697,2,0,2.04937014558451,0,0.911081185721909,"large",0.381522116179737,-1.68212219108287,"low_prod","Warm temperate and xeric","Warm temperate",0,"ok",0.192224638989878,0.986080868591033,0.563727399749185
"FWB_0846","FWB_0846_2018","site10","lotic",-24.7208333,30.8458333,0.0226348064979331,0.0198679671734701,0.00435129907041848,0.0497681771843205,5,4.8,2,11,"lotic",-24.7208333,30.8458333,1.68713942009795,4.60850918692027,6.18126041753866,2057.139269,52.9502311404158,160,64,1018,-2.91877123241786,1,0,1.68714127057737,0,-0.0844582752928337,"large",0.134141297947896,-0.820808191173301,"high_prod","Warm temperate and mesic","Warm temperate",0,"ok",0.467451073359894,0.919598278262394,0.720705059248985
"FWB_0847","FWB_0847_2018","site11","lotic",-24.7192778,30.8373611,0.0568832987996808,0.0249295310480918,0.0256784873642008,0.0933208343532776,3,5,2,11,"lotic",-24.7192778,30.8373611,1.68713942009795,4.60850918692027,6.18126041753866,2057.139269,52.9783887285738,160,64,1018,-2.91877123241786,1,0,1.68714127057737,0,-0.0844582752928337,"large",0.134141297947896,-0.820808191173301,"high_prod","Warm temperate and mesic","Warm temperate",0,"ok",0.304714200626939,0.78421316194419,0.588860606689658
"FWB_0848","FWB_0848_2013","site1SA","lotic",-25.6167,25.85,0.0271014312847525,0.0173115466783538,0.025995463581057,0.0269807472249341,10,16.9,10,12,"lotic",-25.6167,25.85,-1.36257783450257,4.58659390229015,4.52414641754844,608.5941732,87.028193996174,177,122,559,1.13558689145947,17,0,-1.36253877276549,0,4.61986183327266,"small",-1.94863130990261,-0.849828365078342,"low_prod","Warm temperate and xeric","Warm temperate",0,"ok",0.389785766960604,0.50929930273312,0.454796825634328
"FWB_0849","FWB_0849_2018","site2SA","lotic",-24.9808333,30.7305556,3.17560646462141e-08,0.077180589978516,0.094416477017848,0.0731050370824418,2,12.5,1,11,"lotic",-24.9808333,30.7305556,1.27675847405158,5.05012795295132,5.7221302261598,813.7096399,63.8149549656108,154,50,1026,-4.01738352108597,2,0,1.99660462132754,0,-0.6616291338434,"small",-0.146124091218848,-0.236017548192613,"high_prod","Warm temperate and mesic","Warm temperate",0,"ok",0.999999588548732,0.436391931359193,0.614157398129019
"FWB_0850","FWB_0850_2018","site3SA","lotic",-24.9793333,30.7338611,0.0345555861392216,0.0526013142378113,0.0319056093054903,0.11885979287911,2,7.5,2,11,"lotic",-24.9793333,30.7338611,1.27675847405158,5.05012795295132,5.7221302261598,813.7096399,63.835014012116,154,50,1026,-4.01738352108597,2,0,1.99660462132754,0,-0.6616291338434,"small",-0.146124091218848,-0.236017548192613,"high_prod","Warm temperate and mesic","Warm temperate",0,"ok",0.603524379713628,0.78837578885357,0.720660086384734
"FWB_0851","FWB_0851_2018","site4SA","lotic",-24.9710833,30.7359722,0.0396415770862851,0.0405603439736236,0.0164366251561631,0.0769630687082282,3,7.66666666666667,4,11,"lotic",-24.9710833,30.7359722,1.27675847405158,5.05012795295132,5.7221302261598,813.7096399,64.6721381845292,154,50,1026,-4.01738352108597,2,0,1.99660462132754,0,-0.6616291338434,"small",-0.146124091218848,-0.236017548192613,"high_prod","Warm temperate and mesic","Warm temperate",0,"ok",0.505727835912136,0.824018425798828,0.676971886080084
"FWB_0852","FWB_0852_2018","site5SA","lotic",-24.9331667,30.748,0.0756547376126307,0.0522986659665035,0.00844551608637058,0.0496692368361575,3,8.33333333333333,1,12,"lotic",-24.9331667,30.748,0.742413421862863,5.55360572468587,5.7221302261598,813.7096399,68.4990329660175,162,61,979,-3.9633162998157,1,0,2.52556943163459,0,0.59222679292814,"small",-0.511049474436018,0.430686660293001,"high_prod","Warm temperate and xeric","Warm temperate",0,"ok",0.408732120471956,0.854675178648197,0.54801372099234
"FWB_0853","FWB_0853_2017","site6","lotic",-24.8994167,30.7496944,0.0204419176327906,0.0481708415586177,0.0904425963379932,0.0307779135604425,5,5.2,1,12,"lotic",-24.8994167,30.7496944,0.112435429329788,6.2619214376844,5.51023234917507,1691.360838,71.6792242730699,164,69,960,-1.81400507817537,3,0,2.66653421582607,0,3.42400236013317,"small",-0.94128637735455,1.36863684062705,"high_prod","Warm temperate and xeric","Warm temperate",0,"ok",0.702068276021898,0.253900215287246,0.415884715558975
"FWB_0854","FWB_0854_2018","site7","lotic",-24.8777778,30.7610556,0.0619831978666828,0.0411161681438516,0.137713950248053,0.0338721584528746,6,3.5,1,12,"lotic",-24.8777778,30.7610556,1.67560011468777,5.11626031506569,5.51023234917507,1691.360838,73.7346137081128,163,80,989,-3.64965874096066,4,0,3.19887758644141,0,-0.193572613223975,"large",0.126260649607236,-0.148445213098573,"high_prod","Warm temperate and xeric","Warm temperate",0,"ok",0.398801367407541,0.19740618112573,0.272997058455662
"FWB_0855","FWB_0855_2018","site8","lotic",-24.8539167,30.7628056,0.0641821507800793,0.037525259362231,0.0112275522732492,0.03222827794896,6,7.16666666666667,1,12,"lotic",-24.8539167,30.7628056,1.67560011468777,5.11626031506569,6.18126041753866,2057.139269,71.1004252644017,163,80,989,-3.64965874096066,4,0,3.19887758644141,0,-0.193572613223975,"large",0.126260649607236,-0.148445213098573,"high_prod","Warm temperate and xeric","Warm temperate",0,"ok",0.368953051795589,0.741633004919302,0.480517913047634
"FWB_0856","FWB_0856_2018","site9","lotic",-24.7311667,30.8551389,0.0495701307253602,0.0129950627088182,0.0304784043272826,0.0272923592846844,6,5.33333333333333,2,11,"lotic",-24.7311667,30.8551389,1.68713942009795,4.60850918692027,6.18126041753866,2057.139269,53.975889166519,160,64,1018,-2.91877123241786,1,0,1.68714127057737,0,-0.0844582752928337,"large",0.134141297947896,-0.820808191173301,"high_prod","Warm temperate and mesic","Warm temperate",0,"ok",0.207704347985268,0.472425108797262,0.334791221031745
"FWB_0858","FWB_0858_2021","STK2","lotic",-25.83284,27.388803,0.128082576682367,0.0666107051562673,0.170745583931334,0.0340203985100276,2,6,2,12,"lotic",-25.83284,27.388803,-0.489390343045926,4.65169029707753,6.11054219062009,743.8929737,69.6452656265244,172,107,698,-0.659712404473708,11,0,-0.489374029965282,0,2.63088185848061,"small",-1.35229701498391,-0.763627855744106,"high_prod","Warm temperate and xeric","Warm temperate",0,"ok",0.342131503086355,0.166142823648796,0.251918312240616
"FWB_0859","FWB_0859_2021","STK3","lotic",-25.813114,27.470612,0.0810242093540425,0.0451085095464019,0.0829139247480241,0.0397249020735553,3,3.66666666666667,3,14,"lotic",-25.813114,27.470612,-0.978166135592243,5.33653862749323,4.12854894456772,630.4387218,64.9788176213032,174,81,692,-1.75446368448436,8,0,0.192280138438167,0,2.40811649405013,"small",-1.6861013473561,0.143246865833932,"low_prod","Hot and dry","Hot and dry",0,"ok",0.357627346335139,0.323917825236121,0.341009303832319
"FWB_0860","FWB_0860_2021","STK4","lotic",-25.757326,27.482763,0.172143347779707,0.0857349936821715,0.226048298085975,0.008175355402046,3,1.33333333333333,1,14,"lotic",-25.757326,27.482763,0.624332864559586,3.91776253434089,4.12854894456772,630.4387218,57.9504080997999,186,247,659,2.83796673465592,18,19,1.38304157654756,4474,6.1719511088278,"small",-0.591691360138699,-1.73549345857936,"low_prod","Hot and dry","Hot and dry",0,"ok",0.332462948210971,0.0349040555054961,0.190835131838428
"FWB_0862","FWB_0862_2021","STK6","lotic",-25.665378,27.476121,0.135463931185764,0.0221930148473311,0.0596740250404217,0.0201838779143995,5,6.4,2,14,"lotic",-25.665378,27.476121,0.624332864559586,3.91776253434089,4.12854894456772,630.4387218,47.0365744813709,186,247,659,2.83796673465592,18,19,1.38304157654756,4474,6.1719511088278,"small",-0.591691360138699,-1.73549345857936,"low_prod","Hot and dry","Hot and dry",0,"ok",0.140767758133995,0.252747407176699,0.178417867103065
"FWB_0863","FWB_0863_2021","STK7","lotic",-25.649644,27.483532,0.0495114848106451,0.0362548303043584,0.0111000871980648,0.0847347471657716,5,4,1,14,"lotic",-25.649644,27.483532,0.244513577050402,4.66396077655116,4.12854894456772,630.4387218,44.9488925713322,190,151,632,-3.10109278921182,28,0,1.96543402601964,2552,0.610314334066715,"small",-0.851084983191484,-0.747379312581966,"low_prod","Hot and dry","Hot and dry",0,"ok",0.422716427256371,0.884174817312008,0.666237949579871
"FWB_0864","FWB_0864_2015","Swartspruit","lotic",25.9245,27.5438,0.164355555555555,0.222577777777778,0.191374222222222,0.253461333333334,2,2,1,16,"lotic",19.3104,26.3753,-3.41124771751566,4.50986011618376,5.66317438815877,961.7831701,206.224551856511,253,32,18,-3.47376807449699,0,0,-3.41094473311704,0,-0.0171359859467349,"small",-3.3477490505493,-0.951439083569283,"high_prod","Extremely hot and arid","Hot and dry",808747.304252677,"check",0.57523546979095,0.569786587802735,0.572321371321095
"FWB_0865","FWB_0865_2015","Treur","lotic",-24.72,30.8393,0.117752561211977,0.108180056168664,0.0310216974600616,0.0881280095893525,4,2,1,11,"lotic",-24.72,30.8393,1.68713942009795,4.60850918692027,6.18126041753866,2057.139269,53.0140650942548,160,64,1018,-2.91877123241786,1,0,1.68714127057737,0,-0.0844582752928337,"large",0.134141297947896,-0.820808191173301,"high_prod","Warm temperate and mesic","Warm temperate",0,"ok",0.478815575293438,0.739641009379937,0.568873140872233
"FWB_0868","FWB_0868_2016","bisbal-do","lotic",41.2742157,0.7220202,0.123326151420003,0.0320471204161808,0.0577416562410771,0.117813165827682,3,3,3,11,"lotic",41.2742157,0.7220202,1.24789399138386,3.97680416765218,5.73109193640576,1792.837576,50.7112805750664,139,49,563,-0.32989392126109,40,0,2.00552720462378,0,2.41385899009754,"small",-0.165836788764633,-1.65731065168227,"high_prod","Warm temperate and mesic","Warm temperate",0,"ok",0.206258901788265,0.671090457324712,0.452848485831213
"FWB_0869","FWB_0869_2016","bisbal-up","lotic",41.2757224,0.7216932,0.00946834220591802,0.125222940612654,0.0318675843268336,0.0759879647689071,4,3,1,11,"lotic",41.2757224,0.7216932,1.24789399138386,3.97680416765218,5.73109193640576,1792.837576,50.85949576276,139,49,563,-0.32989392126109,40,0,2.00552720462378,0,2.41385899009754,"small",-0.165836788764633,-1.65731065168227,"high_prod","Warm temperate and mesic","Warm temperate",0,"ok",0.929703377918883,0.704534587288174,0.829575483602462
"FWB_0871","FWB_0871_2016","canaleta-up","lotic",41.0016357,0.384463,0.0602365738449312,0.201572944534484,0.275631922136712,0.068226527592217,2,2.5,1,11,"lotic",41.0016357,0.384463,0.826366024346168,4.30774208228831,5.73109193640576,1792.837576,5.24631611864154,138,83,555,-0.0822952427268302,37,0,0.826370400704207,0,2.51963089073982,"small",-0.453714919717472,-1.21908335978965,"high_prod","Warm temperate and mesic","Warm temperate",0,"ok",0.769922139508938,0.198414573339703,0.445457719960582
"FWB_0880","FWB_0880_2016","maella-do","lotic",41.1311094,0.143475,0.051376690879971,0.0529358338995778,0.0121371513383687,0.148605975993942,2,4,3,11,"lotic",41.1311094,0.143475,2.52276425484424,3.74845832143514,5.73109193640576,1792.837576,36.4939396247302,146,117,457,0.198030850499134,90,0,3.87720399853635,528,2.37527870827361,"large",0.704822568030798,-1.95968574192434,"high_prod","Warm temperate and mesic","Warm temperate",0,"ok",0.507473421925612,0.924493497546075,0.760375446770192
"FWB_0882","FWB_0882_2016","nonasp-do","lotic",41.2089303,0.2580883,0.0659754479169067,0.070530851279466,0.0850638599552476,0.0516179563309286,5,2.8,2,12,"lotic",41.2089303,0.2580883,1.43078960100644,5.0113650105892,5.73109193640576,1792.837576,34.9524729001137,153,72,435,-1.84516024595517,41,0,4.32007157352791,356,2.23420025090546,"large",-0.0409301387322776,-0.287347355101631,"high_prod","Warm temperate and xeric","Warm temperate",0,"ok",0.516685689193017,0.377650500508817,0.447123431393184
"FWB_0883","FWB_0883_2016","nonasp-up","lotic",41.2044808,0.2611005,0.0470634963964774,0.0906079963255333,0.00718842301259831,0.209480835743181,4,2.5,2,12,"lotic",41.2044808,0.2611005,1.43078960100644,5.0113650105892,5.73109193640576,1792.837576,34.2180389751689,153,72,435,-1.84516024595517,41,0,4.32007157352791,356,2.23420025090546,"large",-0.0409301387322776,-0.287347355101631,"high_prod","Warm temperate and xeric","Warm temperate",0,"ok",0.658146392793829,0.966823059930708,0.846893366955914
"FWB_0884","FWB_0884_2016","poboleda-do","lotic",41.2321829,0.8379483,0.0224678602666703,0.215867219702727,0.135030522519033,0.0393340348586825,3,2.66666666666667,2,11,"lotic",41.2321829,0.8379483,0.572108852182889,4.51973673859859,5.03177539585562,643.1312833,49.3826308209569,144,46,564,-0.832409247893453,9,0,1.87318737092338,2462,2.89053896613831,"small",-0.627357204992397,-0.938360480899486,"low_prod","Warm temperate and mesic","Warm temperate",0,"ok",0.905729948484482,0.22558503545807,0.618370435704467
"FWB_0885","FWB_0885_2016","poboleda-up","lotic",41.2317646,0.8396563,0.0565033305912262,0.0568927277863248,0.0926759566942964,0.0535637165862026,4,2.5,1,11,"lotic",41.2317646,0.8396563,0.572108852182889,4.51973673859859,5.03177539585562,643.1312833,49.1934322521173,144,46,564,-0.832409247893453,9,0,1.87318737092338,2462,2.89053896613831,"small",-0.627357204992397,-0.938360480899486,"low_prod","Warm temperate and mesic","Warm temperate",0,"ok",0.501716978529369,0.366273497366636,0.425428517358322
"FWB_0888","FWB_0888_2022","Sanabria","lentic",42.1235,-6.7149,0.0307427433073172,0.026293215362473,0.0359691572693127,0.0298527278180689,6,11.3333333333333,1,10,"lentic",42.1235,-6.7149,1.21787570949493,-2.46262528910921,5.28050619009666,1467.401665,103.173503918629,100,48,832,-0.388607991041741,9,0,3.02936093799934,0,2.64269427931707,"large",0.407508464965627,-0.194222785477806,"high_prod","Cool temperate and moist","Cool and moist",0,"ok",0.460993660415136,0.453538025816763,0.456999255916571
"FWB_0889","FWB_0889_2006","Soto2016_Ebro_Flix","lotic",41.233333,0.533333,0.0299917700248079,0.0298887822259479,0.0156106034594929,0.0114160446070334,5,21.6,6,12,"lotic",41.233333,0.533333,3.67107183546397,6.26221180191059,5.73109193640576,1792.837576,34.8202007779318,160,359,429,-1.36257783450257,42,0,9.70193791597395,379,3.49953358449778,"large",1.48904725990806,1.36902134032587,"high_prod","Warm temperate and xeric","Warm temperate",0,"ok",0.49914005637065,0.422399573152124,0.475275082872133
"FWB_0890","FWB_0890_2016","vallderoures-do","lotic",40.8745432,0.1440988,0.0668391724222335,0.137035382452441,0.0466707959113945,0.102294771512459,3,5.33333333333333,3,11,"lotic",40.8745432,0.1440988,0.137149838147234,5.20673560804169,5.73109193640576,1792.837576,37.6381714995566,135,171,535,-1.18744350237473,52,0,1.96487348867387,2414,2.92809615982627,"small",-0.92440792948318,-0.028638020055545,"high_prod","Warm temperate and mesic","Warm temperate",0,"ok",0.672155397404444,0.686700781136882,0.678296312805406
"FWB_0891","FWB_0891_2016","vallderoures-up","lotic",40.8697293,0.1482924,0.0569496987464255,0.0773474450179056,0.0132546038079236,0.0772591387372898,4,3.5,3,11,"lotic",40.8697293,0.1482924,0.137149838147234,5.20673560804169,5.73109193640576,1792.837576,37.6315516306455,135,171,535,-1.18744350237473,52,0,1.96487348867387,2414,2.92809615982627,"small",-0.92440792948318,-0.028638020055545,"high_prod","Warm temperate and mesic","Warm temperate",0,"ok",0.575942591553826,0.853562526140131,0.687718403201863
"FWB_0892","FWB_0892_2015","Site1Sweden","lotic",57.6592217,12.9812214,0.070000103314738,0.0672558543420865,0.00064856249167466,0.0201607010323567,3,50.3333333333333,3,7,"lotic",57.6592217,12.9812214,1.7509374747078,4.24817003112783,4.83894823801828,681.1489895,50.5214472015223,60,199,913,1.46902575871736,14,0,1.7509392108174,0,4.64747277987994,"large",0.177711514293393,-1.29796854488925,"low_prod","Cold and mesic","Cold and wet/mesic",0,"ok",0.490003169918814,0.968832991570044,0.55304104673616
"FWB_0893","FWB_0893_2015","Site2Sweden","lotic",57.6624444,12.9773242,0.0800517176167412,0.00941481932985452,0.0252034481408375,0.0516317671049781,4,29,3,7,"lotic",57.6624444,12.9773242,1.7509374747078,4.24817003112783,4.83894823801828,681.1489895,51.1046511126142,60,199,913,1.46902575871736,14,0,1.7509392108174,0,4.64747277987994,"large",0.177711514293393,-1.29796854488925,"low_prod","Cold and mesic","Cold and wet/mesic",0,"ok",0.105232857459034,0.671980509715432,0.367083242539752
"FWB_0894","FWB_0894_2015","Site3Sweden","lotic",57.6714592,12.9898769,0.113306074615024,0.0149702067879225,0.0266145604387808,0.0266819103647264,4,32,3,7,"lotic",57.6714592,12.9898769,1.7509374747078,4.24817003112783,4.83894823801828,681.1489895,53.2036188038842,60,199,913,1.46902575871736,14,0,1.7509392108174,0,4.64747277987994,"large",0.177711514293393,-1.29796854488925,"low_prod","Cold and mesic","Cold and wet/mesic",0,"ok",0.116702843457845,0.500631842267698,0.229396297883337
"FWB_0895","FWB_0895_2015","Site4Sweden","lotic",57.6766253,12.9971133,0.100173920404323,0.0386787807065105,0.0446977931590103,0.0229414369880072,4,27.5,3,7,"lotic",57.6766253,12.9971133,1.7509374747078,4.24817003112783,4.83894823801828,681.1489895,54.4164829117992,60,199,913,1.46902575871736,14,0,1.7509392108174,0,4.64747277987994,"large",0.177711514293393,-1.29796854488925,"low_prod","Cold and mesic","Cold and wet/mesic",0,"ok",0.278559800400546,0.33917353787355,0.298414651454691
"FWB_0896","FWB_0896_2009","mwanzagulf","lentic",-2.460471,32.842119,0.054512413114358,0.00492549022872675,0.00427034023803571,0.00930510038374793,15,56.7333333333333,1,13,"lentic",-2.460471,32.842119,11.1149254237858,-7.30994315439292,4.25930055284754,589.1653859,23.9726714675681,222,82,1454,8.28068599300726,18,11,10.7986772147065,0,5.9480115163203,"large",4.422113455207,-1.99517431940324,"low_prod","Hot and mesic","Hot and moist",0,"ok",0.0828678326739768,0.685436343687926,0.194903970147183
"FWB_0897","FWB_0897_2016","Khayeng","lotic",14.631,98.568,0.116628974530333,0.0279211405658276,0.0912242814968865,0.0137670766251927,6,2.66666666666667,1,18,"lotic",14.631,98.568,1.09359974684457,6.39284039840562,7.0430811530613,2346.447718,57.2101902139419,257,60,2792,-3.10109278921182,4,0,3.31904726050747,0,2.47224431978732,"small",-0.27121043466268,1.54199945360338,"high_prod","Extremely hot and moist","Hot and moist",0,"ok",0.193158895427051,0.131125807603946,0.167059273368003
"FWB_0898","FWB_0898_2016","Lichia","lotic",15.1591,98.6276,0.151797704929323,0.0502813121139251,0.104027095774892,0.0302669266077386,4,3.5,1,18,"lotic",15.1591,98.6276,1.39896376422055,6.1085947843264,7.0430811530613,2346.447718,74.2177729476649,243,40,2040,-2.59026716544583,4,0,3.64024079096764,0,2.38462672456428,"large",-0.0626652622030114,1.16560200809687,"high_prod","Extremely hot and moist","Hot and moist",0,"ok",0.248820054895478,0.225378062781543,0.239461042594684
"FWB_0899","FWB_0899_2015","Nong","lotic",12.3762,102.6081,0.0469173625546015,0.0129602794384747,0.0374018524522774,0.0162605222304934,9,7,1,18,"lotic",12.3762,102.6081,2.47947525979079,5.54191511165192,5.19738583732287,923.9515434,38.2695601338572,269,106,2678,0.466246580368023,41,0,4.19984521805983,0,4.6431402135139,"large",0.67525880011668,0.41520597505309,"low_prod","Extremely hot and moist","Hot and moist",0,"ok",0.21644605577443,0.303015331069836,0.257361259267669
"FWB_0900","FWB_0900_2016","Pakkok","lotic",14.6667,98.4728,0.0260951506424658,0.0420998375112902,0.0459458202333671,0.0269702211902979,4,4.75,4,13,"lotic",14.6667,98.4728,1.99524438287908,5.43611054665133,7.0430811530613,2346.447718,67.5030953700669,245,56,2612,-1.77785656405906,6,0,2.85203567556385,0,2.47224431978732,"large",0.344558370499557,0.275099792172636,"high_prod","Hot and mesic","Hot and moist",0,"ok",0.617345037385587,0.369880490818097,0.489473139756893
"FWB_0901","FWB_0901_2016","Pilok","lotic",14.5973,98.5366,0.00766439898628728,0.0434532098811899,0.0768799746078844,0.0280690422930835,6,3.83333333333333,2,18,"lotic",14.5973,98.5366,0.55732745741741,6.24284954405771,7.0430811530613,2346.447718,61.2040750092729,248,33,2695,-2.90042209374967,5,0,1.68399050001745,0,2.47224431978732,"small",-0.637452004461733,1.34338187912022,"high_prod","Extremely hot and moist","Hot and moist",0,"ok",0.850063429098233,0.267454075530503,0.458280249362156
"FWB_0902","FWB_0902_2015","Sato","lotic",13.44794,102.5541,0.0341666346929091,0.0234245207381782,0.0133414550806116,0.026514822998733,8,7.875,4,17,"lotic",13.44794,102.5541,-0.0932123817221787,5.4010201184521,5.76541560078078,527.7124963,36.3981168036928,272,106,1394,-0.107585210679937,6,7,-0.0932014048340167,0,5.06776525197578,"small",-1.08173140617725,0.228633120809198,"high_prod","Extremely hot and xeric","Hot and dry",0,"ok",0.406738162532745,0.665260889286956,0.512474694693371
"FWB_0903","FWB_0903_2015","Stornoi","lotic",12.7065,102.6385,0.033376971894197,0.0207178444151039,0.0239728958693408,0.0272849215090082,11,6.27272727272727,2,18,"lotic",12.7065,102.6385,1.35040808255548,5.21885543311895,5.19738583732287,923.9515434,40.979153592794,248,59,1626,0.5607579925142,10,0,1.35041067389703,0,4.61008817284146,"large",-0.0958258588369991,-0.0125889731288449,"low_prod","Extremely hot and moist","Hot and moist",0,"ok",0.382991307275069,0.53230751726337,0.455638974023478
"FWB_0904","FWB_0904_2008","Arima_HP","lotic",10.69845,-61.294314,0.0231047758795952,0.0273897022968503,0.0133322807476165,0.0108139237657783,4,17.25,3,18,"lotic",10.69845,-61.294314,1.79309191446183,4.37794164264638,3.18773701784824,260.714778,150.294756770621,248,297,2364,3.37451111639965,35,35,1.79309357890785,0,6.59434780779993,"large",0.206500449492728,-1.1261252493187,"low_prod","Extremely hot and moist","Hot and moist",0,"ok",0.542429653419549,0.447851908144793,0.511833824207889
"FWB_0905","FWB_0905_2008","Arima_LP","lotic",10.683994,-61.290461,0.0183740493736118,0.0518569579818688,0.0567862617761742,0.0366571465384131,2,26,26,18,"lotic",10.683994,-61.290461,1.79309191446183,4.37794164264638,3.18773701784824,260.714778,149.908963091434,248,297,2364,3.37451111639965,35,35,1.79309357890785,0,6.59434780779993,"large",0.206500449492728,-1.1261252493187,"low_prod","Extremely hot and moist","Hot and moist",0,"ok",0.738376963887049,0.392292481616283,0.540793771328972
"FWB_0906","FWB_0906_2007","Aripo_HP","lotic",10.665633,-61.227433,0.05911623618449,0.0177199385126772,0.0236198628072666,0.0273082639699019,10,5.6,1,18,"lotic",10.665633,-61.227433,1.70456625752568,4.50087790786377,3.18773701784824,260.714778,155.252368668836,247,224,2583,2.33476182468927,30,14,1.70456807603648,0,5.59788481476224,"large",0.146042774906515,-0.963333304972146,"low_prod","Extremely hot and moist","Hot and moist",0,"ok",0.230619738456742,0.536211828276873,0.352431797951199
"FWB_0907","FWB_0907_2007","Aripo_LP","lotic",10.690667,-61.237139,1.58826473326405e-09,0.0514280003887013,0.0421457181491033,0.0316310623119594,2,16.5,15,18,"lotic",10.690667,-61.237139,1.70456625752568,4.50087790786377,3.18773701784824,260.714778,155.535696369014,247,224,2583,2.33476182468927,30,14,1.70456807603648,0,5.59788481476224,"large",0.146042774906515,-0.963333304972146,"low_prod","Extremely hot and moist","Hot and moist",0,"ok",0.999999969116733,0.428740073967491,0.663385703671276
"FWB_0909","FWB_0909_2007","Guanapo_HP","lotic",10.696111,-61.26175,0.0646176851095168,0.0105674176842847,0.0638063924907741,0.0204896438833949,7,6.14285714285714,2,18,"lotic",10.696111,-61.26175,1.98444381305756,4.29091347417122,3.18773701784824,260.714778,153.377831312849,246,218,2484,2.8893156448495,27,7,1.98444518762706,0,5.96646209964874,"large",0.337182233928368,-1.24136776733353,"low_prod","Extremely hot and moist","Hot and moist",0,"ok",0.140552014848823,0.243067702405918,0.194738147280033
"FWB_0910","FWB_0910_2007","Guanapo_LP","lotic",10.712169,-61.267636,0.0910182924051696,0.0388911262795078,0.0712949968498649,0.0327751383803353,2,32.5,17,18,"lotic",10.712169,-61.267636,1.98444381305756,4.29091347417122,3.18773701784824,260.714778,153.646517804608,246,218,2484,2.8893156448495,27,7,1.98444518762706,0,5.96646209964874,"large",0.337182233928368,-1.24136776733353,"low_prod","Extremely hot and moist","Hot and moist",0,"ok",0.299371105446221,0.314933177590647,0.306292851066446
"FWB_0912","FWB_0912_2007","Marianne_HP","lotic",10.780717,-61.30125,0.0319688375337817,0.0368840142452563,0.00810081064411694,0.040662757925407,4,13.5,1,18,"lotic",10.780717,-61.30125,-1.90380897303668,7.47345751865357,5.79983427454387,1068.979602,152.756136834252,259,124,2162,-1.39030238251743,8,0,1.08350203494709,0,5.96997532380804,"small",-2.3182594740067,2.97295037592288,"high_prod","Extremely hot and moist","Hot and moist",0,"ok",0.535693341557212,0.833875762546637,0.659319268014191
"FWB_0913","FWB_0913_2007","Marianne_LP","lotic",10.77745,-61.30085,0.00453880336189797,0.0461161584440927,0.00239579194988245,0.0495536390825323,2,24.5,24,18,"lotic",10.77745,-61.30085,-0.70117935225721,5.53502559635746,5.79983427454387,1068.979602,153.037555832478,255,67,2339,0.766397642299538,8,0,-0.701159191170123,0,5.96997532380804,"small",-1.49693611107179,0.406082893361887,"high_prod","Extremely hot and moist","Hot and moist",0,"ok",0.910397655035618,0.95388222927047,0.932414245433898
"FWB_0915","FWB_0915_2008","Quare_HP","lotic",10.66495,-61.19295,0.0308718484730388,0.0321715017050156,0.0428486672359227,0.0226560934401294,8,9,2,18,"lotic",10.66495,-61.19295,1.79906604441049,4.4846112361251,3.18773701784824,260.714778,158.688483674372,250,221,2661,1.29937388908919,30,19,1.79906769894255,0,4.47629092681925,"large",0.210580419265019,-0.984873597543285,"low_prod","Extremely hot and moist","Hot and moist",0,"ok",0.510307615539991,0.345869417830149,0.426514203754971
"FWB_0916","FWB_0916_2008","Quare_LP","lotic",10.67615,-61.198467,0.0474800906303883,0.02181303410474,0.0194462039212051,0.0417241807029952,2,26.5,26,18,"lotic",10.67615,-61.198467,1.79906604441049,4.4846112361251,3.18773701784824,260.714778,158.675085905968,250,221,2661,1.29937388908919,30,19,1.79906769894255,0,4.47629092681925,"large",0.210580419265019,-0.984873597543285,"low_prod","Extremely hot and moist","Hot and moist",0,"ok",0.314793627623519,0.68209773339382,0.487011388239895
"FWB_0917","FWB_0917_2008","Turure_HP","lotic",10.679603,-61.169464,0.0322646555556433,0.0295216048252959,0.0227689368300638,0.0206017140901382,6,10.1666666666667,1,18,"lotic",10.679603,-61.169464,0.880870786642895,4.72365301369015,3.18773701784824,260.714778,161.760180024383,254,179,2691,0.35697489894773,28,11,0.880874930853122,0,4.38681527580854,"small",-0.416491460481119,-0.6683349774619,"low_prod","Extremely hot and moist","Hot and moist",0,"ok",0.47780209780107,0.475015100143262,0.476652635525728
"FWB_0918","FWB_0918_2008","Turure_LP","lotic",10.679603,-61.169464,0.000838102148918961,0.0593162813802191,0.0293330383404224,0.0302962007850714,2,25.5,24,18,"lotic",10.679603,-61.169464,0.880870786642895,4.72365301369015,3.18773701784824,260.714778,161.760180024383,254,179,2691,0.35697489894773,28,11,0.880874930853122,0,4.38681527580854,"small",-0.416491460481119,-0.6683349774619,"low_prod","Extremely hot and moist","Hot and moist",0,"ok",0.986067480044692,0.508076259724042,0.748119652581115
"FWB_0919","FWB_0919_2021","TR1","lentic",37.821232,29.931128,0.121828759901627,0.0222375105451846,0.0885273471138447,0.02581888810443,3,7.66666666666667,3,11,"lentic",37.821232,29.931128,5.02631177348126,-11.5129254649702,5.17588748632588,948.072494,31.1893945645166,131,113,473,1.83162100265319,33,0,4.30065401180503,0,3.31955375431139,"large",1.95234928812706,-3.55673220557101,"high_prod","Warm temperate and mesic","Warm temperate",0,"ok",0.15435612011206,0.225795698958907,0.18596777476357
"FWB_0920","FWB_0920_2021","TR10","lentic",39.078314,30.426616,0.0771203990592462,0.0251998154624914,0.0411381579804555,0.0345554250126723,3,9.33333333333333,8,9,"lentic",39.078314,30.426616,-0.891598119283784,-2.53978650162256,5.31979571355118,739.7871677,65.5505636689113,102,77,470,0.188966099512623,21,21,-0.274423687893588,0,3.48139423130136,"small",-0.448171197587767,-0.222890928953749,"high_prod","Cool temperate and xeric","Cool temperate and dry/xeric",0,"ok",0.246283841177227,0.456517232323506,0.335677578420143
"FWB_0921","FWB_0921_2021","TR11","lentic",39.358406,31.061098,0.067946865598892,0.0293814334281254,0.0323108116482231,0.029617962365672,3,10,10,9,"lentic",39.358406,31.061098,0.712949807856125,-2.52427491425197,5.31979571355118,739.7871677,60.458107878259,104,88,437,-0.746547957287061,14,0,3.85346146649195,710,2.20420129445944,"large",0.202692069884348,-0.217127820809193,"high_prod","Cool temperate and xeric","Cool temperate and dry/xeric",0,"ok",0.301879655987509,0.478258496753489,0.370466407973231
"FWB_0922","FWB_0922_2017","TR12","lentic",37.420573,27.868554,0.0138926317368729,0.0258887387274199,0.0114812695455286,0.0163399310538664,9,38.6666666666667,2,12,"lentic",37.420573,27.868554,0.165514438477573,-1.16478681399771,5.20395234658939,468.1248689,130.759436635759,158,106,794,1.07158361628019,19,0,2.33185356183079,0,4.07220136793479,"large",-0.019367718556275,0.287970513476132,"high_prod","Warm temperate and xeric","Warm temperate",0,"ok",0.650775436473644,0.587319407567973,0.624660706195672
"FWB_0923","FWB_0923_2016","TR13","lentic",40.20577,27.985722,0.180809201019739,0.0506516720003423,0.108317861073399,0.0430424849438455,3,4,1,11,"lentic",40.20577,27.985722,5.00656033605423,-2.29546114077929,5.86787493735101,2161.277255,102.939845852912,141,135,681,3.31436780632742,63,0,6.46730736071103,0,4.98157723512854,"large",1.94433738341322,-0.1321153401402,"high_prod","Warm temperate and mesic","Warm temperate",0,"ok",0.218834705578718,0.284370947057306,0.244746509035729
"FWB_0924","FWB_0924_2016","TR14","lentic",40.717154,30.27427,0.0667523034858717,0.0208682609303206,0.0933255122669527,0.0386447467244283,3,9.33333333333333,9,11,"lentic",40.717154,30.27427,3.81352775867905,-4.67449029400861,5.37774433376925,980.985648,33.5551834599352,143,186,749,3.9502047174682,27,34,3.64010955223922,0,5.9514755649116,"large",1.46039977807463,-1.0160095517097,"high_prod","Warm temperate and mesic","Warm temperate",0,"ok",0.238166246352827,0.292829210306787,0.271017735309864
"FWB_0925","FWB_0925_2016","TR15","lentic",40.161263,28.64198,0.051083132683058,0.0218788057414988,0.00736207936136878,0.0431982477235478,3,7.33333333333333,2,11,"lentic",40.161263,28.64198,4.77212426565092,-1.71120528850472,5.86787493735101,2161.277255,68.993207533502,144,101,657,3.2722270003652,52,0,7.76189397739036,21,4.94430323664468,"large",1.84924154724957,0.0849565545863102,"high_prod","Warm temperate and mesic","Warm temperate",0,"ok",0.299866015266599,0.854390195122668,0.526844720639095
"FWB_0926","FWB_0926_2021","TR2","lentic",38.812859,30.177388,0.0702869547439955,0.0233301729101343,0.0522798553005088,0.0306765428286621,5,10,10,9,"lentic",38.812859,30.177388,-1.38629436111989,-2.02946846723645,4.61497036992621,468.5238794,89.6680872357587,110,192,450,0.943516718127747,30,0,-0.0376914830219355,0,4.29789759974247,"small",-0.648838068873781,-0.0332895715928627,"low_prod","Cool temperate and xeric","Cool temperate and dry/xeric",0,"ok",0.249208381999585,0.369791161628014,0.305859644016374
"FWB_0927","FWB_0927_2021","TR3","lentic",38.970635,30.901329,0.0112542112088125,0.0386391180670841,0.00329045686994363,0.0394691965168713,3,14.3333333333333,7,9,"lentic",38.970635,30.901329,-2.20727491318972,-0.594981989273158,4.61497036992621,468.5238794,50.7463479407516,104,83,429,-0.918793862092274,22,0,1.44974087998996,0,2.48165219311748,"small",-0.981857778421315,0.499673335871034,"low_prod","Cool temperate and xeric","Cool temperate and dry/xeric",0,"ok",0.774434551228686,0.92304762528879,0.843019969128207
"FWB_0928","FWB_0928_2021","TR4","lentic",40.708585,26.075832,0.102533462766461,0.015517583068717,0.0142605707502115,0.077538171028109,3,9.33333333333333,9,11,"lentic",40.708585,26.075832,1.30291275218084,-3.34195843008884,3.99561760651476,881.373725,49.7308813005796,147,167,593,-0.677273831403655,45,0,0.237448742419268,0,3.1976934541637,"large",0.442002596628852,-0.520926420991517,"low_prod","Warm temperate and mesic","Warm temperate",0,"ok",0.131448077896595,0.844653962854431,0.443439829771074
"FWB_0929","FWB_0929_2021","TR5","lentic",40.780834,26.200358,0.0373443329642366,0.0168066066739197,0.0255850458040578,0.0169800540635551,11,7.90909090909091,2,11,"lentic",40.780834,26.200358,1.86872051036418,0.624006045394306,3.99561760651476,881.373725,33.204745829861,145,143,602,0.521765563804325,36,0,5.42928426742274,0,3.32995233307009,"large",0.671514897273376,0.952570882902981,"low_prod","Warm temperate and mesic","Warm temperate",0,"ok",0.310365928758091,0.398919634075027,0.349338754048747
"FWB_0930","FWB_0930_2021","TR6","lentic",40.414397,29.693112,0.0289909693107204,0.0115377896846432,0.0237042474837555,0.0138230736545603,12,7.5,1,11,"lentic",40.414397,29.693112,5.70351577242766,-5.48462465295062,4.59075404608808,389.5584637,37.1855458738129,141,113,618,3.51619134628822,16,8,5.20581280232102,0,4.84549339821607,"large",2.22704797430784,-1.31700337075996,"low_prod","Warm temperate and mesic","Warm temperate",0,"ok",0.284681543936816,0.368346933254631,0.32490567417388
"FWB_0932","FWB_0932_2021","TR8","lentic",40.833216,26.323628,0.0937939914345296,0.0115184196003393,0.0479835370865362,0.0266399671179693,7,10.7142857142857,10,11,"lentic",40.833216,26.323628,1.58923520511658,-3.8852188026761,3.99561760651476,881.373725,18.4672609695677,142,126,611,0.626473047291953,60,0,0.72076721139432,0,3.77519498489207,"large",0.558145445412787,-0.722767032340542,"low_prod","Warm temperate and mesic","Warm temperate",0,"ok",0.109373809669266,0.356991639590692,0.212066538620405
"FWB_0933","FWB_0933_2021","TR9","lentic",38.786808,30.791541,0.0224722502290456,0.0221791684409381,0.0118776359296754,0.0322735955060267,5,15.2,5,9,"lentic",38.786808,30.791541,1.22082992139236,-3.62924107699089,4.61497036992621,468.5238794,29.5162468699811,109,127,428,0.871711688476188,30,0,2.70451127983403,2231,3.70499908199625,"large",0.408706801254525,-0.627662174244643,"low_prod","Cool temperate and xeric","Cool temperate and dry/xeric",0,"ok",0.496718113367532,0.730978377194916,0.613188501493587
"FWB_0934","FWB_0934_2012","Angle","lentic",47.4261167,-122.2883167,0.0518173145411104,0.0326633759550288,0.0386216292787499,0.0587700907123883,6,4.83333333333333,2,10,"lentic",47.4261167,-122.2883167,-1.04982212449868,-3.93872190779607,4.61907344322803,489.6017029,31.7204175816631,107,381,1025,3.53639821333086,2,100,-2.84713986950416,0,6.84431696306345,"small",-0.512352635415091,-0.742645344824583,"low_prod","Cool temperate and moist","Cool and moist",0,"ok",0.38663718020299,0.603440320365385,0.50273412235779
"FWB_0937","FWB_0937_2016","BURRO-01","lotic",34.73391,-113.24591,0.0265671400984787,0.0230437989571349,0.00936589876658745,0.0274343460164183,5,8,3,12,"lotic",34.73391,-113.24591,1.91250108692418,4.53096847447951,5.97144978080191,919.1295328,17.3263323055025,156,31,333,-6.90775527898214,0,0,3.81005694430754,0,-11.5129254649702,"large",0.288049699068409,-0.923487439822397,"high_prod","Warm temperate and xeric","Warm temperate",0,"ok",0.464490279680111,0.745493574246207,0.584162173588846
"FWB_0938","FWB_0938_2016","BURRO-02","lotic",34.73655,-113.24429,0.0160113736478072,0.0187364965978458,0.00525035958145116,0.0360100686593879,4,8.75,7,12,"lotic",34.73655,-113.24429,1.91250108692418,4.53096847447951,5.97144978080191,919.1295328,17.683674466435,156,31,333,-6.90775527898214,0,0,3.81005694430754,0,-11.5129254649702,"large",0.288049699068409,-0.923487439822397,"high_prod","Warm temperate and xeric","Warm temperate",0,"ok",0.539212805429127,0.872750724960862,0.720270896038584
"FWB_0939","FWB_0939_2016","BURRO-06","lotic",34.56383,-113.35178,0.0284809160201194,0.0507411618204512,0.022088015039607,0.0297893579620716,4,6,4,12,"lotic",34.56383,-113.35178,1.06712162157674,5.7068789814513,5.97144978080191,919.1295328,12.9976749501926,176,24,289,-6.90775527898214,0,0,4.36747134349741,0,-11.5129254649702,"small",-0.289293394298322,0.633650785167386,"high_prod","Warm temperate and xeric","Warm temperate",0,"ok",0.64049269097138,0.574226415842369,0.614270458534754
"FWB_0940","FWB_0940_2016","BURRO-07","lotic",34.55859,-113.35692,0.0498583919225235,0.0332617577736829,0.0277689797833357,0.0183481289676732,4,9.25,7,12,"lotic",34.55859,-113.35692,1.06712162157674,5.7068789814513,5.97144978080191,919.1295328,13.6153394959079,176,24,289,-6.90775527898214,0,0,4.36747134349741,0,-11.5129254649702,"small",-0.289293394298322,0.633650785167386,"high_prod","Warm temperate and xeric","Warm temperate",0,"ok",0.400164796324963,0.397859481320408,0.399342166194552
"FWB_0941","FWB_0941_2016","BURRO-08","lotic",34.54052,-113.44775,0.0994493956844946,0.0529865971884768,0.0429913273443431,0.0280234973596468,2,10,10,12,"lotic",34.54052,-113.44775,0.689641041230658,6.04269597193043,5.97144978080191,919.1295328,18.0658257509646,183,86,262,-6.90775527898214,0,0,4.48892857422726,0,-4.13454175197351,"small",-0.54708982167346,1.07833893904968,"high_prod","Warm temperate and xeric","Warm temperate",0,"ok",0.347598990171775,0.394614750884154,0.362541052328985
"FWB_0942","FWB_0942_2016","BURRO-09","lotic",34.54193,-113.4439,0.0527154330883637,0.0675383459521807,0.0772557799834772,0.0433896199092976,2,10,10,12,"lotic",34.54193,-113.4439,0.689641041230658,6.04269597193043,5.97144978080191,919.1295328,17.6989741047143,183,86,262,-6.90775527898214,0,0,4.48892857422726,0,-4.13454175197351,"small",-0.54708982167346,1.07833893904968,"high_prod","Warm temperate and xeric","Warm temperate",0,"ok",0.561631796447825,0.359645870856748,0.460474653141857
"FWB_0943","FWB_0943_2015","Cabin Bay","lentic",59.730456,-154.20425,0.00159145445578111,0.139904950329345,0.0460187122168326,0.0827777310726517,2,4.5,4,7,"lentic",59.730456,-154.20425,7.87649423805212,-5.54880408390628,3.49154818771327,1059.017136,80.7604020571568,14,2,692,-1.12701176318981,0,0,8.99976377590827,0,-0.729790418258784,"large",3.10848743794785,-1.34084831921153,"low_prod","Cold and mesic","Cold and wet/mesic",0,"ok",0.988752686273564,0.642701995167674,0.823857097915253
"FWB_0944","FWB_0944_2012","Cascade","lentic",48.6513,-122.852,0.0973356311521686,0.0549043464887513,0.133898143583605,0.0119741322712467,5,2.4,1,10,"lentic",48.6513,-122.852,-0.653926467406664,-3.37053530048458,4.45799609535193,747.3964739,56.8972453677602,93,61,774,-0.39452516806983,0,0,-0.619878131632501,0,3.6913017679415,"small",-0.351762891354139,-0.531543747934852,"low_prod","Cool temperate and moist","Cool and moist",0,"ok",0.360643421915439,0.0820864156747746,0.224339918858608
"FWB_0945","FWB_0945_2016","CONGER-01","lotic",34.7642,-113.13209,0.031709338791535,0.0385373870094496,0.018862031107339,0.0704591678541372,3,9.33333333333333,8,9,"lotic",34.7642,-113.13209,0.553885113226438,4.48919068962815,5.97144978080191,919.1295328,30.2677950318377,116,10,427,-6.90775527898214,0,0,0.55389086033636,0,-4.60417068565501,"small",-0.639802917542916,-0.978809494827231,"high_prod","Cool temperate and xeric","Cool temperate and dry/xeric",0,"ok",0.548600473118556,0.78882917687352,0.683073086435407
"FWB_0946","FWB_0946_2016","CONGER-02","lotic",34.76405,-113.13364,0.000347464158686021,0.0451126664479475,0.0303266195818493,0.0266903510540752,3,8,4,9,"lotic",34.76405,-113.13364,0.553885113226438,4.48919068962815,5.97144978080191,919.1295328,30.1062117342137,116,10,427,-6.90775527898214,0,0,0.55389086033636,0,-4.60417068565501,"small",-0.639802917542916,-0.978809494827231,"high_prod","Cool temperate and xeric","Cool temperate and dry/xeric",0,"ok",0.992356727663353,0.468112401560291,0.700673776203609
"FWB_0947","FWB_0947_2009","Cottage","lentic",47.7539167,-122.0866167,0.0390433305711459,0.0347626070273473,0.0261428437052699,0.0341832394919489,7,6.57142857142857,2,10,"lentic",47.7539167,-122.0866167,-1.6094379124341,-1.73644001797105,4.61907344322803,489.6017029,47.9258729177568,105,280,1147,2.45847711295102,2,84,-0.964929657480715,0,6.1011101411895,"small",-0.739353246680018,0.0755809522421633,"low_prod","Cool temperate and moist","Cool and moist",0,"ok",0.471000141160147,0.566641122384767,0.514014819953419
"FWB_0950","FWB_0950_2008","East Fork","lotic",33.3003293,-108.1252318,0.062616785322252,0.00870104516572844,0.0242912790250524,0.0298379786753356,7,8.28571428571429,3,9,"lotic",33.3003293,-108.1252318,0.73428912389112,5.08654773938615,5.65491402917287,773.0514722,53.4753714656711,95,30,421,-4.71053070164592,0,0,3.58084898842069,0,-1.31300672535007,"small",-0.516597879045671,-0.187790543444031,"high_prod","Cool temperate and xeric","Cool temperate and dry/xeric",0,"ok",0.122003783712895,0.551235689218064,0.307213378944234
"FWB_0951","FWB_0951_2012","Fern","lentic",47.4029116,-122.7645149,0.0678139253241443,0.0324271638040082,0.00401967667554725,0.0815205242843884,3,6.33333333333333,4,10,"lentic",47.4029116,-122.7645149,-2.04022082852655,-4.31673839464576,3.64887595396284,659.1055866,74.9921273964866,104,97,1339,0.527092596229863,0,0,-4.50895132824755,0,4.30599579576548,"small",-0.914094537729439,-0.883091956901925,"low_prod","Cool temperate and moist","Cool and moist",0,"ok",0.323491734637399,0.953008332568333,0.61334318452826
"FWB_0952","FWB_0952_2007","Forks Campground","lotic",33.1806502,-108.1985056,0.0502041315063133,0.0301676955788069,0.0124357006582475,0.0314291314106715,11,4.36363636363636,1,9,"lotic",33.1806502,-108.1985056,0.689139159162407,5.23427309195706,5.65491402917287,773.0514722,38.6602914260622,106,35,420,-4.8283137373023,0,0,3.97123505356139,0,-0.73812362620742,"small",-0.5474325768002,0.00782705834151575,"high_prod","Cool temperate and xeric","Cool temperate and dry/xeric",0,"ok",0.375351620995961,0.716499526574982,0.495802345369779
"FWB_0953","FWB_0953_2016","FRANCIS-01","lotic",34.81197,-113.35451,0.0871532256689635,0.0278188705999376,0.0313416541310401,0.0925733140304449,3,5,2,11,"lotic",34.81197,-113.35451,-1.16155208844198,6.63700012712748,5.97144978080191,919.1295328,20.873783130583,143,29,334,-6.90775527898214,0,0,1.91117228717859,0,-6.89780494812897,"small",-1.81134287218396,1.86531525386357,"high_prod","Warm temperate and mesic","Warm temperate",0,"ok",0.241961932527296,0.74707128124993,0.503971133461962
"FWB_0954","FWB_0954_2016","FRANCIS-02","lotic",34.80721,-113.35511,0.0176701813839072,0.0585605121499129,0.0576940229230906,0.0400701593980473,3,10,10,11,"lotic",34.80721,-113.35511,-0.553385238184787,5.01801546757035,5.97144978080191,919.1295328,20.2250131006701,137,30,351,-6.90775527898214,0,0,-0.553367847031666,0,-3.9627901224818,"small",-1.39600166151677,-0.2785408339271,"high_prod","Warm temperate and mesic","Warm temperate",0,"ok",0.768201224929592,0.4098654379006,0.566859633442186
"FWB_0955","FWB_0955_2016","FRANCIS-03","lotic",34.76313,-113.26434,0.0532878679745708,0.0400480015560646,0.00201982954740298,0.0545530932782543,4,9,6,12,"lotic",34.76313,-113.26434,-0.0943106794712413,5.88525805107195,5.97144978080191,919.1295328,18.5324646231522,153,19,329,-6.90775527898214,0,0,2.71350264282227,0,-11.5129254649702,"small",-1.08248147717598,0.869859974725285,"high_prod","Warm temperate and xeric","Warm temperate",0,"ok",0.429074071495308,0.964296885391134,0.631057680789514
"FWB_0956","FWB_0956_2016","FRANCIS-04","lotic",34.74886,-113.25307,0.0125746412299991,0.0142914689410282,0.0345896164870836,0.0221388708996951,6,8.66666666666667,3,12,"lotic",34.74886,-113.25307,-0.0943106794712413,5.88525805107195,5.97144978080191,919.1295328,17.9990524786049,153,19,329,-6.90775527898214,0,0,2.71350264282227,0,-11.5129254649702,"small",-1.08248147717598,0.869859974725285,"high_prod","Warm temperate and xeric","Warm temperate",0,"ok",0.531951549742406,0.390260201171076,0.435797777667768
"FWB_0957","FWB_0957_2009","Killarney","lentic",47.2867,-122.2909,0.0101625194223181,0.0262372495937866,0.00903287597478492,0.04001089240837,4,8.25,1,10,"lentic",47.2867,-122.2909,-2.12026353620009,-2.17466372535593,4.61907344322803,489.6017029,43.2075101677943,102,330,1066,3.1026565658755,9,100,-2.12854775578779,0,6.72790467885874,"small",-0.946562784624735,-0.0872347903914396,"low_prod","Cool temperate and moist","Cool and moist",0,"ok",0.720808134309264,0.815820107781778,0.775344092936988
"FWB_0959","FWB_0959_2015","Lake Michigan","lentic",44,-87,0.0135070271107315,0.0151092770985222,0.00911950442086687,0.0116889581155457,16,83,17,8,"lentic",44,-87,10.9634768160666,-8.88699030481304,1.65270398304561,36.5958936,25.5389106245208,76,90,822,7.52589385116806,17,14,10.5625400337169,46,5.82922501975026,"large",4.36068036616866,-2.58110360309292,"low_prod","Cool temperate and dry","Cool temperate and dry/xeric",0,"ok",0.527995403880152,0.561740594486079,0.542202563179879
"FWB_0960","FWB_0960_2013","Langlois","lentic",47.6371,-121.888,0.0665114659970206,0.078966384786727,0.00566892205238272,0.111532004191221,2,6.5,6,10,"lentic",47.6371,-121.888,-2.12026353620009,-4.27902582400821,4.61907344322803,489.6017029,30.9944287160345,105,59,1408,0.932557704338027,1,0,-4.42201564289025,0,4.61817535103087,"small",-0.946562784624735,-0.869080391367011,"low_prod","Cool temperate and moist","Cool and moist",0,"ok",0.542806924637004,0.951630740182037,0.725214237456695
"FWB_0961","FWB_0961_2015","Lonesome Creek","lotic",59.79145,-153.980636,0.5,NA,0.5,NA,2,1,1,6,"lotic",59.79145,-153.980636,1.00722772686626,5.2140798404234,3.49154818771327,1059.017136,105.901839327888,-5,1,704,-6.90775527898214,0,0,1.00723137916054,0,-11.5129254649702,"small",-0.330197305338696,-0.0189128029518933,"low_prod","Extremely cold and mesic","Cold and wet/mesic",0,"ok",NA,NA,NA
"FWB_0962","FWB_0962_2017","LR01","lotic",40.788628,-105.882212,0.00315891696727155,0.0633648775578984,0.00778115673459914,0.0472065722541012,3,11.3333333333333,5,7,"lotic",40.788628,-105.882212,0.104360015324243,5.14904518705227,4.40216667893561,1224.723714,129.312753948147,25,12,526,-6.21460809842219,1,0,2.16951188110298,0,-2.35377312976348,"small",-0.946801397169069,-0.105031554432342,"low_prod","Cold and mesic","Cold and wet/mesic",0,"ok",0.952514480122201,0.858492851446945,0.909966780223755
"FWB_0963","FWB_0963_2016","LR02","lotic",41.030829,-106.037882,0.0374710674413502,0.016800928910058,0.00727588074920688,0.0261957188933058,5,14.6,3,7,"lotic",41.030829,-106.037882,0.955126755659353,5.36547424595733,4.40216667893561,1224.723714,104.654585385641,33,55,480,-6.90775527898214,1,0,3.98651823116095,0,-3.81625838344377,"small",-0.365779120508103,0.181563351065609,"low_prod","Cold and mesic","Cold and wet/mesic",0,"ok",0.30956902342919,0.782625245673479,0.490026050520459
"FWB_0964","FWB_0964_2016","LR03","lotic",41.138216,-105.980393,0.0522760286610292,0.0255018455109776,0.0430754904588653,0.0338602076200415,7,7.85714285714286,2,8,"lotic",41.138216,-105.980393,2.55606384410433,4.06462370559131,4.40216667893561,1224.723714,87.9799233427047,45,61,394,-2.48891467118554,10,0,4.38499734274794,0,0.0751167488816275,"large",0.727564175390943,-1.5410202038844,"low_prod","Cool temperate and dry","Cool temperate and dry/xeric",0,"ok",0.327880464495339,0.440110487920884,0.383690016766894
"FWB_0965","FWB_0965_2016","LR04","lotic",41.227001,-105.722747,0.0200444857918334,0.0117392707684067,0.0191085415583054,0.0234878149103559,11,31.3636363636364,4,8,"lotic",41.227001,-105.722747,2.09875385271221,4.86796850579783,4.40216667893561,1224.723714,62.44761726545,51,100,334,-3.01593498087151,16,0,4.95252591058089,0,0.344305760017781,"large",0.415249083907941,-0.477232705744156,"low_prod","Cool temperate and dry","Cool temperate and dry/xeric",0,"ok",0.369348121143487,0.551404318527482,0.473608929110857
"FWB_0966","FWB_0966_2016","LR05","lotic",41.309678,-105.605355,0.0169289799267183,0.0314108172343603,0.0224525227172158,0.0202688840097976,10,37.3,5,8,"lotic",41.309678,-105.605355,1.37194185489549,5.8977580343826,4.40216667893561,1224.723714,46.8714949769376,51,422,325,1.57422515667836,11,67,5.41331880381079,1427,6.35368286561612,"large",-0.0811195934919735,0.886412426386661,"low_prod","Cool temperate and dry","Cool temperate and dry/xeric",0,"ok",0.649792077730338,0.474443272416432,0.567527103064317
"FWB_0967","FWB_0967_2017","LR06","lotic",41.927815,-105.414398,0.0402909528302745,0.0125914713832858,0.0104257253415252,0.0229487593979039,11,9.81818181818182,1,8,"lotic",41.927815,-105.414398,3.47627393221139,3.97645356087147,4.40216667893561,1224.723714,47.6044072372056,53,31,364,-5.11599580975408,3,0,6.34409308286824,4511,-2.90024029209477,"large",1.35601206251421,-1.65777492444533,"low_prod","Cool temperate and dry","Cool temperate and dry/xeric",0,"ok",0.23810314240581,0.687613893579963,0.412027641757478
"FWB_0968","FWB_0968_2016","LR07","lotic",42.056708,-105.123964,0.0133270885271445,0.00781180793416808,0.0379708985218184,0.0131501078973625,15,16.2,1,8,"lotic",42.056708,-105.123964,0.183986836113016,4.86709983929398,4.40216667893561,1224.723714,78.7396759328432,82,29,327,-6.21460809842219,16,0,0.183995155545963,0,-2.99553229355132,"small",-0.892421089965541,-0.478382992105149,"low_prod","Cool temperate and dry","Cool temperate and dry/xeric",0,"ok",0.36954662928904,0.257234918059603,0.290090561928906
"FWB_0969","FWB_0969_2017","LR08","lotic",42.123592,-104.852362,0.0412408976787441,0.00984386885162535,0.0130047392901251,0.026048906580017,16,6.5625,1,8,"lotic",42.123592,-104.852362,3.01587797924695,4.40751704087937,4.40216667893561,1224.723714,105.678678159047,86,118,335,-1.01335244471729,41,0,5.2627575959594,0,1.61859783198464,"large",1.0415894457444,-1.08696156906,"low_prod","Cool temperate and dry","Cool temperate and dry/xeric",0,"ok",0.192696757178547,0.667003195210829,0.398196223738223
"FWB_0970","FWB_0970_2012","Martha1","lentic",47.8511667,-122.2445833,0.086608778836007,0.00807813948083079,0.06823689691587,0.0149362062003353,5,7.4,2,10,"lentic",47.8511667,-122.2445833,-1.89711998488588,-2.03221845037656,3.78377589242996,430.9694953,67.098741954308,101,369,1004,3.58324112209094,1,100,-1.70369364835982,0,7.29826241229104,"small",-0.856047606818498,-0.0343112884457886,"low_prod","Cool temperate and moist","Cool and moist",0,"ok",0.0853142083872666,0.179579763658297,0.129395833283592
"FWB_0971","FWB_0971_2009","Martha2","lentic",48.1696833,-122.34605,0.0932407124541653,0.0207263980313057,0.04401927588538,0.0540960011641294,4,7.25,1,10,"lentic",48.1696833,-122.34605,-1.77195684193188,-0.638751468357084,3.78377589242996,430.9694953,40.8510722885965,100,185,889,1.36787577559587,23,0,0.181496216294167,0,5.23659094109384,"small",-0.805276862727773,0.48341141274446,"low_prod","Cool temperate and moist","Cool and moist",0,"ok",0.181862977336325,0.55135145912937,0.352798740456909
"FWB_0972","FWB_0972_2016","MB01","lotic",41.515046,-106.371396,0.0143011630625009,0.0816107643474161,0.000921744518143812,0.0615956751398062,3,9.66666666666667,7,7,"lotic",41.515046,-106.371396,1.57856624876701,4.11674171639857,4.40216667893561,1224.723714,96.4635245969469,18,13,481,-6.90775527898214,0,0,1.94619725069484,0,-11.5129254649702,"large",0.0599923823871453,-1.47200564337384,"low_prod","Cold and mesic","Cold and wet/mesic",0,"ok",0.850892757045959,0.985256197021775,0.903913587587257
"FWB_0973","FWB_0973_2016","MB02","lotic",41.605678,-106.416902,0.0951549219856204,0.0285676623058464,0.0272250604158927,0.0405181449555499,5,7,3,8,"lotic",41.605678,-106.416902,1.2345989978677,4.93505534092982,4.40216667893561,1224.723714,100.322192943186,44,37,359,-4.42284862919414,5,0,2.89081665891303,0,-0.505821498644534,"small",-0.174916465995449,-0.388396459483699,"low_prod","Cool temperate and dry","Cool temperate and dry/xeric",0,"ok",0.230900950456599,0.598113784746159,0.360825855015809
"FWB_0974","FWB_0974_2016","MB03","lotic",41.724793,-106.31846,0.087545807679567,0.0172526274881785,0.0547953731967289,0.0239006559385159,6,8.16666666666667,5,8,"lotic",41.724793,-106.31846,1.78842056796254,5.06526691044351,4.40216667893561,1224.723714,90.7535513907011,55,36,308,-5.52146091786225,3,0,4.06522483523957,0,-1.84509695681873,"large",0.20331020209657,-0.215970572459497,"low_prod","Cool temperate and dry","Cool temperate and dry/xeric",0,"ok",0.164626766235231,0.303708537789637,0.224275340310764
"FWB_0975","FWB_0975_2016","MB04","lotic",42.00988,-106.513402,0.073865332769462,0.0110886979479853,0.0129267420953367,0.0334566360263141,7,9.71428571428571,3,8,"lotic",42.00988,-106.513402,1.98938006331118,6.27928492857867,4.40216667893561,1224.723714,125.529519856074,62,32,292,-6.90775527898214,2,0,6.66886211355614,0,-3.29656713258407,"large",0.340553394582107,1.39162953882171,"low_prod","Cool temperate and dry","Cool temperate and dry/xeric",0,"ok",0.130525860331051,0.721306583978566,0.339167144898313
"FWB_0976","FWB_0976_2010","Middle Fork","lotic",33.2258928,-108.2430721,0.0195692698429915,0.0166905899632918,0.00551932222865153,0.0240157156546778,14,13.5,1,9,"lotic",33.2258928,-108.2430721,0.609221945622184,4.4986696550604,5.65491402917287,773.0514722,37.0572854959053,98,29,432,-6.90775527898214,0,0,2.61688548364998,0,-5.11433053043502,"small",-0.602011204706189,-0.966257468699052,"high_prod","Cool temperate and xeric","Cool temperate and dry/xeric",0,"ok",0.460304867488749,0.813126285787944,0.618684837994606
"FWB_0977","FWB_0977_2012","Padden","lentic",48.7027,-122.4529,0.0654509549893594,0.0319744533191951,0.0152999531958603,0.0638978306269205,5,10.4,5,10,"lentic",48.7027,-122.4529,-0.63487827243597,-3.35668993146522,4.45799609535193,747.3964739,12.8406022165323,94,239,1011,2.55209789932832,1,34,-0.832386259651937,0,5.97246012665994,"small",-0.344036247476215,-0.526399699356613,"low_prod","Cool temperate and moist","Cool and moist",0,"ok",0.328194193633034,0.806813367024301,0.542806880507662
"FWB_0978","FWB_0978_2008","Pleasant","lentic",48.063,-124.3394,0.0178916913319614,0.0996181053810731,0.00408657928900658,0.158110841822931,2,8,1,10,"lentic",48.063,-124.3394,0.553885113226438,-1.74965071564393,3.64887595396284,659.1055866,133.76817792551,94,39,2696,-1.1679623668029,5,0,1.73183429024444,0,1.95004587087024,"large",0.138169617712619,0.0706727067135186,"low_prod","Cool temperate and moist","Cool and moist",0,"ok",0.847742981160507,0.974804905891899,0.9214240133241
"FWB_0979","FWB_0979_2010","Removal Reach","lotic",33.2137185,-108.233482,0.0240672251824192,0.0109358284386003,0.0124281438975267,0.0145453026235974,15,20.4,1,9,"lotic",33.2137185,-108.233482,-0.339677367570161,5.61668121001921,5.65491402917287,773.0514722,37.1046195000364,111,80,411,-4.3428059215206,0,0,2.88082690593643,0,0.076970300352521,"small",-1.25005209903626,0.514211085570269,"high_prod","Cool temperate and xeric","Cool temperate and dry/xeric",0,"ok",0.312424983174419,0.539245239283988,0.411141819943955
"FWB_0980","FWB_0980_2008","Riverside","lotic",32.9365478,-108.6033734,0.0439475582308344,0.0525264239497128,0.0607927945071898,0.0241811975010689,11,4.54545454545454,1,11,"lotic",32.9365478,-108.6033734,0.63974640383283,5.69041288218999,5.65491402917287,773.0514722,20.2117764159117,140,75,358,-2.50103603171788,1,0,4.94659449796193,0,1.61123829077996,"small",-0.581164844167452,0.611846411089383,"high_prod","Warm temperate and mesic","Warm temperate",0,"ok",0.544462069072796,0.284571748714815,0.422752702496218
"FWB_0982","FWB_0982_2015","Russian Creek","lotic",59.7666,-154.062239,0.00167537222651075,0.0347436499596706,0.0045975699064157,0.0306137102136796,2,21,2,6,"lotic",59.7666,-154.062239,0.785726361853038,5.28873650541763,3.49154818771327,1059.017136,96.5017565237882,5,2,705,-6.90775527898214,0,0,0.785730919727793,0,-11.5129254649702,"small",-0.48146935357697,0.0799473961223797,"low_prod","Extremely cold and mesic","Cold and wet/mesic",0,"ok",0.953997330901804,0.869429061064104,0.912426139064657
"FWB_0983","FWB_0983_2009","San Francisco","lotic",33.4369203,-108.9307902,0.0378173832588762,0.021038592332871,0.005574695590379,0.0141851947335116,7,17.7142857142857,1,11,"lotic",33.4369203,-108.9307902,0.235072122179483,6.46814914244173,5.10636392936618,1177.268869,15.8370997657829,127,63,426,-4.96184512992682,1,0,4.76685535300251,0,1.09091944111433,"small",-0.857532926374984,1.64172313437615,"low_prod","Warm temperate and mesic","Warm temperate",0,"ok",0.357458900669741,0.717878211923122,0.448049342917383
"FWB_0984","FWB_0984_2013","Shoecraft","lentic",48.1259769,-122.3070729,0.012073537421025,0.0476499802961465,0.0276349739183521,0.052121396147245,5,6,5,10,"lentic",48.1259769,-122.3070729,-0.891598119283784,-1.41386089759826,3.78377589242996,430.9694953,38.768945859632,99,236,944,0.420682073913025,0,0,0.573806056714326,0,4.69059539734853,"small",-0.448171197587767,0.195430604729043,"low_prod","Cool temperate and moist","Cool and moist",0,"ok",0.797842828377913,0.653507627094573,0.715310128430698
"FWB_0985","FWB_0985_2014","Silver","lentic",47.8903833,-122.2119833,0.094239459567646,0.0445479188716399,0.0747609471085611,0.0405536790570954,5,3.6,1,10,"lentic",47.8903833,-122.2119833,-1.10866262452161,-2.59843153285292,3.78377589242996,430.9694953,59.6646600475601,100,379,1019,4.12868157462655,2,97,-1.4827612096076,0,7.5431515225479,"small",-0.536220492184495,-0.244679650446073,"low_prod","Cool temperate and moist","Cool and moist",0,"ok",0.320979611925791,0.351678537281451,0.334911163180489
"FWB_0986","FWB_0986_2009","Star","lentic",47.3546683,-122.28885,0.0649402968865828,0.134120036544175,0.065246058511036,0.0280149202565108,4,5.5,1,10,"lentic",47.3546683,-122.28885,-1.96611285637283,-3.74454593331371,4.61907344322803,489.6017029,36.2069581051977,103,380,1069,3.85001993398641,7,97,-3.9115231303865,0,7.55638615466117,"small",-0.884033636408978,-0.670502042319085,"low_prod","Cool temperate and moist","Cool and moist",0,"ok",0.673765758514757,0.300392732595463,0.554646377239497
"FWB_0987","FWB_0987_2009","Steel","lentic",47.3269,-122.3029,0.0665198846168378,0.0738094730017334,0.0125649880397601,0.043658293456753,5,3.8,1,10,"lentic",47.3269,-122.3029,-1.96611285637283,-3.74454593331371,4.61907344322803,489.6017029,40.0212584238483,103,380,1069,3.85001993398641,7,97,-3.9115231303865,0,7.55638615466117,"small",-0.884033636408978,-0.670502042319085,"low_prod","Cool temperate and moist","Cool and moist",0,"ok",0.525973141004142,0.776516281061622,0.597640240229527
"FWB_0988","FWB_0988_2012","Sunday","lentic",48.2292,-122.2576,0.108201773378478,0.0210415862117173,0.132511722437545,0.00884961083684705,4,4.5,4,10,"lentic",48.2292,-122.2576,-2.04022082852655,-3.65459131050788,3.78377589242996,430.9694953,30.3870107021119,100,210,1022,0.654406352243515,29,0,-3.38110067996303,0,4.07601102528405,"small",-0.914094537729439,-0.637080690464669,"low_prod","Cool temperate and moist","Cool and moist",0,"ok",0.162805936633309,0.062602768606245,0.110460748969797
"FWB_0989","FWB_0989_2016","SW01","lotic",42.565194,-109.062622,0.0116631448383053,0.117403027660894,0.0302918919093433,0.0667660083506959,3,9.66666666666667,5,7,"lotic",42.565194,-109.062622,-0.297059234264378,5.9728701960537,4.66124760303927,2746.448248,229.665180758715,11,10,363,-6.90775527898214,1,0,1.60843941410051,0,-11.5129254649702,"small",-1.22094648915944,0.985875793204324,"low_prod","Cold and mesic","Cold and wet/mesic",0,"ok",0.909634378920025,0.687898750867423,0.814460104863229
"FWB_0990","FWB_0990_2016","SW02","lotic",42.373322,-108.879355,0.103499627320471,0.0233094560515893,0.0117388196610145,0.0493315433427607,4,7.25,4,8,"lotic",42.373322,-108.879355,2.17906060670855,5.34705248343816,4.66124760303927,2746.448248,263.38455075925,31,92,299,-6.90775527898214,4,0,4.18558602145194,0,-4.70942020736189,"large",0.470093744407746,0.157169291806669,"low_prod","Cool temperate and dry","Cool temperate and dry/xeric",0,"ok",0.183815350066043,0.807782055261587,0.386636222298838
"FWB_0991","FWB_0991_2016","SW03","lotic",42.571843,-107.966105,0.0665933499365463,0.00895576966893199,0.0468827834662751,0.0216998027433852,7,7.71428571428571,1,8,"lotic",42.571843,-107.966105,0.911479174876933,7.44205326479408,4.40216667893561,1224.723714,308.020751511867,57,33,239,-6.90775527898214,4,0,6.27747399024494,0,-2.38585801218787,"small",-0.395587780807818,2.9313649288825,"low_prod","Cool temperate and dry","Cool temperate and dry/xeric",0,"ok",0.118542343255613,0.31640397282552,0.212691386943242
"FWB_0992","FWB_0992_2016","SW04","lotic",42.488328,-107.1476,0.0387535046073504,0.00965914878621127,0.0213263700017023,0.0302110037675051,9,7.55555555555556,2,8,"lotic",42.488328,-107.1476,3.33123975923835,5.31634243706123,4.40216667893561,1224.723714,223.655159320809,68,77,252,-6.90775527898214,3,0,7.02538809002203,0,-4.19903863333677,"large",1.25696248596255,0.116503112857498,"low_prod","Cool temperate and dry","Cool temperate and dry/xeric",0,"ok",0.199517029312337,0.58619602742652,0.398900867618451
"FWB_0993","FWB_0993_2007","Tularosa","lotic",33.7336042,-108.700877,0.0276062597313653,0.0450121863421378,0.0436196091445138,0.0457264141141038,6,4.66666666666667,3,9,"lotic",33.7336042,-108.700877,0.758466646680588,5.35939310256472,5.10636392936618,1177.268869,34.0067750450226,95,18,403,-5.52146091786225,0,0,3.59478880537921,0,-1.28731818203729,"small",-0.500086091890445,0.173510713749996,"low_prod","Cool temperate and xeric","Cool temperate and dry/xeric",0,"ok",0.619845077607104,0.511790144053148,0.560237691824712
"FWB_0994","FWB_0994_2012","Walsh","lentic",47.41,-121.9284,0.0321802195762017,0.0433155027027375,0.0107332521461937,0.0919732392592245,3,10.6666666666667,2,10,"lentic",47.41,-121.9284,-1.42711635564015,-2.87460246364721,4.61907344322803,489.6017029,13.2306133439546,95,61,1836,-0.251028754803745,1,0,-2.03248162281656,0,3.14022258477068,"small",-0.665396961437085,-0.347287004711355,"low_prod","Cool temperate and moist","Cool and moist",0,"ok",0.573747775307014,0.895495873733766,0.759186651865019
"FWB_0995","FWB_0995_2007","West Fork","lotic",33.2292411,-108.262416,0.0431905806235782,0.00813242669488213,0.0303270165615051,0.0192712120502864,10,6.3,1,8,"lotic",33.2292411,-108.262416,0.678033542749897,3.68318168442784,5.65491402917287,773.0514722,35.541423700516,90,20,467,-4.96184512992682,0,0,1.23081237883598,0,-2.90024029209477,"small",-0.555017041760805,-2.04612492762785,"high_prod","Cool temperate and dry","Cool temperate and dry/xeric",0,"ok",0.158455771003836,0.388546377353986,0.271534910294872
"FWB_0996","FWB_0996_2008","Whatcom","lentic",48.7595,-122.4151,0.0330941851466279,0.0225698256895461,0.0196175204678875,0.0372110372890272,3,9,6,10,"lentic",48.7595,-122.4151,2.92530980925744,-3.04958840599397,4.45799609535193,747.3964739,5.90346090759253,96,128,1127,3.55657587884167,7,21,3.19208041294418,730,5.62320855091239,"large",1.10010612338873,-0.412300525599228,"low_prod","Cool temperate and moist","Cool and moist",0,"ok",0.405465315030422,0.654794679959998,0.531420552719481
"FWB_0997","FWB_0997_2016","Woody Island","lentic",59.763778,-154.275106,0.0416003983947093,0.0918988868231339,0.00860940256319194,0.0705427003460215,3,18.3333333333333,3,7,"lentic",59.763778,-154.275106,7.87649423805212,-5.54880408390628,3.49154818771327,1059.017136,72.798651679182,14,2,692,-1.12701176318981,0,0,8.99976377590827,0,-0.729790418258784,"large",3.10848743794785,-1.34084831921153,"low_prod","Cold and mesic","Cold and wet/mesic",0,"ok",0.688384860437072,0.891229642084597,0.763886794249838
"FWB_0998","FWB_0998_2008","Wynoochee","lentic",47.3901,-123.5987,0.0427501103011641,0.0289037316876281,0.00126371621168765,0.0455043908009475,2,12,9,10,"lentic",47.3901,-123.5987,1.10856261952128,-1.95852341843535,3.64887595396284,659.1055866,36.6790243101374,88,19,2874,-5.29831736654804,0,0,3.50083183466933,413,-2.84713986950416,"large",0.363167081505338,-0.00693095472190353,"low_prod","Cool temperate and moist","Cool and moist",0,"ok",0.403380068470705,0.97297910280298,0.628330500519619
"FWB_0999","FWB_0999_2017","Belen","lotic",-30.769745,-57.794189,0.0285100768096236,0.00574423624237126,0.0216509508611216,0.0100710039045347,39,3.35897435897436,1,14,"lotic",-30.769745,-57.794189,3.17938627558172,4.60780904042582,5.16023713964638,1205.57995,24.2522417677461,193,63,1308,0.771958360984235,19,0,5.39505838584949,0,4.52960587696736,"large",1.15325573226609,-0.821735323691582,"low_prod","Hot and dry","Hot and dry",0,"ok",0.167693809350433,0.317477405756788,0.239711045653825
"FWB_1000","FWB_1000_2017","Bella Unión","lotic",-30.247292,-57.612551,0.0268420881381102,0.0104524440935981,0.0220762052481643,0.0156888312073032,32,2.375,1,14,"lotic",-30.247292,-57.612551,5.7684991049314,5.26362145332169,1.31730360025571,19.02735355,9.42444249139345,197,208,1361,1.93383756782104,9,26,11.4727411213782,29,5.31381175611294,"large",2.92146334937195,0.0466900968557053,"low_prod","Hot and dry","Hot and dry",0,"ok",0.280267467323569,0.415432703892752,0.348273721233994
"FWB_1001","FWB_1001_2017","Frente a Isla del Zapallo","lotic",-30.508209,-57.870844,0.0312639256080847,0.0133518200788085,0.0190857097649644,0.0233522415943918,41,3.36585365853659,1,14,"lotic",-30.508209,-57.870844,5.95743712544204,5.07807333061162,5.3417297357889,801.9874086,21.7477681114323,195,71,1301,-2.37515578582888,31,0,11.4945657624592,29,1.91839358858912,"large",3.05049660093238,-0.199012337754724,"high_prod","Hot and dry","Hot and dry",0,"ok",0.29926251087474,0.550267881610251,0.421625535945939
"FWB_1002","FWB_1002_2017","Guaviyu","lotic",-31.766988,-58.043539,0.0323335823219069,0.0208595903599574,0.0229190151920909,0.0428676194883758,20,2.55,1,14,"lotic",-31.766988,-58.043539,5.63856461170711,5.44124858590115,5.79893328448908,1092.155522,10.9067125728811,184,76,1225,-1.39432653281715,6,0,11.6190943029375,55,2.39288364463361,"large",2.83272594170104,0.281903572962047,"high_prod","Hot and dry","Hot and dry",0,"ok",0.392147888690784,0.651615935312527,0.535613657990416
"FWB_1003","FWB_1003_2017","Las Cañas","lotic",-33.194559,-58.359482,0.0284128973078452,0.0168027179252157,0.0193416575282192,0.0216663564985968,32,4.9375,1,14,"lotic",-32.256664,-58.096143,5.51700299607792,5.58985564476142,5.71853515804337,1717.320013,36.0440755503111,184,207,1174,0.0825012215117436,8,5,11.663653150259,53,4.68751494958874,"large",2.74970670350228,0.478688728365191,"high_prod","Hot and dry","Hot and dry",127523.004359035,"check",0.371613165907556,0.52834444712267,0.446154664956948
"FWB_1004","FWB_1004_2017","Paysandú","lotic",-32.256664,-58.096143,0.0107539519214045,0.0106900060678787,0.0212963674679162,0.0288088294248957,25,3.2,1,14,"lotic",-32.256664,-58.096143,5.51700299607792,5.58985564476142,5.71853515804337,1717.320013,36.0440755503111,184,207,1174,0.0825012215117436,8,5,11.663653150259,53,4.68751494958874,"large",2.74970670350228,0.478688728365191,"high_prod","Hot and dry","Hot and dry",0,"ok",0.498509000680805,0.574966893883789,0.552051740623129
"FWB_1005","FWB_1005_2017","Punta Gorda","lotic",-33.915836,-58.417368,0.0265436860181175,0.0179994923145546,0.0136323210041732,0.0114103126511028,34,3.23529411764706,1,14,"lotic",-32.256664,-58.096143,5.51700299607792,5.58985564476142,5.71853515804337,1717.320013,36.0440755503111,184,207,1174,0.0825012215117436,8,5,11.663653150259,53,4.68751494958874,"large",2.74970670350228,0.478688728365191,"high_prod","Hot and dry","Hot and dry",223338.55681892,"check",0.404090884133252,0.455635489787987,0.422640824694997
"FWB_1006","FWB_1006_2019","Lukulu","lotic",-15.228763,23.02037,0.0230405171362054,0.0277913374247729,0.0112569255373925,0.0589707251295225,10,3.1,1,13,"lentic",-15.228763,23.02037,-0.462035459596559,-2.51868407123712,4.8276524971312,1321.804645,27.2751690088249,228,43,980,0.971914635622152,1,0,-1.12698089946857,0,4.31038306569032,"large",-0.273924887122987,-0.215050623154044,"low_prod","Hot and mesic","Hot and moist",0,"ok",0.546730739312967,0.839708071813717,0.716689386686049
"FWB_1007","FWB_1007_2019","Mongu_Ground_0","lentic",-15.228763,23.02037,0.0593634476525332,0.0130799636271874,0.0441269291914296,0.0216883573542991,11,3.18181818181818,1,13,"lentic",-15.228763,23.02037,-0.462035459596559,-2.51868407123712,4.8276524971312,1321.804645,27.2751690088249,228,43,980,0.971914635622152,1,0,-1.12698089946857,0,4.31038306569032,"large",-0.273924887122987,-0.215050623154044,"low_prod","Hot and mesic","Hot and moist",0,"ok",0.180554220130284,0.329533737412659,0.251472938255076
"FWB_1008","FWB_1008_2019","Mongu_Nalusa","lentic",-15.2536489,23.059019,0.0304171191728669,0.019082589315314,0.0197171419433691,0.0331645138682352,15,5.33333333333333,2,13,"lentic",-15.2536489,23.059019,-0.462035459596559,-2.51868407123712,5.86411483077716,2654.552539,23.1160429480362,228,43,980,0.971914635622152,1,0,-1.12698089946857,0,4.31038306569032,"large",-0.273924887122987,-0.215050623154044,"high_prod","Hot and mesic","Hot and moist",0,"ok",0.38550912516728,0.627145904553118,0.510318489511072
"FWB_1009","FWB_1009_2019","Mongu_Namkande","lentic",-15.266499,23.099936,0.145907022334243,0.0293198207659455,0.0907084812623276,0.175300788954635,3,4,2,13,"lentic",-15.266499,23.099936,-1.42711635564015,-0.182309556865954,5.86411483077716,2654.552539,18.602758128957,229,43,949,0.828988403471358,0,0,-0.349543291873303,0,4.25633599428423,"small",-0.665396961437085,0.652995868209028,"high_prod","Hot and mesic","Hot and moist",0,"ok",0.167324938617889,0.659002555857005,0.463744021726307
"FWB_1010","FWB_1010_2019","Mongu_Pond_2","lentic",-15.261183,23.081349,0.0726169926294211,0.024959253969406,0.0309439054115356,0.033331534591882,8,3.625,1,13,"lentic",-15.261183,23.081349,-1.42711635564015,-0.182309556865954,5.86411483077716,2654.552539,20.6007904686167,229,43,949,0.828988403471358,0,0,-0.349543291873303,0,4.25633599428423,"small",-0.665396961437085,0.652995868209028,"high_prod","Hot and mesic","Hot and moist",0,"ok",0.255792314619591,0.518573417624364,0.360149404587543
"FWB_1011","FWB_1011_2019","Mongu_Pond_3","lentic",-15.261792,23.085142,0.156601877331117,0.0155657551305891,0.0477334367226067,0.0301688768198902,5,4.2,1,13,"lentic",-15.261792,23.085142,-1.42711635564015,-0.182309556865954,5.86411483077716,2654.552539,20.2242353051708,229,43,949,0.828988403471358,0,0,-0.349543291873303,0,4.25633599428423,"small",-0.665396961437085,0.652995868209028,"high_prod","Hot and mesic","Hot and moist",0,"ok",0.0904104616415125,0.387265479650134,0.182887358842036
"FWB_1012","FWB_1012_2019","Senanga","lotic",-16.164732,23.259378,0.0363345016240738,0.0343634323758129,0.0353612319813006,0.0165565937209835,18,4.5,2,13,"lotic",-16.164732,23.259378,5.61096152747342,5.26742850395373,4.91378252103985,921.3780193,22.3737417700455,229,76,779,-0.175544572514931,2,7,11.0952052894944,0,2.21702829395642,"large",2.81387470306658,0.0517313853113087,"low_prod","Hot and mesic","Hot and moist",0,"ok",0.486059923276796,0.318899982752072,0.415281251125298
