"FWB_id","site_year_code","sp_site","collection_site_id","fish_species","fish_family","waterbody_type","collection_decimal_longitude","collection_decimal_latitude","sp_site_mean_N","sp_site_var_N","sp_site_mean_C","sp_site_var_C","sp_site_mean_length","sp_site_var_length","sp_site_num_ind","VarTot","Food web_ID","Climate_zone","Type","Latitude","Longitude","Size","dis_r_sv","TP","TN","Distance_km","temp","hft","prec","pop","crp","urb","upstr","regul","pop_den","size_class","size_z_scored","hydro_dis_z_scored","TP_class","Climate_zone_e","Climate_zone_e2","Dist_class","distance_to_env_m","match_flag","num"
"FWB_0003","FWB_0003_2018","Leiopotherapon unicolor_Baitpool","Baitpool","Leiopotherapon unicolor","Terapontidae","lentic",123.684752,-17.783672,0.36967677440853,0.0754657699904764,0.855181518151815,0.0215105360040955,38,61,5,0.0969763059945719,"FWB_0003",17,"lentic",-17.783672,123.684752,-2.12026353620009,4.97528777468863,3.38153014014091,65.6349952,32.1390922175917,274,31,523,-6.90775527898214,0,0,5.61314274131748,0,-4.70942020736189,"small",-0.946562784624735,2.56922729428435,"low_prod","Extremely hot and xeric","Hot and dry","Q1 (close)",0,"ok",1
"FWB_0003","FWB_0003_2018","NA_Baitpool","Baitpool","NA","Ambassidae","lentic",123.684752,-17.783672,0.554370765300455,0.153789271546087,0.542310231023102,0.0211274973041859,23,103,3,0.174916768850273,"FWB_0003",17,"lentic",-17.783672,123.684752,-2.12026353620009,4.97528777468863,3.38153014014091,65.6349952,32.1390922175917,274,31,523,-6.90775527898214,0,0,5.61314274131748,0,-4.70942020736189,"small",-0.946562784624735,2.56922729428435,"low_prod","Extremely hot and xeric","Hot and dry","Q1 (close)",0,"ok",1
"FWB_0003","FWB_0003_2018","Nematalosa erebi_Baitpool","Baitpool","Nematalosa erebi","Dorosomatidae","lentic",123.684752,-17.783672,0.567277574141953,0.0272283225373837,0.276778877887789,0.0271619871690139,30.2,53.2,5,0.0543903097063976,"FWB_0003",17,"lentic",-17.783672,123.684752,-2.12026353620009,4.97528777468863,3.38153014014091,65.6349952,32.1390922175917,274,31,523,-6.90775527898214,0,0,5.61314274131748,0,-4.70942020736189,"small",-0.946562784624735,2.56922729428435,"low_prod","Extremely hot and xeric","Hot and dry","Q1 (close)",0,"ok",1
"FWB_0003","FWB_0003_2018","Neosilurus hyrtlii_Baitpool","Baitpool","Neosilurus hyrtlii","Plotosidae","lentic",123.684752,-17.783672,0.379273575474842,0.00623675258308319,0.380726072607261,0.000454709233299567,58.2,16.2,5,0.00669146181638276,"FWB_0003",17,"lentic",-17.783672,123.684752,-2.12026353620009,4.97528777468863,3.38153014014091,65.6349952,32.1390922175917,274,31,523,-6.90775527898214,0,0,5.61314274131748,0,-4.70942020736189,"small",-0.946562784624735,2.56922729428435,"low_prod","Extremely hot and xeric","Hot and dry","Q1 (close)",0,"ok",1
"FWB_0003","FWB_0003_2018","Toxotes kimberleyensis_Baitpool","Baitpool","Toxotes kimberleyensis","Toxotidae","lentic",123.684752,-17.783672,0.373742085971343,0.00439077233058271,0.680712871287129,0.00518589332200546,24.6,18.8,5,0.00957666565258817,"FWB_0003",17,"lentic",-17.783672,123.684752,-2.12026353620009,4.97528777468863,3.38153014014091,65.6349952,32.1390922175917,274,31,523,-6.90775527898214,0,0,5.61314274131748,0,-4.70942020736189,"small",-0.946562784624735,2.56922729428435,"low_prod","Extremely hot and xeric","Hot and dry","Q1 (close)",0,"ok",1
"FWB_0017","FWB_0017_2008","Leiopotherapon unicolor_Bulimba Lynd Crossing","Bulimba Lynd Crossing","Leiopotherapon unicolor","Terapontidae","lotic",143.4108,-16.7125,0.637920489296636,0.111901635664787,0.744540831588394,0.137532236382871,93,1092,3,0.249433872047658,"FWB_0017",17,"lotic",-16.7125,143.4108,3.40056384768855,5.39930259405343,1.63984249243876,11.5280946,36.4806009186243,265,2,946,-6.90775527898214,0,0,7.58084617517767,0,-4.96041757793564,"large",1.30430664951426,0.226358778605712,"low_prod","Extremely hot and xeric","Hot and dry","Q2",0,"ok",1
"FWB_0017","FWB_0017_2008","NA_Bulimba Lynd Crossing","Bulimba Lynd Crossing","NA","Melanotaeniidae","lotic",143.4108,-16.7125,0.347400611620795,0.105516019975872,0.262538637949945,0.132535867342768,45.6666666666667,492.333333333333,3,0.238051887318639,"FWB_0017",17,"lotic",-16.7125,143.4108,3.40056384768855,5.39930259405343,1.63984249243876,11.5280946,36.4806009186243,265,2,946,-6.90775527898214,0,0,7.58084617517767,0,-4.96041757793564,"large",1.30430664951426,0.226358778605712,"low_prod","Extremely hot and xeric","Hot and dry","Q2",0,"ok",1
"FWB_0019","FWB_0019_2018","Hephaestus jenkinsi_Bullock Crossing","Bullock Crossing","Hephaestus jenkinsi","Terapontidae","lotic",125.385156,-18.440485,0.31825331691971,0.0385729815506137,0.19291522572203,0.0163750896195543,138.5,662.7,6,0.054948071170168,"FWB_0019",17,"lotic",-18.440485,125.385156,3.17329251324624,4.99410563159376,4.49145575198563,81.55365369,35.7873338271701,275,5,476,-6.90775527898214,0,0,5.86233775426197,0,-5.29631936388536,"large",1.1490940608023,-0.310202188538389,"low_prod","Extremely hot and xeric","Hot and dry","Q2",0,"ok",1
"FWB_0019","FWB_0019_2018","Neoarius graeffei_Bullock Crossing","Bullock Crossing","Neoarius graeffei","Ariidae","lotic",125.385156,-18.440485,0.632494414808736,0.0521380629986924,0.550118910386225,0.0655165205322324,263,3344.11764705882,18,0.117654583530925,"FWB_0019",17,"lotic",-18.440485,125.385156,3.17329251324624,4.99410563159376,4.49145575198563,81.55365369,35.7873338271701,275,5,476,-6.90775527898214,0,0,5.86233775426197,0,-5.29631936388536,"large",1.1490940608023,-0.310202188538389,"low_prod","Extremely hot and xeric","Hot and dry","Q2",0,"ok",1
"FWB_0020","FWB_0020_2008","Hephaestus carbo_Bushy Creek","Bushy Creek","Hephaestus carbo","Terapontidae","lotic",145.3166667,-16.5666667,0.85968514715948,0.0292506427020915,0.122172302356743,0.0112140367025046,109,2503,3,0.0404646794045961,"FWB_0020",13,"lotic",-16.5666667,145.3166667,0.77794778225241,5.39685554471486,4.24836319090242,265.4608058,75.1336810566759,215,8,1645,-3.32423634052603,0,0,0.777952375719123,0,0.7178446711872,"small",-0.486781653428943,0.223118401008157,"low_prod","Hot and mesic","Hot and moist","Q4 (far)",0,"ok",1
"FWB_0020","FWB_0020_2008","Leiopotherapon unicolor_Bushy Creek","Bushy Creek","Leiopotherapon unicolor","Terapontidae","lotic",145.3166667,-16.5666667,0.193094531903567,0.0435012542583281,0.616576022700402,0.0473476998495197,69.3333333333333,83.8666666666667,6,0.0908489541078478,"FWB_0020",13,"lotic",-16.5666667,145.3166667,0.77794778225241,5.39685554471486,4.24836319090242,265.4608058,75.1336810566759,215,8,1645,-3.32423634052603,0,0,0.777952375719123,0,0.7178446711872,"small",-0.486781653428943,0.223118401008157,"low_prod","Hot and mesic","Hot and moist","Q4 (far)",0,"ok",1
"FWB_0020","FWB_0020_2008","NA_Bushy Creek","Bushy Creek","NA","Eleotridae","lotic",145.3166667,-16.5666667,0.68932998707126,0.06454012832821,0.253461548566774,0.00422968106643543,105.333333333333,1164.33333333333,3,0.0687698093946454,"FWB_0020",13,"lotic",-16.5666667,145.3166667,0.77794778225241,5.39685554471486,4.24836319090242,265.4608058,75.1336810566759,215,8,1645,-3.32423634052603,0,0,0.777952375719123,0,0.7178446711872,"small",-0.486781653428943,0.223118401008157,"low_prod","Hot and mesic","Hot and moist","Q4 (far)",0,"ok",1
"FWB_0020","FWB_0020_2008","NA_Bushy Creek","Bushy Creek","NA","Melanotaeniidae","lotic",145.3166667,-16.5666667,0.678530686744239,0.00243202104828202,0.162318383647303,0.0019885507474636,68.5,283.9,6,0.00442057179574562,"FWB_0020",13,"lotic",-16.5666667,145.3166667,0.77794778225241,5.39685554471486,4.24836319090242,265.4608058,75.1336810566759,215,8,1645,-3.32423634052603,0,0,0.777952375719123,0,0.7178446711872,"small",-0.486781653428943,0.223118401008157,"low_prod","Hot and mesic","Hot and moist","Q4 (far)",0,"ok",1
"FWB_0032","FWB_0032_1995","Melanotaenia eachamensis_Dirran Creek, forest edge","Dirran Creek, forest edge","Melanotaenia eachamensis","Melanotaeniidae","lotic",145.5333333,-17.4666667,0.589260808926081,0.0593735940085237,0.858839050131926,0.0167995210281187,43.3333333333333,16.6666666666667,6,0.0761731150366424,"FWB_0032",14,"lotic",-17.4666667,145.5333333,-0.365283318475333,5.70435409986944,5.61927097545758,1672.16056,108.150966716509,196,65,1580,-4.13516655674236,0,0,-0.365268909357242,0,1.24502165311282,"small",-1.26753941628274,0.630307342276645,"high_prod","Hot and dry","Hot and dry","Q4 (far)",0,"ok",1
"FWB_0032","FWB_0032_1995","Mogurnda adspersa_Dirran Creek, forest edge","Dirran Creek, forest edge","Mogurnda adspersa","Eleotridae","lotic",145.5333333,-17.4666667,0.705819703309243,0.0447274822288947,0.353562005277045,0.165401939557647,40,0,5,0.210129421786542,"FWB_0032",14,"lotic",-17.4666667,145.5333333,-0.365283318475333,5.70435409986944,5.61927097545758,1672.16056,108.150966716509,196,65,1580,-4.13516655674236,0,0,-0.365268909357242,0,1.24502165311282,"small",-1.26753941628274,0.630307342276645,"high_prod","Hot and dry","Hot and dry","Q4 (far)",0,"ok",1
"FWB_0032","FWB_0032_1995","NA_Dirran Creek, forest edge","Dirran Creek, forest edge","NA","Melanotaeniidae","lotic",145.5333333,-17.4666667,0.166413084823127,0.0166687380512578,0.762532981530343,0.00660442816930172,22938.05,699180331.076667,4,0.0232731662205595,"FWB_0032",14,"lotic",-17.4666667,145.5333333,-0.365283318475333,5.70435409986944,5.61927097545758,1672.16056,108.150966716509,196,65,1580,-4.13516655674236,0,0,-0.365268909357242,0,1.24502165311282,"small",-1.26753941628274,0.630307342276645,"high_prod","Hot and dry","Hot and dry","Q4 (far)",0,"ok",1
"FWB_0033","FWB_0033_1995","Melanotaenia eachamensis_Dirran Creek, pasture crossing","Dirran Creek, pasture crossing","Melanotaenia eachamensis","Melanotaeniidae","lotic",145.5333333,-17.4666667,0.778863499699339,0.0263351385762361,0.748318385650225,0.0218796591813343,41.25,26.7857142857143,8,0.0482147977575704,"FWB_0032",14,"lotic",-17.4666667,145.5333333,-0.365283318475333,5.70435409986944,5.61927097545758,1672.16056,108.150966716509,196,65,1580,-4.13516655674236,0,0,-0.365268909357242,0,1.24502165311282,"small",-1.26753941628274,0.630307342276645,"high_prod","Hot and dry","Hot and dry","Q4 (far)",0,"ok",1
"FWB_0033","FWB_0033_1995","Mogurnda adspersa_Dirran Creek, pasture crossing","Dirran Creek, pasture crossing","Mogurnda adspersa","Eleotridae","lotic",145.5333333,-17.4666667,0.612748045700542,0.228720021087884,0.35949177877429,0.181233954701147,38.3333333333333,8.33333333333333,3,0.409953975789032,"FWB_0032",14,"lotic",-17.4666667,145.5333333,-0.365283318475333,5.70435409986944,5.61927097545758,1672.16056,108.150966716509,196,65,1580,-4.13516655674236,0,0,-0.365268909357242,0,1.24502165311282,"small",-1.26753941628274,0.630307342276645,"high_prod","Hot and dry","Hot and dry","Q4 (far)",0,"ok",1
"FWB_0033","FWB_0033_1995","NA_Dirran Creek, pasture crossing","Dirran Creek, pasture crossing","NA","Melanotaeniidae","lotic",145.5333333,-17.4666667,0.193425536179595,0.0354026000918196,0.715994020926756,0.10682566175337,15272.4666666667,696431465.813333,3,0.142228261845189,"FWB_0032",14,"lotic",-17.4666667,145.5333333,-0.365283318475333,5.70435409986944,5.61927097545758,1672.16056,108.150966716509,196,65,1580,-4.13516655674236,0,0,-0.365268909357242,0,1.24502165311282,"small",-1.26753941628274,0.630307342276645,"high_prod","Hot and dry","Hot and dry","Q4 (far)",0,"ok",1
"FWB_0046","FWB_0046_2002","Amniataba percoides_Hooley_Ck","Hooley_Ck","Amniataba percoides","Terapontidae","lotic",117.999111,-21.884789,0.695377128953771,0.0876770561386684,0.562469850458273,0.033851538944307,64.5,560.333333333333,6,0.121528595082975,"FWB_0046",16,"lotic",-21.884789,117.999111,1.45044218094364,5.09389118426202,4.21660742165222,91.82280918,411.507286310369,263,75,365,-5.80914299031403,0,0,3.34300349072432,0,-2.60355505977276,"large",-0.0275086141286289,-0.178066369153957,"low_prod","Extremely hot and arid","Hot and dry","Q4 (far)",0,"ok",1
"FWB_0046","FWB_0046_2002","Glossogobius giuris_Hooley_Ck","Hooley_Ck","Glossogobius giuris","Gobiidae","lotic",117.999111,-21.884789,0.109489051094891,0.0159838030795461,0.490593342981187,0.00174527014338441,136,108,4,0.0177290732229305,"FWB_0046",16,"lotic",-21.884789,117.999111,1.45044218094364,5.09389118426202,4.21660742165222,91.82280918,411.507286310369,263,75,365,-5.80914299031403,0,0,3.34300349072432,0,-2.60355505977276,"large",-0.0275086141286289,-0.178066369153957,"low_prod","Extremely hot and arid","Hot and dry","Q4 (far)",0,"ok",1
"FWB_0046","FWB_0046_2002","Leiopotherapon aheneus_Hooley_Ck","Hooley_Ck","Leiopotherapon aheneus","Terapontidae","lotic",117.999111,-21.884789,0.159124087591241,5.11481698545452e-06,0.351664254703329,0.00306776604723538,56,0.8,6,0.00307288086422084,"FWB_0046",16,"lotic",-21.884789,117.999111,1.45044218094364,5.09389118426202,4.21660742165222,91.82280918,411.507286310369,263,75,365,-5.80914299031403,0,0,3.34300349072432,0,-2.60355505977276,"large",-0.0275086141286289,-0.178066369153957,"low_prod","Extremely hot and arid","Hot and dry","Q4 (far)",0,"ok",1
"FWB_0046","FWB_0046_2002","Leiopotherapon unicolor_Hooley_Ck","Hooley_Ck","Leiopotherapon unicolor","Terapontidae","lotic",117.999111,-21.884789,0.287226277372263,0.0466494143077872,0.471599131693198,0.111948470948881,73.125,862.696428571429,8,0.158597885256669,"FWB_0046",16,"lotic",-21.884789,117.999111,1.45044218094364,5.09389118426202,4.21660742165222,91.82280918,411.507286310369,263,75,365,-5.80914299031403,0,0,3.34300349072432,0,-2.60355505977276,"large",-0.0275086141286289,-0.178066369153957,"low_prod","Extremely hot and arid","Hot and dry","Q4 (far)",0,"ok",1
"FWB_0046","FWB_0046_2002","Melanotaenia australis_Hooley_Ck","Hooley_Ck","Melanotaenia australis","Melanotaeniidae","lotic",117.999111,-21.884789,0.231143552311436,0.000827463725646901,0.462132175590931,0.0183702946644299,49,5.33333333333333,6,0.0191977583900768,"FWB_0046",16,"lotic",-21.884789,117.999111,1.45044218094364,5.09389118426202,4.21660742165222,91.82280918,411.507286310369,263,75,365,-5.80914299031403,0,0,3.34300349072432,0,-2.60355505977276,"large",-0.0275086141286289,-0.178066369153957,"low_prod","Extremely hot and arid","Hot and dry","Q4 (far)",0,"ok",1
"FWB_0046","FWB_0046_2002","Nematalosa erebi_Hooley_Ck","Hooley_Ck","Nematalosa erebi","Dorosomatidae","lotic",117.999111,-21.884789,0.267153284671533,0.0253088721946946,0.308248914616498,0.0390689193217462,144.2,2671.73333333333,10,0.0643777915164407,"FWB_0046",16,"lotic",-21.884789,117.999111,1.45044218094364,5.09389118426202,4.21660742165222,91.82280918,411.507286310369,263,75,365,-5.80914299031403,0,0,3.34300349072432,0,-2.60355505977276,"large",-0.0275086141286289,-0.178066369153957,"low_prod","Extremely hot and arid","Hot and dry","Q4 (far)",0,"ok",1
"FWB_0064","FWB_0064_2008","Amniataba percoides_Mitchell River @ Cooktown Crossing","Mitchell River @ Cooktown Crossing","Amniataba percoides","Terapontidae","lotic",144.89,-16.566,0.604455311056778,0.00683975163842376,0.572512454865396,0.0326939774032474,62.3333333333333,4.33333333333333,3,0.0395337290416712,"FWB_0064",18,"lotic",-16.566,144.89,1.99890913078792,6.59162538000169,4.24836319090242,265.4608058,27.640859297306,242,3,1445,-6.90775527898214,2,0,6.42778051882691,0,-4.96041757793564,"large",0.347061171881451,1.80523010896529,"low_prod","Extremely hot and moist","Hot and moist","Q1 (close)",0,"ok",1
"FWB_0064","FWB_0064_2008","Glossamia aprion_Mitchell River @ Cooktown Crossing","Mitchell River @ Cooktown Crossing","Glossamia aprion","Apogonidae","lotic",144.89,-16.566,0.80421986778955,0.0481698041266804,0.787238904885964,0.0043971384015423,80,844,3,0.0525669425282227,"FWB_0064",18,"lotic",-16.566,144.89,1.99890913078792,6.59162538000169,4.24836319090242,265.4608058,27.640859297306,242,3,1445,-6.90775527898214,2,0,6.42778051882691,0,-4.96041757793564,"large",0.347061171881451,1.80523010896529,"low_prod","Extremely hot and moist","Hot and moist","Q1 (close)",0,"ok",1
"FWB_0064","FWB_0064_2008","Hephaestus fuliginosus_Mitchell River @ Cooktown Crossing","Mitchell River @ Cooktown Crossing","Hephaestus fuliginosus","Terapontidae","lotic",144.89,-16.566,0.753056234718826,0.0408182107418722,0.161067690479455,0.021826532848383,74.6666666666667,281.333333333333,3,0.0626447435902552,"FWB_0064",18,"lotic",-16.566,144.89,1.99890913078792,6.59162538000169,4.24836319090242,265.4608058,27.640859297306,242,3,1445,-6.90775527898214,2,0,6.42778051882691,0,-4.96041757793564,"large",0.347061171881451,1.80523010896529,"low_prod","Extremely hot and moist","Hot and moist","Q1 (close)",0,"ok",1
"FWB_0064","FWB_0064_2008","Leiopotherapon unicolor_Mitchell River @ Cooktown Crossing","Mitchell River @ Cooktown Crossing","Leiopotherapon unicolor","Terapontidae","lotic",144.89,-16.566,0.4253192067373,0.0859943802698808,0.87461949814891,0.0132654603121852,71.2,683.2,5,0.099259840582066,"FWB_0064",18,"lotic",-16.566,144.89,1.99890913078792,6.59162538000169,4.24836319090242,265.4608058,27.640859297306,242,3,1445,-6.90775527898214,2,0,6.42778051882691,0,-4.96041757793564,"large",0.347061171881451,1.80523010896529,"low_prod","Extremely hot and moist","Hot and moist","Q1 (close)",0,"ok",1
"FWB_0064","FWB_0064_2008","NA_Mitchell River @ Cooktown Crossing","Mitchell River @ Cooktown Crossing","NA","Melanotaeniidae","lotic",144.89,-16.566,0.510567780494431,0.0587967787771312,0.677718360071301,0.0155312221782084,65,185.5,5,0.0743280009553396,"FWB_0064",18,"lotic",-16.566,144.89,1.99890913078792,6.59162538000169,4.24836319090242,265.4608058,27.640859297306,242,3,1445,-6.90775527898214,2,0,6.42778051882691,0,-4.96041757793564,"large",0.347061171881451,1.80523010896529,"low_prod","Extremely hot and moist","Hot and moist","Q1 (close)",0,"ok",1
"FWB_0064","FWB_0064_2008","Oxyeleotris lineolata_Mitchell River @ Cooktown Crossing","Mitchell River @ Cooktown Crossing","Oxyeleotris lineolata","Butidae","lotic",144.89,-16.566,0.716761749524586,0.0325645079643841,0.645934457699164,0.0333646825988395,171.4,800.8,5,0.0659291905632235,"FWB_0064",18,"lotic",-16.566,144.89,1.99890913078792,6.59162538000169,4.24836319090242,265.4608058,27.640859297306,242,3,1445,-6.90775527898214,2,0,6.42778051882691,0,-4.96041757793564,"large",0.347061171881451,1.80523010896529,"low_prod","Extremely hot and moist","Hot and moist","Q1 (close)",0,"ok",1
"FWB_0068","FWB_0068_2019","Hephaestus jenkinsi_Mungungudha","Mungungudha","Hephaestus jenkinsi","Terapontidae","lotic",125.195568,-18.504371,0.360320172108327,0.0632603306543022,0.172459279651296,0.012854283079032,184.666666666667,286.75,9,0.0761146137333342,"FWB_0068",17,"lotic",-18.504371,125.195568,4.36196422363683,4.73080301981415,4.51090233625898,109.8949317,23.3723277787241,275,46,470,-6.21460809842219,0,0,7.72641466362599,0,-4.70942020736189,"large",1.96088501433862,-0.65886695436101,"low_prod","Extremely hot and xeric","Hot and dry","Q1 (close)",0,"ok",1
"FWB_0068","FWB_0068_2019","Lates calcarifer_Mungungudha","Mungungudha","Lates calcarifer","Latidae","lotic",125.195568,-18.504371,0.659510250569476,0.083189575214948,0.310030970406056,0.0514879833071951,532,3307.5,5,0.134677558522143,"FWB_0068",17,"lotic",-18.504371,125.195568,4.36196422363683,4.73080301981415,4.51090233625898,109.8949317,23.3723277787241,275,46,470,-6.21460809842219,0,0,7.72641466362599,0,-4.70942020736189,"large",1.96088501433862,-0.65886695436101,"low_prod","Extremely hot and xeric","Hot and dry","Q1 (close)",0,"ok",1
"FWB_0068","FWB_0068_2019","Neoarius graeffei_Mungungudha","Mungungudha","Neoarius graeffei","Ariidae","lotic",125.195568,-18.504371,0.691438876233865,0.038171680174968,0.696948841477403,0.0406097047799389,246.666666666667,43.75,9,0.0787813849549069,"FWB_0068",17,"lotic",-18.504371,125.195568,4.36196422363683,4.73080301981415,4.51090233625898,109.8949317,23.3723277787241,275,46,470,-6.21460809842219,0,0,7.72641466362599,0,-4.70942020736189,"large",1.96088501433862,-0.65886695436101,"low_prod","Extremely hot and xeric","Hot and dry","Q1 (close)",0,"ok",1
"FWB_0101","FWB_0101_2021","Cyprinus carpio_furthteich","furthteich","Cyprinus carpio","Cyprinidae","lentic",15.2595931,48.8197842,0.34468085106383,0.0430861292327834,0.876240027748873,0.0101587088462319,NA,NA,15,0.0532448380790154,"FWB_0101",8,"lentic",48.8197842,15.2595931,-1.30933331998376,-2.62694281480238,6.47513325060511,3687.232571,111.888634421588,75,203,728,0.963174317773006,74,0,-1.16472004040423,0,4.31227468051371,"small",-0.617619858526394,-0.255272608941494,"high_prod","Cool temperate and dry","Cool temperate and dry/xeric","Q4 (far)",0,"ok",1
"FWB_0101","FWB_0101_2021","Pseudorasbora parva_furthteich","furthteich","Pseudorasbora parva","Gobionidae","lentic",15.2595931,48.8197842,0.627558257345491,0.0252793919740825,0.650502948317724,0.0625175460727657,NA,NA,15,0.0877969380468482,"FWB_0101",8,"lentic",48.8197842,15.2595931,-1.30933331998376,-2.62694281480238,6.47513325060511,3687.232571,111.888634421588,75,203,728,0.963174317773006,74,0,-1.16472004040423,0,4.31227468051371,"small",-0.617619858526394,-0.255272608941494,"high_prod","Cool temperate and dry","Cool temperate and dry/xeric","Q4 (far)",0,"ok",1
"FWB_0102","FWB_0102_2022","Cyprinus carpio_gopfridsteich","gopfridsteich","Cyprinus carpio","Cyprinidae","lentic",15.2041411,48.8632911,0.586734693877551,0.0099437839596033,0.173352174309417,0.00737629087277569,NA,NA,14,0.017320074832379,"FWB_0102",7,"lentic",48.8632911,15.2041411,-2.12026353620009,-2.85448000616492,6.47513325060511,3687.232571,102.34002338008,70,95,762,0.0741793981742515,50,0,-2.45329171041875,0,3.6878291527405,"small",-0.946562784624735,-0.33981079380952,"high_prod","Cold and mesic","Cold and wet/mesic","Q4 (far)",0,"ok",1
"FWB_0102","FWB_0102_2022","Pseudorasbora parva_gopfridsteich","gopfridsteich","Pseudorasbora parva","Gobionidae","lentic",15.2041411,48.8632911,0.558931264813618,0.0544369621615905,0.282855963061676,0.0718728799748118,57.1764705882353,259.029411764706,17,0.126309842136402,"FWB_0102",7,"lentic",48.8632911,15.2041411,-2.12026353620009,-2.85448000616492,6.47513325060511,3687.232571,102.34002338008,70,95,762,0.0741793981742515,50,0,-2.45329171041875,0,3.6878291527405,"small",-0.946562784624735,-0.33981079380952,"high_prod","Cold and mesic","Cold and wet/mesic","Q4 (far)",0,"ok",1
"FWB_0104","FWB_0104_2022","Cyprinus carpio_ob_kiebitzteich","ob_kiebitzteich","Cyprinus carpio","Cyprinidae","lentic",15.2703219,48.8138217,0.618553459119497,0.0366261082574717,0.648472775564409,0.0183363680546265,NA,NA,15,0.0549624763120982,"FWB_0104",8,"lentic",48.8138217,15.2703219,-1.30933331998376,-2.62694281480238,6.47513325060511,3687.232571,113.447908363583,75,203,728,0.963174317773006,74,0,-1.16472004040423,0,4.31227468051371,"small",-0.617619858526394,-0.255272608941494,"high_prod","Cool temperate and dry","Cool temperate and dry/xeric","Q4 (far)",0,"ok",1
"FWB_0104","FWB_0104_2022","Pseudorasbora parva_ob_kiebitzteich","ob_kiebitzteich","Pseudorasbora parva","Gobionidae","lentic",15.2703219,48.8138217,0.493867924528302,0.0815807290342268,0.463346613545817,0.129396358787956,46.7142857142857,26.5274725274725,15,0.210977087822183,"FWB_0104",8,"lentic",48.8138217,15.2703219,-1.30933331998376,-2.62694281480238,6.47513325060511,3687.232571,113.447908363583,75,203,728,0.963174317773006,74,0,-1.16472004040423,0,4.31227468051371,"small",-0.617619858526394,-0.255272608941494,"high_prod","Cool temperate and dry","Cool temperate and dry/xeric","Q4 (far)",0,"ok",1
"FWB_0105","FWB_0105_2022","Cyprinus carpio_unterer_kiebitzteich","unterer_kiebitzteich","Cyprinus carpio","Cyprinidae","lentic",15.2687342,48.8148389,0.639285714285714,0.0461347997185947,0.505623354869586,0.0413043907806947,NA,NA,28,0.0874391904992894,"FWB_0105",8,"lentic",48.8148389,15.2687342,-1.30933331998376,-2.62694281480238,6.47513325060511,3687.232571,113.201318968308,75,203,728,0.963174317773006,74,0,-1.16472004040423,0,4.31227468051371,"small",-0.617619858526394,-0.255272608941494,"high_prod","Cool temperate and dry","Cool temperate and dry/xeric","Q4 (far)",0,"ok",1
"FWB_0105","FWB_0105_2022","Pseudorasbora parva_unterer_kiebitzteich","unterer_kiebitzteich","Pseudorasbora parva","Gobionidae","lentic",15.2687342,48.8148389,0.320925297113752,0.0145503641318917,0.729615821040687,0.0223481588462597,55.9333333333333,4124.47816091954,31,0.0368985229781514,"FWB_0105",8,"lentic",48.8148389,15.2687342,-1.30933331998376,-2.62694281480238,6.47513325060511,3687.232571,113.201318968308,75,203,728,0.963174317773006,74,0,-1.16472004040423,0,4.31227468051371,"small",-0.617619858526394,-0.255272608941494,"high_prod","Cool temperate and dry","Cool temperate and dry/xeric","Q4 (far)",0,"ok",1
"FWB_0107","FWB_0107_2013","Carassius gibelio_Belgian Pond 1","Belgian Pond 1","Carassius gibelio","Cyprinidae","lentic",4.181906,51.038233,0.70481791893349,0.00481355222071302,0.678493068113321,0.00659317915368586,121.6,2842.82857142857,15,0.0114067313743989,"FWB_0107",10,"lentic",51.038233,4.181906,-0.415515443961666,-4.05294673352617,5.1208528932036,1478.620061,70.4777464204151,103,365,775,3.4251742910436,15,87,-2.10365227039489,0,7.08774913711967,"large",-0.255054668996844,-0.785083942999526,"high_prod","Cool temperate and moist","Cool and moist","Q4 (far)",0,"ok",1
"FWB_0107","FWB_0107_2013","Pseudorasbora parva_Belgian Pond 1","Belgian Pond 1","Pseudorasbora parva","Gobionidae","lentic",4.181906,51.038233,0.825552614811548,0.00417922235575416,0.501989150090416,0.0118682338560106,60,168,12,0.0160474562117647,"FWB_0107",10,"lentic",51.038233,4.181906,-0.415515443961666,-4.05294673352617,5.1208528932036,1478.620061,70.4777464204151,103,365,775,3.4251742910436,15,87,-2.10365227039489,0,7.08774913711967,"large",-0.255054668996844,-0.785083942999526,"high_prod","Cool temperate and moist","Cool and moist","Q4 (far)",0,"ok",1
"FWB_0107","FWB_0107_2013","Pungitius pungitius_Belgian Pond 1","Belgian Pond 1","Pungitius pungitius","Gasterosteidae","lentic",4.181906,51.038233,0.470269078076753,0.0929357553035589,0.334792043399638,0.123008131800496,52.6,10.9333333333333,10,0.215943887104055,"FWB_0107",10,"lentic",51.038233,4.181906,-0.415515443961666,-4.05294673352617,5.1208528932036,1478.620061,70.4777464204151,103,365,775,3.4251742910436,15,87,-2.10365227039489,0,7.08774913711967,"large",-0.255054668996844,-0.785083942999526,"high_prod","Cool temperate and moist","Cool and moist","Q4 (far)",0,"ok",1
"FWB_0107","FWB_0107_2013","Rhodeus amarus_Belgian Pond 1","Belgian Pond 1","Rhodeus amarus","Acheilognathidae","lentic",4.181906,51.038233,0.600352889280988,0.00191817857958057,0.80370705244123,0.00181203518100078,67,6,4,0.00373021376058136,"FWB_0107",10,"lentic",51.038233,4.181906,-0.415515443961666,-4.05294673352617,5.1208528932036,1478.620061,70.4777464204151,103,365,775,3.4251742910436,15,87,-2.10365227039489,0,7.08774913711967,"large",-0.255054668996844,-0.785083942999526,"high_prod","Cool temperate and moist","Cool and moist","Q4 (far)",0,"ok",1
"FWB_0108","FWB_0108_2013","Blicca bjoerkna_Belgian Pond 2","Belgian Pond 2","Blicca bjoerkna","Leuciscidae","lentic",5.336256,50.984264,0.712881712881713,0.0106419881428656,0.459151707145372,0.0018880872813126,55.5,24.7,6,0.0125300754241782,"FWB_0108",10,"lentic",50.984264,5.336256,-1.89711998488588,1.53579352511601,6.1125779416245,8488.206111,111.852715992236,98,344,806,1.77155676191054,12,40,1.92905605627003,0,6.48022860940605,"small",-0.856047606818498,1.2913324631945,"high_prod","Cool temperate and moist","Cool and moist","Q4 (far)",0,"ok",1
"FWB_0108","FWB_0108_2013","Carassius gibelio_Belgian Pond 2","Belgian Pond 2","Carassius gibelio","Cyprinidae","lentic",5.336256,50.984264,0.585959985959986,0.00381418601846822,0.337888067581838,0.00129617293710875,85.6,226.711111111111,10,0.00511035895557697,"FWB_0108",10,"lentic",50.984264,5.336256,-1.89711998488588,1.53579352511601,6.1125779416245,8488.206111,111.852715992236,98,344,806,1.77155676191054,12,40,1.92905605627003,0,6.48022860940605,"small",-0.856047606818498,1.2913324631945,"high_prod","Cool temperate and moist","Cool and moist","Q4 (far)",0,"ok",1
"FWB_0108","FWB_0108_2013","Cyprinus carpio_Belgian Pond 2","Belgian Pond 2","Cyprinus carpio","Cyprinidae","lentic",5.336256,50.984264,0.545682695682696,0.0383416518814904,0.512375923970433,0.013592067479747,70.3,73.3444444444444,10,0.0519337193612374,"FWB_0108",10,"lentic",50.984264,5.336256,-1.89711998488588,1.53579352511601,6.1125779416245,8488.206111,111.852715992236,98,344,806,1.77155676191054,12,40,1.92905605627003,0,6.48022860940605,"small",-0.856047606818498,1.2913324631945,"high_prod","Cool temperate and moist","Cool and moist","Q4 (far)",0,"ok",1
"FWB_0108","FWB_0108_2013","Gasterosteus aculeatus_Belgian Pond 2","Belgian Pond 2","Gasterosteus aculeatus","Gasterosteidae","lentic",5.336256,50.984264,0.185222885222885,0.0509821007890506,0.105269271383316,0.0108078865052524,48.4,9.6,10,0.061789987294303,"FWB_0108",10,"lentic",50.984264,5.336256,-1.89711998488588,1.53579352511601,6.1125779416245,8488.206111,111.852715992236,98,344,806,1.77155676191054,12,40,1.92905605627003,0,6.48022860940605,"small",-0.856047606818498,1.2913324631945,"high_prod","Cool temperate and moist","Cool and moist","Q4 (far)",0,"ok",1
"FWB_0108","FWB_0108_2013","Leucaspius delineatus_Belgian Pond 2","Belgian Pond 2","Leucaspius delineatus","Leuciscidae","lentic",5.336256,50.984264,0.911740961740962,0.00640848702449265,0.250760295670539,0.00305804258332723,58.5,119.388888888889,10,0.00946652960781987,"FWB_0108",10,"lentic",50.984264,5.336256,-1.89711998488588,1.53579352511601,6.1125779416245,8488.206111,111.852715992236,98,344,806,1.77155676191054,12,40,1.92905605627003,0,6.48022860940605,"small",-0.856047606818498,1.2913324631945,"high_prod","Cool temperate and moist","Cool and moist","Q4 (far)",0,"ok",1
"FWB_0108","FWB_0108_2013","Pseudorasbora parva_Belgian Pond 2","Belgian Pond 2","Pseudorasbora parva","Gobionidae","lentic",5.336256,50.984264,0.663022113022113,0.00296126139404483,0.422196409714889,0.00235189878781325,72.1,51.2111111111111,10,0.00531316018185808,"FWB_0108",10,"lentic",50.984264,5.336256,-1.89711998488588,1.53579352511601,6.1125779416245,8488.206111,111.852715992236,98,344,806,1.77155676191054,12,40,1.92905605627003,0,6.48022860940605,"small",-0.856047606818498,1.2913324631945,"high_prod","Cool temperate and moist","Cool and moist","Q4 (far)",0,"ok",1
"FWB_0108","FWB_0108_2013","Rhodeus amarus_Belgian Pond 2","Belgian Pond 2","Rhodeus amarus","Acheilognathidae","lentic",5.336256,50.984264,0.54977184977185,0.00220665204870189,0.437148891235481,0.00685331560132773,51.8,189.511111111111,10,0.00905996765002962,"FWB_0108",10,"lentic",50.984264,5.336256,-1.89711998488588,1.53579352511601,6.1125779416245,8488.206111,111.852715992236,98,344,806,1.77155676191054,12,40,1.92905605627003,0,6.48022860940605,"small",-0.856047606818498,1.2913324631945,"high_prod","Cool temperate and moist","Cool and moist","Q4 (far)",0,"ok",1
"FWB_0108","FWB_0108_2013","Rutilus rutilus_Belgian Pond 2","Belgian Pond 2","Rutilus rutilus","Leuciscidae","lentic",5.336256,50.984264,0.649979524979525,0.0184201569197102,0.656300598380852,0.0446377987921282,97.6666666666667,1956.78787878788,12,0.0630579557118384,"FWB_0108",10,"lentic",50.984264,5.336256,-1.89711998488588,1.53579352511601,6.1125779416245,8488.206111,111.852715992236,98,344,806,1.77155676191054,12,40,1.92905605627003,0,6.48022860940605,"small",-0.856047606818498,1.2913324631945,"high_prod","Cool temperate and moist","Cool and moist","Q4 (far)",0,"ok",1
"FWB_0108","FWB_0108_2013","Scardinius erythrophthalmus_Belgian Pond 2","Belgian Pond 2","Scardinius erythrophthalmus","Leuciscidae","lentic",5.336256,50.984264,0.572744822744823,0.0107237006587656,0.693249358877659,0.0191244297439987,92.7857142857143,1692.64285714286,14,0.0298481304027643,"FWB_0108",10,"lentic",50.984264,5.336256,-1.89711998488588,1.53579352511601,6.1125779416245,8488.206111,111.852715992236,98,344,806,1.77155676191054,12,40,1.92905605627003,0,6.48022860940605,"small",-0.856047606818498,1.2913324631945,"high_prod","Cool temperate and moist","Cool and moist","Q4 (far)",0,"ok",1
"FWB_0109","FWB_0109_2013","Carassius gibelio_Belgian Pond 3","Belgian Pond 3","Carassius gibelio","Cyprinidae","lentic",4.177956,51.035481,0.363979416809605,0.0073908717257693,0.591551187023311,0.116734861875341,222.666666666667,3466.33333333333,6,0.12412573360111,"FWB_0109",10,"lentic",51.035481,4.177956,-0.415515443961666,-4.05294673352617,5.1208528932036,1478.620061,70.3326972820644,103,365,775,3.4251742910436,15,87,-2.10365227039489,0,7.08774913711967,"large",-0.255054668996844,-0.785083942999526,"high_prod","Cool temperate and moist","Cool and moist","Q4 (far)",0,"ok",1
"FWB_0109","FWB_0109_2013","Gasterosteus aculeatus_Belgian Pond 3","Belgian Pond 3","Gasterosteus aculeatus","Gasterosteidae","lentic",4.177956,51.035481,0.299466361730513,0.0220645596389148,0.282379059691339,0.0125472050993497,42.8888888888889,20.3611111111111,9,0.0346117647382645,"FWB_0109",10,"lentic",51.035481,4.177956,-0.415515443961666,-4.05294673352617,5.1208528932036,1478.620061,70.3326972820644,103,365,775,3.4251742910436,15,87,-2.10365227039489,0,7.08774913711967,"large",-0.255054668996844,-0.785083942999526,"high_prod","Cool temperate and moist","Cool and moist","Q4 (far)",0,"ok",1
"FWB_0109","FWB_0109_2013","Pseudorasbora parva_Belgian Pond 3","Belgian Pond 3","Pseudorasbora parva","Gobionidae","lentic",4.177956,51.035481,0.4021269296741,0.0121312820754227,0.453238801160168,0.0043704235990889,73.6,46.9333333333333,10,0.0165017056745116,"FWB_0109",10,"lentic",51.035481,4.177956,-0.415515443961666,-4.05294673352617,5.1208528932036,1478.620061,70.3326972820644,103,365,775,3.4251742910436,15,87,-2.10365227039489,0,7.08774913711967,"large",-0.255054668996844,-0.785083942999526,"high_prod","Cool temperate and moist","Cool and moist","Q4 (far)",0,"ok",1
"FWB_0109","FWB_0109_2013","Pungitius pungitius_Belgian Pond 3","Belgian Pond 3","Pungitius pungitius","Gasterosteidae","lentic",4.177956,51.035481,0.535184391080618,0.01098554811802,0.614445697711892,0.0418255841969043,43.75,18.5,8,0.0528111323149243,"FWB_0109",10,"lentic",51.035481,4.177956,-0.415515443961666,-4.05294673352617,5.1208528932036,1478.620061,70.3326972820644,103,365,775,3.4251742910436,15,87,-2.10365227039489,0,7.08774913711967,"large",-0.255054668996844,-0.785083942999526,"high_prod","Cool temperate and moist","Cool and moist","Q4 (far)",0,"ok",1
"FWB_0109","FWB_0109_2013","Rhodeus amarus_Belgian Pond 3","Belgian Pond 3","Rhodeus amarus","Acheilognathidae","lentic",4.177956,51.035481,0.471029159519726,0.0635320449388542,0.623735095069288,0.00687862972845936,63.8,49.7333333333333,10,0.0704106746673136,"FWB_0109",10,"lentic",51.035481,4.177956,-0.415515443961666,-4.05294673352617,5.1208528932036,1478.620061,70.3326972820644,103,365,775,3.4251742910436,15,87,-2.10365227039489,0,7.08774913711967,"large",-0.255054668996844,-0.785083942999526,"high_prod","Cool temperate and moist","Cool and moist","Q4 (far)",0,"ok",1
"FWB_0109","FWB_0109_2013","Scardinius erythrophthalmus_Belgian Pond 3","Belgian Pond 3","Scardinius erythrophthalmus","Leuciscidae","lentic",4.177956,51.035481,0.466454300416565,0.00955857997898194,0.872450623820266,0.00392509843272668,166.5,24.5,7,0.0134836784117086,"FWB_0109",10,"lentic",51.035481,4.177956,-0.415515443961666,-4.05294673352617,5.1208528932036,1478.620061,70.3326972820644,103,365,775,3.4251742910436,15,87,-2.10365227039489,0,7.08774913711967,"large",-0.255054668996844,-0.785083942999526,"high_prod","Cool temperate and moist","Cool and moist","Q4 (far)",0,"ok",1
"FWB_0131","FWB_0131_2016","Characidium fasciatum_rv-01","rv-01","Characidium fasciatum","Crenuchidae","lotic",-43.567074,-20.31188,0.570699354121814,0.0138217597553009,0.120190409845582,0.00694874138842959,NA,NA,11,0.0207705011437305,"FWB_0131",14,"lotic",-20.31188,-43.567074,1.07021281414641,5.61351055075359,5.74370044178681,468.3114622,73.3287622375809,183,92,1541,-2.1982250776698,0,0,2.42471511126079,0,2.24516888122118,"small",-0.287182296556394,0.510012505226243,"high_prod","Hot and dry","Hot and dry","Q4 (far)",0,"ok",1
"FWB_0131","FWB_0131_2016","Neoplecostomus franciscoensis_rv-01","rv-01","Neoplecostomus franciscoensis","Loricariidae","lotic",-43.567074,-20.31188,0.533613445378151,0.100480412550695,0.240051085568327,0.0259144438155707,NA,NA,10,0.126394856366266,"FWB_0131",14,"lotic",-20.31188,-43.567074,1.07021281414641,5.61351055075359,5.74370044178681,468.3114622,73.3287622375809,183,92,1541,-2.1982250776698,0,0,2.42471511126079,0,2.24516888122118,"small",-0.287182296556394,0.510012505226243,"high_prod","Hot and dry","Hot and dry","Q4 (far)",0,"ok",1
"FWB_0131","FWB_0131_2016","Oligosarcus argenteus_rv-01","rv-01","Oligosarcus argenteus","Characidae","lotic",-43.567074,-20.31188,0.539056531703591,0.108341185283058,0.374840357598978,0.0179421149838495,NA,NA,4,0.126283300266908,"FWB_0131",14,"lotic",-20.31188,-43.567074,1.07021281414641,5.61351055075359,5.74370044178681,468.3114622,73.3287622375809,183,92,1541,-2.1982250776698,0,0,2.42471511126079,0,2.24516888122118,"small",-0.287182296556394,0.510012505226243,"high_prod","Hot and dry","Hot and dry","Q4 (far)",0,"ok",1
"FWB_0131","FWB_0131_2016","Psalidodon fasciatus_rv-01","rv-01","Psalidodon fasciatus","Characidae","lotic",-43.567074,-20.31188,0.219786096256685,0.0137315208047244,0.624444444444444,0.0441695871235661,NA,NA,5,0.0579011079282905,"FWB_0131",14,"lotic",-20.31188,-43.567074,1.07021281414641,5.61351055075359,5.74370044178681,468.3114622,73.3287622375809,183,92,1541,-2.1982250776698,0,0,2.42471511126079,0,2.24516888122118,"small",-0.287182296556394,0.510012505226243,"high_prod","Hot and dry","Hot and dry","Q4 (far)",0,"ok",1
"FWB_0131","FWB_0131_2016","Psalidodon rivularis_rv-01","rv-01","Psalidodon rivularis","Characidae","lotic",-43.567074,-20.31188,0.444881588999236,0.0484768222635027,0.494546615581098,0.0254713210933123,NA,NA,10,0.073948143356815,"FWB_0131",14,"lotic",-20.31188,-43.567074,1.07021281414641,5.61351055075359,5.74370044178681,468.3114622,73.3287622375809,183,92,1541,-2.1982250776698,0,0,2.42471511126079,0,2.24516888122118,"small",-0.287182296556394,0.510012505226243,"high_prod","Hot and dry","Hot and dry","Q4 (far)",0,"ok",1
"FWB_0131","FWB_0131_2016","Rhamdia quelen_rv-01","rv-01","Rhamdia quelen","Heptapteridae","lotic",-43.567074,-20.31188,0.572498090145149,0.0187581157888532,0.386079182630907,0.00155154471862976,NA,NA,5,0.020309660507483,"FWB_0131",14,"lotic",-20.31188,-43.567074,1.07021281414641,5.61351055075359,5.74370044178681,468.3114622,73.3287622375809,183,92,1541,-2.1982250776698,0,0,2.42471511126079,0,2.24516888122118,"small",-0.287182296556394,0.510012505226243,"high_prod","Hot and dry","Hot and dry","Q4 (far)",0,"ok",1
"FWB_0150","FWB_0150_2021","Cottus cognatus_Blackbrook 24-culverts","Blackbrook 24-culverts","Cottus cognatus","Cottidae","lotic",-67.74977,47.8123,0.359111111111111,0.0177461728395061,0.415353805073431,0.0578110526243863,74,76.6666666666667,10,0.0755572254638924,"FWB_0150",7,"lotic",47.8123,-67.74977,2.21112748250521,6.52511685810556,1.60632598199739,572.9540348,50.3817319893594,20,0,1030,-6.90775527898214,0,0,5.91300831573183,0,-11.5129254649702,"large",0.491993482958224,1.71715966387782,"low_prod","Cold and mesic","Cold and wet/mesic","Q3",0,"ok",1
"FWB_0150","FWB_0150_2021","Salvelinus fontinalis_Blackbrook 24-culverts","Blackbrook 24-culverts","Salvelinus fontinalis","Salmonidae","lotic",-67.74977,47.8123,0.35018315018315,0.104576441782791,0.787819656978536,0.0202199280210616,71.9230769230769,1000.91025641026,13,0.124796369803853,"FWB_0150",7,"lotic",47.8123,-67.74977,2.21112748250521,6.52511685810556,1.60632598199739,572.9540348,50.3817319893594,20,0,1030,-6.90775527898214,0,0,5.91300831573183,0,-11.5129254649702,"large",0.491993482958224,1.71715966387782,"low_prod","Cold and mesic","Cold and wet/mesic","Q3",0,"ok",1
"FWB_0151","FWB_0151_2007","Rhinichthys atratulus_BLR","BLR","Rhinichthys atratulus","Leuciscidae","lotic",-65.78,45.33,0.478614097968937,0.109151703829316,0.168376837683768,0.0622815386849215,53.4,124.3,5,0.171433242514237,"FWB_0151",7,"lotic",45.33,-65.78,1.98718918197475,4.93049691739687,-1.38659437812049,13.29489939,44.9340914618772,56,148,1325,0.120446153075867,1,0,2.27408376143324,0,3.74395955698325,"large",0.339057155011805,-0.394432714357479,"low_prod","Cold and mesic","Cold and wet/mesic","Q2",0,"ok",1
"FWB_0151","FWB_0151_2007","Salvelinus fontinalis_BLR","BLR","Salvelinus fontinalis","Salmonidae","lotic",-65.78,45.33,0.332616487455197,0.0519633683477287,0.716171617161716,0.0397216589345703,73,1117,5,0.091685027282299,"FWB_0151",7,"lotic",45.33,-65.78,1.98718918197475,4.93049691739687,-1.38659437812049,13.29489939,44.9340914618772,56,148,1325,0.120446153075867,1,0,2.27408376143324,0,3.74395955698325,"large",0.339057155011805,-0.394432714357479,"low_prod","Cold and mesic","Cold and wet/mesic","Q2",0,"ok",1
"FWB_0154","FWB_0154_2006","Rhinichthys atratulus_CAT","CAT","Rhinichthys atratulus","Leuciscidae","lotic",-66.19,46.86,0.80378021978022,0.0281471899529042,0.289520841449162,0.0749997002802495,64.4,55.3,5,0.103146890233154,"FWB_0154",7,"lotic",46.86,-66.19,1.73254010956808,5.06562669201299,3.40356031639835,930.4465595,16.234209994181,35,3,1106,-5.29831736654804,0,0,1.73254187791312,0,-1.89705332044134,"large",0.165147225550946,-0.215494150460413,"low_prod","Cold and mesic","Cold and wet/mesic","Q1 (close)",0,"ok",1
"FWB_0154","FWB_0154_2006","Salvelinus fontinalis_CAT","CAT","Salvelinus fontinalis","Salmonidae","lotic",-66.19,46.86,0.375531135531135,0.11694323551906,0.96792624334502,0.00236593965531062,104,4693,3,0.11930917517437,"FWB_0154",7,"lotic",46.86,-66.19,1.73254010956808,5.06562669201299,3.40356031639835,930.4465595,16.234209994181,35,3,1106,-5.29831736654804,0,0,1.73254187791312,0,-1.89705332044134,"large",0.165147225550946,-0.215494150460413,"low_prod","Cold and mesic","Cold and wet/mesic","Q1 (close)",0,"ok",1
"FWB_0156","FWB_0156_2021","Cottus cognatus_CherryBrook 20-culverts","CherryBrook 20-culverts","Cottus cognatus","Cottidae","lotic",-67.931555,47.62245,0.355753490611459,0.0827399106475791,0.722545959070413,0.0175000519014714,64.7,143.788888888889,10,0.10023996254905,"FWB_0156",7,"lotic",47.62245,-67.931555,1.38529386078631,5.988121950695,3.41521420933581,1039.4769,71.7834382543419,19,5,1056,-6.21460809842219,1,0,3.02135177352468,0,-2.30248509799371,"large",-0.0720009802542047,1.00607213468552,"low_prod","Cold and mesic","Cold and wet/mesic","Q4 (far)",0,"ok",1
"FWB_0156","FWB_0156_2021","Salvelinus fontinalis_CherryBrook 20-culverts","CherryBrook 20-culverts","Salvelinus fontinalis","Salmonidae","lotic",-67.931555,47.62245,0.481102551757342,0.0844257575134433,0.48877904960111,0.0395005949484293,87.7,1438.53684210526,20,0.123926352461873,"FWB_0156",7,"lotic",47.62245,-67.931555,1.38529386078631,5.988121950695,3.41521420933581,1039.4769,71.7834382543419,19,5,1056,-6.21460809842219,1,0,3.02135177352468,0,-2.30248509799371,"large",-0.0720009802542047,1.00607213468552,"low_prod","Cold and mesic","Cold and wet/mesic","Q4 (far)",0,"ok",1
"FWB_0157","FWB_0157_2021","Cottus cognatus_CherryBrook 21-culverts","CherryBrook 21-culverts","Cottus cognatus","Cottidae","lotic",-67.931485,47.62246,0.381211372064277,0.0450540878107148,0.678769541099345,0.028793068532518,66.4,99.3777777777778,10,0.0738471563432328,"FWB_0157",7,"lotic",47.62246,-67.931485,1.38529386078631,5.988121950695,3.41521420933581,1039.4769,71.7909172320597,19,5,1056,-6.21460809842219,1,0,3.02135177352468,0,-2.30248509799371,"large",-0.0720009802542047,1.00607213468552,"low_prod","Cold and mesic","Cold and wet/mesic","Q4 (far)",0,"ok",1
"FWB_0157","FWB_0157_2021","Salvelinus fontinalis_CherryBrook 21-culverts","CherryBrook 21-culverts","Salvelinus fontinalis","Salmonidae","lotic",-67.931485,47.62246,0.543224660074165,0.103043758782404,0.516546898638427,0.0878621999807237,101.1875,2267.7625,16,0.190905958763128,"FWB_0157",7,"lotic",47.62246,-67.931485,1.38529386078631,5.988121950695,3.41521420933581,1039.4769,71.7909172320597,19,5,1056,-6.21460809842219,1,0,3.02135177352468,0,-2.30248509799371,"large",-0.0720009802542047,1.00607213468552,"low_prod","Cold and mesic","Cold and wet/mesic","Q4 (far)",0,"ok",1
"FWB_0158","FWB_0158_2021","Cottus cognatus_CherryBrook 22-culverts","CherryBrook 22-culverts","Cottus cognatus","Cottidae","lotic",-67.954117,47.646641,0.309903201787044,0.0451347733893285,0.140441042464006,0.0187592027961476,50.5,86.5,10,0.0638939761854761,"FWB_0158",7,"lotic",47.646641,-67.954117,1.57422515667836,5.40694385132873,3.41521420933581,1039.4769,71.9341344246427,20,0,1048,-6.90775527898214,0,0,2.79923126175466,0,-11.5129254649702,"large",0.0570276787980591,0.236477315449977,"low_prod","Cold and mesic","Cold and wet/mesic","Q4 (far)",0,"ok",1
"FWB_0158","FWB_0158_2021","Salvelinus fontinalis_CherryBrook 22-culverts","CherryBrook 22-culverts","Salvelinus fontinalis","Salmonidae","lotic",-67.954117,47.646641,0.558383537534691,0.100724969719214,0.408767831403151,0.051656397548009,66.1818181818182,285.363636363636,11,0.152381367267223,"FWB_0158",7,"lotic",47.646641,-67.954117,1.57422515667836,5.40694385132873,3.41521420933581,1039.4769,71.9341344246427,20,0,1048,-6.90775527898214,0,0,2.79923126175466,0,-11.5129254649702,"large",0.0570276787980591,0.236477315449977,"low_prod","Cold and mesic","Cold and wet/mesic","Q4 (far)",0,"ok",1
"FWB_0159","FWB_0159_2007","Rhinichthys atratulus_CLB","CLB","Rhinichthys atratulus","Leuciscidae","lotic",-65.54,46.06,0.70112130479103,0.0611778739994658,0.11786870768325,0.0118040654583704,53.2,24.7,5,0.0729819394578362,"FWB_0159",7,"lotic",46.06,-65.54,0.943905898907128,5.49676834627187,4.0196447995077,1704.729449,44.61631149219,51,14,1134,-5.80914299031403,0,0,0.943909789950142,0,-1.73721446737626,"small",-0.373442287657416,0.35542272310397,"low_prod","Cold and mesic","Cold and wet/mesic","Q2",0,"ok",1
"FWB_0159","FWB_0159_2007","Salvelinus fontinalis_CLB","CLB","Salvelinus fontinalis","Salmonidae","lotic",-65.54,46.06,0.118586476384642,0.026395846603648,0.90481797664606,0.0238781342880276,117,156,3,0.0502739808916757,"FWB_0159",7,"lotic",46.06,-65.54,0.943905898907128,5.49676834627187,4.0196447995077,1704.729449,44.61631149219,51,14,1134,-5.80914299031403,0,0,0.943909789950142,0,-1.73721446737626,"small",-0.373442287657416,0.35542272310397,"low_prod","Cold and mesic","Cold and wet/mesic","Q2",0,"ok",1
"FWB_0161","FWB_0161_2007","Rhinichthys atratulus_COB","COB","Rhinichthys atratulus","Leuciscidae","lotic",-66.64,45.92,0.76,0.0450355231866826,0.353670108847334,0.0629424899997188,60.2,55.7,5,0.107978013186401,"FWB_0161",7,"lotic",45.92,-66.64,1.37750585508681,4.97565823116384,4.67111928522993,1436.104428,66.8547696292167,52,388,1106,1.27424485731127,1,24,1.37750837715173,0,5.28732219053422,"large",-0.0773197175621385,-0.334630197464938,"low_prod","Cold and mesic","Cold and wet/mesic","Q3",0,"ok",1
"FWB_0161","FWB_0161_2007","Salvelinus fontinalis_COB","COB","Salvelinus fontinalis","Salmonidae","lotic",-66.64,45.92,0.543965517241379,0.255798900118906,0.928086333612429,0.00616973190322282,104,3097,3,0.261968632022129,"FWB_0161",7,"lotic",45.92,-66.64,1.37750585508681,4.97565823116384,4.67111928522993,1436.104428,66.8547696292167,52,388,1106,1.27424485731127,1,24,1.37750837715173,0,5.28732219053422,"large",-0.0773197175621385,-0.334630197464938,"low_prod","Cold and mesic","Cold and wet/mesic","Q3",0,"ok",1
"FWB_0164","FWB_0164_2018","Catostomus commersonii_de","de","Catostomus commersonii","Catostomidae","lotic",-80.4676,42.65916,0.49591542527631,0.00325783426211987,0.195235436441466,0.0540075784759564,125.666666666667,2081.33333333333,3,0.0572654127380762,"FWB_0164",10,"lotic",42.65916,-80.4676,1.6064334034138,4.60602535222235,5.27166957966197,7657.739429,119.132732067067,81,135,967,0.615185639090233,56,0,1.60643540942984,0,3.84592615071928,"large",0.0790239651574855,-0.82409727986649,"low_prod","Cool temperate and moist","Cool and moist","Q4 (far)",0,"ok",1
"FWB_0164","FWB_0164_2018","Etheostoma nigrum_de","de","Etheostoma nigrum","Percidae","lotic",-80.4676,42.65916,0.945619093384591,0.00499937152099538,0.263167690303369,0.0594811589223907,54.6666666666667,2.33333333333333,3,0.0644805304433861,"FWB_0164",10,"lotic",42.65916,-80.4676,1.6064334034138,4.60602535222235,5.27166957966197,7657.739429,119.132732067067,81,135,967,0.615185639090233,56,0,1.60643540942984,0,3.84592615071928,"large",0.0790239651574855,-0.82409727986649,"low_prod","Cool temperate and moist","Cool and moist","Q4 (far)",0,"ok",1
"FWB_0164","FWB_0164_2018","Pimephales notatus_de","de","Pimephales notatus","Leuciscidae","lotic",-80.4676,42.65916,0.583773826685888,0.00146553375725069,0.912990880327564,0.00888931391037122,68.6666666666667,137.333333333333,3,0.0103548476676219,"FWB_0164",10,"lotic",42.65916,-80.4676,1.6064334034138,4.60602535222235,5.27166957966197,7657.739429,119.132732067067,81,135,967,0.615185639090233,56,0,1.60643540942984,0,3.84592615071928,"large",0.0790239651574855,-0.82409727986649,"low_prod","Cool temperate and moist","Cool and moist","Q4 (far)",0,"ok",1
"FWB_0164","FWB_0164_2018","Rhinichthys atratulus_de","de","Rhinichthys atratulus","Leuciscidae","lotic",-80.4676,42.65916,0.538603235623899,0.00059382221687521,0.529592406476829,0.00128106566706604,66.6,134.68,3,0.00187488788394125,"FWB_0164",10,"lotic",42.65916,-80.4676,1.6064334034138,4.60602535222235,5.27166957966197,7657.739429,119.132732067067,81,135,967,0.615185639090233,56,0,1.60643540942984,0,3.84592615071928,"large",0.0790239651574855,-0.82409727986649,"low_prod","Cool temperate and moist","Cool and moist","Q4 (far)",0,"ok",1
"FWB_0164","FWB_0164_2018","Semotilus atromaculatus_de","de","Semotilus atromaculatus","Leuciscidae","lotic",-80.4676,42.65916,0.179216722729457,0.0287404699606664,0.706141820212172,0.029918380980597,101.8,795.733333333333,10,0.0586588509412634,"FWB_0164",10,"lotic",42.65916,-80.4676,1.6064334034138,4.60602535222235,5.27166957966197,7657.739429,119.132732067067,81,135,967,0.615185639090233,56,0,1.60643540942984,0,3.84592615071928,"large",0.0790239651574855,-0.82409727986649,"low_prod","Cool temperate and moist","Cool and moist","Q4 (far)",0,"ok",1
"FWB_0166","FWB_0166_2018","Catostomus commersonii_ep2","ep2","Catostomus commersonii","Catostomidae","lotic",-81.1202777,42.8258333,0.491874030615686,0.00134367448771686,0.220090175107476,0.00422740550264277,149.666666666667,5776.33333333333,3,0.00557107999035962,"FWB_0166",7,"lotic",42.8258333,-81.1202777,0.0563803334361077,5.1825097387272,4.38113011254299,1941.634456,52.2876264744824,74,260,951,-1.73160554640831,72,0,0.056389785187281,0,2.68886806126387,"small",-0.979568620759794,-0.0607178653495072,"low_prod","Cold and mesic","Cold and wet/mesic","Q3",0,"ok",1
"FWB_0166","FWB_0166_2018","Culaea inconstans_ep2","ep2","Culaea inconstans","Gasterosteidae","lotic",-81.1202777,42.8258333,0.873086519657428,0.0128261834246167,0.112718884345182,0.0236302557384571,34.6666666666667,6.33333333333333,3,0.0364564391630739,"FWB_0166",7,"lotic",42.8258333,-81.1202777,0.0563803334361077,5.1825097387272,4.38113011254299,1941.634456,52.2876264744824,74,260,951,-1.73160554640831,72,0,0.056389785187281,0,2.68886806126387,"small",-0.979568620759794,-0.0607178653495072,"low_prod","Cold and mesic","Cold and wet/mesic","Q3",0,"ok",1
"FWB_0166","FWB_0166_2018","Luxilus cornutus_ep2","ep2","Luxilus cornutus","Leuciscidae","lotic",-81.1202777,42.8258333,0.449254838492144,0.00173543573076726,0.455803711859075,0.00265217605984381,61.6666666666667,281.333333333333,3,0.00438761179061107,"FWB_0166",7,"lotic",42.8258333,-81.1202777,0.0563803334361077,5.1825097387272,4.38113011254299,1941.634456,52.2876264744824,74,260,951,-1.73160554640831,72,0,0.056389785187281,0,2.68886806126387,"small",-0.979568620759794,-0.0607178653495072,"low_prod","Cold and mesic","Cold and wet/mesic","Q3",0,"ok",1
"FWB_0166","FWB_0166_2018","Pimephales notatus_ep2","ep2","Pimephales notatus","Leuciscidae","lotic",-81.1202777,42.8258333,0.717782723042687,0.000884082178346401,0.146377267484534,0.0100397706018937,48,52,3,0.0109238527802401,"FWB_0166",7,"lotic",42.8258333,-81.1202777,0.0563803334361077,5.1825097387272,4.38113011254299,1941.634456,52.2876264744824,74,260,951,-1.73160554640831,72,0,0.056389785187281,0,2.68886806126387,"small",-0.979568620759794,-0.0607178653495072,"low_prod","Cold and mesic","Cold and wet/mesic","Q3",0,"ok",1
"FWB_0166","FWB_0166_2018","Rhinichthys atratulus_ep2","ep2","Rhinichthys atratulus","Leuciscidae","lotic",-81.1202777,42.8258333,0.643199136826489,0.00099595159584931,0.332599349900388,0.00089375585685169,70,93,3,0.001889707452701,"FWB_0166",7,"lotic",42.8258333,-81.1202777,0.0563803334361077,5.1825097387272,4.38113011254299,1941.634456,52.2876264744824,74,260,951,-1.73160554640831,72,0,0.056389785187281,0,2.68886806126387,"small",-0.979568620759794,-0.0607178653495072,"low_prod","Cold and mesic","Cold and wet/mesic","Q3",0,"ok",1
"FWB_0166","FWB_0166_2018","Semotilus atromaculatus_ep2","ep2","Semotilus atromaculatus","Leuciscidae","lotic",-81.1202777,42.8258333,0.3322273922719,0.024548168404092,0.821201635734508,0.0099819328085273,90.8,962.622222222222,10,0.0345301012126193,"FWB_0166",7,"lotic",42.8258333,-81.1202777,0.0563803334361077,5.1825097387272,4.38113011254299,1941.634456,52.2876264744824,74,260,951,-1.73160554640831,72,0,0.056389785187281,0,2.68886806126387,"small",-0.979568620759794,-0.0607178653495072,"low_prod","Cold and mesic","Cold and wet/mesic","Q3",0,"ok",1
"FWB_0169","FWB_0169_2015","Esox lucius_Fishing Lake","Fishing Lake","Esox lucius","Esocidae","lentic",-103.533,51.833,0.509262422654975,0.0222603305141426,0.637324558123302,0.00635570915310654,496.176470588235,28805.4044117647,18,0.0286160396672491,"FWB_0169",7,"lentic",51.833,-103.533,3.42263266238222,-5.71009641353716,4.75889072960575,938.6097831,69.5689656107213,7,31,433,-0.789658080940789,74,0,1.90330233471716,0,1.7063849337004,"large",1.3018384441866,-1.40077417440241,"low_prod","Cold and mesic","Cold and wet/mesic","Q4 (far)",0,"ok",1
"FWB_0169","FWB_0169_2015","Perca flavescens_Fishing Lake","Fishing Lake","Perca flavescens","Percidae","lentic",-103.533,51.833,0.149014918574194,0.018773480431688,0.458155710118914,0.165126047522435,155.5,84.5,3,0.183899527954123,"FWB_0169",7,"lentic",51.833,-103.533,3.42263266238222,-5.71009641353716,4.75889072960575,938.6097831,69.5689656107213,7,31,433,-0.789658080940789,74,0,1.90330233471716,0,1.7063849337004,"large",1.3018384441866,-1.40077417440241,"low_prod","Cold and mesic","Cold and wet/mesic","Q4 (far)",0,"ok",1
"FWB_0169","FWB_0169_2015","Sander vitreus_Fishing Lake","Fishing Lake","Sander vitreus","Percidae","lentic",-103.533,51.833,0.840134950461223,0.00741622246130129,0.669777877496074,0.00992957115248887,441.75,1254.61842105263,20,0.0173457936137902,"FWB_0169",7,"lentic",51.833,-103.533,3.42263266238222,-5.71009641353716,4.75889072960575,938.6097831,69.5689656107213,7,31,433,-0.789658080940789,74,0,1.90330233471716,0,1.7063849337004,"large",1.3018384441866,-1.40077417440241,"low_prod","Cold and mesic","Cold and wet/mesic","Q4 (far)",0,"ok",1
"FWB_0170","FWB_0170_2020","Catostomus commersonii_Five Fingers River 10-sediment_traps","Five Fingers River 10-sediment_traps","Catostomus commersonii","Catostomidae","lotic",-67.373425,47.568169,0.780569758948137,0.0323648421880511,0.696632816675575,0.0397348085679165,44.6,18.3,5,0.0720996507559676,"FWB_0170",7,"lotic",47.568169,-67.373425,2.37602141106723,5.24988506069325,1.60632598199739,572.9540348,63.2177222361424,23,69,1004,-2.07944154167984,7,0,3.75258192273198,0,1.83130224589793,"large",0.604606072565261,0.0285003945710471,"low_prod","Cold and mesic","Cold and wet/mesic","Q3",0,"ok",1
"FWB_0170","FWB_0170_2020","Cottus cognatus_Five Fingers River 10-sediment_traps","Five Fingers River 10-sediment_traps","Cottus cognatus","Cottidae","lotic",-67.373425,47.568169,0.449141709276844,0.0129767733401773,0.130144307856761,0.008416982299337,46.75,30.9166666666667,4,0.0213937556395143,"FWB_0170",7,"lotic",47.568169,-67.373425,2.37602141106723,5.24988506069325,1.60632598199739,572.9540348,63.2177222361424,23,69,1004,-2.07944154167984,7,0,3.75258192273198,0,1.83130224589793,"large",0.604606072565261,0.0285003945710471,"low_prod","Cold and mesic","Cold and wet/mesic","Q3",0,"ok",1
"FWB_0170","FWB_0170_2020","Rhinichthys atratulus_Five Fingers River 10-sediment_traps","Five Fingers River 10-sediment_traps","Rhinichthys atratulus","Leuciscidae","lotic",-67.373425,47.568169,0.43608473338203,0.0417377429153632,0.668002850525566,0.011818121309783,37.3333333333333,206.75,9,0.0535558642251461,"FWB_0170",7,"lotic",47.568169,-67.373425,2.37602141106723,5.24988506069325,1.60632598199739,572.9540348,63.2177222361424,23,69,1004,-2.07944154167984,7,0,3.75258192273198,0,1.83130224589793,"large",0.604606072565261,0.0285003945710471,"low_prod","Cold and mesic","Cold and wet/mesic","Q3",0,"ok",1
"FWB_0171","FWB_0171_2020","Catostomus commersonii_Five Fingers River 11-sediment_traps","Five Fingers River 11-sediment_traps","Catostomus commersonii","Catostomidae","lotic",-67.3729,47.5675,0.565134099616858,0.0452385379610466,0.794589249134703,0.0186329902564081,60,100,3,0.0638715282174546,"FWB_0171",7,"lotic",47.5675,-67.3729,2.37602141106723,5.24988506069325,1.60632598199739,572.9540348,63.3251848844072,23,69,1004,-2.07944154167984,7,0,3.75258192273198,0,1.83130224589793,"large",0.604606072565261,0.0285003945710471,"low_prod","Cold and mesic","Cold and wet/mesic","Q3",0,"ok",1
"FWB_0171","FWB_0171_2020","Cottus cognatus_Five Fingers River 11-sediment_traps","Five Fingers River 11-sediment_traps","Cottus cognatus","Cottidae","lotic",-67.3729,47.5675,0.748786717752235,0.0503676373975792,0.140178003814367,0.00659565023162855,71.7,133.344444444444,10,0.0569632876292077,"FWB_0171",7,"lotic",47.5675,-67.3729,2.37602141106723,5.24988506069325,1.60632598199739,572.9540348,63.3251848844072,23,69,1004,-2.07944154167984,7,0,3.75258192273198,0,1.83130224589793,"large",0.604606072565261,0.0285003945710471,"low_prod","Cold and mesic","Cold and wet/mesic","Q3",0,"ok",1
"FWB_0171","FWB_0171_2020","Rhinichthys atratulus_Five Fingers River 11-sediment_traps","Five Fingers River 11-sediment_traps","Rhinichthys atratulus","Leuciscidae","lotic",-67.3729,47.5675,0.592432950191571,0.0203887608487512,0.317334180970544,0.0194222416958359,56.5,135.142857142857,8,0.039811002544587,"FWB_0171",7,"lotic",47.5675,-67.3729,2.37602141106723,5.24988506069325,1.60632598199739,572.9540348,63.3251848844072,23,69,1004,-2.07944154167984,7,0,3.75258192273198,0,1.83130224589793,"large",0.604606072565261,0.0285003945710471,"low_prod","Cold and mesic","Cold and wet/mesic","Q3",0,"ok",1
"FWB_0171","FWB_0171_2020","Salmo salar_Five Fingers River 11-sediment_traps","Five Fingers River 11-sediment_traps","Salmo salar","Salmonidae","lotic",-67.3729,47.5675,0.442255062944718,0.115952558429915,0.51672569854388,0.0613982522900052,139.142857142857,361.476190476191,7,0.17735081071992,"FWB_0171",7,"lotic",47.5675,-67.3729,2.37602141106723,5.24988506069325,1.60632598199739,572.9540348,63.3251848844072,23,69,1004,-2.07944154167984,7,0,3.75258192273198,0,1.83130224589793,"large",0.604606072565261,0.0285003945710471,"low_prod","Cold and mesic","Cold and wet/mesic","Q3",0,"ok",1
"FWB_0171","FWB_0171_2020","Salvelinus fontinalis_Five Fingers River 11-sediment_traps","Five Fingers River 11-sediment_traps","Salvelinus fontinalis","Salmonidae","lotic",-67.3729,47.5675,0.391656023839932,0.0821081169835592,0.559581832309105,0.00135746491869707,81.3333333333333,0.333333333333333,3,0.0834655819022563,"FWB_0171",7,"lotic",47.5675,-67.3729,2.37602141106723,5.24988506069325,1.60632598199739,572.9540348,63.3251848844072,23,69,1004,-2.07944154167984,7,0,3.75258192273198,0,1.83130224589793,"large",0.604606072565261,0.0285003945710471,"low_prod","Cold and mesic","Cold and wet/mesic","Q3",0,"ok",1
"FWB_0172","FWB_0172_2020","Cottus cognatus_Five Fingers River 12-sediment_traps","Five Fingers River 12-sediment_traps","Cottus cognatus","Cottidae","lotic",-67.376062,47.573836,0.520151828847481,0.0435046980354839,0.235763718598442,0.0139918883018136,70.4444444444444,27.0277777777778,9,0.0574965863372975,"FWB_0172",7,"lotic",47.573836,-67.376062,2.37602141106723,5.24988506069325,1.60632598199739,572.9540348,62.298841168052,23,69,1004,-2.07944154167984,7,0,3.75258192273198,0,1.83130224589793,"large",0.604606072565261,0.0285003945710471,"low_prod","Cold and mesic","Cold and wet/mesic","Q3",0,"ok",1
"FWB_0172","FWB_0172_2020","Salmo salar_Five Fingers River 12-sediment_traps","Five Fingers River 12-sediment_traps","Salmo salar","Salmonidae","lotic",-67.376062,47.573836,0.580248447204969,0.0835574587743099,0.550833742030407,0.0644006909405869,115.4,321.822222222222,10,0.147958149714897,"FWB_0172",7,"lotic",47.573836,-67.376062,2.37602141106723,5.24988506069325,1.60632598199739,572.9540348,62.298841168052,23,69,1004,-2.07944154167984,7,0,3.75258192273198,0,1.83130224589793,"large",0.604606072565261,0.0285003945710471,"low_prod","Cold and mesic","Cold and wet/mesic","Q3",0,"ok",1
"FWB_0173","FWB_0173_2020","Cottus cognatus_Five Fingers River 1-sediment_traps","Five Fingers River 1-sediment_traps","Cottus cognatus","Cottidae","lotic",-67.378867,47.486034,0.966514459665144,0.00263374000558192,0.250019677292405,0.0509244563886617,53.3333333333333,489.333333333333,3,0.0535581963942436,"FWB_0173",7,"lotic",47.486034,-67.378867,1.43198448703701,5.16063943943055,1.74842838304056,131.2064851,67.2008747730162,23,245,1023,-1.15836229307388,9,0,1.43198687537903,0,2.82357943960552,"large",-0.0401141037735586,-0.0896784697704024,"low_prod","Cold and mesic","Cold and wet/mesic","Q3",0,"ok",1
"FWB_0173","FWB_0173_2020","Salvelinus fontinalis_Five Fingers River 1-sediment_traps","Five Fingers River 1-sediment_traps","Salvelinus fontinalis","Salmonidae","lotic",-67.378867,47.486034,0.428642590286426,0.0746735893406199,0.758677685950413,0.023148230491796,94.2,370.177777777778,10,0.0978218198324159,"FWB_0173",7,"lotic",47.486034,-67.378867,1.43198448703701,5.16063943943055,1.74842838304056,131.2064851,67.2008747730162,23,245,1023,-1.15836229307388,9,0,1.43198687537903,0,2.82357943960552,"large",-0.0401141037735586,-0.0896784697704024,"low_prod","Cold and mesic","Cold and wet/mesic","Q3",0,"ok",1
"FWB_0174","FWB_0174_2020","Rhinichthys atratulus_Five Fingers River 2-sediment_traps","Five Fingers River 2-sediment_traps","Rhinichthys atratulus","Leuciscidae","lotic",-67.367072,47.513543,0.892857142857143,0.0046838882742514,0.0954386522568338,0.0140042259941989,51.125,159.729166666667,4,0.0186881142684503,"FWB_0174",7,"lotic",47.513543,-67.367072,1.43198448703701,5.16063943943055,1.74842838304056,131.2064851,71.0495083340059,23,245,1023,-1.15836229307388,9,0,1.43198687537903,0,2.82357943960552,"large",-0.0401141037735586,-0.0896784697704024,"low_prod","Cold and mesic","Cold and wet/mesic","Q4 (far)",0,"ok",1
"FWB_0174","FWB_0174_2020","Salvelinus fontinalis_Five Fingers River 2-sediment_traps","Five Fingers River 2-sediment_traps","Salvelinus fontinalis","Salmonidae","lotic",-67.367072,47.513543,0.372706526700137,0.112710149948168,0.607120152574698,0.0643776555179202,99.3,1023.34444444444,10,0.177087805466089,"FWB_0174",7,"lotic",47.513543,-67.367072,1.43198448703701,5.16063943943055,1.74842838304056,131.2064851,71.0495083340059,23,245,1023,-1.15836229307388,9,0,1.43198687537903,0,2.82357943960552,"large",-0.0401141037735586,-0.0896784697704024,"low_prod","Cold and mesic","Cold and wet/mesic","Q4 (far)",0,"ok",1
"FWB_0175","FWB_0175_2020","Cottus cognatus_Five Fingers River 3-sediment_traps","Five Fingers River 3-sediment_traps","Cottus cognatus","Cottidae","lotic",-67.358251,47.545667,0.596473141616929,0.0526595509607001,0.18808519188266,0.018213924476318,99.4,14609.6,10,0.0708734754370181,"FWB_0175",7,"lotic",47.545667,-67.358251,1.11382925447297,5.89783787503741,1.60632598199739,572.9540348,66.8697850139048,23,170,1010,-3.2188758248682,16,0,2.89558094427279,0,2.22646078170185,"small",-0.257394903306392,0.886518151214166,"low_prod","Cold and mesic","Cold and wet/mesic","Q3",0,"ok",1
"FWB_0175","FWB_0175_2020","Rhinichthys atratulus_Five Fingers River 3-sediment_traps","Five Fingers River 3-sediment_traps","Rhinichthys atratulus","Leuciscidae","lotic",-67.358251,47.545667,0.641128594682583,0.02893801115943,0.577335744424352,0.0448270980944063,50.3,173.788888888889,10,0.0737651092538363,"FWB_0175",7,"lotic",47.545667,-67.358251,1.11382925447297,5.89783787503741,1.60632598199739,572.9540348,66.8697850139048,23,170,1010,-3.2188758248682,16,0,2.89558094427279,0,2.22646078170185,"small",-0.257394903306392,0.886518151214166,"low_prod","Cold and mesic","Cold and wet/mesic","Q3",0,"ok",1
"FWB_0175","FWB_0175_2020","Salvelinus fontinalis_Five Fingers River 3-sediment_traps","Five Fingers River 3-sediment_traps","Salvelinus fontinalis","Salmonidae","lotic",-67.358251,47.545667,0.40491047205643,0.126927132201963,0.841872614024513,0.0298410260031184,69.25,25.5833333333333,4,0.156768158205082,"FWB_0175",7,"lotic",47.545667,-67.358251,1.11382925447297,5.89783787503741,1.60632598199739,572.9540348,66.8697850139048,23,170,1010,-3.2188758248682,16,0,2.89558094427279,0,2.22646078170185,"small",-0.257394903306392,0.886518151214166,"low_prod","Cold and mesic","Cold and wet/mesic","Q3",0,"ok",1
"FWB_0176","FWB_0176_2020","Cottus cognatus_Five Fingers River 4-sediment_traps","Five Fingers River 4-sediment_traps","Cottus cognatus","Cottidae","lotic",-67.353338,47.535488,0.286225306994127,0.0214550231444992,0.177487636003957,0.0154308566859175,69.3,65.3444444444444,10,0.0368858798304167,"FWB_0176",7,"lotic",47.535488,-67.353338,0.529451087889156,6.39326818828272,1.60632598199739,572.9540348,68.5393196690766,23,155,1016,-3.47376807449699,7,0,2.385271380253,0,1.8995684848618,"small",-0.656489880439312,1.54256593206067,"low_prod","Cold and mesic","Cold and wet/mesic","Q3",0,"ok",1
"FWB_0176","FWB_0176_2020","Rhinichthys atratulus_Five Fingers River 4-sediment_traps","Five Fingers River 4-sediment_traps","Rhinichthys atratulus","Leuciscidae","lotic",-67.353338,47.535488,0.390282968499733,0.0596543374291855,0.463303659742829,0.0609913699063027,60.7,78.4555555555555,10,0.120645707335488,"FWB_0176",7,"lotic",47.535488,-67.353338,0.529451087889156,6.39326818828272,1.60632598199739,572.9540348,68.5393196690766,23,155,1016,-3.47376807449699,7,0,2.385271380253,0,1.8995684848618,"small",-0.656489880439312,1.54256593206067,"low_prod","Cold and mesic","Cold and wet/mesic","Q3",0,"ok",1
"FWB_0176","FWB_0176_2020","Salvelinus fontinalis_Five Fingers River 4-sediment_traps","Five Fingers River 4-sediment_traps","Salvelinus fontinalis","Salmonidae","lotic",-67.353338,47.535488,0.159263214095035,0.0150916818243191,0.82702274975272,0.0318878810717017,108,1228.25,10,0.0469795628960208,"FWB_0176",7,"lotic",47.535488,-67.353338,0.529451087889156,6.39326818828272,1.60632598199739,572.9540348,68.5393196690766,23,155,1016,-3.47376807449699,7,0,2.385271380253,0,1.8995684848618,"small",-0.656489880439312,1.54256593206067,"low_prod","Cold and mesic","Cold and wet/mesic","Q3",0,"ok",1
"FWB_0177","FWB_0177_2020","Cottus cognatus_Five Fingers River 5-sediment_traps","Five Fingers River 5-sediment_traps","Cottus cognatus","Cottidae","lotic",-67.341241,47.530931,0.504434589800443,0.0898712759888468,0.169495733126455,0.0105433633132266,70.6,80.7111111111111,10,0.100414639302073,"FWB_0177",7,"lotic",47.530931,-67.341241,0.529451087889156,6.39326818828272,1.60632598199739,572.9540348,69.287931887666,23,155,1016,-3.47376807449699,7,0,2.385271380253,0,1.8995684848618,"small",-0.656489880439312,1.54256593206067,"low_prod","Cold and mesic","Cold and wet/mesic","Q3",0,"ok",1
"FWB_0177","FWB_0177_2020","Rhinichthys atratulus_Five Fingers River 5-sediment_traps","Five Fingers River 5-sediment_traps","Rhinichthys atratulus","Leuciscidae","lotic",-67.341241,47.530931,0.521988174427199,0.0385450506725721,0.676299456943367,0.000955371614322068,65.25,82.9166666666667,4,0.0395004222868942,"FWB_0177",7,"lotic",47.530931,-67.341241,0.529451087889156,6.39326818828272,1.60632598199739,572.9540348,69.287931887666,23,155,1016,-3.47376807449699,7,0,2.385271380253,0,1.8995684848618,"small",-0.656489880439312,1.54256593206067,"low_prod","Cold and mesic","Cold and wet/mesic","Q3",0,"ok",1
"FWB_0177","FWB_0177_2020","Salvelinus fontinalis_Five Fingers River 5-sediment_traps","Five Fingers River 5-sediment_traps","Salvelinus fontinalis","Salmonidae","lotic",-67.341241,47.530931,0.332076866223208,0.0610067833527895,0.72822342901474,0.0252343683220909,83.4444444444444,575.277777777778,10,0.0862411516748804,"FWB_0177",7,"lotic",47.530931,-67.341241,0.529451087889156,6.39326818828272,1.60632598199739,572.9540348,69.287931887666,23,155,1016,-3.47376807449699,7,0,2.385271380253,0,1.8995684848618,"small",-0.656489880439312,1.54256593206067,"low_prod","Cold and mesic","Cold and wet/mesic","Q3",0,"ok",1
"FWB_0178","FWB_0178_2020","Cottus cognatus_Five Fingers River 6-sediment_traps","Five Fingers River 6-sediment_traps","Cottus cognatus","Cottidae","lotic",-67.339994,47.52918,0.79169776119403,0.0156339048693101,0.193448275862069,0.0452716225539848,75.2,46.8444444444444,10,0.0609055274232949,"FWB_0178",7,"lotic",47.52918,-67.339994,0.529451087889156,6.39326818828272,1.60632598199739,572.9540348,69.5778135603455,23,155,1016,-3.47376807449699,7,0,2.385271380253,0,1.8995684848618,"small",-0.656489880439312,1.54256593206067,"low_prod","Cold and mesic","Cold and wet/mesic","Q4 (far)",0,"ok",1
"FWB_0178","FWB_0178_2020","Salvelinus fontinalis_Five Fingers River 6-sediment_traps","Five Fingers River 6-sediment_traps","Salvelinus fontinalis","Salmonidae","lotic",-67.339994,47.52918,0.28554104477612,0.0544123675775353,0.778,0.0428727945861042,69.4,26.4888888888889,10,0.0972851621636394,"FWB_0178",7,"lotic",47.52918,-67.339994,0.529451087889156,6.39326818828272,1.60632598199739,572.9540348,69.5778135603455,23,155,1016,-3.47376807449699,7,0,2.385271380253,0,1.8995684848618,"small",-0.656489880439312,1.54256593206067,"low_prod","Cold and mesic","Cold and wet/mesic","Q4 (far)",0,"ok",1
"FWB_0179","FWB_0179_2020","Catostomus commersonii_Five Fingers River 7-fishway","Five Fingers River 7-fishway","Catostomus commersonii","Catostomidae","lotic",-67.377902,47.55207,0.15400641025641,0.025469038618077,0.879510719592443,0.00548127713875207,85.875,116.125,8,0.0309503157568291,"FWB_0179",7,"lotic",47.55207,-67.377902,0.235072122179483,5.6442279792784,1.60632598199739,572.9540348,65.8954315155162,23,207,1010,-2.37515578582888,16,0,0.235080027286578,0,2.60209765837909,"small",-0.857532926374984,0.550688459600134,"low_prod","Cold and mesic","Cold and wet/mesic","Q3",0,"ok",1
"FWB_0179","FWB_0179_2020","Chrosomus eos_Five Fingers River 7-fishway","Five Fingers River 7-fishway","Chrosomus eos","Leuciscidae","lotic",-67.377902,47.55207,0.757478632478632,0.0150039062182937,0.751454043727447,0.0164993242847766,54,6.75,10,0.0315032305030703,"FWB_0179",7,"lotic",47.55207,-67.377902,0.235072122179483,5.6442279792784,1.60632598199739,572.9540348,65.8954315155162,23,207,1010,-2.37515578582888,16,0,0.235080027286578,0,2.60209765837909,"small",-0.857532926374984,0.550688459600134,"low_prod","Cold and mesic","Cold and wet/mesic","Q3",0,"ok",1
"FWB_0179","FWB_0179_2020","Rhinichthys atratulus_Five Fingers River 7-fishway","Five Fingers River 7-fishway","Rhinichthys atratulus","Leuciscidae","lotic",-67.377902,47.55207,0.769088319088319,0.00918176394672121,0.27113847024694,0.0285986853464813,71,7.71428571428571,15,0.0377804492932025,"FWB_0179",7,"lotic",47.55207,-67.377902,0.235072122179483,5.6442279792784,1.60632598199739,572.9540348,65.8954315155162,23,207,1010,-2.37515578582888,16,0,0.235080027286578,0,2.60209765837909,"small",-0.857532926374984,0.550688459600134,"low_prod","Cold and mesic","Cold and wet/mesic","Q3",0,"ok",1
"FWB_0179","FWB_0179_2020","Salvelinus fontinalis_Five Fingers River 7-fishway","Five Fingers River 7-fishway","Salvelinus fontinalis","Salmonidae","lotic",-67.377902,47.55207,0.566324786324786,0.0735161971087897,0.500297176820208,0.0839943077681696,106.3,637.122222222222,10,0.157510504876959,"FWB_0179",7,"lotic",47.55207,-67.377902,0.235072122179483,5.6442279792784,1.60632598199739,572.9540348,65.8954315155162,23,207,1010,-2.37515578582888,16,0,0.235080027286578,0,2.60209765837909,"small",-0.857532926374984,0.550688459600134,"low_prod","Cold and mesic","Cold and wet/mesic","Q3",0,"ok",1
"FWB_0180","FWB_0180_2020","Cottus cognatus_Five Fingers River 8-fishway","Five Fingers River 8-fishway","Cottus cognatus","Cottidae","lotic",-67.375189,47.549892,0.82706317926669,0.0311085053846664,0.383878181237355,0.156401102286301,72.6666666666667,50.3333333333333,3,0.187509607670967,"FWB_0180",7,"lotic",47.549892,-67.375189,0.235072122179483,5.6442279792784,1.60632598199739,572.9540348,66.238662936298,23,207,1010,-2.37515578582888,16,0,0.235080027286578,0,2.60209765837909,"small",-0.857532926374984,0.550688459600134,"low_prod","Cold and mesic","Cold and wet/mesic","Q3",0,"ok",1
"FWB_0180","FWB_0180_2020","Salvelinus fontinalis_Five Fingers River 8-fishway","Five Fingers River 8-fishway","Salvelinus fontinalis","Salmonidae","lotic",-67.375189,47.549892,0.3450376209244,0.0514881861599397,0.796587157917155,0.0156183414865143,92,724.909090909091,12,0.067106527646454,"FWB_0180",7,"lotic",47.549892,-67.375189,0.235072122179483,5.6442279792784,1.60632598199739,572.9540348,66.238662936298,23,207,1010,-2.37515578582888,16,0,0.235080027286578,0,2.60209765837909,"small",-0.857532926374984,0.550688459600134,"low_prod","Cold and mesic","Cold and wet/mesic","Q3",0,"ok",1
"FWB_0181","FWB_0181_2020","Rhinichthys atratulus_Five Fingers River 9-fishway","Five Fingers River 9-fishway","Rhinichthys atratulus","Leuciscidae","lotic",-67.377881,47.536839,0.757801152016028,0.0264101246943121,0.172163638673612,0.0192452900344385,59.2,39.2888888888889,10,0.0456554147287506,"FWB_0181",7,"lotic",47.536839,-67.377881,1.43198448703701,5.16063943943055,1.60632598199739,572.9540348,68.4036002753537,23,245,1023,-1.15836229307388,9,0,1.43198687537903,0,2.82357943960552,"large",-0.0401141037735586,-0.0896784697704024,"low_prod","Cold and mesic","Cold and wet/mesic","Q3",0,"ok",1
"FWB_0181","FWB_0181_2020","Salvelinus fontinalis_Five Fingers River 9-fishway","Five Fingers River 9-fishway","Salvelinus fontinalis","Salmonidae","lotic",-67.377881,47.536839,0.276383671424994,0.0182205940564059,0.854440350654301,0.00737196821036248,181.3,4872.45555555556,10,0.0255925622667684,"FWB_0181",7,"lotic",47.536839,-67.377881,1.43198448703701,5.16063943943055,1.60632598199739,572.9540348,68.4036002753537,23,245,1023,-1.15836229307388,9,0,1.43198687537903,0,2.82357943960552,"large",-0.0401141037735586,-0.0896784697704024,"low_prod","Cold and mesic","Cold and wet/mesic","Q3",0,"ok",1
"FWB_0184","FWB_0184_2018","Rhinichthys atratulus_hc","hc","Rhinichthys atratulus","Leuciscidae","lotic",-81.179537,42.668601,0.909614277489925,0.00855006796105884,0.0629629629629632,0.0067078189300412,58.3333333333333,149.333333333333,3,0.0152578868911,"FWB_0184",7,"lotic",42.668601,-81.179537,1.09024403899759,4.64960530234715,4.38113011254299,1941.634456,51.481330526438,77,122,947,-1.43129172705063,71,0,1.09024740033648,0,2.24272998752395,"small",-0.273502180355851,-0.766388801389479,"low_prod","Cold and mesic","Cold and wet/mesic","Q3",0,"ok",1
"FWB_0184","FWB_0184_2018","Semotilus atromaculatus_hc","hc","Semotilus atromaculatus","Leuciscidae","lotic",-81.179537,42.668601,0.488543465745538,0.0317504439335065,0.756481481481482,0.0131573719313183,97.7333333333333,471.926436781609,30,0.0449078158648248,"FWB_0184",7,"lotic",42.668601,-81.179537,1.09024403899759,4.64960530234715,4.38113011254299,1941.634456,51.481330526438,77,122,947,-1.43129172705063,71,0,1.09024740033648,0,2.24272998752395,"small",-0.273502180355851,-0.766388801389479,"low_prod","Cold and mesic","Cold and wet/mesic","Q3",0,"ok",1
"FWB_0191","FWB_0191_2018","Catostomus commersonii_jw","jw","Catostomus commersonii","Catostomidae","lotic",-81.0625,42.75722,0.744649138496393,0.0427131492030586,0.681188283130031,0.0655453266443935,90.3333333333333,2232.33333333333,3,0.108258475847452,"FWB_0191",7,"lotic",42.75722,-81.0625,1.44597736328106,4.76524686569405,4.38113011254299,1941.634456,59.6148948327988,75,272,952,1.13847382209324,74,6,1.44597971843609,0,4.33091766540268,"large",-0.0305578148086711,-0.613256485947583,"low_prod","Cold and mesic","Cold and wet/mesic","Q3",0,"ok",1
"FWB_0191","FWB_0191_2018","Etheostoma nigrum_jw","jw","Etheostoma nigrum","Percidae","lotic",-81.0625,42.75722,0.328849937399392,0.0259938416369846,0.848693054518297,0.0190796471233256,46.4,203.8,5,0.0450734887603101,"FWB_0191",7,"lotic",42.75722,-81.0625,1.44597736328106,4.76524686569405,4.38113011254299,1941.634456,59.6148948327988,75,272,952,1.13847382209324,74,6,1.44597971843609,0,4.33091766540268,"large",-0.0305578148086711,-0.613256485947583,"low_prod","Cold and mesic","Cold and wet/mesic","Q3",0,"ok",1
"FWB_0191","FWB_0191_2018","Luxilus cornutus_jw","jw","Luxilus cornutus","Leuciscidae","lotic",-81.0625,42.75722,0.905502891551899,0.00715410995324342,0.403783918347025,0.0418187849759013,87,18,3,0.0489728949291447,"FWB_0191",7,"lotic",42.75722,-81.0625,1.44597736328106,4.76524686569405,4.38113011254299,1941.634456,59.6148948327988,75,272,952,1.13847382209324,74,6,1.44597971843609,0,4.33091766540268,"large",-0.0305578148086711,-0.613256485947583,"low_prod","Cold and mesic","Cold and wet/mesic","Q3",0,"ok",1
"FWB_0191","FWB_0191_2018","Pimephales notatus_jw","jw","Pimephales notatus","Leuciscidae","lotic",-81.0625,42.75722,0.847791092827759,0.0185963330378584,0.293087710563439,0.0577546877930443,64,156,3,0.0763510208309027,"FWB_0191",7,"lotic",42.75722,-81.0625,1.44597736328106,4.76524686569405,4.38113011254299,1941.634456,59.6148948327988,75,272,952,1.13847382209324,74,6,1.44597971843609,0,4.33091766540268,"large",-0.0305578148086711,-0.613256485947583,"low_prod","Cold and mesic","Cold and wet/mesic","Q3",0,"ok",1
"FWB_0191","FWB_0191_2018","Semotilus atromaculatus_jw","jw","Semotilus atromaculatus","Leuciscidae","lotic",-81.0625,42.75722,0.225183330352352,0.0208151229638896,0.683968135424446,0.0672868498795204,122.777777777778,1627.19444444444,10,0.08810197284341,"FWB_0191",7,"lotic",42.75722,-81.0625,1.44597736328106,4.76524686569405,4.38113011254299,1941.634456,59.6148948327988,75,272,952,1.13847382209324,74,6,1.44597971843609,0,4.33091766540268,"large",-0.0305578148086711,-0.613256485947583,"low_prod","Cold and mesic","Cold and wet/mesic","Q3",0,"ok",1
"FWB_0203","FWB_0203_2018","Perca flavescens_lef","lef","Perca flavescens","Percidae","lotic",-80.5669,42.65954,0.454397128405939,0.256238865692873,0.375891216464535,0.296208970451959,104.666666666667,324.333333333333,3,0.552447836144832,"FWB_0203",8,"lotic",42.65954,-80.5669,1.70620158086641,4.83375826161021,5.27166957966197,7657.739429,112.485220224286,80,86,962,-0.738144546490681,68,0,2.56341048169167,0,2.60002019960956,"large",0.14715960193496,-0.522533839287016,"low_prod","Cool temperate and dry","Cool temperate and dry/xeric","Q4 (far)",0,"ok",1
"FWB_0203","FWB_0203_2018","Rhinichthys atratulus_lef","lef","Rhinichthys atratulus","Leuciscidae","lotic",-80.5669,42.65954,0.877957252406591,0.00424460332257669,0.0640940830576996,5.64679873595362e-05,NA,NA,3,0.00430107130993623,"FWB_0203",8,"lotic",42.65954,-80.5669,1.70620158086641,4.83375826161021,5.27166957966197,7657.739429,112.485220224286,80,86,962,-0.738144546490681,68,0,2.56341048169167,0,2.60002019960956,"large",0.14715960193496,-0.522533839287016,"low_prod","Cool temperate and dry","Cool temperate and dry/xeric","Q4 (far)",0,"ok",1
"FWB_0204","FWB_0204_2018","Rhinichthys atratulus_lest","lest","Rhinichthys atratulus","Leuciscidae","lotic",-81.23,42.68,0.799487179487179,0.101813214990138,0.251778511184452,0.0664846139912853,58.6666666666667,66.3333333333333,3,0.168297828981423,"FWB_0204",7,"lotic",42.68,-81.23,2.00807979519414,5.27517896911494,4.38113011254299,1941.634456,45.712629602027,77,220,944,0.802898044519064,68,0,4.20973971211016,0,4.82767361246611,"large",0.35332418153989,0.0619945350088533,"low_prod","Cold and mesic","Cold and wet/mesic","Q2",0,"ok",1
"FWB_0204","FWB_0204_2018","Semotilus atromaculatus_lest","lest","Semotilus atromaculatus","Leuciscidae","lotic",-81.23,42.68,0.309855769230769,0.103306506234151,0.78528602860286,0.0272748089676169,124.375,857.410714285714,8,0.130581315201767,"FWB_0204",7,"lotic",42.68,-81.23,2.00807979519414,5.27517896911494,4.38113011254299,1941.634456,45.712629602027,77,220,944,0.802898044519064,68,0,4.20973971211016,0,4.82767361246611,"large",0.35332418153989,0.0619945350088533,"low_prod","Cold and mesic","Cold and wet/mesic","Q2",0,"ok",1
"FWB_0205","FWB_0205_2021","Cottus cognatus_MacDougal Brook 17-culverts","MacDougal Brook 17-culverts","Cottus cognatus","Cottidae","lotic",-67.714379,47.837775,0.278489035365699,0.0684691419982875,0.601340897369778,0.0581887838466185,57.1428571428571,207.142857142857,7,0.126657925844906,"FWB_0205",7,"lotic",47.837775,-67.714379,1.03992329231943,6.42389086516748,1.60632598199739,572.9540348,45.0022230540872,17,0,1050,-6.90775527898214,0,0,3.23344951093054,0,-11.5129254649702,"small",-0.307868209740956,1.58311641651171,"low_prod","Cold and mesic","Cold and wet/mesic","Q2",0,"ok",1
"FWB_0205","FWB_0205_2021","Salmo salar_MacDougal Brook 17-culverts","MacDougal Brook 17-culverts","Salmo salar","Salmonidae","lotic",-67.714379,47.837775,0.555146406388642,0.0439886661556075,0.337785800240674,0.0399389878771136,97,22.2222222222222,10,0.0839276540327211,"FWB_0205",7,"lotic",47.837775,-67.714379,1.03992329231943,6.42389086516748,1.60632598199739,572.9540348,45.0022230540872,17,0,1050,-6.90775527898214,0,0,3.23344951093054,0,-11.5129254649702,"small",-0.307868209740956,1.58311641651171,"low_prod","Cold and mesic","Cold and wet/mesic","Q2",0,"ok",1
"FWB_0205","FWB_0205_2021","Salvelinus fontinalis_MacDougal Brook 17-culverts","MacDougal Brook 17-culverts","Salvelinus fontinalis","Salmonidae","lotic",-67.714379,47.837775,0.381509794553273,0.148891617227412,0.713227807090624,0.0543007105693096,83.5384615384615,1256.60256410256,13,0.203192327796722,"FWB_0205",7,"lotic",47.837775,-67.714379,1.03992329231943,6.42389086516748,1.60632598199739,572.9540348,45.0022230540872,17,0,1050,-6.90775527898214,0,0,3.23344951093054,0,-11.5129254649702,"small",-0.307868209740956,1.58311641651171,"low_prod","Cold and mesic","Cold and wet/mesic","Q2",0,"ok",1
"FWB_0206","FWB_0206_2021","Cottus cognatus_MacDougal Brook 18-culverts","MacDougal Brook 18-culverts","Cottus cognatus","Cottidae","lotic",-67.714467,47.837821,0.313916759568934,0.0912314339169709,0.625434187405501,0.0789094894153747,50.6666666666667,26.75,9,0.170140923332346,"FWB_0206",7,"lotic",47.837821,-67.714467,1.03992329231943,6.42389086516748,1.60632598199739,572.9540348,45.0080056470052,17,0,1050,-6.90775527898214,0,0,3.23344951093054,0,-11.5129254649702,"small",-0.307868209740956,1.58311641651171,"low_prod","Cold and mesic","Cold and wet/mesic","Q2",0,"ok",1
"FWB_0206","FWB_0206_2021","Salvelinus fontinalis_MacDougal Brook 18-culverts","MacDougal Brook 18-culverts","Salvelinus fontinalis","Salmonidae","lotic",-67.714467,47.837821,0.593079874090104,0.129165832290582,0.550894576293187,0.02709379371731,104.470588235294,1872.51470588235,17,0.156259626007892,"FWB_0206",7,"lotic",47.837821,-67.714467,1.03992329231943,6.42389086516748,1.60632598199739,572.9540348,45.0080056470052,17,0,1050,-6.90775527898214,0,0,3.23344951093054,0,-11.5129254649702,"small",-0.307868209740956,1.58311641651171,"low_prod","Cold and mesic","Cold and wet/mesic","Q2",0,"ok",1
"FWB_0212","FWB_0212_2015","Esox lucius_Newburn Lake","Newburn Lake","Esox lucius","Esocidae","lentic",-103.177,51.693,0.523523337463858,0.0241031850278447,0.650272749814034,0.0306168595042327,526.05,3986.68157894737,20,0.0547200445320774,"FWB_0212",7,"lentic",51.693,-103.177,0.418710334858185,-1.71217090439687,4.75889072960575,938.6097831,110.365834065599,7,30,431,-4.60517018598809,44,0,3.16209423413915,0,-1.26227304627414,"large",0.0833377884849283,0.0845977938302637,"low_prod","Cold and mesic","Cold and wet/mesic","Q4 (far)",0,"ok",1
"FWB_0212","FWB_0212_2015","Perca flavescens_Newburn Lake","Newburn Lake","Perca flavescens","Percidae","lentic",-103.177,51.693,0.0833849648905409,0.00285618325694011,0.437060914125134,0.0298894525606719,178.166666666667,64.6969696969697,12,0.032745635817612,"FWB_0212",7,"lentic",51.693,-103.177,0.418710334858185,-1.71217090439687,4.75889072960575,938.6097831,110.365834065599,7,30,431,-4.60517018598809,44,0,3.16209423413915,0,-1.26227304627414,"large",0.0833377884849283,0.0845977938302637,"low_prod","Cold and mesic","Cold and wet/mesic","Q4 (far)",0,"ok",1
"FWB_0212","FWB_0212_2015","Sander vitreus_Newburn Lake","Newburn Lake","Sander vitreus","Percidae","lentic",-103.177,51.693,0.55567029234935,0.0139352219853175,0.222359974653553,0.023639476823302,463,8992.5,9,0.0375746988086195,"FWB_0212",7,"lentic",51.693,-103.177,0.418710334858185,-1.71217090439687,4.75889072960575,938.6097831,110.365834065599,7,30,431,-4.60517018598809,44,0,3.16209423413915,0,-1.26227304627414,"large",0.0833377884849283,0.0845977938302637,"low_prod","Cold and mesic","Cold and wet/mesic","Q4 (far)",0,"ok",1
"FWB_0213","FWB_0213_2022","Ammocrypta pellucida_Nicolet - site 10","Nicolet - site 10","Ammocrypta pellucida","Percidae","lotic",-72.641292,46.234548,0.640758951084216,0.0571017081272511,0.712282064560677,0.0597247293850871,52.5833333333333,72.8416666666667,6,0.116826437512338,"FWB_0213",7,"lotic",46.234548,-72.641292,3.90636704057199,5.44635412399004,2.36610443212954,561.0762125,10.6132063374865,53,330,1004,1.30806251285032,58,17,7.33135889194039,0,5.31935947047363,"large",1.6497396674479,0.288664315782369,"low_prod","Cold and mesic","Cold and wet/mesic","Q1 (close)",0,"ok",1
"FWB_0213","FWB_0213_2022","NA_Nicolet - site 10","Nicolet - site 10","NA","Percidae","lotic",-72.641292,46.234548,0.237708018154312,0.017759431911032,0.6528568962541,0.0180431426596305,45.5833333333333,29.2416666666667,6,0.0358025745706625,"FWB_0213",7,"lotic",46.234548,-72.641292,3.90636704057199,5.44635412399004,2.36610443212954,561.0762125,10.6132063374865,53,330,1004,1.30806251285032,58,17,7.33135889194039,0,5.31935947047363,"large",1.6497396674479,0.288664315782369,"low_prod","Cold and mesic","Cold and wet/mesic","Q1 (close)",0,"ok",1
"FWB_0213","FWB_0213_2022","Neogobius melanostomus_Nicolet - site 10","Nicolet - site 10","Neogobius melanostomus","Gobiidae","lotic",-72.641292,46.234548,0.170259707513868,0.0126793754858811,0.496677023994476,0.0956063801532645,15300,558333049.2,6,0.108285755639146,"FWB_0213",7,"lotic",46.234548,-72.641292,3.90636704057199,5.44635412399004,2.36610443212954,561.0762125,10.6132063374865,53,330,1004,1.30806251285032,58,17,7.33135889194039,0,5.31935947047363,"large",1.6497396674479,0.288664315782369,"low_prod","Cold and mesic","Cold and wet/mesic","Q1 (close)",0,"ok",1
"FWB_0214","FWB_0214_2022","NA_Nicolet - site 11","Nicolet - site 11","NA","Percidae","lotic",-72.651916,46.24927,0.297382478632478,0.0698148182390971,0.720025194583165,0.00832150416854601,46.6666666666667,61.0666666666667,6,0.0781363224076431,"FWB_0214",7,"lotic",46.24927,-72.651916,3.90636704057199,5.44635412399004,2.36610443212954,561.0762125,10.5228746495949,53,330,1004,1.30806251285032,58,17,7.33135889194039,0,5.31935947047363,"large",1.6497396674479,0.288664315782369,"low_prod","Cold and mesic","Cold and wet/mesic","Q1 (close)",0,"ok",1
"FWB_0214","FWB_0214_2022","Neogobius melanostomus_Nicolet - site 11","Nicolet - site 11","Neogobius melanostomus","Gobiidae","lotic",-72.651916,46.24927,0.421287393162393,0.0457296982086645,0.582141089665722,0.0494038422010927,66.8333333333333,194.69696969697,12,0.0951335404097573,"FWB_0214",7,"lotic",46.24927,-72.651916,3.90636704057199,5.44635412399004,2.36610443212954,561.0762125,10.5228746495949,53,330,1004,1.30806251285032,58,17,7.33135889194039,0,5.31935947047363,"large",1.6497396674479,0.288664315782369,"low_prod","Cold and mesic","Cold and wet/mesic","Q1 (close)",0,"ok",1
"FWB_0214","FWB_0214_2022","Notropis hudsonius_Nicolet - site 11","Nicolet - site 11","Notropis hudsonius","Leuciscidae","lotic",-72.651916,46.24927,0.559081196581196,0.042549254876178,0.70259144283979,0.0246468543208412,73.5,371.9,6,0.0671961091970192,"FWB_0214",7,"lotic",46.24927,-72.651916,3.90636704057199,5.44635412399004,2.36610443212954,561.0762125,10.5228746495949,53,330,1004,1.30806251285032,58,17,7.33135889194039,0,5.31935947047363,"large",1.6497396674479,0.288664315782369,"low_prod","Cold and mesic","Cold and wet/mesic","Q1 (close)",0,"ok",1
"FWB_0214","FWB_0214_2022","Perca flavescens_Nicolet - site 11","Nicolet - site 11","Perca flavescens","Percidae","lotic",-72.651916,46.24927,0.623023504273504,0.0725976913488932,0.617672200476898,0.0371759135087347,71,257.6,6,0.109773604857628,"FWB_0214",7,"lotic",46.24927,-72.651916,3.90636704057199,5.44635412399004,2.36610443212954,561.0762125,10.5228746495949,53,330,1004,1.30806251285032,58,17,7.33135889194039,0,5.31935947047363,"large",1.6497396674479,0.288664315782369,"low_prod","Cold and mesic","Cold and wet/mesic","Q1 (close)",0,"ok",1
"FWB_0215","FWB_0215_2022","NA_Nicolet - site 7","Nicolet - site 7","NA","Percidae","lotic",-72.618709,46.224836,0.541155631893937,0.004383750151543,0.653559835005248,0.0425206238054122,49.2857142857143,40.9047619047619,7,0.0469043739569552,"FWB_0215",7,"lotic",46.224836,-72.618709,3.90636704057199,5.44635412399004,2.36610443212954,561.0762125,9.86827799617763,53,330,1004,1.30806251285032,58,17,7.33135889194039,0,5.31935947047363,"large",1.6497396674479,0.288664315782369,"low_prod","Cold and mesic","Cold and wet/mesic","Q1 (close)",0,"ok",1
"FWB_0215","FWB_0215_2022","Neogobius melanostomus_Nicolet - site 7","Nicolet - site 7","Neogobius melanostomus","Gobiidae","lotic",-72.618709,46.224836,0.316550817208341,0.0309205291025048,0.449085938834786,0.0352887912028861,63.9,164.322222222222,10,0.0662093203053908,"FWB_0215",7,"lotic",46.224836,-72.618709,3.90636704057199,5.44635412399004,2.36610443212954,561.0762125,9.86827799617763,53,330,1004,1.30806251285032,58,17,7.33135889194039,0,5.31935947047363,"large",1.6497396674479,0.288664315782369,"low_prod","Cold and mesic","Cold and wet/mesic","Q1 (close)",0,"ok",1
"FWB_0215","FWB_0215_2022","Perca flavescens_Nicolet - site 7","Nicolet - site 7","Perca flavescens","Percidae","lotic",-72.618709,46.224836,0.635731730227316,0.0392401290770897,0.619710689674811,0.0353449856050869,121.5,3994.27272727273,12,0.0745851146821767,"FWB_0215",7,"lotic",46.224836,-72.618709,3.90636704057199,5.44635412399004,2.36610443212954,561.0762125,9.86827799617763,53,330,1004,1.30806251285032,58,17,7.33135889194039,0,5.31935947047363,"large",1.6497396674479,0.288664315782369,"low_prod","Cold and mesic","Cold and wet/mesic","Q1 (close)",0,"ok",1
"FWB_0216","FWB_0216_2022","Ammocrypta pellucida_Nicolet - site 9","Nicolet - site 9","Ammocrypta pellucida","Percidae","lotic",-72.629703,46.230452,0.76551724137931,0.0346277499598846,0.943865206106199,0.00211415263227437,55.5,4.7,6,0.036741902592159,"FWB_0216",7,"lotic",46.230452,-72.629703,3.90636704057199,5.44635412399004,2.36610443212954,561.0762125,10.0322046847798,53,330,1004,1.30806251285032,58,17,7.33135889194039,0,5.31935947047363,"large",1.6497396674479,0.288664315782369,"low_prod","Cold and mesic","Cold and wet/mesic","Q1 (close)",0,"ok",1
"FWB_0216","FWB_0216_2022","NA_Nicolet - site 9","Nicolet - site 9","NA","Percidae","lotic",-72.629703,46.230452,0.419607843137255,0.00536218896875389,0.891359816990013,0.00301600008365421,44.5,39.5,6,0.0083781890524081,"FWB_0216",7,"lotic",46.230452,-72.629703,3.90636704057199,5.44635412399004,2.36610443212954,561.0762125,10.0322046847798,53,330,1004,1.30806251285032,58,17,7.33135889194039,0,5.31935947047363,"large",1.6497396674479,0.288664315782369,"low_prod","Cold and mesic","Cold and wet/mesic","Q1 (close)",0,"ok",1
"FWB_0216","FWB_0216_2022","Neogobius melanostomus_Nicolet - site 9","Nicolet - site 9","Neogobius melanostomus","Gobiidae","lotic",-72.629703,46.230452,0.331561866125761,0.0270679410324667,0.778408341032071,0.00308202254970961,46.6,78.0444444444444,10,0.0301499635821763,"FWB_0216",7,"lotic",46.230452,-72.629703,3.90636704057199,5.44635412399004,2.36610443212954,561.0762125,10.0322046847798,53,330,1004,1.30806251285032,58,17,7.33135889194039,0,5.31935947047363,"large",1.6497396674479,0.288664315782369,"low_prod","Cold and mesic","Cold and wet/mesic","Q1 (close)",0,"ok",1
"FWB_0216","FWB_0216_2022","Perca flavescens_Nicolet - site 9","Nicolet - site 9","Perca flavescens","Percidae","lotic",-72.629703,46.230452,0.212981744421906,0.034457117700546,0.606396550965642,0.0911042262818403,56,11.6,6,0.125561343982386,"FWB_0216",7,"lotic",46.230452,-72.629703,3.90636704057199,5.44635412399004,2.36610443212954,561.0762125,10.0322046847798,53,330,1004,1.30806251285032,58,17,7.33135889194039,0,5.31935947047363,"large",1.6497396674479,0.288664315782369,"low_prod","Cold and mesic","Cold and wet/mesic","Q1 (close)",0,"ok",1
"FWB_0216","FWB_0216_2022","Pimephales notatus_Nicolet - site 9","Nicolet - site 9","Pimephales notatus","Leuciscidae","lotic",-72.629703,46.230452,0.224340770791075,0.0150586918687178,0.655228542519027,0.010303652579227,57.5,23.1,6,0.0253623444479448,"FWB_0216",7,"lotic",46.230452,-72.629703,3.90636704057199,5.44635412399004,2.36610443212954,561.0762125,10.0322046847798,53,330,1004,1.30806251285032,58,17,7.33135889194039,0,5.31935947047363,"large",1.6497396674479,0.288664315782369,"low_prod","Cold and mesic","Cold and wet/mesic","Q1 (close)",0,"ok",1
"FWB_0217","FWB_0217_2022","Cyprinella spiloptera_Nicolet - site A","Nicolet - site A","Cyprinella spiloptera","Leuciscidae","lotic",-72.6074,46.21854,0.451969484664487,0.124588283741805,0.326086956521739,0.0185002054738226,59.6666666666667,10.5666666666667,6,0.143088489215627,"FWB_0217",7,"lotic",46.21854,-72.6074,3.90636704057199,5.44635412399004,2.36610443212954,561.0762125,10.0155860481161,53,330,1004,1.30806251285032,58,17,7.33135889194039,0,5.31935947047363,"large",1.6497396674479,0.288664315782369,"low_prod","Cold and mesic","Cold and wet/mesic","Q1 (close)",0,"ok",1
"FWB_0217","FWB_0217_2022","NA_Nicolet - site A","Nicolet - site A","NA","Percidae","lotic",-72.6074,46.21854,0.64479215319944,0.0568349614660591,0.45192186515438,0.0519550268426237,43,62,6,0.108789988308683,"FWB_0217",7,"lotic",46.21854,-72.6074,3.90636704057199,5.44635412399004,2.36610443212954,561.0762125,10.0155860481161,53,330,1004,1.30806251285032,58,17,7.33135889194039,0,5.31935947047363,"large",1.6497396674479,0.288664315782369,"low_prod","Cold and mesic","Cold and wet/mesic","Q1 (close)",0,"ok",1
"FWB_0217","FWB_0217_2022","Neogobius melanostomus_Nicolet - site A","Nicolet - site A","Neogobius melanostomus","Gobiidae","lotic",-72.6074,46.21854,0.698785614198972,0.0398873283723261,0.38843100189036,0.045057052635842,57.8,397.288888888889,10,0.0849443810081681,"FWB_0217",7,"lotic",46.21854,-72.6074,3.90636704057199,5.44635412399004,2.36610443212954,561.0762125,10.0155860481161,53,330,1004,1.30806251285032,58,17,7.33135889194039,0,5.31935947047363,"large",1.6497396674479,0.288664315782369,"low_prod","Cold and mesic","Cold and wet/mesic","Q1 (close)",0,"ok",1
"FWB_0217","FWB_0217_2022","Perca flavescens_Nicolet - site A","Nicolet - site A","Perca flavescens","Percidae","lotic",-72.6074,46.21854,0.807916861279776,0.0286375879859328,0.584120982986768,0.054379555143489,102.25,1146.56818181818,12,0.0830171431294218,"FWB_0217",7,"lotic",46.21854,-72.6074,3.90636704057199,5.44635412399004,2.36610443212954,561.0762125,10.0155860481161,53,330,1004,1.30806251285032,58,17,7.33135889194039,0,5.31935947047363,"large",1.6497396674479,0.288664315782369,"low_prod","Cold and mesic","Cold and wet/mesic","Q1 (close)",0,"ok",1
"FWB_0218","FWB_0218_2022","Ammocrypta pellucida_Nicolet - site C","Nicolet - site C","Ammocrypta pellucida","Percidae","lotic",-72.567,46.1888,0.756871218668972,0.028582324418126,0.800628778718258,0.0341252556917458,46.6,180.8,5,0.0627075801098718,"FWB_0218",7,"lotic",46.1888,-72.567,3.66607131478793,5.21539480373206,2.36610443212954,561.0762125,13.5507112878318,52,173,1013,-0.901402119380404,68,0,6.60878845253052,0,2.98643973131045,"large",1.4856322064393,-0.0171715312987898,"low_prod","Cold and mesic","Cold and wet/mesic","Q1 (close)",0,"ok",1
"FWB_0218","FWB_0218_2022","Cyprinella spiloptera_Nicolet - site C","Nicolet - site C","Cyprinella spiloptera","Leuciscidae","lotic",-72.567,46.1888,0.194641313742438,0.0274112743519773,0.25378476420798,0.0342054394535104,61.2,80.7,5,0.0616167138054877,"FWB_0218",7,"lotic",46.1888,-72.567,3.66607131478793,5.21539480373206,2.36610443212954,561.0762125,13.5507112878318,52,173,1013,-0.901402119380404,68,0,6.60878845253052,0,2.98643973131045,"large",1.4856322064393,-0.0171715312987898,"low_prod","Cold and mesic","Cold and wet/mesic","Q1 (close)",0,"ok",1
"FWB_0218","FWB_0218_2022","NA_Nicolet - site C","Nicolet - site C","NA","Percidae","lotic",-72.567,46.1888,0.354868913857678,0.0168210947505034,0.655421201128577,0.0694559445010618,48.1666666666667,43.3666666666667,6,0.0862770392515652,"FWB_0218",7,"lotic",46.1888,-72.567,3.66607131478793,5.21539480373206,2.36610443212954,561.0762125,13.5507112878318,52,173,1013,-0.901402119380404,68,0,6.60878845253052,0,2.98643973131045,"large",1.4856322064393,-0.0171715312987898,"low_prod","Cold and mesic","Cold and wet/mesic","Q1 (close)",0,"ok",1
"FWB_0218","FWB_0218_2022","Perca flavescens_Nicolet - site C","Nicolet - site C","Perca flavescens","Percidae","lotic",-72.567,46.1888,0.555819648516278,0.00954480350462794,0.776944780330512,0.0266831596067233,129.166666666667,29.3666666666667,6,0.0362279631113512,"FWB_0218",7,"lotic",46.1888,-72.567,3.66607131478793,5.21539480373206,2.36610443212954,561.0762125,13.5507112878318,52,173,1013,-0.901402119380404,68,0,6.60878845253052,0,2.98643973131045,"large",1.4856322064393,-0.0171715312987898,"low_prod","Cold and mesic","Cold and wet/mesic","Q1 (close)",0,"ok",1
"FWB_0218","FWB_0218_2022","Percina caprodes_Nicolet - site C","Nicolet - site C","Percina caprodes","Percidae","lotic",-72.567,46.1888,0.451238836070297,0.0017545612529249,0.706731156791616,0.00632588860344667,69.3333333333333,14.2666666666667,6,0.00808044985637157,"FWB_0218",7,"lotic",46.1888,-72.567,3.66607131478793,5.21539480373206,2.36610443212954,561.0762125,13.5507112878318,52,173,1013,-0.901402119380404,68,0,6.60878845253052,0,2.98643973131045,"large",1.4856322064393,-0.0171715312987898,"low_prod","Cold and mesic","Cold and wet/mesic","Q1 (close)",0,"ok",1
"FWB_0218","FWB_0218_2022","Percina copelandi_Nicolet - site C","Nicolet - site C","Percina copelandi","Percidae","lotic",-72.567,46.1888,0.369922212618842,0.0209602181004879,0.482128174123337,0.00373449875644984,30.4,7.3,5,0.0246947168569377,"FWB_0218",7,"lotic",46.1888,-72.567,3.66607131478793,5.21539480373206,2.36610443212954,561.0762125,13.5507112878318,52,173,1013,-0.901402119380404,68,0,6.60878845253052,0,2.98643973131045,"large",1.4856322064393,-0.0171715312987898,"low_prod","Cold and mesic","Cold and wet/mesic","Q1 (close)",0,"ok",1
"FWB_0218","FWB_0218_2022","Pimephales notatus_Nicolet - site C","Nicolet - site C","Pimephales notatus","Leuciscidae","lotic",-72.567,46.1888,0.27247191011236,0.00806199011092524,0.654252317613865,0.00770401995918679,63.3333333333333,79.0666666666667,6,0.015766010070112,"FWB_0218",7,"lotic",46.1888,-72.567,3.66607131478793,5.21539480373206,2.36610443212954,561.0762125,13.5507112878318,52,173,1013,-0.901402119380404,68,0,6.60878845253052,0,2.98643973131045,"large",1.4856322064393,-0.0171715312987898,"low_prod","Cold and mesic","Cold and wet/mesic","Q1 (close)",0,"ok",1
"FWB_0219","FWB_0219_2022","Ammocrypta pellucida_Nicolet - site GL","Nicolet - site GL","Ammocrypta pellucida","Percidae","lotic",-72.624696,46.227356,0.752667922159448,0.0417858911929901,0.89450521815667,0.0037160225035778,48.5,89.5,6,0.0455019136965679,"FWB_0219",7,"lotic",46.227356,-72.624696,3.90636704057199,5.44635412399004,2.36610443212954,561.0762125,9.9925154786115,53,330,1004,1.30806251285032,58,17,7.33135889194039,0,5.31935947047363,"large",1.6497396674479,0.288664315782369,"low_prod","Cold and mesic","Cold and wet/mesic","Q1 (close)",0,"ok",1
"FWB_0219","FWB_0219_2022","NA_Nicolet - site GL","Nicolet - site GL","NA","Percidae","lotic",-72.624696,46.227356,0.331842435655995,0.0531114601546549,0.528542688293725,0.111115235998667,45.6666666666667,8.66666666666667,6,0.164226696153322,"FWB_0219",7,"lotic",46.227356,-72.624696,3.90636704057199,5.44635412399004,2.36610443212954,561.0762125,9.9925154786115,53,330,1004,1.30806251285032,58,17,7.33135889194039,0,5.31935947047363,"large",1.6497396674479,0.288664315782369,"low_prod","Cold and mesic","Cold and wet/mesic","Q1 (close)",0,"ok",1
"FWB_0219","FWB_0219_2022","Neogobius melanostomus_Nicolet - site GL","Nicolet - site GL","Neogobius melanostomus","Gobiidae","lotic",-72.624696,46.227356,0.398095835948943,0.0151965891953537,0.500314346787376,0.0150164681669274,41.5,6.5,9,0.030213057362281,"FWB_0219",7,"lotic",46.227356,-72.624696,3.90636704057199,5.44635412399004,2.36610443212954,561.0762125,9.9925154786115,53,330,1004,1.30806251285032,58,17,7.33135889194039,0,5.31935947047363,"large",1.6497396674479,0.288664315782369,"low_prod","Cold and mesic","Cold and wet/mesic","Q1 (close)",0,"ok",1
"FWB_0219","FWB_0219_2022","Percina caprodes_Nicolet - site GL","Nicolet - site GL","Percina caprodes","Percidae","lotic",-72.624696,46.227356,0.384416195856874,0.0219654269562103,0.67351942663146,0.0584054528578713,68.8333333333333,12.5666666666667,6,0.0803708798140815,"FWB_0219",7,"lotic",46.227356,-72.624696,3.90636704057199,5.44635412399004,2.36610443212954,561.0762125,9.9925154786115,53,330,1004,1.30806251285032,58,17,7.33135889194039,0,5.31935947047363,"large",1.6497396674479,0.288664315782369,"low_prod","Cold and mesic","Cold and wet/mesic","Q1 (close)",0,"ok",1
"FWB_0223","FWB_0223_2018","Etheostoma nigrum_pf","pf","Etheostoma nigrum","Percidae","lotic",-80.995833,42.841388,0.752830332041638,0.00216579204153045,0.767283950617285,0.00487274805669869,50,1,3,0.00703854009822914,"FWB_0223",7,"lotic",42.841388,-80.995833,1.77596878332173,4.36500706767381,4.38113011254299,1941.634456,66.1869107912092,74,138,954,-0.45886588483528,78,0,1.77597047651366,0,2.61080555141696,"large",0.194806385577314,-1.14325318634654,"low_prod","Cold and mesic","Cold and wet/mesic","Q3",0,"ok",1
"FWB_0223","FWB_0223_2018","Pimephales notatus_pf","pf","Pimephales notatus","Leuciscidae","lotic",-80.995833,42.841388,0.825621153407796,0.0230790985800568,0.185061728395062,0.0258999085505259,50.6666666666667,66.3333333333333,3,0.0489790071305827,"FWB_0223",7,"lotic",42.841388,-80.995833,1.77596878332173,4.36500706767381,4.38113011254299,1941.634456,66.1869107912092,74,138,954,-0.45886588483528,78,0,1.77597047651366,0,2.61080555141696,"large",0.194806385577314,-1.14325318634654,"low_prod","Cold and mesic","Cold and wet/mesic","Q3",0,"ok",1
"FWB_0223","FWB_0223_2018","Semotilus atromaculatus_pf","pf","Semotilus atromaculatus","Leuciscidae","lotic",-80.995833,42.841388,0.337570794830881,0.0207195623233559,0.745441595441596,0.0253592451901093,97.7692307692308,910.025641025641,13,0.0460788075134652,"FWB_0223",7,"lotic",42.841388,-80.995833,1.77596878332173,4.36500706767381,4.38113011254299,1941.634456,66.1869107912092,74,138,954,-0.45886588483528,78,0,1.77597047651366,0,2.61080555141696,"large",0.194806385577314,-1.14325318634654,"low_prod","Cold and mesic","Cold and wet/mesic","Q3",0,"ok",1
"FWB_0225","FWB_0225_2018","Catostomus commersonii_pvtf","pvtf","Catostomus commersonii","Catostomidae","lotic",-81.05527,42.7097,0.761996572407883,0.14925850750777,0.148893974065599,0.0451470832089678,60.6666666666667,154.333333333333,3,0.194405590716738,"FWB_0225",7,"lotic",42.7097,-81.05527,2.03614252353468,5.20200478061661,4.38113011254299,1941.634456,62.0423384795275,76,140,951,-0.703197516413447,67,0,4.01978282046386,0,2.80855956894695,"large",0.372489329325662,-0.0349025718014093,"low_prod","Cold and mesic","Cold and wet/mesic","Q3",0,"ok",1
"FWB_0225","FWB_0225_2018","Etheostoma nigrum_pvtf","pvtf","Etheostoma nigrum","Percidae","lotic",-81.05527,42.7097,0.461868037703513,0.00171975916814807,0.649885583524028,0.104662222664412,55.6666666666667,12.3333333333333,3,0.10638198183256,"FWB_0225",7,"lotic",42.7097,-81.05527,2.03614252353468,5.20200478061661,4.38113011254299,1941.634456,62.0423384795275,76,140,951,-0.703197516413447,67,0,4.01978282046386,0,2.80855956894695,"large",0.372489329325662,-0.0349025718014093,"low_prod","Cold and mesic","Cold and wet/mesic","Q3",0,"ok",1
"FWB_0225","FWB_0225_2018","Rhinichthys atratulus_pvtf","pvtf","Rhinichthys atratulus","Leuciscidae","lotic",-81.05527,42.7097,0.268958868894601,5.94762128191063e-05,0.366285278413425,0.0167477094886255,64.3333333333333,329.333333333333,3,0.0168071857014446,"FWB_0225",7,"lotic",42.7097,-81.05527,2.03614252353468,5.20200478061661,4.38113011254299,1941.634456,62.0423384795275,76,140,951,-0.703197516413447,67,0,4.01978282046386,0,2.80855956894695,"large",0.372489329325662,-0.0349025718014093,"low_prod","Cold and mesic","Cold and wet/mesic","Q3",0,"ok",1
"FWB_0225","FWB_0225_2018","Semotilus atromaculatus_pvtf","pvtf","Semotilus atromaculatus","Leuciscidae","lotic",-81.05527,42.7097,0.49246866966581,0.185042523408581,0.775629290617849,0.00463224023644825,62.75,295.071428571429,8,0.189674763645029,"FWB_0225",7,"lotic",42.7097,-81.05527,2.03614252353468,5.20200478061661,4.38113011254299,1941.634456,62.0423384795275,76,140,951,-0.703197516413447,67,0,4.01978282046386,0,2.80855956894695,"large",0.372489329325662,-0.0349025718014093,"low_prod","Cold and mesic","Cold and wet/mesic","Q3",0,"ok",1
"FWB_0227","FWB_0227_2021","Cottus cognatus_Ruisseau Blais 14-culverts","Ruisseau Blais 14-culverts","Cottus cognatus","Cottidae","lotic",-67.22151,48.351446,0.304267161410018,0.0868004087958735,0.215718283582089,0.0153560047825239,38,27.3333333333333,7,0.102156413578397,"FWB_0227",7,"lotic",48.351446,-67.22151,0.567016903415733,5.50780601585525,0.323176925074113,312.8250844,59.2395461245305,18,115,1054,-2.24431618487007,4,0,0.567022575549391,0,2.52107864982181,"small",-0.630834698322906,0.370038781997212,"low_prod","Cold and mesic","Cold and wet/mesic","Q3",0,"ok",1
"FWB_0227","FWB_0227_2021","Salvelinus fontinalis_Ruisseau Blais 14-culverts","Ruisseau Blais 14-culverts","Salvelinus fontinalis","Salmonidae","lotic",-67.22151,48.351446,0.60482374768089,0.0798741406863443,0.631696428571429,0.0617520184301374,165.857142857143,2342.14285714286,7,0.141626159116482,"FWB_0227",7,"lotic",48.351446,-67.22151,0.567016903415733,5.50780601585525,0.323176925074113,312.8250844,59.2395461245305,18,115,1054,-2.24431618487007,4,0,0.567022575549391,0,2.52107864982181,"small",-0.630834698322906,0.370038781997212,"low_prod","Cold and mesic","Cold and wet/mesic","Q3",0,"ok",1
"FWB_0229","FWB_0229_2018","Catostomus commersonii_sc","sc","Catostomus commersonii","Catostomidae","lotic",-81.4682,42.61735,0.988484848484849,7.94995408631769e-05,0.718514626029077,0.00191365049104121,37.6666666666667,9.33333333333333,3,0.00199315003190438,"FWB_0229",8,"lotic",42.61735,-81.4682,0.135404637006203,5.0343038183066,4.38113011254299,1941.634456,34.272216147757,80,164,932,-1.10563690360507,68,0,0.135413370592519,0,3.21775559764792,"small",-0.92559979640994,-0.256971834072872,"low_prod","Cool temperate and dry","Cool temperate and dry/xeric","Q2",0,"ok",1
"FWB_0229","FWB_0229_2018","Etheostoma nigrum_sc","sc","Etheostoma nigrum","Percidae","lotic",-81.4682,42.61735,0.612171717171717,0.287747482399755,0.665323757809307,0.331995834688571,53.3333333333333,1.33333333333333,3,0.619743317088326,"FWB_0229",8,"lotic",42.61735,-81.4682,0.135404637006203,5.0343038183066,4.38113011254299,1941.634456,34.272216147757,80,164,932,-1.10563690360507,68,0,0.135413370592519,0,3.21775559764792,"small",-0.92559979640994,-0.256971834072872,"low_prod","Cool temperate and dry","Cool temperate and dry/xeric","Q2",0,"ok",1
"FWB_0229","FWB_0229_2018","Luxilus cornutus_sc","sc","Luxilus cornutus","Leuciscidae","lotic",-81.4682,42.61735,0.60040404040404,0.00175358891949801,0.85011969405033,0.00234881976519003,59,9,3,0.00410240868468804,"FWB_0229",8,"lotic",42.61735,-81.4682,0.135404637006203,5.0343038183066,4.38113011254299,1941.634456,34.272216147757,80,164,932,-1.10563690360507,68,0,0.135413370592519,0,3.21775559764792,"small",-0.92559979640994,-0.256971834072872,"low_prod","Cool temperate and dry","Cool temperate and dry/xeric","Q2",0,"ok",1
"FWB_0229","FWB_0229_2018","Pimephales notatus_sc","sc","Pimephales notatus","Leuciscidae","lotic",-81.4682,42.61735,0.91040404040404,0.000570485154576064,0.738716646231097,0.000308330981834032,48,3,3,0.000878816136410095,"FWB_0229",8,"lotic",42.61735,-81.4682,0.135404637006203,5.0343038183066,4.38113011254299,1941.634456,34.272216147757,80,164,932,-1.10563690360507,68,0,0.135413370592519,0,3.21775559764792,"small",-0.92559979640994,-0.256971834072872,"low_prod","Cool temperate and dry","Cool temperate and dry/xeric","Q2",0,"ok",1
"FWB_0229","FWB_0229_2018","Semotilus atromaculatus_sc","sc","Semotilus atromaculatus","Leuciscidae","lotic",-81.4682,42.61735,0.632015151515152,0.00443275711662075,0.754650551760378,0.0107091326560231,67,198.888888888889,10,0.0151418897726439,"FWB_0229",8,"lotic",42.61735,-81.4682,0.135404637006203,5.0343038183066,4.38113011254299,1941.634456,34.272216147757,80,164,932,-1.10563690360507,68,0,0.135413370592519,0,3.21775559764792,"small",-0.92559979640994,-0.256971834072872,"low_prod","Cool temperate and dry","Cool temperate and dry/xeric","Q2",0,"ok",1
"FWB_0233","FWB_0233_2007","Rhinichthys atratulus_SMB","SMB","Rhinichthys atratulus","Leuciscidae","lotic",-65.88,45.78,0.6238846945779,0.08577152684906,0.367332713754647,0.157165958700129,65.1666666666667,46.9666666666667,6,0.242937485549189,"FWB_0233",7,"lotic",45.78,-65.88,1.85379486014751,5.04959688708277,4.56402262941576,1283.648966,17.275303427829,50,45,1201,-3.54045944899566,0,0,1.85379642656232,0,-0.0964998872256298,"large",0.247956893462816,-0.236720784500998,"low_prod","Cold and mesic","Cold and wet/mesic","Q1 (close)",0,"ok",1
"FWB_0233","FWB_0233_2007","Salvelinus fontinalis_SMB","SMB","Salvelinus fontinalis","Salmonidae","lotic",-65.88,45.78,0.0896819949668267,0.0216357043451199,0.67859355638166,0.0549506841853118,63.3333333333333,12.3333333333333,3,0.0765863885304317,"FWB_0233",7,"lotic",45.78,-65.88,1.85379486014751,5.04959688708277,4.56402262941576,1283.648966,17.275303427829,50,45,1201,-3.54045944899566,0,0,1.85379642656232,0,-0.0964998872256298,"large",0.247956893462816,-0.236720784500998,"low_prod","Cold and mesic","Cold and wet/mesic","Q1 (close)",0,"ok",1
"FWB_0235","FWB_0235_2013","Esox lucius_Stoney Lake","Stoney Lake","Esox lucius","Esocidae","lentic",-103.364,51.788,0.516143984220907,0.0321220929411165,0.460592435863528,0.0456129973758985,504.75,25140.7236842105,20,0.0777350903170151,"FWB_0235",7,"lentic",51.788,-103.364,1.05431202977153,-3.13359098634408,4.75889072960575,938.6097831,88.0410622718319,6,32,435,-5.52146091786225,39,0,2.49592983726786,0,-1.27650765550918,"large",0.341161060052461,-0.443510481319013,"low_prod","Cold and mesic","Cold and wet/mesic","Q4 (far)",0,"ok",1
"FWB_0235","FWB_0235_2013","Perca flavescens_Stoney Lake","Stoney Lake","Perca flavescens","Percidae","lentic",-103.364,51.788,0.230374753451676,0.01261865247482,0.213303358899762,0.0422926377597142,66.6666666666667,1887.46666666667,6,0.0549112902345342,"FWB_0235",7,"lentic",51.788,-103.364,1.05431202977153,-3.13359098634408,4.75889072960575,938.6097831,88.0410622718319,6,32,435,-5.52146091786225,39,0,2.49592983726786,0,-1.27650765550918,"large",0.341161060052461,-0.443510481319013,"low_prod","Cold and mesic","Cold and wet/mesic","Q4 (far)",0,"ok",1
"FWB_0235","FWB_0235_2013","Sander vitreus_Stoney Lake","Stoney Lake","Sander vitreus","Percidae","lentic",-103.364,51.788,0.717389875082183,0.0333256307453881,0.418980869258573,0.0780040773143154,406.233333333333,33287.3574712644,30,0.111329708059703,"FWB_0235",7,"lentic",51.788,-103.364,1.05431202977153,-3.13359098634408,4.75889072960575,938.6097831,88.0410622718319,6,32,435,-5.52146091786225,39,0,2.49592983726786,0,-1.27650765550918,"large",0.341161060052461,-0.443510481319013,"low_prod","Cold and mesic","Cold and wet/mesic","Q4 (far)",0,"ok",1
"FWB_0241","FWB_0241_2018","Catostomus commersonii_wa","wa","Catostomus commersonii","Catostomidae","lotic",-80.6831,42.82023,0.68725278676735,0.00674181272270014,0.0954773869346733,0.00880850192582367,132.75,90.25,4,0.0155503146485238,"FWB_0241",7,"lotic",42.82023,-80.6831,1.99197551589856,4.49389922634555,4.38113011254299,1941.634456,100.956590098486,77,183,951,0.782073389754347,69,0,1.99197688015411,0,3.51044064967168,"large",0.342325931870873,-0.972574460389698,"low_prod","Cold and mesic","Cold and wet/mesic","Q4 (far)",0,"ok",1
"FWB_0241","FWB_0241_2018","Etheostoma nigrum_wa","wa","Etheostoma nigrum","Percidae","lotic",-80.6831,42.82023,0.909025530384754,0.00625898553147603,0.228951776425989,0.0253644601669894,54.3333333333333,36.3333333333333,3,0.0316234456984655,"FWB_0241",7,"lotic",42.82023,-80.6831,1.99197551589856,4.49389922634555,4.38113011254299,1941.634456,100.956590098486,77,183,951,0.782073389754347,69,0,1.99197688015411,0,3.51044064967168,"large",0.342325931870873,-0.972574460389698,"low_prod","Cold and mesic","Cold and wet/mesic","Q4 (far)",0,"ok",1
"FWB_0241","FWB_0241_2018","Semotilus atromaculatus_wa","wa","Semotilus atromaculatus","Leuciscidae","lotic",-80.6831,42.82023,0.132026848855328,0.0104694816149189,0.807164477357548,0.0095148630519565,98.7777777777778,1975.44444444444,9,0.0199843446668754,"FWB_0241",7,"lotic",42.82023,-80.6831,1.99197551589856,4.49389922634555,4.38113011254299,1941.634456,100.956590098486,77,183,951,0.782073389754347,69,0,1.99197688015411,0,3.51044064967168,"large",0.342325931870873,-0.972574460389698,"low_prod","Cold and mesic","Cold and wet/mesic","Q4 (far)",0,"ok",1
"FWB_0242","FWB_0242_2006","Rhinichthys atratulus_WAC","WAC","Rhinichthys atratulus","Leuciscidae","lotic",-66.08,46.14,0.704333823426451,0.0676223063352421,0.349768917329833,0.025468070064289,55.2222222222222,86.1944444444445,9,0.0930903763995312,"FWB_0242",7,"lotic",46.14,-66.08,0.853989705676776,6.3967206800101,4.0196447995077,1704.729449,20.9591583610663,47,49,1114,-4.8283137373023,0,0,3.10112823858348,0,0.221550282735646,"small",-0.434849614510378,1.54713771435897,"low_prod","Cold and mesic","Cold and wet/mesic","Q1 (close)",0,"ok",1
"FWB_0242","FWB_0242_2006","Salvelinus fontinalis_WAC","WAC","Salvelinus fontinalis","Salmonidae","lotic",-66.08,46.14,0.477840789750053,0.175179768087884,0.858068750512757,0.0588751004641052,127.666666666667,2206.33333333333,3,0.234054868551989,"FWB_0242",7,"lotic",46.14,-66.08,0.853989705676776,6.3967206800101,4.0196447995077,1704.729449,20.9591583610663,47,49,1114,-4.8283137373023,0,0,3.10112823858348,0,0.221550282735646,"small",-0.434849614510378,1.54713771435897,"low_prod","Cold and mesic","Cold and wet/mesic","Q1 (close)",0,"ok",1
"FWB_0244","FWB_0244_2013","Esox lucius_Whitesand Lake","Whitesand Lake","Esox lucius","Esocidae","lentic",-103.345,51.764,0.579197803873723,0.0528086771946329,0.603652733118971,0.0259130116520714,455.24,26812.8566666667,25,0.0787216888467043,"FWB_0244",7,"lentic",51.764,-103.345,1.66959183525385,-3.72505952214962,4.75889072960575,938.6097831,90.3142348259902,6,31,434,-5.11599580975408,54,0,2.59316371638886,0,-1.777797394212,"large",0.590741030729716,-0.663262145317897,"low_prod","Cold and mesic","Cold and wet/mesic","Q4 (far)",0,"ok",1
"FWB_0244","FWB_0244_2013","Perca flavescens_Whitesand Lake","Whitesand Lake","Perca flavescens","Percidae","lentic",-103.345,51.764,0.377241334233861,0.0462765602064814,0.54876741693462,0.0723055508647056,120.428571428571,13447.619047619,7,0.118582111071187,"FWB_0244",7,"lentic",51.764,-103.345,1.66959183525385,-3.72505952214962,4.75889072960575,938.6097831,90.3142348259902,6,31,434,-5.11599580975408,54,0,2.59316371638886,0,-1.777797394212,"large",0.590741030729716,-0.663262145317897,"low_prod","Cold and mesic","Cold and wet/mesic","Q4 (far)",0,"ok",1
"FWB_0244","FWB_0244_2013","Sander vitreus_Whitesand Lake","Whitesand Lake","Sander vitreus","Percidae","lentic",-103.345,51.764,0.786905892250095,0.0127978139087733,0.456328873215089,0.0235207650249532,437.806451612903,7496.09462365592,31,0.0363185789337265,"FWB_0244",7,"lentic",51.764,-103.345,1.66959183525385,-3.72505952214962,4.75889072960575,938.6097831,90.3142348259902,6,31,434,-5.11599580975408,54,0,2.59316371638886,0,-1.777797394212,"large",0.590741030729716,-0.663262145317897,"low_prod","Cold and mesic","Cold and wet/mesic","Q4 (far)",0,"ok",1
"FWB_0255","FWB_0255_2018","Oncorhynchus mykiss_Lago_Chungará","Lago_Chungará","Oncorhynchus mykiss","Salmonidae","lentic",-69.174814,-18.235698,0.880493437600037,0.00256194223355844,0.25725067691936,0.0109568987714835,606.351351351351,13274.0940392447,74,0.013518841005042,"FWB_0255",6,"lentic",-18.235698,-69.174814,3.05729762921215,-8.12226176757191,3.97713005667184,557.8130359,59.8767656339172,20,20,316,-3.64965874096066,0,0,1.09259756979098,0,-1.42707468984151,"large",1.15364520583631,-2.29697966683434,"low_prod","Extremely cold and mesic","Cold and wet/mesic","Q3",0,"ok",1
"FWB_0255","FWB_0255_2018","Orestias chungarensis_Lago_Chungará","Lago_Chungará","Orestias chungarensis","Cyprinodontidae","lentic",-69.174814,-18.235698,0.569676093787769,0.0509827028668473,0.495213437627321,0.0378436118120297,71.8131868131868,100.953601953602,91,0.088826314678877,"FWB_0255",6,"lentic",-18.235698,-69.174814,3.05729762921215,-8.12226176757191,3.97713005667184,557.8130359,59.8767656339172,20,20,316,-3.64965874096066,0,0,1.09259756979098,0,-1.42707468984151,"large",1.15364520583631,-2.29697966683434,"low_prod","Extremely cold and mesic","Cold and wet/mesic","Q3",0,"ok",1
"FWB_0257","FWB_0257_2019","Galaxias maculatus_maullin01","maullin01","Galaxias maculatus","Galaxiidae","lotic",-73.034405,-41.210828,0.320261548913043,0.052757089660602,0.352010936673135,0.0863164034625697,51.15,34.5552631578947,20,0.139073493123172,"FWB_0257",10,"lotic",-41.210828,-73.034405,1.31049264770361,5.14514466661563,4.59394893437517,466.1444562,11.9905806123287,106,175,1669,-0.239527030564734,8,0,1.3104953445716,0,3.90350704737029,"small",-0.12308568897847,-0.110196615406997,"low_prod","Cool temperate and moist","Cool and moist","Q1 (close)",0,"ok",1
"FWB_0257","FWB_0257_2019","Odontesthes mauleanum_maullin01","maullin01","Odontesthes mauleanum","Atherinopsidae","lotic",-73.034405,-41.210828,0.95018115942029,0.00187297549425014,0.60998412418416,0.00936110241844429,44.3333333333333,4.33333333333333,3,0.0112340779126944,"FWB_0257",10,"lotic",-41.210828,-73.034405,1.31049264770361,5.14514466661563,4.59394893437517,466.1444562,11.9905806123287,106,175,1669,-0.239527030564734,8,0,1.3104953445716,0,3.90350704737029,"small",-0.12308568897847,-0.110196615406997,"low_prod","Cool temperate and moist","Cool and moist","Q1 (close)",0,"ok",1
"FWB_0263","FWB_0263_2007","Oncorhynchus mykiss_Río_Chungara_CH05","Río_Chungara_CH05","Oncorhynchus mykiss","Salmonidae","lotic",-69.132427,-18.310797,0.371467475879241,0.0414480834733195,0.505725182841216,0.0402373463034213,NA,NA,34,0.0816854297767408,"FWB_0263",6,"lotic",-18.310797,-69.132427,-0.400477566597125,3.62642670557846,5.61102805647569,1588.182798,60.492014636203,-4,4,312,-4.07454193492592,0,0,-0.400462641335373,0,-1.45667390788247,"small",-1.29157496116198,-2.12127975148637,"high_prod","Extremely cold and mesic","Cold and wet/mesic","Q3",0,"ok",1
"FWB_0263","FWB_0263_2007","Orestias chungarensis_Río_Chungara_CH05","Río_Chungara_CH05","Orestias chungarensis","Cyprinodontidae","lotic",-69.132427,-18.310797,0.819966583124478,0.00969447919229782,0.57304108150676,0.00565118619273166,NA,NA,19,0.0153456653850295,"FWB_0263",6,"lotic",-18.310797,-69.132427,-0.400477566597125,3.62642670557846,5.61102805647569,1588.182798,60.492014636203,-4,4,312,-4.07454193492592,0,0,-0.400462641335373,0,-1.45667390788247,"small",-1.29157496116198,-2.12127975148637,"high_prod","Extremely cold and mesic","Cold and wet/mesic","Q3",0,"ok",1
"FWB_0269","FWB_0269_2009","Galaxias maculatus_alta","alta","Galaxias maculatus","Galaxiidae","lentic",-72.7085739,-45.5347339,0.396867895933316,0.0172361680705381,0.581268827019626,0.014192816928137,NA,NA,5,0.0314289849986751,"FWB_0269",10,"lentic",-45.5347339,-72.7085739,-0.2484613592985,-2.66307275195273,4.58014694722941,2384.914772,64.1718929208441,87,3,2346,-4.07454193492592,1,0,0.471259090823939,0,-0.029418512082669,"large",-0.187291428304969,-0.268696169669285,"low_prod","Cool temperate and moist","Cool and moist","Q3",0,"ok",1
"FWB_0269","FWB_0269_2009","Galaxias platei_alta","alta","Galaxias platei","Galaxiidae","lentic",-72.7085739,-45.5347339,0.418666329881283,0.135584429720115,0.483036665145291,0.106388977826736,111.466666666667,63.0933333333334,6,0.241973407546851,"FWB_0269",10,"lentic",-45.5347339,-72.7085739,-0.2484613592985,-2.66307275195273,4.58014694722941,2384.914772,64.1718929208441,87,3,2346,-4.07454193492592,1,0,0.471259090823939,0,-0.029418512082669,"large",-0.187291428304969,-0.268696169669285,"low_prod","Cool temperate and moist","Cool and moist","Q3",0,"ok",1
"FWB_0270","FWB_0270_2009","Galaxias platei_barroso","barroso","Galaxias platei","Galaxiidae","lentic",-72.2450823,-45.7395523,0.148924406915963,0.0174903383987788,0.303486340533672,0.103406910010063,79.6,452.148571428571,12,0.120897248408842,"FWB_0270",10,"lentic",-45.7395523,-72.2450823,-0.798507696217772,-1.9539122818943,4.58014694722941,2384.914772,38.4685998462987,72,48,1337,-2.3538783873816,3,0,0.48551396960892,0,2.05591827638635,"small",-0.410410320581677,-0.00521775297662201,"low_prod","Cool temperate and moist","Cool and moist","Q2",0,"ok",1
"FWB_0270","FWB_0270_2009","Salmo trutta_barroso","barroso","Salmo trutta","Salmonidae","lentic",-72.2450823,-45.7395523,0.363088057901086,0.15048123584012,0.586404066073698,0.00215113082831075,NA,NA,5,0.152632366668431,"FWB_0270",10,"lentic",-45.7395523,-72.2450823,-0.798507696217772,-1.9539122818943,4.58014694722941,2384.914772,38.4685998462987,72,48,1337,-2.3538783873816,3,0,0.48551396960892,0,2.05591827638635,"small",-0.410410320581677,-0.00521775297662201,"low_prod","Cool temperate and moist","Cool and moist","Q2",0,"ok",1
"FWB_0273","FWB_0273_2009","Galaxias platei_castor","castor","Galaxias platei","Galaxiidae","lentic",-71.7815498,-45.6002737,0.47789331792798,0.071527362298311,0.670327138688373,0.0671911321206487,90.7181818181818,237.699636363636,18,0.13871849441896,"FWB_0273",7,"lentic",-45.6002737,-71.7815498,1.45395300959371,-4.41710516124677,4.58014694722941,2384.914772,41.6341164334668,59,68,776,-1.21739582465808,0,0,1.27480677994008,0,1.85002994967784,"large",0.50327004386229,-0.920381791670092,"low_prod","Cold and mesic","Cold and wet/mesic","Q2",0,"ok",1
"FWB_0273","FWB_0273_2009","Oncorhynchus mykiss_castor","castor","Oncorhynchus mykiss","Salmonidae","lentic",-71.7815498,-45.6002737,0.686424032351242,0.0739351933895815,0.481970682093551,0.0604217453372001,NA,NA,9,0.134356938726782,"FWB_0273",7,"lentic",-45.6002737,-71.7815498,1.45395300959371,-4.41710516124677,4.58014694722941,2384.914772,41.6341164334668,59,68,776,-1.21739582465808,0,0,1.27480677994008,0,1.85002994967784,"large",0.50327004386229,-0.920381791670092,"low_prod","Cold and mesic","Cold and wet/mesic","Q2",0,"ok",1
"FWB_0275","FWB_0275_2009","Oncorhynchus mykiss_chacano","chacano","Oncorhynchus mykiss","Salmonidae","lentic",-72.1933467,-46.172833,0.770937912813739,0.0244168474249148,0.210403726708074,0.0421452027615158,NA,NA,5,0.0665620501864306,"FWB_0275",7,"lentic",-46.172833,-72.1933467,-1.30933331998376,-3.19065889892237,4.58014694722941,2384.914772,105.984708528823,64,4,831,-5.11599580975408,0,0,-1.83251896570135,0,-0.933920222143981,"small",-0.617619858526394,-0.464713246962232,"low_prod","Cold and mesic","Cold and wet/mesic","Q4 (far)",0,"ok",1
"FWB_0275","FWB_0275_2009","Salmo trutta_chacano","chacano","Salmo trutta","Salmonidae","lentic",-72.1933467,-46.172833,0.493262879788639,0.143797529627581,0.63598602484472,0.0963355319876848,NA,NA,10,0.240133061615266,"FWB_0275",7,"lentic",-46.172833,-72.1933467,-1.30933331998376,-3.19065889892237,4.58014694722941,2384.914772,105.984708528823,64,4,831,-5.11599580975408,0,0,-1.83251896570135,0,-0.933920222143981,"small",-0.617619858526394,-0.464713246962232,"low_prod","Cold and mesic","Cold and wet/mesic","Q4 (far)",0,"ok",1
"FWB_0276","FWB_0276_2007","Galaxias platei_frio","frio","Galaxias platei","Galaxiidae","lentic",-71.9438005,-45.6675335,0.244260640203198,0.0441464105200275,0.321745160706748,0.0774798076466275,NA,NA,7,0.121626218166655,"FWB_0276",7,"lentic",-45.6675335,-71.9438005,1.24990173621434,-0.799506276461492,4.58014694722941,2384.914772,32.6312028120793,67,46,965,-0.978166135592243,0,0,3.83230879379388,0,2.05591827638635,"large",0.420499391594973,0.423685265978845,"low_prod","Cold and mesic","Cold and wet/mesic","Q2",0,"ok",1
"FWB_0276","FWB_0276_2007","Oncorhynchus mykiss_frio","frio","Oncorhynchus mykiss","Salmonidae","lentic",-71.9438005,-45.6675335,0.580123090950536,0.0456177840092195,0.629047820056684,0.0953109960248654,NA,NA,7,0.140928780034085,"FWB_0276",7,"lentic",-45.6675335,-71.9438005,1.24990173621434,-0.799506276461492,4.58014694722941,2384.914772,32.6312028120793,67,46,965,-0.978166135592243,0,0,3.83230879379388,0,2.05591827638635,"large",0.420499391594973,0.423685265978845,"low_prod","Cold and mesic","Cold and wet/mesic","Q2",0,"ok",1
"FWB_0277","FWB_0277_2009","Galaxias platei_monreal2","monreal2","Galaxias platei","Galaxiidae","lentic",-72.0208877,-45.8725212,0.487836777399948,0.122090963535614,0.462501572920599,0.0623499423456415,NA,NA,6,0.184440905881255,"FWB_0277",7,"lentic",-45.8725212,-72.0208877,0.72270598280149,-3.36918459873413,4.58014694722941,2384.914772,58.9658478321016,62,23,882,-1.06421086195078,1,0,1.5166667067055,0,2.05591827638635,"large",0.206649530920921,-0.531041914043008,"low_prod","Cold and mesic","Cold and wet/mesic","Q3",0,"ok",1
"FWB_0277","FWB_0277_2009","Oncorhynchus mykiss_monreal2","monreal2","Oncorhynchus mykiss","Salmonidae","lentic",-72.0208877,-45.8725212,0.560783416165315,0.0918969672673318,0.796102302755757,0.0209830551349734,NA,NA,8,0.112880022402305,"FWB_0277",7,"lentic",-45.8725212,-72.0208877,0.72270598280149,-3.36918459873413,4.58014694722941,2384.914772,58.9658478321016,62,23,882,-1.06421086195078,1,0,1.5166667067055,0,2.05591827638635,"large",0.206649530920921,-0.531041914043008,"low_prod","Cold and mesic","Cold and wet/mesic","Q3",0,"ok",1
"FWB_0277","FWB_0277_2009","Salmo trutta_monreal2","monreal2","Salmo trutta","Salmonidae","lentic",-72.0208877,-45.8725212,0.379852594974689,0.0470096348437839,0.678694883011717,0.0247214389857935,NA,NA,17,0.0717310738295773,"FWB_0277",7,"lentic",-45.8725212,-72.0208877,0.72270598280149,-3.36918459873413,4.58014694722941,2384.914772,58.9658478321016,62,23,882,-1.06421086195078,1,0,1.5166667067055,0,2.05591827638635,"large",0.206649530920921,-0.531041914043008,"low_prod","Cold and mesic","Cold and wet/mesic","Q3",0,"ok",1
"FWB_0278","FWB_0278_2007","Aplochiton taeniatus_palos","palos","Aplochiton taeniatus","Galaxiidae","lentic",-72.7027331,-45.3209332,0.449955277280859,0.179511743647347,0.400849797256492,0.0947882656709963,193.2975,2943.90269166667,4,0.274300009318343,"FWB_0278",10,"lentic",-45.3209332,-72.7027331,1.56861591791385,-2.15957418717249,4.58014694722941,2384.914772,70.2037756630175,93,1,2573,-2.86470401114759,0,0,4.06476143135128,0,-0.029418512082669,"large",0.549781509119753,-0.081628488578157,"low_prod","Cool temperate and moist","Cool and moist","Q4 (far)",0,"ok",1
"FWB_0278","FWB_0278_2007","Galaxias platei_palos","palos","Galaxias platei","Galaxiidae","lentic",-72.7027331,-45.3209332,0.452280858676208,0.123344168658788,0.793568285738935,0.0425848631593372,NA,NA,4,0.165929031818125,"FWB_0278",10,"lentic",-45.3209332,-72.7027331,1.56861591791385,-2.15957418717249,4.58014694722941,2384.914772,70.2037756630175,93,1,2573,-2.86470401114759,0,0,4.06476143135128,0,-0.029418512082669,"large",0.549781509119753,-0.081628488578157,"low_prod","Cool temperate and moist","Cool and moist","Q4 (far)",0,"ok",1
"FWB_0278","FWB_0278_2007","Salmo trutta_palos","palos","Salmo trutta","Salmonidae","lentic",-72.7027331,-45.3209332,0.467710196779964,0.00917539519736134,0.498058838754206,0.0147715500134805,NA,NA,4,0.0239469452108418,"FWB_0278",10,"lentic",-45.3209332,-72.7027331,1.56861591791385,-2.15957418717249,4.58014694722941,2384.914772,70.2037756630175,93,1,2573,-2.86470401114759,0,0,4.06476143135128,0,-0.029418512082669,"large",0.549781509119753,-0.081628488578157,"low_prod","Cool temperate and moist","Cool and moist","Q4 (far)",0,"ok",1
"FWB_0279","FWB_0279_2009","Galaxias platei_pollux","pollux","Galaxias platei","Galaxiidae","lentic",-71.8626781,-45.6762901,0.313427636760162,0.0121928526818851,0.721887884452867,0.0165974870710703,67.7909090909091,249.202909090909,17,0.0287903397529554,"FWB_0279",7,"lentic",-45.6762901,-71.8626781,2.09801792725277,-3.18432515765371,4.58014694722941,2384.914772,39.9802106404858,59,36,820,-0.901402119380404,0,0,3.30984970741954,0,2.05591827638635,"large",0.764526307811324,-0.462360036099999,"low_prod","Cold and mesic","Cold and wet/mesic","Q2",0,"ok",1
"FWB_0279","FWB_0279_2009","Oncorhynchus mykiss_pollux","pollux","Oncorhynchus mykiss","Salmonidae","lentic",-71.8626781,-45.6762901,0.408454557157569,0.116230679127852,0.687921745755333,0.0993309146064911,NA,NA,16,0.215561593734343,"FWB_0279",7,"lentic",-45.6762901,-71.8626781,2.09801792725277,-3.18432515765371,4.58014694722941,2384.914772,39.9802106404858,59,36,820,-0.901402119380404,0,0,3.30984970741954,0,2.05591827638635,"large",0.764526307811324,-0.462360036099999,"low_prod","Cold and mesic","Cold and wet/mesic","Q2",0,"ok",1
"FWB_0282","FWB_0282_2009","Galaxias platei_rengifo","rengifo","Galaxias platei","Galaxiidae","lentic",-72.5113244,-45.6175874,0.443725943033102,0.147078321434364,0.622399824830304,0.0526097364836199,NA,NA,4,0.199688057917984,"FWB_0282",10,"lentic",-45.6175874,-72.5113244,0.418710334858185,-2.77762271871585,4.58014694722941,2384.914772,45.3904370746889,87,18,1970,-3.72970144863419,0,0,1.71488022474649,0,-0.029418512082669,"large",0.0833377884849283,-0.311255569338668,"low_prod","Cool temperate and moist","Cool and moist","Q2",0,"ok",1
"FWB_0282","FWB_0282_2009","Salmo trutta_rengifo","rengifo","Salmo trutta","Salmonidae","lentic",-72.5113244,-45.6175874,0.538818321785989,0.0661533933800307,0.592785198160718,0.112498293949546,NA,NA,8,0.178651687329577,"FWB_0282",10,"lentic",-45.6175874,-72.5113244,0.418710334858185,-2.77762271871585,4.58014694722941,2384.914772,45.3904370746889,87,18,1970,-3.72970144863419,0,0,1.71488022474649,0,-0.029418512082669,"large",0.0833377884849283,-0.311255569338668,"low_prod","Cool temperate and moist","Cool and moist","Q2",0,"ok",1
"FWB_0283","FWB_0283_2007","Galaxias platei_thompson","thompson","Galaxias platei","Galaxiidae","lentic",-71.792894,-45.646731,0.480732544830217,0.0832473944833092,0.396510228640193,0.0828861871057999,NA,NA,8,0.166133581589109,"FWB_0283",7,"lentic",-45.646731,-71.792894,-0.083381608939051,-1.24075219471331,4.58014694722941,2384.914772,43.5995977756901,56,18,752,-1.81400507817537,0,0,1.93715911304622,0,2.04730696247119,"large",-0.120329049746448,0.259746664179015,"low_prod","Cold and mesic","Cold and wet/mesic","Q2",0,"ok",1
"FWB_0283","FWB_0283_2007","Oncorhynchus mykiss_thompson","thompson","Oncorhynchus mykiss","Salmonidae","lentic",-71.792894,-45.646731,0.319407350883886,0.127817766120044,0.795159780719347,0.0266529622963015,NA,NA,6,0.154470728416346,"FWB_0283",7,"lentic",-45.646731,-71.792894,-0.083381608939051,-1.24075219471331,4.58014694722941,2384.914772,43.5995977756901,56,18,752,-1.81400507817537,0,0,1.93715911304622,0,2.04730696247119,"large",-0.120329049746448,0.259746664179015,"low_prod","Cold and mesic","Cold and wet/mesic","Q2",0,"ok",1
"FWB_0292","FWB_0292_2012","NA_a9","a9","NA","Balitoridae","lotic",112.273781,22.488935,0.255981877389211,0.00365924200717307,0.743974609052137,0.0713085880657951,39.2857142857143,281.571428571429,7,0.0749678300729682,"FWB_0292",14,"lotic",22.488935,112.273781,0.940397807217388,5.34646262510399,5.10379908599664,301.3203383,33.1814519828405,196,84,1765,0.630739720431328,26,0,0.940401711934482,0,4.74664379306385,"small",-0.375838102307511,0.156388202638731,"low_prod","Hot and dry","Hot and dry","Q2",0,"ok",1
"FWB_0292","FWB_0292_2012","NA_a9","a9","NA","Cobitidae","lotic",112.273781,22.488935,0.141129831516353,0.00962090688265472,0.368734089331173,0.00353469578905643,54.8,217.7,5,0.0131556026717112,"FWB_0292",14,"lotic",22.488935,112.273781,0.940397807217388,5.34646262510399,5.10379908599664,301.3203383,33.1814519828405,196,84,1765,0.630739720431328,26,0,0.940401711934482,0,4.74664379306385,"small",-0.375838102307511,0.156388202638731,"low_prod","Hot and dry","Hot and dry","Q2",0,"ok",1
"FWB_0292","FWB_0292_2012","NA_a9","a9","NA","Gastromyzontidae","lotic",112.273781,22.488935,0.34217046580773,0.0011434298122317,0.683009885277879,0.0493867118297566,49.7142857142857,106.571428571429,7,0.0505301416419883,"FWB_0292",14,"lotic",22.488935,112.273781,0.940397807217388,5.34646262510399,5.10379908599664,301.3203383,33.1814519828405,196,84,1765,0.630739720431328,26,0,0.940401711934482,0,4.74664379306385,"small",-0.375838102307511,0.156388202638731,"low_prod","Hot and dry","Hot and dry","Q2",0,"ok",1
"FWB_0292","FWB_0292_2012","NA_a9","a9","NA","Nemacheilidae","lotic",112.273781,22.488935,0.705550049554014,0.106677249894655,0.141333024762786,0.0188001542067205,47.8,9.7,5,0.125477404101375,"FWB_0292",14,"lotic",22.488935,112.273781,0.940397807217388,5.34646262510399,5.10379908599664,301.3203383,33.1814519828405,196,84,1765,0.630739720431328,26,0,0.940401711934482,0,4.74664379306385,"small",-0.375838102307511,0.156388202638731,"low_prod","Hot and dry","Hot and dry","Q2",0,"ok",1
"FWB_0295","FWB_0295_2022","Carassius gibelio_vytopa","vytopa","Carassius gibelio","Cyprinidae","lentic",17.0642639,48.87061,0.611751152073733,0.0493193739514536,0.298757530120482,0.0299925228020516,96.25,48.3333333333333,16,0.0793118967535053,"FWB_0295",8,"lentic",48.87061,17.0642639,0.131028262406404,-0.335807116866236,5.23849418430559,1574.477633,64.2003367297725,94,208,609,1.30019166206648,48,9,3.74137726028582,0,5.48297373720821,"large",-0.0333565716535516,0.595966048044729,"high_prod","Cool temperate and dry","Cool temperate and dry/xeric","Q3",0,"ok",1
"FWB_0295","FWB_0295_2022","Cyprinus carpio_vytopa","vytopa","Cyprinus carpio","Cyprinidae","lentic",17.0642639,48.87061,0.804147465437788,0.0140098182873566,0.643072289156627,0.0193091643683166,271.25,1439.58333333333,4,0.0333189826556732,"FWB_0295",8,"lentic",48.87061,17.0642639,0.131028262406404,-0.335807116866236,5.23849418430559,1574.477633,64.2003367297725,94,208,609,1.30019166206648,48,9,3.74137726028582,0,5.48297373720821,"large",-0.0333565716535516,0.595966048044729,"high_prod","Cool temperate and dry","Cool temperate and dry/xeric","Q3",0,"ok",1
"FWB_0295","FWB_0295_2022","Pseudorasbora parva_vytopa","vytopa","Pseudorasbora parva","Gobionidae","lentic",17.0642639,48.87061,0.427547363031234,0.0935676473156033,0.643239625167336,0.0731921158529703,35.7142857142857,70.2380952380953,9,0.166759763168574,"FWB_0295",8,"lentic",48.87061,17.0642639,0.131028262406404,-0.335807116866236,5.23849418430559,1574.477633,64.2003367297725,94,208,609,1.30019166206648,48,9,3.74137726028582,0,5.48297373720821,"large",-0.0333565716535516,0.595966048044729,"high_prod","Cool temperate and dry","Cool temperate and dry/xeric","Q3",0,"ok",1
"FWB_0300","FWB_0300_2008","Anguilla anguilla_Batts_Bridge_Stream_Site_A_Cackle_Street","Batts_Bridge_Stream_Site_A_Cackle_Street","Anguilla anguilla","Anguillidae","lotic",0.075281,51.017806,0.809553543552919,0.0182728999867339,0.510428347163041,0.0209889283375148,456.25,8578.91666666667,4,0.0392618283242486,"FWB_0300",10,"lotic",51.017806,0.075281,0.084341148433751,5.02139066597121,6.8304659864214,383.9539256,49.4955073751397,98,229,704,0.309688152714396,10,4,0.084350339567983,0,4.70595634521217,"small",-0.960473073629182,-0.274071403289518,"high_prod","Cool temperate and moist","Cool and moist","Q3",0,"ok",1
"FWB_0300","FWB_0300_2008","Cottus gobio_Batts_Bridge_Stream_Site_A_Cackle_Street","Batts_Bridge_Stream_Site_A_Cackle_Street","Cottus gobio","Cottidae","lotic",0.075281,51.017806,0.895046310750338,0.0112141264172186,0.474564551095163,0.00582788315452362,57.6666666666667,49.0666666666667,6,0.0170420095717422,"FWB_0300",10,"lotic",51.017806,0.075281,0.084341148433751,5.02139066597121,6.8304659864214,383.9539256,49.4955073751397,98,229,704,0.309688152714396,10,4,0.084350339567983,0,4.70595634521217,"small",-0.960473073629182,-0.274071403289518,"high_prod","Cool temperate and moist","Cool and moist","Q3",0,"ok",1
"FWB_0300","FWB_0300_2008","Gobio gobio_Batts_Bridge_Stream_Site_A_Cackle_Street","Batts_Bridge_Stream_Site_A_Cackle_Street","Gobio gobio","Gobionidae","lotic",0.075281,51.017806,0.757571027162036,0.00627368055373469,0.344247589145548,0.000812755080665429,87.6666666666667,74.3333333333333,3,0.00708643563440011,"FWB_0300",10,"lotic",51.017806,0.075281,0.084341148433751,5.02139066597121,6.8304659864214,383.9539256,49.4955073751397,98,229,704,0.309688152714396,10,4,0.084350339567983,0,4.70595634521217,"small",-0.960473073629182,-0.274071403289518,"high_prod","Cool temperate and moist","Cool and moist","Q3",0,"ok",1
"FWB_0300","FWB_0300_2008","Lampetra planeri_Batts_Bridge_Stream_Site_A_Cackle_Street","Batts_Bridge_Stream_Site_A_Cackle_Street","Lampetra planeri","Petromyzontidae","lotic",0.075281,51.017806,0.0941825372047039,0.00325352243693122,0.695877251999701,0.0319853264087809,114.166666666667,126.166666666667,6,0.0352388488457121,"FWB_0300",10,"lotic",51.017806,0.075281,0.084341148433751,5.02139066597121,6.8304659864214,383.9539256,49.4955073751397,98,229,704,0.309688152714396,10,4,0.084350339567983,0,4.70595634521217,"small",-0.960473073629182,-0.274071403289518,"high_prod","Cool temperate and moist","Cool and moist","Q3",0,"ok",1
"FWB_0300","FWB_0300_2008","Lepomis gibbosus_Batts_Bridge_Stream_Site_A_Cackle_Street","Batts_Bridge_Stream_Site_A_Cackle_Street","Lepomis gibbosus","Centrarchidae","lotic",0.075281,51.017806,0.747133177510948,0.00655383828292188,0.417718795269816,0.0132077399247443,75.4054054054054,312.192192192192,37,0.0197615782076662,"FWB_0300",10,"lotic",51.017806,0.075281,0.084341148433751,5.02139066597121,6.8304659864214,383.9539256,49.4955073751397,98,229,704,0.309688152714396,10,4,0.084350339567983,0,4.70595634521217,"small",-0.960473073629182,-0.274071403289518,"high_prod","Cool temperate and moist","Cool and moist","Q3",0,"ok",1
"FWB_0300","FWB_0300_2008","Salmo trutta_Batts_Bridge_Stream_Site_A_Cackle_Street","Batts_Bridge_Stream_Site_A_Cackle_Street","Salmo trutta","Salmonidae","lotic",0.075281,51.017806,0.640989146204845,0.00547527359106742,0.37160138780787,0.135148314616418,117,3838.5,17,0.140623588207486,"FWB_0300",10,"lotic",51.017806,0.075281,0.084341148433751,5.02139066597121,6.8304659864214,383.9539256,49.4955073751397,98,229,704,0.309688152714396,10,4,0.084350339567983,0,4.70595634521217,"small",-0.960473073629182,-0.274071403289518,"high_prod","Cool temperate and moist","Cool and moist","Q3",0,"ok",1
"FWB_0302","FWB_0302_2008","Anguilla anguilla_Batts_Bridge_Stream_Site_C_Batts_Bridge","Batts_Bridge_Stream_Site_C_Batts_Bridge","Anguilla anguilla","Anguillidae","lotic",0.066774,50.993945,0.747683174051549,0.0367623976062149,0.379228284888662,0.0262177642412987,494.5,26797.6666666667,4,0.0629801618475136,"FWB_0302",10,"lotic",50.993945,0.066774,0.084341148433751,5.02139066597121,6.8304659864214,383.9539256,51.9304511256515,98,229,704,0.309688152714396,10,4,0.084350339567983,0,4.70595634521217,"small",-0.960473073629182,-0.274071403289518,"high_prod","Cool temperate and moist","Cool and moist","Q3",0,"ok",1
"FWB_0302","FWB_0302_2008","Cottus gobio_Batts_Bridge_Stream_Site_C_Batts_Bridge","Batts_Bridge_Stream_Site_C_Batts_Bridge","Cottus gobio","Cottidae","lotic",0.066774,50.993945,0.623226180133218,0.00406642205131186,0.278316051900958,0.0120637740104127,58.8333333333333,36.1666666666667,6,0.0161301960617246,"FWB_0302",10,"lotic",50.993945,0.066774,0.084341148433751,5.02139066597121,6.8304659864214,383.9539256,51.9304511256515,98,229,704,0.309688152714396,10,4,0.084350339567983,0,4.70595634521217,"small",-0.960473073629182,-0.274071403289518,"high_prod","Cool temperate and moist","Cool and moist","Q3",0,"ok",1
"FWB_0302","FWB_0302_2008","Lampetra planeri_Batts_Bridge_Stream_Site_C_Batts_Bridge","Batts_Bridge_Stream_Site_C_Batts_Bridge","Lampetra planeri","Petromyzontidae","lotic",0.066774,50.993945,0.178081861183512,0.0233135678211014,0.725083574140178,0.0498143241525998,100.333333333333,67.4666666666667,6,0.0731278919737012,"FWB_0302",10,"lotic",50.993945,0.066774,0.084341148433751,5.02139066597121,6.8304659864214,383.9539256,51.9304511256515,98,229,704,0.309688152714396,10,4,0.084350339567983,0,4.70595634521217,"small",-0.960473073629182,-0.274071403289518,"high_prod","Cool temperate and moist","Cool and moist","Q3",0,"ok",1
"FWB_0302","FWB_0302_2008","Perca fluviatilis_Batts_Bridge_Stream_Site_C_Batts_Bridge","Batts_Bridge_Stream_Site_C_Batts_Bridge","Perca fluviatilis","Percidae","lotic",0.066774,50.993945,0.672265662708756,0.0084023590740826,0.500934897161312,0.00619424809046973,159.333333333333,329.333333333333,3,0.0145966071645523,"FWB_0302",10,"lotic",50.993945,0.066774,0.084341148433751,5.02139066597121,6.8304659864214,383.9539256,51.9304511256515,98,229,704,0.309688152714396,10,4,0.084350339567983,0,4.70595634521217,"small",-0.960473073629182,-0.274071403289518,"high_prod","Cool temperate and moist","Cool and moist","Q3",0,"ok",1
"FWB_0302","FWB_0302_2008","Salmo trutta_Batts_Bridge_Stream_Site_C_Batts_Bridge","Batts_Bridge_Stream_Site_C_Batts_Bridge","Salmo trutta","Salmonidae","lotic",0.066774,50.993945,0.521174823824694,0.0106974769259618,0.660558671879427,0.0307625654477423,198.733333333333,2772.47816091954,30,0.041460042373704,"FWB_0302",10,"lotic",50.993945,0.066774,0.084341148433751,5.02139066597121,6.8304659864214,383.9539256,51.9304511256515,98,229,704,0.309688152714396,10,4,0.084350339567983,0,4.70595634521217,"small",-0.960473073629182,-0.274071403289518,"high_prod","Cool temperate and moist","Cool and moist","Q3",0,"ok",1
"FWB_0308","FWB_0308_2006","Abramis brama_Hucks Farm Middle Lake","Hucks Farm Middle Lake","Abramis brama","Leuciscidae","lentic",-2.345661,52.219124,0.759131462968935,0.00278449624290877,0.473182957393483,0.0137280335341277,264.857142857143,1693.80952380952,7,0.0165125297770365,"FWB_0308",10,"lentic",52.219124,-2.345661,-1.66073120682165,-4.31673839464576,5.74345478197933,8672.27107,33.8114054041616,96,410,647,3.17605182767727,62,31,-3.81625838344377,0,6.56836159308064,"small",-0.760159681078022,-0.883091956901925,"high_prod","Cool temperate and moist","Cool and moist","Q2",0,"ok",1
"FWB_0308","FWB_0308_2006","Cyprinus carpio_Hucks Farm Middle Lake","Hucks Farm Middle Lake","Cyprinus carpio","Cyprinidae","lentic",-2.345661,52.219124,0.47050831870245,0.0219413066488805,0.423294346978557,0.098822778193046,168.166666666667,18478.5428571428,36,0.120764084841926,"FWB_0308",10,"lentic",52.219124,-2.345661,-1.66073120682165,-4.31673839464576,5.74345478197933,8672.27107,33.8114054041616,96,410,647,3.17605182767727,62,31,-3.81625838344377,0,6.56836159308064,"small",-0.760159681078022,-0.883091956901925,"high_prod","Cool temperate and moist","Cool and moist","Q2",0,"ok",1
"FWB_0308","FWB_0308_2006","Gobio gobio_Hucks Farm Middle Lake","Hucks Farm Middle Lake","Gobio gobio","Gobionidae","lentic",-2.345661,52.219124,0.685628291948834,0.00344753820873445,0.547017543859649,0.00759284908176875,94.08,172.66,25,0.0110403872905032,"FWB_0308",10,"lentic",52.219124,-2.345661,-1.66073120682165,-4.31673839464576,5.74345478197933,8672.27107,33.8114054041616,96,410,647,3.17605182767727,62,31,-3.81625838344377,0,6.56836159308064,"small",-0.760159681078022,-0.883091956901925,"high_prod","Cool temperate and moist","Cool and moist","Q2",0,"ok",1
"FWB_0308","FWB_0308_2006","Pseudorasbora parva_Hucks Farm Middle Lake","Hucks Farm Middle Lake","Pseudorasbora parva","Gobionidae","lentic",-2.345661,52.219124,0.41227354286045,0.01051415543704,0.431309041835358,0.0216385596310641,72.4705882352941,320.974117647059,52,0.0321527150681041,"FWB_0308",10,"lentic",52.219124,-2.345661,-1.66073120682165,-4.31673839464576,5.74345478197933,8672.27107,33.8114054041616,96,410,647,3.17605182767727,62,31,-3.81625838344377,0,6.56836159308064,"small",-0.760159681078022,-0.883091956901925,"high_prod","Cool temperate and moist","Cool and moist","Q2",0,"ok",1
"FWB_0308","FWB_0308_2006","Rutilus rutilus_Hucks Farm Middle Lake","Hucks Farm Middle Lake","Rutilus rutilus","Leuciscidae","lentic",-2.345661,52.219124,0.36099396208409,0.0601795974835962,0.401283697047497,0.0803585756217673,145.975609756098,4515.9743902439,41,0.140538173105364,"FWB_0308",10,"lentic",52.219124,-2.345661,-1.66073120682165,-4.31673839464576,5.74345478197933,8672.27107,33.8114054041616,96,410,647,3.17605182767727,62,31,-3.81625838344377,0,6.56836159308064,"small",-0.760159681078022,-0.883091956901925,"high_prod","Cool temperate and moist","Cool and moist","Q2",0,"ok",1
"FWB_0308","FWB_0308_2006","Scardinius erythrophthalmus_Hucks Farm Middle Lake","Hucks Farm Middle Lake","Scardinius erythrophthalmus","Leuciscidae","lentic",-2.345661,52.219124,0.787617569601204,0.00913624523913744,0.541940789473684,0.0123933635907823,115.46875,2598.19254032258,32,0.0215296088299197,"FWB_0308",10,"lentic",52.219124,-2.345661,-1.66073120682165,-4.31673839464576,5.74345478197933,8672.27107,33.8114054041616,96,410,647,3.17605182767727,62,31,-3.81625838344377,0,6.56836159308064,"small",-0.760159681078022,-0.883091956901925,"high_prod","Cool temperate and moist","Cool and moist","Q2",0,"ok",1
"FWB_0309","FWB_0309_2006","Abramis brama_Hucks Farm Top  Lake","Hucks Farm Top  Lake","Abramis brama","Leuciscidae","lentic",-2.34395,52.219607,0.667069776370093,0.00710314292896742,0.270519782777347,0.00874616774588485,126.3,5912.01034482759,30,0.0158493106748523,"FWB_0309",10,"lentic",52.219607,-2.34395,-1.66073120682165,-4.31673839464576,5.74345478197933,8672.27107,33.7877136264964,96,410,647,3.17605182767727,62,31,-3.81625838344377,0,6.56836159308064,"small",-0.760159681078022,-0.883091956901925,"high_prod","Cool temperate and moist","Cool and moist","Q2",0,"ok",1
"FWB_0309","FWB_0309_2006","Carassius carassius_Hucks Farm Top  Lake","Hucks Farm Top  Lake","Carassius carassius","Cyprinidae","lentic",-2.34395,52.219607,0.699093003167291,0.00796224892742189,0.317558831135247,0.0118357001613679,132.633333333333,969.895402298851,30,0.0197979490887898,"FWB_0309",10,"lentic",52.219607,-2.34395,-1.66073120682165,-4.31673839464576,5.74345478197933,8672.27107,33.7877136264964,96,410,647,3.17605182767727,62,31,-3.81625838344377,0,6.56836159308064,"small",-0.760159681078022,-0.883091956901925,"high_prod","Cool temperate and moist","Cool and moist","Q2",0,"ok",1
"FWB_0309","FWB_0309_2006","Cyprinus carpio_Hucks Farm Top  Lake","Hucks Farm Top  Lake","Cyprinus carpio","Cyprinidae","lentic",-2.34395,52.219607,0.428443528649583,0.0337467272544626,0.457816136539954,0.022477801189198,159.433333333333,7835.9091954023,32,0.0562245284436606,"FWB_0309",10,"lentic",52.219607,-2.34395,-1.66073120682165,-4.31673839464576,5.74345478197933,8672.27107,33.7877136264964,96,410,647,3.17605182767727,62,31,-3.81625838344377,0,6.56836159308064,"small",-0.760159681078022,-0.883091956901925,"high_prod","Cool temperate and moist","Cool and moist","Q2",0,"ok",1
"FWB_0309","FWB_0309_2006","Gobio gobio_Hucks Farm Top  Lake","Hucks Farm Top  Lake","Gobio gobio","Gobionidae","lentic",-2.34395,52.219607,0.730238026682023,0.00590776468358686,0.434781484354797,0.00607829786095384,85,145.724137931034,30,0.0119860625445407,"FWB_0309",10,"lentic",52.219607,-2.34395,-1.66073120682165,-4.31673839464576,5.74345478197933,8672.27107,33.7877136264964,96,410,647,3.17605182767727,62,31,-3.81625838344377,0,6.56836159308064,"small",-0.760159681078022,-0.883091956901925,"high_prod","Cool temperate and moist","Cool and moist","Q2",0,"ok",1
"FWB_0309","FWB_0309_2006","Rutilus rutilus_Hucks Farm Top  Lake","Hucks Farm Top  Lake","Rutilus rutilus","Leuciscidae","lentic",-2.34395,52.219607,0.662713345314098,0.0567611356004456,0.408951071399909,0.0954179386640284,119.896551724138,2962.31034482759,29,0.152179074264474,"FWB_0309",10,"lentic",52.219607,-2.34395,-1.66073120682165,-4.31673839464576,5.74345478197933,8672.27107,33.7877136264964,96,410,647,3.17605182767727,62,31,-3.81625838344377,0,6.56836159308064,"small",-0.760159681078022,-0.883091956901925,"high_prod","Cool temperate and moist","Cool and moist","Q2",0,"ok",1
"FWB_0309","FWB_0309_2006","Scardinius erythrophthalmus_Hucks Farm Top  Lake","Hucks Farm Top  Lake","Scardinius erythrophthalmus","Leuciscidae","lentic",-2.34395,52.219607,0.417376907572704,0.0414047252263751,0.655314197051978,0.0626486275796861,108.833333333333,516.833333333333,30,0.104053352806061,"FWB_0309",10,"lentic",52.219607,-2.34395,-1.66073120682165,-4.31673839464576,5.74345478197933,8672.27107,33.7877136264964,96,410,647,3.17605182767727,62,31,-3.81625838344377,0,6.56836159308064,"small",-0.760159681078022,-0.883091956901925,"high_prod","Cool temperate and moist","Cool and moist","Q2",0,"ok",1
"FWB_0311","FWB_0311_2008","Anguilla anguilla_Millstream_Frome_River","Millstream_Frome_River","Anguilla anguilla","Anguillidae","lotic",-2.179381,50.678097,0.615841584158416,0.0153881225060113,0.221268086566047,0.00102568772775012,379.1625,7092.64414556962,80,0.0164138102337615,"FWB_0311",10,"lotic",50.678097,-2.179381,2.06686275947298,5.45832844211236,6.30828738103638,487.7141237,65.9324400787407,100,247,800,-0.605136303237232,24,0,4.43199479520926,0,3.57520698972167,"large",0.393469394222649,0.30452068270477,"high_prod","Cool temperate and moist","Cool and moist","Q3",0,"ok",1
"FWB_0311","FWB_0311_2008","Esox lucius_Millstream_Frome_River","Millstream_Frome_River","Esox lucius","Esocidae","lotic",-2.179381,50.678097,0.564343339095814,0.0658339040986712,0.161443391127188,0.00104126414300014,279.454545454545,51217.0727272727,12,0.0668751682416713,"FWB_0311",10,"lotic",50.678097,-2.179381,2.06686275947298,5.45832844211236,6.30828738103638,487.7141237,65.9324400787407,100,247,800,-0.605136303237232,24,0,4.43199479520926,0,3.57520698972167,"large",0.393469394222649,0.30452068270477,"high_prod","Cool temperate and moist","Cool and moist","Q3",0,"ok",1
"FWB_0311","FWB_0311_2008","Leuciscus leuciscus_Millstream_Frome_River","Millstream_Frome_River","Leuciscus leuciscus","Leuciscidae","lotic",-2.179381,50.678097,0.327466079941327,0.0103696378034562,0.140278297506687,0.00193030095926895,116.888888888889,715.861111111111,9,0.0122999387627251,"FWB_0311",10,"lotic",50.678097,-2.179381,2.06686275947298,5.45832844211236,6.30828738103638,487.7141237,65.9324400787407,100,247,800,-0.605136303237232,24,0,4.43199479520926,0,3.57520698972167,"large",0.393469394222649,0.30452068270477,"high_prod","Cool temperate and moist","Cool and moist","Q3",0,"ok",1
"FWB_0311","FWB_0311_2008","Phoxinus phoxinus_Millstream_Frome_River","Millstream_Frome_River","Phoxinus phoxinus","Leuciscidae","lotic",-2.179381,50.678097,0.468521137828069,0.0029923530733442,0.128489459897717,0.00149914218863436,54.8,10.7,5,0.00449149526197856,"FWB_0311",10,"lotic",50.678097,-2.179381,2.06686275947298,5.45832844211236,6.30828738103638,487.7141237,65.9324400787407,100,247,800,-0.605136303237232,24,0,4.43199479520926,0,3.57520698972167,"large",0.393469394222649,0.30452068270477,"high_prod","Cool temperate and moist","Cool and moist","Q3",0,"ok",1
"FWB_0311","FWB_0311_2008","Salmo salar_Millstream_Frome_River","Millstream_Frome_River","Salmo salar","Salmonidae","lotic",-2.179381,50.678097,0.139064099460139,0.00407441862553899,0.104691382164252,0.00219230417727393,74.2972972972973,67.3258258258258,37,0.00626672280281293,"FWB_0311",10,"lotic",50.678097,-2.179381,2.06686275947298,5.45832844211236,6.30828738103638,487.7141237,65.9324400787407,100,247,800,-0.605136303237232,24,0,4.43199479520926,0,3.57520698972167,"large",0.393469394222649,0.30452068270477,"high_prod","Cool temperate and moist","Cool and moist","Q3",0,"ok",1
"FWB_0311","FWB_0311_2008","Salmo trutta_Millstream_Frome_River","Millstream_Frome_River","Salmo trutta","Salmonidae","lotic",-2.179381,50.678097,0.393951141145861,0.0257721812034622,0.251322883317395,0.0306473346231655,153.8,6716.02727272727,45,0.0564195158266277,"FWB_0311",10,"lotic",50.678097,-2.179381,2.06686275947298,5.45832844211236,6.30828738103638,487.7141237,65.9324400787407,100,247,800,-0.605136303237232,24,0,4.43199479520926,0,3.57520698972167,"large",0.393469394222649,0.30452068270477,"high_prod","Cool temperate and moist","Cool and moist","Q3",0,"ok",1
"FWB_0319","FWB_0319_2013","Barbatula barbatula_001_Aulne","001_Aulne","Barbatula barbatula","Nemacheilidae","lotic",-3.6805324,48.336464,0.507745912623962,0.0127562280891997,0.320575329107752,0.0828342169842112,96.8,18.7,5,0.0955904450734109,"FWB_0319",10,"lotic",48.336464,-3.6805324,1.5999934536061,6.04125791187349,4.42146975602532,745.1427224,79.2542454120298,109,112,996,-2.06356819252355,35,0,4.2812944196673,0,2.77183906631798,"large",0.0746258685683089,1.07643466294091,"low_prod","Cool temperate and moist","Cool and moist","Q4 (far)",0,"ok",1
"FWB_0319","FWB_0319_2013","Cottus gobio_001_Aulne","001_Aulne","Cottus gobio","Cottidae","lotic",-3.6805324,48.336464,0.41645671401769,0.0616274391159827,0.307606045831302,0.0281095532949286,55.8,178.2,5,0.0897369924109113,"FWB_0319",10,"lotic",48.336464,-3.6805324,1.5999934536061,6.04125791187349,4.42146975602532,745.1427224,79.2542454120298,109,112,996,-2.06356819252355,35,0,4.2812944196673,0,2.77183906631798,"large",0.0746258685683089,1.07643466294091,"low_prod","Cool temperate and moist","Cool and moist","Q4 (far)",0,"ok",1
"FWB_0319","FWB_0319_2013","Gobio gobio_001_Aulne","001_Aulne","Gobio gobio","Gobionidae","lotic",-3.6805324,48.336464,0.513052800857679,0.0105682029366911,0.505119453924914,0.0135780942856239,123.4,37.3,5,0.024146297222315,"FWB_0319",10,"lotic",48.336464,-3.6805324,1.5999934536061,6.04125791187349,4.42146975602532,745.1427224,79.2542454120298,109,112,996,-2.06356819252355,35,0,4.2812944196673,0,2.77183906631798,"large",0.0746258685683089,1.07643466294091,"low_prod","Cool temperate and moist","Cool and moist","Q4 (far)",0,"ok",1
"FWB_0319","FWB_0319_2013","Phoxinus phoxinus_001_Aulne","001_Aulne","Phoxinus phoxinus","Leuciscidae","lotic",-3.6805324,48.336464,0.117287590458322,0.00721757862457735,0.669137006338371,0.0447791280894005,62.4,20.8,5,0.0519967067139778,"FWB_0319",10,"lotic",48.336464,-3.6805324,1.5999934536061,6.04125791187349,4.42146975602532,745.1427224,79.2542454120298,109,112,996,-2.06356819252355,35,0,4.2812944196673,0,2.77183906631798,"large",0.0746258685683089,1.07643466294091,"low_prod","Cool temperate and moist","Cool and moist","Q4 (far)",0,"ok",1
"FWB_0319","FWB_0319_2013","Salmo trutta_001_Aulne","001_Aulne","Salmo trutta","Salmonidae","lotic",-3.6805324,48.336464,0.86411149825784,0.0114738762881221,0.418868844466114,0.0252168972051307,186,1163.5,5,0.0366907734932528,"FWB_0319",10,"lotic",48.336464,-3.6805324,1.5999934536061,6.04125791187349,4.42146975602532,745.1427224,79.2542454120298,109,112,996,-2.06356819252355,35,0,4.2812944196673,0,2.77183906631798,"large",0.0746258685683089,1.07643466294091,"low_prod","Cool temperate and moist","Cool and moist","Q4 (far)",0,"ok",1
"FWB_0321","FWB_0321_2013","Anguilla anguilla_003_Grande Vallée","003_Grande Vallée","Anguilla anguilla","Anguillidae","lotic",-1.831727,49.638944,0.865596529284165,0.00790353894438669,0.469744525547445,0.11374646025361,366.2,849.7,5,0.121649999197996,"FWB_0321",10,"lotic",49.638944,-1.831727,-0.20334092401803,5.46719133015896,5.27299039647049,9417.570433,191.608081442316,107,136,940,-1.07587280169862,50,0,-0.208242623625355,0,3.72463286503933,"small",-1.15694254612483,0.316256900452071,"low_prod","Cool temperate and moist","Cool and moist","Q4 (far)",0,"ok",1
"FWB_0321","FWB_0321_2013","Cottus gobio_003_Grande Vallée","003_Grande Vallée","Cottus gobio","Cottidae","lotic",-1.831727,49.638944,0.337874186550976,0.0472252059796443,0.945474452554744,0.00322845183547338,67.6,40.8,5,0.0504536578151177,"FWB_0321",10,"lotic",49.638944,-1.831727,-0.20334092401803,5.46719133015896,5.27299039647049,9417.570433,191.608081442316,107,136,940,-1.07587280169862,50,0,-0.208242623625355,0,3.72463286503933,"small",-1.15694254612483,0.316256900452071,"low_prod","Cool temperate and moist","Cool and moist","Q4 (far)",0,"ok",1
"FWB_0321","FWB_0321_2013","Salmo trutta_003_Grande Vallée","003_Grande Vallée","Salmo trutta","Salmonidae","lotic",-1.831727,49.638944,0.555835140997831,0.0131752062149153,0.8642700729927,0.020368366721722,228.4,321.8,5,0.0335435729366373,"FWB_0321",10,"lotic",49.638944,-1.831727,-0.20334092401803,5.46719133015896,5.27299039647049,9417.570433,191.608081442316,107,136,940,-1.07587280169862,50,0,-0.208242623625355,0,3.72463286503933,"small",-1.15694254612483,0.316256900452071,"low_prod","Cool temperate and moist","Cool and moist","Q4 (far)",0,"ok",1
"FWB_0322","FWB_0322_2014","Alburnus alburnus_004_Couesnon","004_Couesnon","Alburnus alburnus","Leuciscidae","lotic",-1.5039129,48.3780983,0.171505640019617,0.0171529680788143,0.794388197859416,0.00464387090825097,147.8,231.2,5,0.0217968389870652,"FWB_0322",11,"lotic",48.3780983,-1.5039129,1.68380299438941,5.88931088059642,4.77998987567694,3326.549151,90.4450275499445,112,144,730,-0.944175935363691,47,0,4.71850788911158,0,3.71676233822578,"large",0.13186272079016,0.875226723074331,"low_prod","Warm temperate and mesic","Warm temperate","Q4 (far)",0,"ok",1
"FWB_0322","FWB_0322_2014","Anguilla anguilla_004_Couesnon","004_Couesnon","Anguilla anguilla","Anguillidae","lotic",-1.5039129,48.3780983,0.809073075036783,0.0286782255579707,0.365229968180503,0.0266821461805768,467.8,3480.7,5,0.0553603717385476,"FWB_0322",11,"lotic",48.3780983,-1.5039129,1.68380299438941,5.88931088059642,4.77998987567694,3326.549151,90.4450275499445,112,144,730,-0.944175935363691,47,0,4.71850788911158,0,3.71676233822578,"large",0.13186272079016,0.875226723074331,"low_prod","Warm temperate and mesic","Warm temperate","Q4 (far)",0,"ok",1
"FWB_0322","FWB_0322_2014","Barbatula barbatula_004_Couesnon","004_Couesnon","Barbatula barbatula","Nemacheilidae","lotic",-1.5039129,48.3780983,0.578273663560569,0.00127315652765194,0.401330633497252,0.0136845758824331,68.8,25.2,5,0.014957732410085,"FWB_0322",11,"lotic",48.3780983,-1.5039129,1.68380299438941,5.88931088059642,4.77998987567694,3326.549151,90.4450275499445,112,144,730,-0.944175935363691,47,0,4.71850788911158,0,3.71676233822578,"large",0.13186272079016,0.875226723074331,"low_prod","Warm temperate and mesic","Warm temperate","Q4 (far)",0,"ok",1
"FWB_0322","FWB_0322_2014","Cottus gobio_004_Couesnon","004_Couesnon","Cottus gobio","Cottidae","lotic",-1.5039129,48.3780983,0.561598822952428,0.0621330114748669,0.430141741394273,0.0148891513899975,53.8,25.7,5,0.0770221628648644,"FWB_0322",11,"lotic",48.3780983,-1.5039129,1.68380299438941,5.88931088059642,4.77998987567694,3326.549151,90.4450275499445,112,144,730,-0.944175935363691,47,0,4.71850788911158,0,3.71676233822578,"large",0.13186272079016,0.875226723074331,"low_prod","Warm temperate and mesic","Warm temperate","Q4 (far)",0,"ok",1
"FWB_0322","FWB_0322_2014","Gobio gobio_004_Couesnon","004_Couesnon","Gobio gobio","Gobionidae","lotic",-1.5039129,48.3780983,0.44737616478666,0.00617653524780753,0.452068267283772,0.029669582470668,110.8,224.7,5,0.0358461177184755,"FWB_0322",11,"lotic",48.3780983,-1.5039129,1.68380299438941,5.88931088059642,4.77998987567694,3326.549151,90.4450275499445,112,144,730,-0.944175935363691,47,0,4.71850788911158,0,3.71676233822578,"large",0.13186272079016,0.875226723074331,"low_prod","Warm temperate and mesic","Warm temperate","Q4 (far)",0,"ok",1
"FWB_0322","FWB_0322_2014","Phoxinus phoxinus_004_Couesnon","004_Couesnon","Phoxinus phoxinus","Leuciscidae","lotic",-1.5039129,48.3780983,0.481902893575282,0.0216640336873825,0.206942435637836,0.0153725312737195,58.2,19.7,5,0.037036564961102,"FWB_0322",11,"lotic",48.3780983,-1.5039129,1.68380299438941,5.88931088059642,4.77998987567694,3326.549151,90.4450275499445,112,144,730,-0.944175935363691,47,0,4.71850788911158,0,3.71676233822578,"large",0.13186272079016,0.875226723074331,"low_prod","Warm temperate and mesic","Warm temperate","Q4 (far)",0,"ok",1
"FWB_0322","FWB_0322_2014","Rutilus rutilus_004_Couesnon","004_Couesnon","Rutilus rutilus","Leuciscidae","lotic",-1.5039129,48.3780983,0.819568415890142,0.0210219443269198,0.297599074341915,0.0332667327651785,227.4,420.8,5,0.0542886770920983,"FWB_0322",11,"lotic",48.3780983,-1.5039129,1.68380299438941,5.88931088059642,4.77998987567694,3326.549151,90.4450275499445,112,144,730,-0.944175935363691,47,0,4.71850788911158,0,3.71676233822578,"large",0.13186272079016,0.875226723074331,"low_prod","Warm temperate and mesic","Warm temperate","Q4 (far)",0,"ok",1
"FWB_0322","FWB_0322_2014","Salmo salar_004_Couesnon","004_Couesnon","Salmo salar","Salmonidae","lotic",-1.5039129,48.3780983,0.730848455125061,0.0250544314749102,0.2706971362453,0.0448431906385898,123.4,238.3,5,0.0698976221135,"FWB_0322",11,"lotic",48.3780983,-1.5039129,1.68380299438941,5.88931088059642,4.77998987567694,3326.549151,90.4450275499445,112,144,730,-0.944175935363691,47,0,4.71850788911158,0,3.71676233822578,"large",0.13186272079016,0.875226723074331,"low_prod","Warm temperate and mesic","Warm temperate","Q4 (far)",0,"ok",1
"FWB_0322","FWB_0322_2014","Squalius cephalus_004_Couesnon","004_Couesnon","Squalius cephalus","Leuciscidae","lotic",-1.5039129,48.3780983,0.339087788131437,0.0303064133650798,0.815099797512294,0.0157587716153053,298.6,303.3,5,0.0460651849803851,"FWB_0322",11,"lotic",48.3780983,-1.5039129,1.68380299438941,5.88931088059642,4.77998987567694,3326.549151,90.4450275499445,112,144,730,-0.944175935363691,47,0,4.71850788911158,0,3.71676233822578,"large",0.13186272079016,0.875226723074331,"low_prod","Warm temperate and mesic","Warm temperate","Q4 (far)",0,"ok",1
"FWB_0331","FWB_0331_2014","Gobio gobio_013_Bléou","013_Bléou","Gobio gobio","Gobionidae","lotic",1.3771011,44.7059497,0.513198900091659,0.0360256737694713,0.689948836441657,0.00863723803460829,128,208.5,5,0.0446629118040796,"FWB_0331",11,"lotic",44.7059497,1.3771011,0.34571510370239,5.00351789347025,5.2333987395794,5259.649283,73.817138046421,119,61,838,-1.29828348379718,6,0,0.345722180818183,0,2.84071513512654,"small",-0.781970455519959,-0.297738491118736,"low_prod","Warm temperate and mesic","Warm temperate","Q4 (far)",0,"ok",1
"FWB_0331","FWB_0331_2014","Phoxinus phoxinus_013_Bléou","013_Bléou","Phoxinus phoxinus","Leuciscidae","lotic",1.3771011,44.7059497,0.609440879926673,0.122199547837863,0.587852780986961,0.0613421370824021,77.8,171.2,5,0.183541684920266,"FWB_0331",11,"lotic",44.7059497,1.3771011,0.34571510370239,5.00351789347025,5.2333987395794,5259.649283,73.817138046421,119,61,838,-1.29828348379718,6,0,0.345722180818183,0,2.84071513512654,"small",-0.781970455519959,-0.297738491118736,"low_prod","Warm temperate and mesic","Warm temperate","Q4 (far)",0,"ok",1
"FWB_0331","FWB_0331_2014","Salmo trutta_013_Bléou","013_Bléou","Salmo trutta","Salmonidae","lotic",1.3771011,44.7059497,0.857745187901008,0.00927644396575266,0.120812015184024,0.00577063344298204,79.6,18.8,5,0.0150470774087347,"FWB_0331",11,"lotic",44.7059497,1.3771011,0.34571510370239,5.00351789347025,5.2333987395794,5259.649283,73.817138046421,119,61,838,-1.29828348379718,6,0,0.345722180818183,0,2.84071513512654,"small",-0.781970455519959,-0.297738491118736,"low_prod","Warm temperate and mesic","Warm temperate","Q4 (far)",0,"ok",1
"FWB_0332","FWB_0332_2014","Barbatula barbatula_014_Nahon","014_Nahon","Barbatula barbatula","Nemacheilidae","lotic",1.4573622,47.0077488,0.173914858096828,0.0139765322560417,0.723791397030833,0.00920054892467595,97,37.5,5,0.0231770811807176,"FWB_0332",10,"lotic",47.0077488,1.4573622,0.960498986538475,4.55261255284099,4.7940304934811,2657.084495,27.4960639292948,109,148,719,-0.549913012474038,79,0,0.960502813549905,0,2.69496563700081,"small",-0.362110211430973,-0.894826396688998,"low_prod","Cool temperate and moist","Cool and moist","Q1 (close)",0,"ok",1
"FWB_0332","FWB_0332_2014","Cottus gobio_014_Nahon","014_Nahon","Cottus gobio","Cottidae","lotic",1.4573622,47.0077488,0.353839732888147,0.00907036996134347,0.896764370003807,0.00188173196008943,88.8,29.2,5,0.0109521019214329,"FWB_0332",10,"lotic",47.0077488,1.4573622,0.960498986538475,4.55261255284099,4.7940304934811,2657.084495,27.4960639292948,109,148,719,-0.549913012474038,79,0,0.960502813549905,0,2.69496563700081,"small",-0.362110211430973,-0.894826396688998,"low_prod","Cool temperate and moist","Cool and moist","Q1 (close)",0,"ok",1
"FWB_0332","FWB_0332_2014","Gobio gobio_014_Nahon","014_Nahon","Gobio gobio","Gobionidae","lotic",1.4573622,47.0077488,0.265233722871453,0.00365620932633966,0.85999238675295,0.000123016103596965,140.4,62.3,5,0.00377922542993663,"FWB_0332",10,"lotic",47.0077488,1.4573622,0.960498986538475,4.55261255284099,4.7940304934811,2657.084495,27.4960639292948,109,148,719,-0.549913012474038,79,0,0.960502813549905,0,2.69496563700081,"small",-0.362110211430973,-0.894826396688998,"low_prod","Cool temperate and moist","Cool and moist","Q1 (close)",0,"ok",1
"FWB_0332","FWB_0332_2014","Phoxinus phoxinus_014_Nahon","014_Nahon","Phoxinus phoxinus","Leuciscidae","lotic",1.4573622,47.0077488,0.0593071786310519,0.00151053003614818,0.838903692424819,0.00355203836937407,74.4,16.3,5,0.00506256840552225,"FWB_0332",10,"lotic",47.0077488,1.4573622,0.960498986538475,4.55261255284099,4.7940304934811,2657.084495,27.4960639292948,109,148,719,-0.549913012474038,79,0,0.960502813549905,0,2.69496563700081,"small",-0.362110211430973,-0.894826396688998,"low_prod","Cool temperate and moist","Cool and moist","Q1 (close)",0,"ok",1
"FWB_0332","FWB_0332_2014","Pungitius laevis_014_Nahon","014_Nahon","Pungitius laevis","Gasterosteidae","lotic",1.4573622,47.0077488,0.758973288814691,0.041582546801709,0.384507042253521,0.0636835364184614,37.8,10.7,5,0.10526608322017,"FWB_0332",10,"lotic",47.0077488,1.4573622,0.960498986538475,4.55261255284099,4.7940304934811,2657.084495,27.4960639292948,109,148,719,-0.549913012474038,79,0,0.960502813549905,0,2.69496563700081,"small",-0.362110211430973,-0.894826396688998,"low_prod","Cool temperate and moist","Cool and moist","Q1 (close)",0,"ok",1
"FWB_0332","FWB_0332_2014","Rutilus rutilus_014_Nahon","014_Nahon","Rutilus rutilus","Leuciscidae","lotic",1.4573622,47.0077488,0.211936560934892,0.0167423847062857,0.838789493719071,0.00608047248500931,177,139,5,0.022822857191295,"FWB_0332",10,"lotic",47.0077488,1.4573622,0.960498986538475,4.55261255284099,4.7940304934811,2657.084495,27.4960639292948,109,148,719,-0.549913012474038,79,0,0.960502813549905,0,2.69496563700081,"small",-0.362110211430973,-0.894826396688998,"low_prod","Cool temperate and moist","Cool and moist","Q1 (close)",0,"ok",1
"FWB_0332","FWB_0332_2014","Squalius cephalus_014_Nahon","014_Nahon","Squalius cephalus","Leuciscidae","lotic",1.4573622,47.0077488,0.377337228714524,0.0327850692305763,0.954015987818805,0.00185938054483549,361.8,5838.7,5,0.0346444497754118,"FWB_0332",10,"lotic",47.0077488,1.4573622,0.960498986538475,4.55261255284099,4.7940304934811,2657.084495,27.4960639292948,109,148,719,-0.549913012474038,79,0,0.960502813549905,0,2.69496563700081,"small",-0.362110211430973,-0.894826396688998,"low_prod","Cool temperate and moist","Cool and moist","Q1 (close)",0,"ok",1
"FWB_0333","FWB_0333_2014","Barbatula barbatula_015_Vendinelle","015_Vendinelle","Barbatula barbatula","Nemacheilidae","lotic",1.8041326,43.5397629,0.492312312312312,0.00618198604009414,0.342999234889059,0.00477338930097428,66.6,27.3,5,0.0109553753410684,"FWB_0333",11,"lotic",43.5397629,1.8041326,1.22817749302275,4.65950914379905,5.22638461642103,1074.082287,58.4198501124076,127,172,756,0.264669298142708,98,0,1.92103326948883,0,3.83165879607848,"small",-0.179301965789586,-0.753274155327932,"low_prod","Warm temperate and mesic","Warm temperate","Q3",0,"ok",1
"FWB_0333","FWB_0333_2014","Cyprinus carpio_015_Vendinelle","015_Vendinelle","Cyprinus carpio","Cyprinidae","lotic",1.8041326,43.5397629,0.666066066066066,0.00906719782845909,0.534429992348891,0.0042459230182485,491.8,2625.7,5,0.0133131208467076,"FWB_0333",11,"lotic",43.5397629,1.8041326,1.22817749302275,4.65950914379905,5.22638461642103,1074.082287,58.4198501124076,127,172,756,0.264669298142708,98,0,1.92103326948883,0,3.83165879607848,"small",-0.179301965789586,-0.753274155327932,"low_prod","Warm temperate and mesic","Warm temperate","Q3",0,"ok",1
"FWB_0333","FWB_0333_2014","Gobio gobio_015_Vendinelle","015_Vendinelle","Gobio gobio","Gobionidae","lotic",1.8041326,43.5397629,0.522672672672673,0.0239455784613442,0.630068859984698,0.0216629535565365,88.4,284.3,5,0.0456085320178808,"FWB_0333",11,"lotic",43.5397629,1.8041326,1.22817749302275,4.65950914379905,5.22638461642103,1074.082287,58.4198501124076,127,172,756,0.264669298142708,98,0,1.92103326948883,0,3.83165879607848,"small",-0.179301965789586,-0.753274155327932,"low_prod","Warm temperate and mesic","Warm temperate","Q3",0,"ok",1
"FWB_0333","FWB_0333_2014","Rhodeus amarus_015_Vendinelle","015_Vendinelle","Rhodeus amarus","Acheilognathidae","lotic",1.8041326,43.5397629,0.880720720720721,0.0134892843293744,0.205776587605203,0.0362105692729807,39.4,224.8,5,0.0496998536023551,"FWB_0333",11,"lotic",43.5397629,1.8041326,1.22817749302275,4.65950914379905,5.22638461642103,1074.082287,58.4198501124076,127,172,756,0.264669298142708,98,0,1.92103326948883,0,3.83165879607848,"small",-0.179301965789586,-0.753274155327932,"low_prod","Warm temperate and mesic","Warm temperate","Q3",0,"ok",1
"FWB_0333","FWB_0333_2014","Rutilus rutilus_015_Vendinelle","015_Vendinelle","Rutilus rutilus","Leuciscidae","lotic",1.8041326,43.5397629,0.30996996996997,0.00278222591961331,0.677276205049732,0.0512228530501115,132,486.5,5,0.0540050789697248,"FWB_0333",11,"lotic",43.5397629,1.8041326,1.22817749302275,4.65950914379905,5.22638461642103,1074.082287,58.4198501124076,127,172,756,0.264669298142708,98,0,1.92103326948883,0,3.83165879607848,"small",-0.179301965789586,-0.753274155327932,"low_prod","Warm temperate and mesic","Warm temperate","Q3",0,"ok",1
"FWB_0333","FWB_0333_2014","Squalius cephalus_015_Vendinelle","015_Vendinelle","Squalius cephalus","Leuciscidae","lotic",1.8041326,43.5397629,0.0952852852852853,0.00443120598075554,0.88335883703137,0.019692174560032,179.4,554.8,5,0.0241233805407875,"FWB_0333",11,"lotic",43.5397629,1.8041326,1.22817749302275,4.65950914379905,5.22638461642103,1074.082287,58.4198501124076,127,172,756,0.264669298142708,98,0,1.92103326948883,0,3.83165879607848,"small",-0.179301965789586,-0.753274155327932,"low_prod","Warm temperate and mesic","Warm temperate","Q3",0,"ok",1
"FWB_0334","FWB_0334_2013","Alburnoides bipunctatus_017_l’Indre","017_l’Indre","Alburnoides bipunctatus","Leuciscidae","lotic",1.8254107,46.7451568,0.366476091476092,0.0076702169445153,0.63080459770115,0.0183738935130136,92.8,53.2,5,0.0260441104575289,"FWB_0334",10,"lotic",46.7451568,1.8254107,2.78210579093162,4.17513213397991,5.83015831728674,2332.666287,49.7874005842733,109,167,747,0.677017798630062,83,0,4.45940437138776,0,3.67794514180977,"large",0.881937166646736,-1.39468517497938,"high_prod","Cool temperate and moist","Cool and moist","Q3",0,"ok",1
"FWB_0334","FWB_0334_2013","Barbus barbus_017_l’Indre","017_l’Indre","Barbus barbus","Cyprinidae","lotic",1.8254107,46.7451568,0.634680353430353,0.0204855892144743,0.341163793103448,0.0172783929515128,229.75,10780.25,4,0.0377639821659872,"FWB_0334",10,"lotic",46.7451568,1.8254107,2.78210579093162,4.17513213397991,5.83015831728674,2332.666287,49.7874005842733,109,167,747,0.677017798630062,83,0,4.45940437138776,0,3.67794514180977,"large",0.881937166646736,-1.39468517497938,"high_prod","Cool temperate and moist","Cool and moist","Q3",0,"ok",1
"FWB_0334","FWB_0334_2013","Cottus gobio_017_l’Indre","017_l’Indre","Cottus gobio","Cottidae","lotic",1.8254107,46.7451568,0.685550935550935,0.00381367619218451,0.396264367816092,0.0533855198837363,71.4,24.8,5,0.0571991960759208,"FWB_0334",10,"lotic",46.7451568,1.8254107,2.78210579093162,4.17513213397991,5.83015831728674,2332.666287,49.7874005842733,109,167,747,0.677017798630062,83,0,4.45940437138776,0,3.67794514180977,"large",0.881937166646736,-1.39468517497938,"high_prod","Cool temperate and moist","Cool and moist","Q3",0,"ok",1
"FWB_0334","FWB_0334_2013","Gobio gobio_017_l’Indre","017_l’Indre","Gobio gobio","Gobionidae","lotic",1.8254107,46.7451568,0.511746361746362,0.0350835788010944,0.577298850574713,0.00533743724402167,118.6,47.3,5,0.040421016045116,"FWB_0334",10,"lotic",46.7451568,1.8254107,2.78210579093162,4.17513213397991,5.83015831728674,2332.666287,49.7874005842733,109,167,747,0.677017798630062,83,0,4.45940437138776,0,3.67794514180977,"large",0.881937166646736,-1.39468517497938,"high_prod","Cool temperate and moist","Cool and moist","Q3",0,"ok",1
"FWB_0334","FWB_0334_2013","Perca fluviatilis_017_l’Indre","017_l’Indre","Perca fluviatilis","Percidae","lotic",1.8254107,46.7451568,0.829885654885655,0.00669690710621063,0.152758620689655,0.0101537769190117,163.2,89.7,5,0.0168506840252223,"FWB_0334",10,"lotic",46.7451568,1.8254107,2.78210579093162,4.17513213397991,5.83015831728674,2332.666287,49.7874005842733,109,167,747,0.677017798630062,83,0,4.45940437138776,0,3.67794514180977,"large",0.881937166646736,-1.39468517497938,"high_prod","Cool temperate and moist","Cool and moist","Q3",0,"ok",1
"FWB_0334","FWB_0334_2013","Phoxinus phoxinus_017_l’Indre","017_l’Indre","Phoxinus phoxinus","Leuciscidae","lotic",1.8254107,46.7451568,0.191787941787942,0.0308904428576986,0.467528735632184,0.0460374141233981,73.4,3.3,5,0.0769278569810967,"FWB_0334",10,"lotic",46.7451568,1.8254107,2.78210579093162,4.17513213397991,5.83015831728674,2332.666287,49.7874005842733,109,167,747,0.677017798630062,83,0,4.45940437138776,0,3.67794514180977,"large",0.881937166646736,-1.39468517497938,"high_prod","Cool temperate and moist","Cool and moist","Q3",0,"ok",1
"FWB_0334","FWB_0334_2013","Rutilus rutilus_017_l’Indre","017_l’Indre","Rutilus rutilus","Leuciscidae","lotic",1.8254107,46.7451568,0.757016632016632,0.0368401545636473,0.545,0.0363847024045448,208.2,192.2,5,0.0732248569681921,"FWB_0334",10,"lotic",46.7451568,1.8254107,2.78210579093162,4.17513213397991,5.83015831728674,2332.666287,49.7874005842733,109,167,747,0.677017798630062,83,0,4.45940437138776,0,3.67794514180977,"large",0.881937166646736,-1.39468517497938,"high_prod","Cool temperate and moist","Cool and moist","Q3",0,"ok",1
"FWB_0334","FWB_0334_2013","Squalius cephalus_017_l’Indre","017_l’Indre","Squalius cephalus","Leuciscidae","lotic",1.8254107,46.7451568,0.287785862785863,0.0476108494949451,0.893045977011495,0.00528803342581582,301.2,1300.7,5,0.0528988829207609,"FWB_0334",10,"lotic",46.7451568,1.8254107,2.78210579093162,4.17513213397991,5.83015831728674,2332.666287,49.7874005842733,109,167,747,0.677017798630062,83,0,4.45940437138776,0,3.67794514180977,"large",0.881937166646736,-1.39468517497938,"high_prod","Cool temperate and moist","Cool and moist","Q3",0,"ok",1
"FWB_0336","FWB_0336_2009","Barbatula barbatula_026_Ru des Vaux, Auffargis","026_Ru des Vaux, Auffargis","Barbatula barbatula","Nemacheilidae","lotic",1.9117367,48.6991596,0.40026202552946,0.0134907854147535,0.662019804256909,0.0520942012004823,101.823529411765,192.779411764706,17,0.0655849866152357,"FWB_0336",10,"lotic",48.6991596,1.9117367,1.11218640869523,4.39455301793704,5.79433044615551,7415.941657,55.9295657373287,103,228,649,1.51358758677727,41,0,1.56444263855139,0,4.86744990842047,"small",-0.258516867704778,-1.10412850102759,"high_prod","Cool temperate and moist","Cool and moist","Q3",0,"ok",1
"FWB_0336","FWB_0336_2009","Perca fluviatilis_026_Ru des Vaux, Auffargis","026_Ru des Vaux, Auffargis","Perca fluviatilis","Percidae","lotic",1.9117367,48.6991596,0.593574692573467,0.00609549008848736,0.26201052795238,0.0270992574657804,146.681818181818,367.84632034632,22,0.0331947475542678,"FWB_0336",10,"lotic",48.6991596,1.9117367,1.11218640869523,4.39455301793704,5.79433044615551,7415.941657,55.9295657373287,103,228,649,1.51358758677727,41,0,1.56444263855139,0,4.86744990842047,"small",-0.258516867704778,-1.10412850102759,"high_prod","Cool temperate and moist","Cool and moist","Q3",0,"ok",1
"FWB_0336","FWB_0336_2009","Rutilus rutilus_026_Ru des Vaux, Auffargis","026_Ru des Vaux, Auffargis","Rutilus rutilus","Leuciscidae","lotic",1.9117367,48.6991596,0.590225275847977,0.055877528095001,0.581068287319814,0.0274771806237927,151.1875,262.429166666667,16,0.0833547087187937,"FWB_0336",10,"lotic",48.6991596,1.9117367,1.11218640869523,4.39455301793704,5.79433044615551,7415.941657,55.9295657373287,103,228,649,1.51358758677727,41,0,1.56444263855139,0,4.86744990842047,"small",-0.258516867704778,-1.10412850102759,"high_prod","Cool temperate and moist","Cool and moist","Q3",0,"ok",1
"FWB_0337","FWB_0337_2014","Anguilla anguilla_027_Créquoise","027_Créquoise","Anguilla anguilla","Anguillidae","lotic",1.9173593,50.4359279,0.877543497493365,0.0188423769234589,0.527615334632878,0.16338853092992,500,1400,4,0.182230907853379,"FWB_0337",10,"lotic",50.4359279,1.9173593,0.965842510703403,5.36480240401818,5.09735417598003,2008.925192,28.5529339450728,103,130,649,-0.796287939479459,62,0,2.43317554027515,0,3.65457290664543,"small",-0.358460907305054,0.180673699380045,"low_prod","Cool temperate and moist","Cool and moist","Q1 (close)",0,"ok",1
"FWB_0337","FWB_0337_2014","Cottus gobio_027_Créquoise","027_Créquoise","Cottus gobio","Cottidae","lotic",1.9173593,50.4359279,0.292362135063403,0.0443198168587013,0.555815464587394,0.111864608757955,76.2,143.7,5,0.156184425616656,"FWB_0337",10,"lotic",50.4359279,1.9173593,0.965842510703403,5.36480240401818,5.09735417598003,2008.925192,28.5529339450728,103,130,649,-0.796287939479459,62,0,2.43317554027515,0,3.65457290664543,"small",-0.358460907305054,0.180673699380045,"low_prod","Cool temperate and moist","Cool and moist","Q1 (close)",0,"ok",1
"FWB_0337","FWB_0337_2014","Salmo salar_027_Créquoise","027_Créquoise","Salmo salar","Salmonidae","lotic",1.9173593,50.4359279,0.280153347095252,0.0124212521200976,0.244119558154646,0.0345646924810883,105,65.5,5,0.0469859446011859,"FWB_0337",10,"lotic",50.4359279,1.9173593,0.965842510703403,5.36480240401818,5.09735417598003,2008.925192,28.5529339450728,103,130,649,-0.796287939479459,62,0,2.43317554027515,0,3.65457290664543,"small",-0.358460907305054,0.180673699380045,"low_prod","Cool temperate and moist","Cool and moist","Q1 (close)",0,"ok",1
"FWB_0337","FWB_0337_2014","Salmo trutta_027_Créquoise","027_Créquoise","Salmo trutta","Salmonidae","lotic",1.9173593,50.4359279,0.582306104393984,0.0302432297542691,0.676348278102664,0.053022455785699,253.6,434.3,5,0.0832656855399681,"FWB_0337",10,"lotic",50.4359279,1.9173593,0.965842510703403,5.36480240401818,5.09735417598003,2008.925192,28.5529339450728,103,130,649,-0.796287939479459,62,0,2.43317554027515,0,3.65457290664543,"small",-0.358460907305054,0.180673699380045,"low_prod","Cool temperate and moist","Cool and moist","Q1 (close)",0,"ok",1
"FWB_0338","FWB_0338_2009","Barbatula barbatula_029_Aulne, La-Celle-lès-Bordes","029_Aulne, La-Celle-lès-Bordes","Barbatula barbatula","Nemacheilidae","lotic",1.9496198,48.63875,0.117260061919505,0.0307601134392163,0.385315139701107,0.00598886393660849,112.666666666667,92.3333333333333,3,0.0367489773758248,"FWB_0338",10,"lotic",48.63875,1.9496198,1.22318702324974,4.35536953834962,5.79433044615551,7415.941657,59.9877672367267,103,193,649,1.7985695611566,30,4,1.223189966153,0,4.74322641358901,"small",-0.182710155098893,-1.15601518244759,"high_prod","Cool temperate and moist","Cool and moist","Q3",0,"ok",1
"FWB_0338","FWB_0338_2009","Perca fluviatilis_029_Aulne, La-Celle-lès-Bordes","029_Aulne, La-Celle-lès-Bordes","Perca fluviatilis","Percidae","lotic",1.9496198,48.63875,0.822626418988648,0.0286390189528639,0.412280701754387,0.273084025854109,171.666666666667,21.3333333333333,3,0.301723044806972,"FWB_0338",10,"lotic",48.63875,1.9496198,1.22318702324974,4.35536953834962,5.79433044615551,7415.941657,59.9877672367267,103,193,649,1.7985695611566,30,4,1.223189966153,0,4.74322641358901,"small",-0.182710155098893,-1.15601518244759,"high_prod","Cool temperate and moist","Cool and moist","Q3",0,"ok",1
"FWB_0339","FWB_0339_2009","Barbatula barbatula_031_Rémarde, Saint-Arnoult-en-Yveline, aval","031_Rémarde, Saint-Arnoult-en-Yveline, aval","Barbatula barbatula","Nemacheilidae","lotic",1.9643203,48.5744238,0.197753435772605,0.0172673165942083,0.723842221033232,0.0174723135859321,97.4761904761905,44.3619047619048,21,0.0347396301801404,"FWB_0339",10,"lotic",48.5744238,1.9643203,1.34260367249516,4.24409046730383,5.79433044615551,7415.941657,67.6150098555885,104,249,642,2.09099949051356,29,12,1.3426062841397,0,4.95409323144935,"large",-0.101155799332157,-1.30337069474161,"high_prod","Cool temperate and moist","Cool and moist","Q3",0,"ok",1
"FWB_0339","FWB_0339_2009","Gasterosteus aculeatus_031_Rémarde, Saint-Arnoult-en-Yveline, aval","031_Rémarde, Saint-Arnoult-en-Yveline, aval","Gasterosteus aculeatus","Gasterosteidae","lotic",1.9643203,48.5744238,0.806389776357828,0.0209672830180975,0.236079900124844,0.0560120600653678,67.4,4.3,5,0.0769793430834653,"FWB_0339",10,"lotic",48.5744238,1.9643203,1.34260367249516,4.24409046730383,5.79433044615551,7415.941657,67.6150098555885,104,249,642,2.09099949051356,29,12,1.3426062841397,0,4.95409323144935,"large",-0.101155799332157,-1.30337069474161,"high_prod","Cool temperate and moist","Cool and moist","Q3",0,"ok",1
"FWB_0340","FWB_0340_2009","Barbatula barbatula_033_Yvette, Maincourt-sur-Yvette","033_Yvette, Maincourt-sur-Yvette","Barbatula barbatula","Nemacheilidae","lotic",1.9724565,48.7166572,0.769664065151001,0.0150536643926194,0.239752252252252,0.0193089098388929,100,42.5,5,0.0343625742315123,"FWB_0340",10,"lotic",48.7166572,1.9724565,0.61302113608066,4.66349069191903,5.79433044615551,7415.941657,48.8559482083086,103,326,648,2.49872736880531,38,36,0.613026553184081,0,5.94295949354066,"small",-0.599416587186488,-0.748001797665079,"high_prod","Cool temperate and moist","Cool and moist","Q3",0,"ok",1
"FWB_0340","FWB_0340_2009","Gobio gobio_033_Yvette, Maincourt-sur-Yvette","033_Yvette, Maincourt-sur-Yvette","Gobio gobio","Gobionidae","lotic",1.9724565,48.7166572,0.553387625834181,0.0393278515149705,0.548916103603604,0.0603744790888477,114.818181818182,120.363636363636,12,0.0997023306038181,"FWB_0340",10,"lotic",48.7166572,1.9724565,0.61302113608066,4.66349069191903,5.79433044615551,7415.941657,48.8559482083086,103,326,648,2.49872736880531,38,36,0.613026553184081,0,5.94295949354066,"small",-0.599416587186488,-0.748001797665079,"high_prod","Cool temperate and moist","Cool and moist","Q3",0,"ok",1
"FWB_0340","FWB_0340_2009","Squalius cephalus_033_Yvette, Maincourt-sur-Yvette","033_Yvette, Maincourt-sur-Yvette","Squalius cephalus","Leuciscidae","lotic",1.9724565,48.7166572,0.435442823210044,0.125945688615605,0.298845720720721,0.0664100809001569,283.5,2243.66666666667,4,0.192355769515761,"FWB_0340",10,"lotic",48.7166572,1.9724565,0.61302113608066,4.66349069191903,5.79433044615551,7415.941657,48.8559482083086,103,326,648,2.49872736880531,38,36,0.613026553184081,0,5.94295949354066,"small",-0.599416587186488,-0.748001797665079,"high_prod","Cool temperate and moist","Cool and moist","Q3",0,"ok",1
"FWB_0341","FWB_0341_2009","Barbatula barbatula_036_Aulne, Bullion","036_Aulne, Bullion","Barbatula barbatula","Nemacheilidae","lotic",1.9956741,48.6033552,0.546828325426111,0.0507326165678773,0.393444541995903,0.0547756775552151,84.9333333333333,77.6505747126437,30,0.105508294123092,"FWB_0341",10,"lotic",48.6033552,1.9956741,-0.231932057347289,5.63504045402513,5.79433044615551,7415.941657,61.6274880784029,106,190,633,-0.898942093539542,43,0,1.79309357890785,0,4.43086453579912,"small",-1.17646856258939,0.538522357945198,"high_prod","Cool temperate and moist","Cool and moist","Q3",0,"ok",1
"FWB_0341","FWB_0341_2009","Cottus gobio_036_Aulne, Bullion","036_Aulne, Bullion","Cottus gobio","Cottidae","lotic",1.9956741,48.6033552,0.909225092250923,0.00727911812592028,0.519315188762072,0.0439021067260916,63.8,1713.7,5,0.0511812248520118,"FWB_0341",10,"lotic",48.6033552,1.9956741,-0.231932057347289,5.63504045402513,5.79433044615551,7415.941657,61.6274880784029,106,190,633,-0.898942093539542,43,0,1.79309357890785,0,4.43086453579912,"small",-1.17646856258939,0.538522357945198,"high_prod","Cool temperate and moist","Cool and moist","Q3",0,"ok",1
"FWB_0341","FWB_0341_2009","Gobio gobio_036_Aulne, Bullion","036_Aulne, Bullion","Gobio gobio","Gobionidae","lotic",1.9956741,48.6033552,0.637020860004518,0.0322838497822221,0.742882227517873,0.0494878621845657,119.428571428571,117.285714285714,7,0.0817717119667878,"FWB_0341",10,"lotic",48.6033552,1.9956741,-0.231932057347289,5.63504045402513,5.79433044615551,7415.941657,61.6274880784029,106,190,633,-0.898942093539542,43,0,1.79309357890785,0,4.43086453579912,"small",-1.17646856258939,0.538522357945198,"high_prod","Cool temperate and moist","Cool and moist","Q3",0,"ok",1
"FWB_0342","FWB_0342_2009","Barbatula barbatula_037_Orge, Dourdan","037_Orge, Dourdan","Barbatula barbatula","Nemacheilidae","lotic",2.0113725,48.5273541,0.160382513661202,0.00826208448650068,0.464455569461827,0.0150761338162125,80.2,58.4842105263158,20,0.0233382183027132,"FWB_0342",10,"lotic",48.5273541,2.0113725,1.27982211660937,4.31223889168525,5.79433044615551,7415.941657,71.8095040552811,104,279,643,2.01916061079491,40,11,1.27982489747314,0,4.90412604482247,"small",-0.144031808470346,-1.21312869422543,"high_prod","Cool temperate and moist","Cool and moist","Q4 (far)",0,"ok",1
"FWB_0342","FWB_0342_2009","Gasterosteus aculeatus_037_Orge, Dourdan","037_Orge, Dourdan","Gasterosteus aculeatus","Gasterosteidae","lotic",2.0113725,48.5273541,0.675846994535519,0.0333504135686345,0.227284105131414,0.0259884381414803,39.8,6.7,5,0.0593388517101148,"FWB_0342",10,"lotic",48.5273541,2.0113725,1.27982211660937,4.31223889168525,5.79433044615551,7415.941657,71.8095040552811,104,279,643,2.01916061079491,40,11,1.27982489747314,0,4.90412604482247,"small",-0.144031808470346,-1.21312869422543,"high_prod","Cool temperate and moist","Cool and moist","Q4 (far)",0,"ok",1
"FWB_0342","FWB_0342_2009","Gobio gobio_037_Orge, Dourdan","037_Orge, Dourdan","Gobio gobio","Gobionidae","lotic",2.0113725,48.5273541,0.261256830601093,0.0128362639331465,0.762143155134394,0.0145352296607175,114.266666666667,49.6380952380952,15,0.027371493593864,"FWB_0342",10,"lotic",48.5273541,2.0113725,1.27982211660937,4.31223889168525,5.79433044615551,7415.941657,71.8095040552811,104,279,643,2.01916061079491,40,11,1.27982489747314,0,4.90412604482247,"small",-0.144031808470346,-1.21312869422543,"high_prod","Cool temperate and moist","Cool and moist","Q4 (far)",0,"ok",1
"FWB_0342","FWB_0342_2009","Perca fluviatilis_037_Orge, Dourdan","037_Orge, Dourdan","Perca fluviatilis","Percidae","lotic",2.0113725,48.5273541,0.55129781420765,0.0927996444106025,0.431655640979796,0.000811026618193946,156.75,2400.91666666667,4,0.0936106710287965,"FWB_0342",10,"lotic",48.5273541,2.0113725,1.27982211660937,4.31223889168525,5.79433044615551,7415.941657,71.8095040552811,104,279,643,2.01916061079491,40,11,1.27982489747314,0,4.90412604482247,"small",-0.144031808470346,-1.21312869422543,"high_prod","Cool temperate and moist","Cool and moist","Q4 (far)",0,"ok",1
"FWB_0342","FWB_0342_2009","Rhodeus amarus_037_Orge, Dourdan","037_Orge, Dourdan","Rhodeus amarus","Acheilognathidae","lotic",2.0113725,48.5273541,0.0913479052823315,0.00362576766500445,0.536086775135586,0.00560630078463364,56,28,3,0.00923206844963809,"FWB_0342",10,"lotic",48.5273541,2.0113725,1.27982211660937,4.31223889168525,5.79433044615551,7415.941657,71.8095040552811,104,279,643,2.01916061079491,40,11,1.27982489747314,0,4.90412604482247,"small",-0.144031808470346,-1.21312869422543,"high_prod","Cool temperate and moist","Cool and moist","Q4 (far)",0,"ok",1
"FWB_0342","FWB_0342_2009","Rutilus rutilus_037_Orge, Dourdan","037_Orge, Dourdan","Rutilus rutilus","Leuciscidae","lotic",2.0113725,48.5273541,0.480072859744991,0.00501553246339594,0.265891888670362,0.0253090003876287,169.733333333333,242.638095238095,15,0.0303245328510247,"FWB_0342",10,"lotic",48.5273541,2.0113725,1.27982211660937,4.31223889168525,5.79433044615551,7415.941657,71.8095040552811,104,279,643,2.01916061079491,40,11,1.27982489747314,0,4.90412604482247,"small",-0.144031808470346,-1.21312869422543,"high_prod","Cool temperate and moist","Cool and moist","Q4 (far)",0,"ok",1
"FWB_0342","FWB_0342_2009","Squalius cephalus_037_Orge, Dourdan","037_Orge, Dourdan","Squalius cephalus","Leuciscidae","lotic",2.0113725,48.5273541,0.278551912568306,0.0409847055915541,0.647309136420526,0.0250715555308482,232.8,4453.06666666667,10,0.0660562611224023,"FWB_0342",10,"lotic",48.5273541,2.0113725,1.27982211660937,4.31223889168525,5.79433044615551,7415.941657,71.8095040552811,104,279,643,2.01916061079491,40,11,1.27982489747314,0,4.90412604482247,"small",-0.144031808470346,-1.21312869422543,"high_prod","Cool temperate and moist","Cool and moist","Q4 (far)",0,"ok",1
"FWB_0343","FWB_0343_2013","Phoxinus phoxinus_040_l’Aude","040_l’Aude","Phoxinus phoxinus","Leuciscidae","lotic",2.0743202,42.5551044,0.18326359832636,0.0277405393277214,0.601980198019802,0.141856110384717,91.4,157.3,5,0.169596649712439,"FWB_0343",7,"lotic",42.5551044,2.0743202,1.11972125187834,4.67606465339073,5.03549808667674,766.5302192,72.4365441505129,52,182,1185,0.0227394869694893,1,0,1.11972451558059,0,3.47751037335342,"small",-0.253371025098362,-0.731351384278128,"low_prod","Cold and mesic","Cold and wet/mesic","Q4 (far)",0,"ok",1
"FWB_0343","FWB_0343_2013","Salmo trutta_040_l’Aude","040_l’Aude","Salmo trutta","Salmonidae","lotic",2.0743202,42.5551044,0.881649731022116,0.0124431523629217,0.659405940594059,0.00451631895509421,169.6,134.8,5,0.0169594713180159,"FWB_0343",7,"lotic",42.5551044,2.0743202,1.11972125187834,4.67606465339073,5.03549808667674,766.5302192,72.4365441505129,52,182,1185,0.0227394869694893,1,0,1.11972451558059,0,3.47751037335342,"small",-0.253371025098362,-0.731351384278128,"low_prod","Cold and mesic","Cold and wet/mesic","Q4 (far)",0,"ok",1
"FWB_0349","FWB_0349_2009","Barbatula barbatula_046_Prédecelle, Briis-ss-Forge","046_Prédecelle, Briis-ss-Forge","Barbatula barbatula","Nemacheilidae","lotic",2.1172739,48.6209589,0.498908069883528,0.0703617899284015,0.376837363679469,0.0410263256336476,108.375,58.2678571428571,8,0.111388115562049,"FWB_0349",10,"lotic",48.6209589,2.1172739,1.00173421369162,4.30369492658915,5.79433044615551,7415.941657,52.5462197929246,105,299,647,2.40125326479075,63,30,1.001737886105,0,5.59662779489254,"small",-0.333949042895263,-1.22444259487113,"high_prod","Cool temperate and moist","Cool and moist","Q3",0,"ok",1
"FWB_0349","FWB_0349_2009","Gasterosteus aculeatus_046_Prédecelle, Briis-ss-Forge","046_Prédecelle, Briis-ss-Forge","Gasterosteus aculeatus","Gasterosteidae","lotic",2.1172739,48.6209589,0.917221297836938,0.00519845598434114,0.30567409514778,0.00731192748487051,49.3333333333333,420.333333333333,3,0.0125103834692117,"FWB_0349",10,"lotic",48.6209589,2.1172739,1.00173421369162,4.30369492658915,5.79433044615551,7415.941657,52.5462197929246,105,299,647,2.40125326479075,63,30,1.001737886105,0,5.59662779489254,"small",-0.333949042895263,-1.22444259487113,"high_prod","Cool temperate and moist","Cool and moist","Q3",0,"ok",1
"FWB_0349","FWB_0349_2009","Phoxinus phoxinus_046_Prédecelle, Briis-ss-Forge","046_Prédecelle, Briis-ss-Forge","Phoxinus phoxinus","Leuciscidae","lotic",2.1172739,48.6209589,0.257348863006101,0.0195781615088317,0.687055476529161,0.0251214209438361,84.5833333333333,46.0833333333333,12,0.0446995824526678,"FWB_0349",10,"lotic",48.6209589,2.1172739,1.00173421369162,4.30369492658915,5.79433044615551,7415.941657,52.5462197929246,105,299,647,2.40125326479075,63,30,1.001737886105,0,5.59662779489254,"small",-0.333949042895263,-1.22444259487113,"high_prod","Cool temperate and moist","Cool and moist","Q3",0,"ok",1
"FWB_0355","FWB_0355_2009","Barbatula barbatula_054_Rouillon, Ballainvillier","054_Rouillon, Ballainvillier","Barbatula barbatula","Nemacheilidae","lotic",2.29522,48.6777192,0.257323403294967,0.0204215740146921,0.464378971692663,0.0577094769058316,95.3,177.596551724138,30,0.0781310509205237,"FWB_0355",10,"lotic",48.6777192,2.29522,0.059211859631846,4.59437604194248,5.79433044615551,7415.941657,38.7747337834933,108,350,650,3.18676577094997,10,82,0.0592212846581184,0,7.22570270740564,"small",-0.977634859461104,-0.839523272086144,"high_prod","Cool temperate and moist","Cool and moist","Q2",0,"ok",1
"FWB_0355","FWB_0355_2009","Gasterosteus aculeatus_054_Rouillon, Ballainvillier","054_Rouillon, Ballainvillier","Gasterosteus aculeatus","Gasterosteidae","lotic",2.29522,48.6777192,0.773911081020086,0.032620963451679,0.363050259965338,0.0493926092350021,62.6,29.8,5,0.082013572686681,"FWB_0355",10,"lotic",48.6777192,2.29522,0.059211859631846,4.59437604194248,5.79433044615551,7415.941657,38.7747337834933,108,350,650,3.18676577094997,10,82,0.0592212846581184,0,7.22570270740564,"small",-0.977634859461104,-0.839523272086144,"high_prod","Cool temperate and moist","Cool and moist","Q2",0,"ok",1
"FWB_0356","FWB_0356_2009","Barbatula barbatula_055_Orge, Viry-Châtillon","055_Orge, Viry-Châtillon","Barbatula barbatula","Nemacheilidae","lotic",2.3585448,48.6728894,0.460213092724131,0.0186700233013626,0.647809180576631,0.0428209126431663,76.75,55.5,24,0.0614909359445289,"FWB_0356",10,"lotic",48.6728894,2.3585448,1.80959938735639,5.19598125586153,5.79433044615551,7415.941657,40.0685060730983,111,400,637,4.64724259840993,16,100,4.54454942041422,0,8.42817573304476,"large",0.217774056027151,-0.0428789106381621,"high_prod","Cool temperate and moist","Cool and moist","Q2",0,"ok",1
"FWB_0356","FWB_0356_2009","Blicca bjoerkna_055_Orge, Viry-Châtillon","055_Orge, Viry-Châtillon","Blicca bjoerkna","Leuciscidae","lotic",2.3585448,48.6728894,0.947910667434568,0.00145542606868072,0.659205867475974,0.00770915989109972,279.5,1099.5,6,0.00916458595978044,"FWB_0356",10,"lotic",48.6728894,2.3585448,1.80959938735639,5.19598125586153,5.79433044615551,7415.941657,40.0685060730983,111,400,637,4.64724259840993,16,100,4.54454942041422,0,8.42817573304476,"large",0.217774056027151,-0.0428789106381621,"high_prod","Cool temperate and moist","Cool and moist","Q2",0,"ok",1
"FWB_0356","FWB_0356_2009","Perca fluviatilis_055_Orge, Viry-Châtillon","055_Orge, Viry-Châtillon","Perca fluviatilis","Percidae","lotic",2.3585448,48.6728894,0.712916746656428,0.0153180935956133,0.443538189175518,0.0422556277798909,137.166666666667,299.969696969697,12,0.0575737213755042,"FWB_0356",10,"lotic",48.6728894,2.3585448,1.80959938735639,5.19598125586153,5.79433044615551,7415.941657,40.0685060730983,111,400,637,4.64724259840993,16,100,4.54454942041422,0,8.42817573304476,"large",0.217774056027151,-0.0428789106381621,"high_prod","Cool temperate and moist","Cool and moist","Q2",0,"ok",1
"FWB_0356","FWB_0356_2009","Rutilus rutilus_055_Orge, Viry-Châtillon","055_Orge, Viry-Châtillon","Rutilus rutilus","Leuciscidae","lotic",2.3585448,48.6728894,0.744694832907542,0.00631184048171887,0.409667911754407,0.0364980775917329,200.961538461538,1598.03846153846,26,0.0428099180734517,"FWB_0356",10,"lotic",48.6728894,2.3585448,1.80959938735639,5.19598125586153,5.79433044615551,7415.941657,40.0685060730983,111,400,637,4.64724259840993,16,100,4.54454942041422,0,8.42817573304476,"large",0.217774056027151,-0.0428789106381621,"high_prod","Cool temperate and moist","Cool and moist","Q2",0,"ok",1
"FWB_0356","FWB_0356_2009","Squalius cephalus_055_Orge, Viry-Châtillon","055_Orge, Viry-Châtillon","Squalius cephalus","Leuciscidae","lotic",2.3585448,48.6728894,0.21343401377957,0.00909511482958926,0.703802056988703,0.0713348175554024,304.333333333333,1706.75,9,0.0804299323849917,"FWB_0356",10,"lotic",48.6728894,2.3585448,1.80959938735639,5.19598125586153,5.79433044615551,7415.941657,40.0685060730983,111,400,637,4.64724259840993,16,100,4.54454942041422,0,8.42817573304476,"large",0.217774056027151,-0.0428789106381621,"high_prod","Cool temperate and moist","Cool and moist","Q2",0,"ok",1
"FWB_0360","FWB_0360_2014","Barbatula barbatula_059_Almont","059_Almont","Barbatula barbatula","Nemacheilidae","lotic",2.7356275,48.5590133,0.824816694867456,0.00616100567228738,0.590152943641315,0.107753202166545,83,16.5,5,0.113914207838832,"FWB_0360",10,"lotic",48.5590133,2.7356275,1.3955018418708,4.89341987030245,5.79433044615551,7415.941657,76.0037489227013,109,286,640,1.20297230399235,57,4,3.06995856013686,0,4.67511602991919,"large",-0.0650295459836429,-0.443530062291851,"high_prod","Cool temperate and moist","Cool and moist","Q4 (far)",0,"ok",1
"FWB_0360","FWB_0360_2014","Cottus gobio_059_Almont","059_Almont","Cottus gobio","Cottidae","lotic",2.7356275,48.5590133,0.811844331641286,0.0385866648597801,0.774020532160067,0.0208055087083927,77.2,40.7,5,0.0593921735681728,"FWB_0360",10,"lotic",48.5590133,2.7356275,1.3955018418708,4.89341987030245,5.79433044615551,7415.941657,76.0037489227013,109,286,640,1.20297230399235,57,4,3.06995856013686,0,4.67511602991919,"large",-0.0650295459836429,-0.443530062291851,"high_prod","Cool temperate and moist","Cool and moist","Q4 (far)",0,"ok",1
"FWB_0360","FWB_0360_2014","Phoxinus phoxinus_059_Almont","059_Almont","Phoxinus phoxinus","Leuciscidae","lotic",2.7356275,48.5590133,0.292836999435984,0.0447521559368467,0.130106851037083,0.0133147560025492,66.2,4.7,5,0.0580669119393959,"FWB_0360",10,"lotic",48.5590133,2.7356275,1.3955018418708,4.89341987030245,5.79433044615551,7415.941657,76.0037489227013,109,286,640,1.20297230399235,57,4,3.06995856013686,0,4.67511602991919,"large",-0.0650295459836429,-0.443530062291851,"high_prod","Cool temperate and moist","Cool and moist","Q4 (far)",0,"ok",1
"FWB_0361","FWB_0361_2013","Cottus gobio_061_Couze Chambon","061_Couze Chambon","Cottus gobio","Cottidae","lotic",2.8829685,45.5574074,0.385311398354877,0.135984070720698,0.784810690423163,0.0212409015828295,104,142.5,5,0.157224972303527,"FWB_0361",7,"lotic",45.5574074,2.8829685,0.669878553620591,4.97955706994714,6.1750377327876,3018.886887,51.0923358091196,58,109,968,-1.76609172247948,56,0,0.669883671314763,0,2.10242659966732,"small",-0.560586406576581,-0.329467363332109,"high_prod","Cold and mesic","Cold and wet/mesic","Q3",0,"ok",1
"FWB_0361","FWB_0361_2013","Salmo trutta_061_Couze Chambon","061_Couze Chambon","Salmo trutta","Salmonidae","lotic",2.8829685,45.5574074,0.323149236192715,0.0432612976231736,0.205567928730512,0.0206976403886885,209.4,712.8,5,0.0639589380118622,"FWB_0361",7,"lotic",45.5574074,2.8829685,0.669878553620591,4.97955706994714,6.1750377327876,3018.886887,51.0923358091196,58,109,968,-1.76609172247948,56,0,0.669883671314763,0,2.10242659966732,"small",-0.560586406576581,-0.329467363332109,"high_prod","Cold and mesic","Cold and wet/mesic","Q3",0,"ok",1
"FWB_0363","FWB_0363_2013","Cottus gobio_071_Vis","071_Vis","Cottus gobio","Cottidae","lotic",3.4905225,43.8972981,0.192082007776599,0.0325810880866889,0.209875163033352,0.0384401928449913,74,19.5,5,0.0710212809316802,"FWB_0363",11,"lotic",43.8972981,3.4905225,2.36809189519617,4.85138821253769,3.91144095446935,319.5858164,22.7294831676669,116,93,757,-2.59026716544583,20,0,3.85950812310052,0,1.06918691085846,"large",0.5991906923608,-0.499188295275697,"low_prod","Warm temperate and mesic","Warm temperate","Q1 (close)",0,"ok",1
"FWB_0363","FWB_0363_2013","Salmo trutta_071_Vis","071_Vis","Salmo trutta","Salmonidae","lotic",3.4905225,43.8972981,0.723082361258395,0.0270109072062181,0.896068567169741,0.0121658039772622,245.2,54.7,5,0.0391767111834803,"FWB_0363",11,"lotic",43.8972981,3.4905225,2.36809189519617,4.85138821253769,3.91144095446935,319.5858164,22.7294831676669,116,93,757,-2.59026716544583,20,0,3.85950812310052,0,1.06918691085846,"large",0.5991906923608,-0.499188295275697,"low_prod","Warm temperate and mesic","Warm temperate","Q1 (close)",0,"ok",1
"FWB_0366","FWB_0366_2013","Phoxinus phoxinus_074_Cure","074_Cure","Phoxinus phoxinus","Leuciscidae","lotic",3.7587245,47.4834104,0.167899686520376,0.0131580173150814,0.406210497389393,0.133885645877335,69.4,33.3,5,0.147043663192417,"FWB_0366",10,"lotic",47.4834104,3.7587245,2.28228033965368,4.78470514887628,6.58116074782446,12555.1486,97.2186176336327,108,110,722,-0.293029678778376,13,0,4.35658074156397,318,2.81762243500996,"large",0.540586585028779,-0.587489868202372,"high_prod","Cool temperate and moist","Cool and moist","Q4 (far)",0,"ok",1
"FWB_0366","FWB_0366_2013","Salmo trutta_074_Cure","074_Cure","Salmo trutta","Salmonidae","lotic",3.7587245,47.4834104,0.907210031347962,0.0164277571957823,0.521022258862325,0.0943112238405942,139.2,3719.2,5,0.110738981036376,"FWB_0366",10,"lotic",47.4834104,3.7587245,2.28228033965368,4.78470514887628,6.58116074782446,12555.1486,97.2186176336327,108,110,722,-0.293029678778376,13,0,4.35658074156397,318,2.81762243500996,"large",0.540586585028779,-0.587489868202372,"high_prod","Cool temperate and moist","Cool and moist","Q4 (far)",0,"ok",1
"FWB_0367","FWB_0367_2013","Alburnoides bipunctatus_075_Loire","075_Loire","Alburnoides bipunctatus","Leuciscidae","lotic",3.919868,44.8925975,0.428778280542986,0.00346787023197724,0.720791511327789,0.0248688191602568,99.8,15.7,5,0.028336689392234,"FWB_0367",8,"lotic",44.8925975,3.919868,0.513422249613257,6.5646145826295,5.37119090688994,1557.371131,117.81876523346,86,33,722,-3.81671282562382,2,0,4.17264744959334,0,2.54944595217527,"small",-0.667436608450358,1.76946246778314,"high_prod","Cool temperate and dry","Cool temperate and dry/xeric","Q4 (far)",0,"ok",1
"FWB_0367","FWB_0367_2013","Gobio gobio_075_Loire","075_Loire","Gobio gobio","Gobionidae","lotic",3.919868,44.8925975,0.252579185520362,0.0337899920149055,0.885202179523946,0.00628807980216412,106.8,361.7,5,0.0400780718170696,"FWB_0367",8,"lotic",44.8925975,3.919868,0.513422249613257,6.5646145826295,5.37119090688994,1557.371131,117.81876523346,86,33,722,-3.81671282562382,2,0,4.17264744959334,0,2.54944595217527,"small",-0.667436608450358,1.76946246778314,"high_prod","Cool temperate and dry","Cool temperate and dry/xeric","Q4 (far)",0,"ok",1
"FWB_0367","FWB_0367_2013","Phoxinus phoxinus_075_Loire","075_Loire","Phoxinus phoxinus","Leuciscidae","lotic",3.919868,44.8925975,0.10710407239819,0.00634747445793493,0.263034126756524,0.0532064588459952,56,9.5,5,0.0595539333039301,"FWB_0367",8,"lotic",44.8925975,3.919868,0.513422249613257,6.5646145826295,5.37119090688994,1557.371131,117.81876523346,86,33,722,-3.81671282562382,2,0,4.17264744959334,0,2.54944595217527,"small",-0.667436608450358,1.76946246778314,"high_prod","Cool temperate and dry","Cool temperate and dry/xeric","Q4 (far)",0,"ok",1
"FWB_0367","FWB_0367_2013","Salmo trutta_075_Loire","075_Loire","Salmo trutta","Salmonidae","lotic",3.919868,44.8925975,0.887013574660634,0.00798521221924204,0.725265271006596,0.0505250091515301,262.8,1051.2,5,0.0585102213707721,"FWB_0367",8,"lotic",44.8925975,3.919868,0.513422249613257,6.5646145826295,5.37119090688994,1557.371131,117.81876523346,86,33,722,-3.81671282562382,2,0,4.17264744959334,0,2.54944595217527,"small",-0.667436608450358,1.76946246778314,"high_prod","Cool temperate and dry","Cool temperate and dry/xeric","Q4 (far)",0,"ok",1
"FWB_0367","FWB_0367_2013","Squalius cephalus_075_Loire","075_Loire","Squalius cephalus","Leuciscidae","lotic",3.919868,44.8925975,0.191131221719457,0.00540515140967629,0.385058789790651,0.0077359789143485,52.4,16.3,5,0.0131411303240248,"FWB_0367",8,"lotic",44.8925975,3.919868,0.513422249613257,6.5646145826295,5.37119090688994,1557.371131,117.81876523346,86,33,722,-3.81671282562382,2,0,4.17264744959334,0,2.54944595217527,"small",-0.667436608450358,1.76946246778314,"high_prod","Cool temperate and dry","Cool temperate and dry/xeric","Q4 (far)",0,"ok",1
"FWB_0370","FWB_0370_2013","Phoxinus phoxinus_078_Gagne","078_Gagne","Phoxinus phoxinus","Leuciscidae","lotic",4.0601018,44.9926005,0.28072546230441,0.0351013943493542,0.556221432199086,0.149144865011539,76.4,44.3,5,0.184246259360893,"FWB_0370",7,"lotic",44.9926005,4.0601018,0.958200134951365,4.69722993173004,6.25111954810256,2894.714589,103.865629922752,66,60,877,-0.939047718996771,27,0,0.958203970770629,0,2.67200912088747,"small",-0.363680188158463,-0.703324367129052,"high_prod","Cold and mesic","Cold and wet/mesic","Q4 (far)",0,"ok",1
"FWB_0370","FWB_0370_2013","Salmo trutta_078_Gagne","078_Gagne","Salmo trutta","Salmonidae","lotic",4.0601018,44.9926005,0.870056899004268,0.00645018099629913,0.773844591163027,0.0598813284425611,233.2,544.2,5,0.0663315094388602,"FWB_0370",7,"lotic",44.9926005,4.0601018,0.958200134951365,4.69722993173004,6.25111954810256,2894.714589,103.865629922752,66,60,877,-0.939047718996771,27,0,0.958203970770629,0,2.67200912088747,"small",-0.363680188158463,-0.703324367129052,"high_prod","Cold and mesic","Cold and wet/mesic","Q4 (far)",0,"ok",1
"FWB_0372","FWB_0372_2014","Barbatula barbatula_080_Furan","080_Furan","Barbatula barbatula","Nemacheilidae","lotic",4.2604946,45.5219521,0.736801269617351,0.0273555412722187,0.33805246137262,0.0448758819943838,70.6,10.8,5,0.0722314232666025,"FWB_0372",10,"lotic",45.5219521,4.2604946,1.25504607450994,4.92815030755728,6.25111954810256,2894.714589,69.0923995703984,104,383,745,1.51798030194527,56,62,2.9539728606277,0,5.77420679668435,"small",-0.160952348149169,-0.397540090181319,"high_prod","Cool temperate and moist","Cool and moist","Q3",0,"ok",1
"FWB_0372","FWB_0372_2014","Gobio gobio_080_Furan","080_Furan","Gobio gobio","Gobionidae","lotic",4.2604946,45.5219521,0.889966496208781,0.0052295006122622,0.665325188645347,0.00569235550424273,103.2,39.2,5,0.0109218561165049,"FWB_0372",10,"lotic",45.5219521,4.2604946,1.25504607450994,4.92815030755728,6.25111954810256,2894.714589,69.0923995703984,104,383,745,1.51798030194527,56,62,2.9539728606277,0,5.77420679668435,"small",-0.160952348149169,-0.397540090181319,"high_prod","Cool temperate and moist","Cool and moist","Q3",0,"ok",1
"FWB_0372","FWB_0372_2014","Phoxinus phoxinus_080_Furan","080_Furan","Phoxinus phoxinus","Leuciscidae","lotic",4.2604946,45.5219521,0.295327102803738,0.0382749370565973,0.674883219547251,0.0877394307541205,72.8,17.2,5,0.126014367810718,"FWB_0372",10,"lotic",45.5219521,4.2604946,1.25504607450994,4.92815030755728,6.25111954810256,2894.714589,69.0923995703984,104,383,745,1.51798030194527,56,62,2.9539728606277,0,5.77420679668435,"small",-0.160952348149169,-0.397540090181319,"high_prod","Cool temperate and moist","Cool and moist","Q3",0,"ok",1
"FWB_0372","FWB_0372_2014","Squalius cephalus_080_Furan","080_Furan","Squalius cephalus","Leuciscidae","lotic",4.2604946,45.5219521,0.585787339093634,0.0110441492027376,0.0919151994250807,0.0065283562267651,150.2,1010.7,5,0.0175725054295027,"FWB_0372",10,"lotic",45.5219521,4.2604946,1.25504607450994,4.92815030755728,6.25111954810256,2894.714589,69.0923995703984,104,383,745,1.51798030194527,56,62,2.9539728606277,0,5.77420679668435,"small",-0.160952348149169,-0.397540090181319,"high_prod","Cool temperate and moist","Cool and moist","Q3",0,"ok",1
"FWB_0373","FWB_0373_2013","Barbatula barbatula_085_Marne","085_Marne","Barbatula barbatula","Nemacheilidae","lotic",5.1509381,48.1431018,0.221736725663717,0.0149531075627496,0.491850400130655,0.0469949384559745,94.2,18.7,5,0.0619480460187241,"FWB_0373",10,"lotic",48.1431018,5.1509381,2.36762348917327,5.03668647983529,4.35723798832554,545.875074,24.7696639194225,94,181,757,0.145830448211539,48,0,4.86828040293307,89,3.78487144688551,"large",0.598870799350269,-0.253816718677998,"low_prod","Cool temperate and moist","Cool and moist","Q1 (close)",0,"ok",1
"FWB_0373","FWB_0373_2013","Barbus barbus_085_Marne","085_Marne","Barbus barbus","Cyprinidae","lotic",5.1509381,48.1431018,0.666758849557522,0.0193153875474783,0.570863955577331,0.00640022870476907,474.2,3078.7,5,0.0257156162522474,"FWB_0373",10,"lotic",48.1431018,5.1509381,2.36762348917327,5.03668647983529,4.35723798832554,545.875074,24.7696639194225,94,181,757,0.145830448211539,48,0,4.86828040293307,89,3.78487144688551,"large",0.598870799350269,-0.253816718677998,"low_prod","Cool temperate and moist","Cool and moist","Q1 (close)",0,"ok",1
"FWB_0373","FWB_0373_2013","Cottus gobio_085_Marne","085_Marne","Cottus gobio","Cottidae","lotic",5.1509381,48.1431018,0.433075221238938,0.0950921711640497,0.612967499591703,0.15502963914477,97.6,6.3,5,0.250121810308819,"FWB_0373",10,"lotic",48.1431018,5.1509381,2.36762348917327,5.03668647983529,4.35723798832554,545.875074,24.7696639194225,94,181,757,0.145830448211539,48,0,4.86828040293307,89,3.78487144688551,"large",0.598870799350269,-0.253816718677998,"low_prod","Cool temperate and moist","Cool and moist","Q1 (close)",0,"ok",1
"FWB_0373","FWB_0373_2013","Gobio gobio_085_Marne","085_Marne","Gobio gobio","Gobionidae","lotic",5.1509381,48.1431018,0.134402654867257,0.00474415576787533,0.777788665686755,0.0163885515424195,109.4,453.8,5,0.0211327073102949,"FWB_0373",10,"lotic",48.1431018,5.1509381,2.36762348917327,5.03668647983529,4.35723798832554,545.875074,24.7696639194225,94,181,757,0.145830448211539,48,0,4.86828040293307,89,3.78487144688551,"large",0.598870799350269,-0.253816718677998,"low_prod","Cool temperate and moist","Cool and moist","Q1 (close)",0,"ok",1
"FWB_0373","FWB_0373_2013","Leuciscus leuciscus_085_Marne","085_Marne","Leuciscus leuciscus","Leuciscidae","lotic",5.1509381,48.1431018,0.619579646017699,0.0074790355303861,0.432402417115793,0.00679129454863842,265.2,44.2,5,0.0142703300790245,"FWB_0373",10,"lotic",48.1431018,5.1509381,2.36762348917327,5.03668647983529,4.35723798832554,545.875074,24.7696639194225,94,181,757,0.145830448211539,48,0,4.86828040293307,89,3.78487144688551,"large",0.598870799350269,-0.253816718677998,"low_prod","Cool temperate and moist","Cool and moist","Q1 (close)",0,"ok",1
"FWB_0373","FWB_0373_2013","Phoxinus phoxinus_085_Marne","085_Marne","Phoxinus phoxinus","Leuciscidae","lotic",5.1509381,48.1431018,0.346404867256637,0.0278822245281542,0.115008982524906,0.0147203009010478,78.4,40.3,5,0.042602525429202,"FWB_0373",10,"lotic",48.1431018,5.1509381,2.36762348917327,5.03668647983529,4.35723798832554,545.875074,24.7696639194225,94,181,757,0.145830448211539,48,0,4.86828040293307,89,3.78487144688551,"large",0.598870799350269,-0.253816718677998,"low_prod","Cool temperate and moist","Cool and moist","Q1 (close)",0,"ok",1
"FWB_0373","FWB_0373_2013","Rutilus rutilus_085_Marne","085_Marne","Rutilus rutilus","Leuciscidae","lotic",5.1509381,48.1431018,0.404701327433628,0.0921442280865769,0.442430181283684,0.0215932814399908,197,1378.5,5,0.113737509526568,"FWB_0373",10,"lotic",48.1431018,5.1509381,2.36762348917327,5.03668647983529,4.35723798832554,545.875074,24.7696639194225,94,181,757,0.145830448211539,48,0,4.86828040293307,89,3.78487144688551,"large",0.598870799350269,-0.253816718677998,"low_prod","Cool temperate and moist","Cool and moist","Q1 (close)",0,"ok",1
"FWB_0373","FWB_0373_2013","Salmo trutta_085_Marne","085_Marne","Salmo trutta","Salmonidae","lotic",5.1509381,48.1431018,0.909679203539823,0.00356590240523925,0.620708802874408,0.00108358433270975,333.2,207.2,5,0.004649486737949,"FWB_0373",10,"lotic",48.1431018,5.1509381,2.36762348917327,5.03668647983529,4.35723798832554,545.875074,24.7696639194225,94,181,757,0.145830448211539,48,0,4.86828040293307,89,3.78487144688551,"large",0.598870799350269,-0.253816718677998,"low_prod","Cool temperate and moist","Cool and moist","Q1 (close)",0,"ok",1
"FWB_0373","FWB_0373_2013","Squalius cephalus_085_Marne","085_Marne","Squalius cephalus","Leuciscidae","lotic",5.1509381,48.1431018,0.218888274336283,0.0323336843217297,0.456312265229463,0.0144312716393968,332.75,1126.91666666667,4,0.0467649559611265,"FWB_0373",10,"lotic",48.1431018,5.1509381,2.36762348917327,5.03668647983529,4.35723798832554,545.875074,24.7696639194225,94,181,757,0.145830448211539,48,0,4.86828040293307,89,3.78487144688551,"large",0.598870799350269,-0.253816718677998,"low_prod","Cool temperate and moist","Cool and moist","Q1 (close)",0,"ok",1
"FWB_0374","FWB_0374_2013","Cottus gobio_086_Marche","086_Marche","Cottus gobio","Cottidae","lotic",5.3157959,49.6119707,0.189132020423049,0.0254030290890654,0.234132581100141,0.0367040056218556,89.4,47.3,5,0.062107034710921,"FWB_0374",10,"lotic",49.6119707,5.3157959,1.31184017519494,5.11646178782616,6.1125779416245,8488.206111,128.57497760041,93,73,985,-0.438504962186365,21,0,2.42329805444502,0,3.1697280167518,"large",-0.122165409125299,-0.148178423292063,"high_prod","Cool temperate and moist","Cool and moist","Q4 (far)",0,"ok",1
"FWB_0374","FWB_0374_2013","Salmo trutta_086_Marche","086_Marche","Salmo trutta","Salmonidae","lotic",5.3157959,49.6119707,0.688037928519329,0.0821252302966365,0.440691114245416,0.137293668847639,301,1137.5,5,0.219418899144275,"FWB_0374",10,"lotic",49.6119707,5.3157959,1.31184017519494,5.11646178782616,6.1125779416245,8488.206111,128.57497760041,93,73,985,-0.438504962186365,21,0,2.42329805444502,0,3.1697280167518,"large",-0.122165409125299,-0.148178423292063,"high_prod","Cool temperate and moist","Cool and moist","Q4 (far)",0,"ok",1
"FWB_0374","FWB_0374_2013","Thymallus thymallus_086_Marche","086_Marche","Thymallus thymallus","Salmonidae","lotic",5.3157959,49.6119707,0.596207148067104,0.0288297339757965,0.222143864598025,0.0257223890499143,418.2,334.7,5,0.0545521230257108,"FWB_0374",10,"lotic",49.6119707,5.3157959,1.31184017519494,5.11646178782616,6.1125779416245,8488.206111,128.57497760041,93,73,985,-0.438504962186365,21,0,2.42329805444502,0,3.1697280167518,"large",-0.122165409125299,-0.148178423292063,"high_prod","Cool temperate and moist","Cool and moist","Q4 (far)",0,"ok",1
"FWB_0377","FWB_0377_2013","Alburnus alburnus_092_Meuse","092_Meuse","Alburnus alburnus","Leuciscidae","lotic",5.540626,48.8702103,0.459427296392711,0.0260642126836314,0.775078911769127,0.075153722428438,122,758.5,5,0.101217935112069,"FWB_0377",10,"lotic",48.8702103,5.540626,3.08044100148095,4.97468188412258,4.48311494129119,526.3137998,52.4258808656729,94,178,713,-0.563874844855806,42,0,6.18073898070328,0,3.19818361000631,"large",1.08568208875455,-0.335923074167532,"low_prod","Cool temperate and moist","Cool and moist","Q3",0,"ok",1
"FWB_0377","FWB_0377_2013","Barbatula barbatula_092_Meuse","092_Meuse","Barbatula barbatula","Nemacheilidae","lotic",5.540626,48.8702103,0.490033469691335,0.00264271018063068,0.11014579888772,0.0161238783908034,81.6,46.8,5,0.018766588571434,"FWB_0377",10,"lotic",48.8702103,5.540626,3.08044100148095,4.97468188412258,4.48311494129119,526.3137998,52.4258808656729,94,178,713,-0.563874844855806,42,0,6.18073898070328,0,3.19818361000631,"large",1.08568208875455,-0.335923074167532,"low_prod","Cool temperate and moist","Cool and moist","Q3",0,"ok",1
"FWB_0377","FWB_0377_2013","Barbus barbus_092_Meuse","092_Meuse","Barbus barbus","Cyprinidae","lotic",5.540626,48.8702103,0.706830296268749,0.0599344219384669,0.281226514354427,0.0374586706295177,407.333333333333,79390.3333333333,3,0.0973930925679846,"FWB_0377",10,"lotic",48.8702103,5.540626,3.08044100148095,4.97468188412258,4.48311494129119,526.3137998,52.4258808656729,94,178,713,-0.563874844855806,42,0,6.18073898070328,0,3.19818361000631,"large",1.08568208875455,-0.335923074167532,"low_prod","Cool temperate and moist","Cool and moist","Q3",0,"ok",1
"FWB_0377","FWB_0377_2013","Esox lucius_092_Meuse","092_Meuse","Esox lucius","Esocidae","lotic",5.540626,48.8702103,0.66931944960952,0.019933430566606,0.586592514655043,0.0295403329719356,212,10690,5,0.0494737635385416,"FWB_0377",10,"lotic",48.8702103,5.540626,3.08044100148095,4.97468188412258,4.48311494129119,526.3137998,52.4258808656729,94,178,713,-0.563874844855806,42,0,6.18073898070328,0,3.19818361000631,"large",1.08568208875455,-0.335923074167532,"low_prod","Cool temperate and moist","Cool and moist","Q3",0,"ok",1
"FWB_0377","FWB_0377_2013","Gobio gobio_092_Meuse","092_Meuse","Gobio gobio","Gobionidae","lotic",5.540626,48.8702103,0.532986240238007,0.00607243385548966,0.523553284232677,0.0233558729259403,112.6,32.8,5,0.02942830678143,"FWB_0377",10,"lotic",48.8702103,5.540626,3.08044100148095,4.97468188412258,4.48311494129119,526.3137998,52.4258808656729,94,178,713,-0.563874844855806,42,0,6.18073898070328,0,3.19818361000631,"large",1.08568208875455,-0.335923074167532,"low_prod","Cool temperate and moist","Cool and moist","Q3",0,"ok",1
"FWB_0377","FWB_0377_2013","Perca fluviatilis_092_Meuse","092_Meuse","Perca fluviatilis","Percidae","lotic",5.540626,48.8702103,0.633134994421718,0.00121118627035949,0.4451124805852,0.0228546605615915,166,13,3,0.024065846831951,"FWB_0377",10,"lotic",48.8702103,5.540626,3.08044100148095,4.97468188412258,4.48311494129119,526.3137998,52.4258808656729,94,178,713,-0.563874844855806,42,0,6.18073898070328,0,3.19818361000631,"large",1.08568208875455,-0.335923074167532,"low_prod","Cool temperate and moist","Cool and moist","Q3",0,"ok",1
"FWB_0377","FWB_0377_2013","Phoxinus phoxinus_092_Meuse","092_Meuse","Phoxinus phoxinus","Leuciscidae","lotic",5.540626,48.8702103,0.431535886946821,0.0060649795504487,0.237336539906809,0.00589324001773151,65.8,16.7,5,0.0119582195681802,"FWB_0377",10,"lotic",48.8702103,5.540626,3.08044100148095,4.97468188412258,4.48311494129119,526.3137998,52.4258808656729,94,178,713,-0.563874844855806,42,0,6.18073898070328,0,3.19818361000631,"large",1.08568208875455,-0.335923074167532,"low_prod","Cool temperate and moist","Cool and moist","Q3",0,"ok",1
"FWB_0377","FWB_0377_2013","Rhodeus amarus_092_Meuse","092_Meuse","Rhodeus amarus","Acheilognathidae","lotic",5.540626,48.8702103,0.111156563778356,0.0049287858015819,0.43968134676086,0.0542843861028892,57,62,5,0.0592131719044711,"FWB_0377",10,"lotic",48.8702103,5.540626,3.08044100148095,4.97468188412258,4.48311494129119,526.3137998,52.4258808656729,94,178,713,-0.563874844855806,42,0,6.18073898070328,0,3.19818361000631,"large",1.08568208875455,-0.335923074167532,"low_prod","Cool temperate and moist","Cool and moist","Q3",0,"ok",1
"FWB_0377","FWB_0377_2013","Rutilus rutilus_092_Meuse","092_Meuse","Rutilus rutilus","Leuciscidae","lotic",5.540626,48.8702103,0.500991694558076,0.00056482380295593,0.423418006914174,0.0270907080543221,181.666666666667,32.3333333333333,3,0.027655531857278,"FWB_0377",10,"lotic",48.8702103,5.540626,3.08044100148095,4.97468188412258,4.48311494129119,526.3137998,52.4258808656729,94,178,713,-0.563874844855806,42,0,6.18073898070328,0,3.19818361000631,"large",1.08568208875455,-0.335923074167532,"low_prod","Cool temperate and moist","Cool and moist","Q3",0,"ok",1
"FWB_0377","FWB_0377_2013","Squalius cephalus_092_Meuse","092_Meuse","Squalius cephalus","Leuciscidae","lotic",5.540626,48.8702103,0.645872071402008,0.0357803149921011,0.941780650333183,0.00429625659702947,293.166666666667,8890.56666666667,6,0.0400765715891305,"FWB_0377",10,"lotic",48.8702103,5.540626,3.08044100148095,4.97468188412258,4.48311494129119,526.3137998,52.4258808656729,94,178,713,-0.563874844855806,42,0,6.18073898070328,0,3.19818361000631,"large",1.08568208875455,-0.335923074167532,"low_prod","Cool temperate and moist","Cool and moist","Q3",0,"ok",1
"FWB_0378","FWB_0378_2008","Cottus gobio_095_Bez","095_Bez","Cottus gobio","Cottidae","lotic",5.497978,44.691714,0.335895755620526,0.0222587697513569,0.373302633132601,0.0378900762836918,89.8571428571429,150.954703832753,42,0.0601488460350487,"FWB_0378",10,"lotic",44.691714,5.497978,0.818898385865506,5.7588596134327,5.37119090688994,1557.371131,85.7431407959685,83,60,977,-1.78976146656538,1,0,3.17170077569806,0,2.94606975399321,"small",-0.458814865572909,0.70248342892512,"high_prod","Cool temperate and moist","Cool and moist","Q4 (far)",0,"ok",1
"FWB_0378","FWB_0378_2008","Salmo trutta_095_Bez","095_Bez","Salmo trutta","Salmonidae","lotic",5.497978,44.691714,0.334559935477367,0.133675277392136,0.600121451343555,0.0723007933947526,147.714285714286,4356.57142857143,7,0.205976070786889,"FWB_0378",10,"lotic",44.691714,5.497978,0.818898385865506,5.7588596134327,5.37119090688994,1557.371131,85.7431407959685,83,60,977,-1.78976146656538,1,0,3.17170077569806,0,2.94606975399321,"small",-0.458814865572909,0.70248342892512,"high_prod","Cool temperate and moist","Cool and moist","Q4 (far)",0,"ok",1
"FWB_0379","FWB_0379_2013","Alburnoides bipunctatus_096_Vair","096_Vair","Alburnoides bipunctatus","Leuciscidae","lotic",5.7305377,48.404116,0.322732963691647,0.0115174370133465,0.560756170138281,0.0231495728233234,98.8,157.7,5,0.0346670098366699,"FWB_0379",10,"lotic",48.404116,5.7305377,2.03679496695836,4.95242259755892,4.35723798832554,545.875074,70.7049848730473,93,186,763,-0.52932909533055,41,0,4.19095707544019,0,3.5863485424592,"large",0.372934908760596,-0.365398774710881,"low_prod","Cool temperate and moist","Cool and moist","Q4 (far)",0,"ok",1
"FWB_0379","FWB_0379_2013","Barbus barbus_096_Vair","096_Vair","Barbus barbus","Cyprinidae","lotic",5.7305377,48.404116,0.866320872831336,0.0163123009771082,0.825695781550849,0.00675693077677994,466.6,4212.8,5,0.0230692317538881,"FWB_0379",10,"lotic",48.404116,5.7305377,2.03679496695836,4.95242259755892,4.35723798832554,545.875074,70.7049848730473,93,186,763,-0.52932909533055,41,0,4.19095707544019,0,3.5863485424592,"large",0.372934908760596,-0.365398774710881,"low_prod","Cool temperate and moist","Cool and moist","Q4 (far)",0,"ok",1
"FWB_0379","FWB_0379_2013","Chondrostoma nasus_096_Vair","096_Vair","Chondrostoma nasus","Leuciscidae","lotic",5.7305377,48.404116,0.105455195850474,0.00846132065545589,0.0689305093646069,0.00295787451879105,307,743.5,5,0.0114191951742469,"FWB_0379",10,"lotic",48.404116,5.7305377,2.03679496695836,4.95242259755892,4.35723798832554,545.875074,70.7049848730473,93,186,763,-0.52932909533055,41,0,4.19095707544019,0,3.5863485424592,"large",0.372934908760596,-0.365398774710881,"low_prod","Cool temperate and moist","Cool and moist","Q4 (far)",0,"ok",1
"FWB_0379","FWB_0379_2013","Cottus gobio_096_Vair","096_Vair","Cottus gobio","Cottidae","lotic",5.7305377,48.404116,0.462564836344125,0.0165489954807342,0.800630141781901,0.03357199007095,78,80.5,5,0.0501209855516841,"FWB_0379",10,"lotic",48.404116,5.7305377,2.03679496695836,4.95242259755892,4.35723798832554,545.875074,70.7049848730473,93,186,763,-0.52932909533055,41,0,4.19095707544019,0,3.5863485424592,"large",0.372934908760596,-0.365398774710881,"low_prod","Cool temperate and moist","Cool and moist","Q4 (far)",0,"ok",1
"FWB_0379","FWB_0379_2013","Gobio gobio_096_Vair","096_Vair","Gobio gobio","Gobionidae","lotic",5.7305377,48.404116,0.291933464496512,0.00296528573385934,0.607876772273762,0.016741697478817,112.6,152.3,5,0.0197069832126764,"FWB_0379",10,"lotic",48.404116,5.7305377,2.03679496695836,4.95242259755892,4.35723798832554,545.875074,70.7049848730473,93,186,763,-0.52932909533055,41,0,4.19095707544019,0,3.5863485424592,"large",0.372934908760596,-0.365398774710881,"low_prod","Cool temperate and moist","Cool and moist","Q4 (far)",0,"ok",1
"FWB_0379","FWB_0379_2013","Phoxinus phoxinus_096_Vair","096_Vair","Phoxinus phoxinus","Leuciscidae","lotic",5.7305377,48.404116,0.125201216240386,0.0125775925556317,0.242744617538946,0.0210805172280514,63.6,20.3,5,0.0336581097836832,"FWB_0379",10,"lotic",48.404116,5.7305377,2.03679496695836,4.95242259755892,4.35723798832554,545.875074,70.7049848730473,93,186,763,-0.52932909533055,41,0,4.19095707544019,0,3.5863485424592,"large",0.372934908760596,-0.365398774710881,"low_prod","Cool temperate and moist","Cool and moist","Q4 (far)",0,"ok",1
"FWB_0379","FWB_0379_2013","Rutilus rutilus_096_Vair","096_Vair","Rutilus rutilus","Leuciscidae","lotic",5.7305377,48.404116,0.166374530495439,0.00360114488877719,0.56828286364432,0.00596424717178729,108.2,96.7,5,0.00956539206056448,"FWB_0379",10,"lotic",48.404116,5.7305377,2.03679496695836,4.95242259755892,4.35723798832554,545.875074,70.7049848730473,93,186,763,-0.52932909533055,41,0,4.19095707544019,0,3.5863485424592,"large",0.372934908760596,-0.365398774710881,"low_prod","Cool temperate and moist","Cool and moist","Q4 (far)",0,"ok",1
"FWB_0379","FWB_0379_2013","Squalius cephalus_096_Vair","096_Vair","Squalius cephalus","Leuciscidae","lotic",5.7305377,48.404116,0.514183509211232,0.022236106454272,0.641834412742867,0.00596203811532371,339.2,3071.7,5,0.0281981445695957,"FWB_0379",10,"lotic",48.404116,5.7305377,2.03679496695836,4.95242259755892,4.35723798832554,545.875074,70.7049848730473,93,186,763,-0.52932909533055,41,0,4.19095707544019,0,3.5863485424592,"large",0.372934908760596,-0.365398774710881,"low_prod","Cool temperate and moist","Cool and moist","Q4 (far)",0,"ok",1
"FWB_0381","FWB_0381_2008","Cottus gobio_098_Archiane","098_Archiane","Cottus gobio","Cottidae","lotic",5.521828,44.726639,0.392347816734782,0.0591371282941669,0.382548552583364,0.0548286591981299,101.225,518.127564102564,40,0.113965787492297,"FWB_0381",7,"lotic",44.726639,5.521828,1.4530179931628,4.52368491038978,5.37119090688994,1557.371131,90.4781323130011,51,71,1162,-1.76026080216868,15,0,1.4530203317943,0,1.35609542903895,"large",-0.025749490024605,-0.933132320101165,"high_prod","Cold and mesic","Cold and wet/mesic","Q4 (far)",0,"ok",1
"FWB_0381","FWB_0381_2008","Salmo trutta_098_Archiane","098_Archiane","Salmo trutta","Salmonidae","lotic",5.521828,44.726639,0.397222520972252,0.0550542526841196,0.649482411139612,0.0423250164049639,151.6875,3486.09583333333,16,0.0973792690890835,"FWB_0381",7,"lotic",44.726639,5.521828,1.4530179931628,4.52368491038978,5.37119090688994,1557.371131,90.4781323130011,51,71,1162,-1.76026080216868,15,0,1.4530203317943,0,1.35609542903895,"large",-0.025749490024605,-0.933132320101165,"high_prod","Cold and mesic","Cold and wet/mesic","Q4 (far)",0,"ok",1
"FWB_0382","FWB_0382_2008","Cottus gobio_099_Nonnière","099_Nonnière","Cottus gobio","Cottidae","lotic",5.5454,44.7236,0.384151367553391,0.0505503385894808,0.310544074230283,0.0195887774333107,95.375,484.086538461538,40,0.0701391160227915,"FWB_0382",7,"lotic",44.7236,5.5454,-0.134674903326602,5.69614623372006,5.37119090688994,1557.371131,92.6284157542843,73,35,1021,-4.3428059215206,1,0,1.16440315029987,0,0.510431546127597,"small",-1.11004780308907,0.619438503150685,"high_prod","Cold and mesic","Cold and wet/mesic","Q4 (far)",0,"ok",1
"FWB_0382","FWB_0382_2008","Salmo trutta_099_Nonnière","099_Nonnière","Salmo trutta","Salmonidae","lotic",5.5454,44.7236,0.578943424503559,0.0504829063944135,0.420339519190215,0.0561784683371017,127.25,2144.40789473684,20,0.106661374731515,"FWB_0382",7,"lotic",44.7236,5.5454,-0.134674903326602,5.69614623372006,5.37119090688994,1557.371131,92.6284157542843,73,35,1021,-4.3428059215206,1,0,1.16440315029987,0,0.510431546127597,"small",-1.11004780308907,0.619438503150685,"high_prod","Cold and mesic","Cold and wet/mesic","Q4 (far)",0,"ok",1
"FWB_0383","FWB_0383_2008","Cottus gobio_100_Gats","100_Gats","Cottus gobio","Cottidae","lotic",5.556318,44.671343,0.493654725609756,0.0409243691601983,0.281660524604379,0.0137123890675163,95.15,185.823076923077,40,0.0546367582277145,"FWB_0383",7,"lotic",44.671343,5.556318,0.553310235372146,5.35417474522426,5.37119090688994,1557.371131,90.549917577954,72,16,1018,-3.81671282562382,3,0,1.77783125373876,0,0.598292397046987,"small",-0.640195524380803,0.166600575913558,"high_prod","Cold and mesic","Cold and wet/mesic","Q4 (far)",0,"ok",1
"FWB_0383","FWB_0383_2008","Salmo trutta_100_Gats","100_Gats","Salmo trutta","Salmonidae","lotic",5.556318,44.671343,0.546036585365854,0.0391099170489057,0.569000650336007,0.0748736837668136,147.85,2100.66052631579,20,0.113983600815719,"FWB_0383",7,"lotic",44.671343,5.556318,0.553310235372146,5.35417474522426,5.37119090688994,1557.371131,90.549917577954,72,16,1018,-3.81671282562382,3,0,1.77783125373876,0,0.598292397046987,"small",-0.640195524380803,0.166600575913558,"high_prod","Cold and mesic","Cold and wet/mesic","Q4 (far)",0,"ok",1
"FWB_0384","FWB_0384_2008","Cottus gobio_101_Borne","101_Borne","Cottus gobio","Cottidae","lotic",5.5852771,44.705901,0.405656398973231,0.0395151506114665,0.29426925409339,0.0438147889577555,99.8,338.625641025641,40,0.083329939569222,"FWB_0384",7,"lotic",44.705901,5.5852771,0.440832251945456,4.91107760873568,5.37119090688994,1557.371131,95.5442721747985,60,37,1098,-3.24419363285249,6,0,0.440838686931186,0,0.694651049182452,"small",-0.7170111906574,-0.42014772212375,"high_prod","Cold and mesic","Cold and wet/mesic","Q4 (far)",0,"ok",1
"FWB_0384","FWB_0384_2008","Salmo trutta_101_Borne","101_Borne","Salmo trutta","Salmonidae","lotic",5.5852771,44.705901,0.42982869715543,0.0720794060517472,0.41687602876202,0.0799635890942124,91.5714285714286,2384.72527472527,14,0.15204299514596,"FWB_0384",7,"lotic",44.705901,5.5852771,0.440832251945456,4.91107760873568,5.37119090688994,1557.371131,95.5442721747985,60,37,1098,-3.24419363285249,6,0,0.440838686931186,0,0.694651049182452,"small",-0.7170111906574,-0.42014772212375,"high_prod","Cold and mesic","Cold and wet/mesic","Q4 (far)",0,"ok",1
"FWB_0385","FWB_0385_2013","Barbatula barbatula_105_Fourches","105_Fourches","Barbatula barbatula","Nemacheilidae","lotic",6.1538647,47.6957119,0.182520414919444,0.0285751395241326,0.595851615476666,0.0312603290761933,79.6,80.3,5,0.0598354686003258,"FWB_0385",10,"lotic",47.6957119,6.1538647,0.39068982252601,4.99773812051948,5.93073239946398,3003.924359,53.2253124305864,96,84,984,-0.669430653942629,19,0,0.390696588402986,0,3.51491319440661,"small",-0.751255440129497,-0.305392054327878,"high_prod","Cool temperate and moist","Cool and moist","Q3",0,"ok",1
"FWB_0385","FWB_0385_2013","Cottus gobio_105_Fourches","105_Fourches","Cottus gobio","Cottidae","lotic",6.1538647,47.6957119,0.33520194217612,0.00901378721566983,0.456641404068608,0.0751659533601092,93.8,88.7,5,0.084179740575779,"FWB_0385",10,"lotic",47.6957119,6.1538647,0.39068982252601,4.99773812051948,5.93073239946398,3003.924359,53.2253124305864,96,84,984,-0.669430653942629,19,0,0.390696588402986,0,3.51491319440661,"small",-0.751255440129497,-0.305392054327878,"high_prod","Cool temperate and moist","Cool and moist","Q3",0,"ok",1
"FWB_0385","FWB_0385_2013","Salmo trutta_105_Fourches","105_Fourches","Salmo trutta","Salmonidae","lotic",6.1538647,47.6957119,0.64334583977047,0.00863808265393197,0.579976067012366,0.0748788911590027,218.8,858.2,5,0.0835169738129346,"FWB_0385",10,"lotic",47.6957119,6.1538647,0.39068982252601,4.99773812051948,5.93073239946398,3003.924359,53.2253124305864,96,84,984,-0.669430653942629,19,0,0.390696588402986,0,3.51491319440661,"small",-0.751255440129497,-0.305392054327878,"high_prod","Cool temperate and moist","Cool and moist","Q3",0,"ok",1
"FWB_0385","FWB_0385_2013","Squalius cephalus_105_Fourches","105_Fourches","Squalius cephalus","Leuciscidae","lotic",6.1538647,47.6957119,0.763793864489075,0.0273829510278498,0.661547666533706,0.0866980777185135,203,1244.66666666667,4,0.114081028746363,"FWB_0385",10,"lotic",47.6957119,6.1538647,0.39068982252601,4.99773812051948,5.93073239946398,3003.924359,53.2253124305864,96,84,984,-0.669430653942629,19,0,0.390696588402986,0,3.51491319440661,"small",-0.751255440129497,-0.305392054327878,"high_prod","Cool temperate and moist","Cool and moist","Q3",0,"ok",1
"FWB_0387","FWB_0387_2013","Alburnoides bipunctatus_107_Moselle","107_Moselle","Alburnoides bipunctatus","Leuciscidae","lotic",6.2445093,48.5460891,0.552019669827889,0.0296826230483865,0.44400374181478,0.0086658435140856,88.4,143.3,5,0.0383484665624721,"FWB_0387",10,"lotic",48.5460891,6.2445093,3.91705034714217,4.39560945819071,6.26537250050086,9997.437938,121.726710121886,93,256,778,2.63433189660793,39,19,6.27040415912483,0,5.34394066434254,"large",1.65703572030397,-1.10272956506124,"high_prod","Cool temperate and moist","Cool and moist","Q4 (far)",0,"ok",1
"FWB_0387","FWB_0387_2013","Alburnus alburnus_107_Moselle","107_Moselle","Alburnus alburnus","Leuciscidae","lotic",6.2445093,48.5460891,0.410467158412364,0.030037386145474,0.468101028999065,0.00614058407663546,121,586,5,0.0361779702221094,"FWB_0387",10,"lotic",48.5460891,6.2445093,3.91705034714217,4.39560945819071,6.26537250050086,9997.437938,121.726710121886,93,256,778,2.63433189660793,39,19,6.27040415912483,0,5.34394066434254,"large",1.65703572030397,-1.10272956506124,"high_prod","Cool temperate and moist","Cool and moist","Q4 (far)",0,"ok",1
"FWB_0387","FWB_0387_2013","Gobio gobio_107_Moselle","107_Moselle","Gobio gobio","Gobionidae","lotic",6.2445093,48.5460891,0.403371970495258,0.02465159993777,0.57066417212348,0.0172054769107451,111.2,132.7,5,0.0418570768485151,"FWB_0387",10,"lotic",48.5460891,6.2445093,3.91705034714217,4.39560945819071,6.26537250050086,9997.437938,121.726710121886,93,256,778,2.63433189660793,39,19,6.27040415912483,0,5.34394066434254,"large",1.65703572030397,-1.10272956506124,"high_prod","Cool temperate and moist","Cool and moist","Q4 (far)",0,"ok",1
"FWB_0387","FWB_0387_2013","Leuciscus leuciscus_107_Moselle","107_Moselle","Leuciscus leuciscus","Leuciscidae","lotic",6.2445093,48.5460891,0.5033368458026,0.0522362906054463,0.453171188026193,0.0204049910698738,166.4,550.3,5,0.0726412816753201,"FWB_0387",10,"lotic",48.5460891,6.2445093,3.91705034714217,4.39560945819071,6.26537250050086,9997.437938,121.726710121886,93,256,778,2.63433189660793,39,19,6.27040415912483,0,5.34394066434254,"large",1.65703572030397,-1.10272956506124,"high_prod","Cool temperate and moist","Cool and moist","Q4 (far)",0,"ok",1
"FWB_0387","FWB_0387_2013","Perca fluviatilis_107_Moselle","107_Moselle","Perca fluviatilis","Percidae","lotic",6.2445093,48.5460891,0.786582367404285,0.0158889946207526,0.390383536014967,0.0199507088533823,140.4,2477.8,5,0.0358397034741349,"FWB_0387",10,"lotic",48.5460891,6.2445093,3.91705034714217,4.39560945819071,6.26537250050086,9997.437938,121.726710121886,93,256,778,2.63433189660793,39,19,6.27040415912483,0,5.34394066434254,"large",1.65703572030397,-1.10272956506124,"high_prod","Cool temperate and moist","Cool and moist","Q4 (far)",0,"ok",1
"FWB_0387","FWB_0387_2013","Rhodeus amarus_107_Moselle","107_Moselle","Rhodeus amarus","Acheilognathidae","lotic",6.2445093,48.5460891,0.193677555321391,0.0502770804039624,0.238241347053321,0.0231989471114257,71,64,5,0.0734760275153882,"FWB_0387",10,"lotic",48.5460891,6.2445093,3.91705034714217,4.39560945819071,6.26537250050086,9997.437938,121.726710121886,93,256,778,2.63433189660793,39,19,6.27040415912483,0,5.34394066434254,"large",1.65703572030397,-1.10272956506124,"high_prod","Cool temperate and moist","Cool and moist","Q4 (far)",0,"ok",1
"FWB_0387","FWB_0387_2013","Rutilus rutilus_107_Moselle","107_Moselle","Rutilus rutilus","Leuciscidae","lotic",6.2445093,48.5460891,0.415665612925887,0.0416741832521962,0.295229186155285,0.039538853706068,158.2,160.7,5,0.0812130369582642,"FWB_0387",10,"lotic",48.5460891,6.2445093,3.91705034714217,4.39560945819071,6.26537250050086,9997.437938,121.726710121886,93,256,778,2.63433189660793,39,19,6.27040415912483,0,5.34394066434254,"large",1.65703572030397,-1.10272956506124,"high_prod","Cool temperate and moist","Cool and moist","Q4 (far)",0,"ok",1
"FWB_0387","FWB_0387_2013","Squalius cephalus_107_Moselle","107_Moselle","Squalius cephalus","Leuciscidae","lotic",6.2445093,48.5460891,0.499051633298209,0.0259200615292825,0.621927034611787,0.0833270893913951,346.4,14057.8,5,0.109247150920678,"FWB_0387",10,"lotic",48.5460891,6.2445093,3.91705034714217,4.39560945819071,6.26537250050086,9997.437938,121.726710121886,93,256,778,2.63433189660793,39,19,6.27040415912483,0,5.34394066434254,"large",1.65703572030397,-1.10272956506124,"high_prod","Cool temperate and moist","Cool and moist","Q4 (far)",0,"ok",1
"FWB_0395","FWB_0395_2015","Phoxinus phoxinus_Allos","Allos","Phoxinus phoxinus","Leuciscidae","lentic",6.708646,44.233642,0.298273155416013,0.0211937771928801,0.679271070615034,0.0850464315426618,NA,NA,10,0.106240208735542,"FWB_0395",10,"lentic",44.233642,6.708646,1.17865499634165,-2.48927941789483,5.23380172088215,1213.651527,68.0494834283418,99,102,837,0.0139029051689912,2,0,4.56013108278469,579,2.55893205900969,"large",0.391599110633636,-0.204125745311678,"high_prod","Cool temperate and moist","Cool and moist","Q3",0,"ok",1
"FWB_0395","FWB_0395_2015","Salvelinus alpinus_Allos","Allos","Salvelinus alpinus","Salmonidae","lentic",6.708646,44.233642,0.412730127015841,0.0668522637850014,0.350987091875475,0.0590021758569815,NA,NA,66,0.125854439641983,"FWB_0395",10,"lentic",44.233642,6.708646,1.17865499634165,-2.48927941789483,5.23380172088215,1213.651527,68.0494834283418,99,102,837,0.0139029051689912,2,0,4.56013108278469,579,2.55893205900969,"large",0.391599110633636,-0.204125745311678,"high_prod","Cool temperate and moist","Cool and moist","Q3",0,"ok",1
"FWB_0396","FWB_0396_2001","Coregonus lavaretus_Annecy","Annecy","Coregonus lavaretus","Salmonidae","lentic",6.167323,45.861525,0.761405925121509,0.0181538311137914,0.375083107676728,0.00809519535592021,432.938775510204,403.642006802721,49,0.0262490264697116,"FWB_0396",10,"lentic",45.861525,6.167323,3.24024585060439,-4.77643384548494,6.09008877846301,13059.70194,46.7111168773247,102,185,916,4.54745632379762,4,31,3.80042105246041,0,6.62184365170033,"large",1.22785568913787,-1.053885218317,"high_prod","Cool temperate and moist","Cool and moist","Q2",0,"ok",1
"FWB_0396","FWB_0396_2001","Esox lucius_Annecy","Annecy","Esox lucius","Esocidae","lentic",6.167323,45.861525,0.604369457062514,0.0217497283494779,0.572983339326381,0.0113224086165765,514.166666666667,14164.1666666667,6,0.0330721369660544,"FWB_0396",10,"lentic",45.861525,6.167323,3.24024585060439,-4.77643384548494,6.09008877846301,13059.70194,46.7111168773247,102,185,916,4.54745632379762,4,31,3.80042105246041,0,6.62184365170033,"large",1.22785568913787,-1.053885218317,"high_prod","Cool temperate and moist","Cool and moist","Q2",0,"ok",1
"FWB_0396","FWB_0396_2001","Perca fluviatilis_Annecy","Annecy","Perca fluviatilis","Percidae","lentic",6.167323,45.861525,0.582098204629029,0.0135598567113806,0.551393982979744,0.00256775602467881,255.933333333333,1828.35238095238,15,0.0161276127360594,"FWB_0396",10,"lentic",45.861525,6.167323,3.24024585060439,-4.77643384548494,6.09008877846301,13059.70194,46.7111168773247,102,185,916,4.54745632379762,4,31,3.80042105246041,0,6.62184365170033,"large",1.22785568913787,-1.053885218317,"high_prod","Cool temperate and moist","Cool and moist","Q2",0,"ok",1
"FWB_0396","FWB_0396_2001","Rutilus rutilus_Annecy","Annecy","Rutilus rutilus","Leuciscidae","lentic",6.167323,45.861525,0.327190136275146,0.0278321509289037,0.655181589356347,0.0351262674671706,288.5,3889.16666666667,10,0.0629584183960743,"FWB_0396",10,"lentic",45.861525,6.167323,3.24024585060439,-4.77643384548494,6.09008877846301,13059.70194,46.7111168773247,102,185,916,4.54745632379762,4,31,3.80042105246041,0,6.62184365170033,"large",1.22785568913787,-1.053885218317,"high_prod","Cool temperate and moist","Cool and moist","Q2",0,"ok",1
"FWB_0396","FWB_0396_2001","Salvelinus alpinus_Annecy","Annecy","Salvelinus alpinus","Salmonidae","lentic",6.167323,45.861525,0.715783401831423,0.00611458315640898,0.188309560909345,0.0102577529303692,289,1251.25,9,0.0163723360867782,"FWB_0396",10,"lentic",45.861525,6.167323,3.24024585060439,-4.77643384548494,6.09008877846301,13059.70194,46.7111168773247,102,185,916,4.54745632379762,4,31,3.80042105246041,0,6.62184365170033,"large",1.22785568913787,-1.053885218317,"high_prod","Cool temperate and moist","Cool and moist","Q2",0,"ok",1
"FWB_0396","FWB_0396_2001","Tinca tinca_Annecy","Annecy","Tinca tinca","Tincidae","lentic",6.167323,45.861525,0.319922128487995,0.00136944709626261,0.720052738822965,0.00154401261311421,380,1900,3,0.00291345970937682,"FWB_0396",10,"lentic",45.861525,6.167323,3.24024585060439,-4.77643384548494,6.09008877846301,13059.70194,46.7111168773247,102,185,916,4.54745632379762,4,31,3.80042105246041,0,6.62184365170033,"large",1.22785568913787,-1.053885218317,"high_prod","Cool temperate and moist","Cool and moist","Q2",0,"ok",1
"FWB_0398","FWB_0398_2015","Phoxinus phoxinus_Batailleres","Batailleres","Phoxinus phoxinus","Leuciscidae","lentic",6.5665101,45.1412285,0.254711246200608,0.0264474644543195,0.930893617021277,0.00312952467179719,83.4,192.8,5,0.0295769891261167,"FWB_0398",5,"lentic",45.1412285,6.5665101,0.0295588022415444,-4.0836751016102,5.30077993942497,1462.55953,52.5011107562555,24,81,1457,-0.962334670375562,0,0,0.877138176398087,3819,2.36142082157702,"large",-0.0745162922667294,-0.796500628097133,"high_prod","Cold and wet","Cold and wet/mesic","Q3",0,"ok",1
"FWB_0398","FWB_0398_2015","Salmo trutta_Batailleres","Batailleres","Salmo trutta","Salmonidae","lentic",6.5665101,45.1412285,0.685916919959473,0.0572598799592268,0.637872340425532,0.0222521684019919,256.166666666667,1732.56666666667,6,0.0795120483612187,"FWB_0398",5,"lentic",45.1412285,6.5665101,0.0295588022415444,-4.0836751016102,5.30077993942497,1462.55953,52.5011107562555,24,81,1457,-0.962334670375562,0,0,0.877138176398087,3819,2.36142082157702,"large",-0.0745162922667294,-0.796500628097133,"high_prod","Cold and wet","Cold and wet/mesic","Q3",0,"ok",1
"FWB_0398","FWB_0398_2015","Salvelinus alpinus_Batailleres","Batailleres","Salvelinus alpinus","Salmonidae","lentic",6.5665101,45.1412285,0.62488825317361,0.0200664013907963,0.663679599499374,0.0848146885734828,216.941176470588,981.933823529412,17,0.104881089964279,"FWB_0398",5,"lentic",45.1412285,6.5665101,0.0295588022415444,-4.0836751016102,5.30077993942497,1462.55953,52.5011107562555,24,81,1457,-0.962334670375562,0,0,0.877138176398087,3819,2.36142082157702,"large",-0.0745162922667294,-0.796500628097133,"high_prod","Cold and wet","Cold and wet/mesic","Q3",0,"ok",1
"FWB_0405","FWB_0405_2022","Ameiurus melas_BON","BON","Ameiurus melas","Ictaluridae","lentic",1.27367,43.453752,0.552917851909318,0.0129809560704386,0.309753701256903,0.00411261001276978,150,5912.5,9,0.0170935660832084,"FWB_0405",11,"lentic",43.453752,1.27367,-1.07880966137193,-0.696980672857403,6.6442627756725,7771.31446,40.7684612543466,127,221,710,2.11251358274003,72,0,0.642911221732931,0,5.78146859236694,"small",-0.524111039540122,0.461777185718589,"high_prod","Warm temperate and mesic","Warm temperate","Q2",0,"ok",1
"FWB_0405","FWB_0405_2022","Cyprinus carpio_BON","BON","Cyprinus carpio","Cyprinidae","lentic",1.27367,43.453752,0.349642272217912,0.0440333351857191,0.367381508960938,0.0190802275410406,361.444444444444,29161.5277777778,9,0.0631135627267597,"FWB_0405",11,"lentic",43.453752,1.27367,-1.07880966137193,-0.696980672857403,6.6442627756725,7771.31446,40.7684612543466,127,221,710,2.11251358274003,72,0,0.642911221732931,0,5.78146859236694,"small",-0.524111039540122,0.461777185718589,"high_prod","Warm temperate and mesic","Warm temperate","Q2",0,"ok",1
"FWB_0405","FWB_0405_2022","Gymnocephalus cernua_BON","BON","Gymnocephalus cernua","Percidae","lentic",1.27367,43.453752,0.466687354538402,0.0132551848577297,0.192844801300945,0.0220332576557998,60,16,5,0.0352884425135295,"FWB_0405",11,"lentic",43.453752,1.27367,-1.07880966137193,-0.696980672857403,6.6442627756725,7771.31446,40.7684612543466,127,221,710,2.11251358274003,72,0,0.642911221732931,0,5.78146859236694,"small",-0.524111039540122,0.461777185718589,"high_prod","Warm temperate and mesic","Warm temperate","Q2",0,"ok",1
"FWB_0405","FWB_0405_2022","Lepomis gibbosus_BON","BON","Lepomis gibbosus","Centrarchidae","lentic",1.27367,43.453752,0.463649685371951,0.0243251681909394,0.528757439215819,0.0498921447974012,72.1111111111111,210.861111111111,9,0.0742173129883405,"FWB_0405",11,"lentic",43.453752,1.27367,-1.07880966137193,-0.696980672857403,6.6442627756725,7771.31446,40.7684612543466,127,221,710,2.11251358274003,72,0,0.642911221732931,0,5.78146859236694,"small",-0.524111039540122,0.461777185718589,"high_prod","Warm temperate and mesic","Warm temperate","Q2",0,"ok",1
"FWB_0405","FWB_0405_2022","Micropterus salmoides_BON","BON","Micropterus salmoides","Centrarchidae","lentic",1.27367,43.453752,0.753555727954487,0.0630054130942053,0.229520276450859,0.011371607443497,186.166666666667,7730.33333333333,12,0.0743770205377022,"FWB_0405",11,"lentic",43.453752,1.27367,-1.07880966137193,-0.696980672857403,6.6442627756725,7771.31446,40.7684612543466,127,221,710,2.11251358274003,72,0,0.642911221732931,0,5.78146859236694,"small",-0.524111039540122,0.461777185718589,"high_prod","Warm temperate and mesic","Warm temperate","Q2",0,"ok",1
"FWB_0405","FWB_0405_2022","Rutilus rutilus_BON","BON","Rutilus rutilus","Leuciscidae","lentic",1.27367,43.453752,0.275286613222998,0.034621324544064,0.355275490960012,0.0267800564366076,156.555555555556,1367.02777777778,9,0.0614013809806716,"FWB_0405",11,"lentic",43.453752,1.27367,-1.07880966137193,-0.696980672857403,6.6442627756725,7771.31446,40.7684612543466,127,221,710,2.11251358274003,72,0,0.642911221732931,0,5.78146859236694,"small",-0.524111039540122,0.461777185718589,"high_prod","Warm temperate and mesic","Warm temperate","Q2",0,"ok",1
"FWB_0406","FWB_0406_2011","Abramis brama_briere_canal_breca","briere_canal_breca","Abramis brama","Leuciscidae","lentic",-2.295578,47.360951,0.740794479126024,0.0153122999908103,0.473722986247544,0.0288319425330355,104.1875,556.029166666667,16,0.0441442425238458,"FWB_0406",11,"lentic",47.360951,-2.295578,-1.46967597005894,1.09776055852758,4.69343236323417,867.3064255,10.9497332971347,118,188,820,-0.338273858567841,15,0,1.50851420623107,0,4.96294259748893,"small",-0.682660696121749,1.1285875875722,"low_prod","Warm temperate and mesic","Warm temperate","Q1 (close)",0,"ok",1
"FWB_0406","FWB_0406_2011","Ameiurus melas_briere_canal_breca","briere_canal_breca","Ameiurus melas","Ictaluridae","lentic",-2.295578,47.360951,0.553944935452679,0.0210004480901217,0.456027529317014,0.0285381387352159,138.695652173913,1506.40316205534,23,0.0495385868253376,"FWB_0406",11,"lentic",47.360951,-2.295578,-1.46967597005894,1.09776055852758,4.69343236323417,867.3064255,10.9497332971347,118,188,820,-0.338273858567841,15,0,1.50851420623107,0,4.96294259748893,"small",-0.682660696121749,1.1285875875722,"low_prod","Warm temperate and mesic","Warm temperate","Q1 (close)",0,"ok",1
"FWB_0406","FWB_0406_2011","Anguilla anguilla_briere_canal_breca","briere_canal_breca","Anguilla anguilla","Anguillidae","lentic",-2.295578,47.360951,0.37253388522282,0.0264220643062668,0.387045601532661,0.0257814942873029,447.04347826087,26490.0434782609,23,0.0522035585935698,"FWB_0406",11,"lentic",47.360951,-2.295578,-1.46967597005894,1.09776055852758,4.69343236323417,867.3064255,10.9497332971347,118,188,820,-0.338273858567841,15,0,1.50851420623107,0,4.96294259748893,"small",-0.682660696121749,1.1285875875722,"low_prod","Warm temperate and mesic","Warm temperate","Q1 (close)",0,"ok",1
"FWB_0406","FWB_0406_2011","Carassius gibelio_briere_canal_breca","briere_canal_breca","Carassius gibelio","Cyprinidae","lentic",-2.295578,47.360951,0.51345230623081,0.00718502981857465,0.53244090836984,0.0168236216828277,272,1622.81818181818,23,0.0240086515014023,"FWB_0406",11,"lentic",47.360951,-2.295578,-1.46967597005894,1.09776055852758,4.69343236323417,867.3064255,10.9497332971347,118,188,820,-0.338273858567841,15,0,1.50851420623107,0,4.96294259748893,"small",-0.682660696121749,1.1285875875722,"low_prod","Warm temperate and mesic","Warm temperate","Q1 (close)",0,"ok",1
"FWB_0406","FWB_0406_2011","Cyprinus carpio_briere_canal_breca","briere_canal_breca","Cyprinus carpio","Cyprinidae","lentic",-2.295578,47.360951,0.388607101053453,0.0153949450312015,0.830299506836133,0.000748943106817315,469.714285714286,601.904761904762,7,0.0161438881380188,"FWB_0406",11,"lentic",47.360951,-2.295578,-1.46967597005894,1.09776055852758,4.69343236323417,867.3064255,10.9497332971347,118,188,820,-0.338273858567841,15,0,1.50851420623107,0,4.96294259748893,"small",-0.682660696121749,1.1285875875722,"low_prod","Warm temperate and mesic","Warm temperate","Q1 (close)",0,"ok",1
"FWB_0406","FWB_0406_2011","Esox lucius_briere_canal_breca","briere_canal_breca","Esox lucius","Esocidae","lentic",-2.295578,47.360951,0.363220750139952,0.0572931657379215,0.346746146993862,0.0418207167397707,144.347826086957,491.328063241107,23,0.0991138824776922,"FWB_0406",11,"lentic",47.360951,-2.295578,-1.46967597005894,1.09776055852758,4.69343236323417,867.3064255,10.9497332971347,118,188,820,-0.338273858567841,15,0,1.50851420623107,0,4.96294259748893,"small",-0.682660696121749,1.1285875875722,"low_prod","Warm temperate and mesic","Warm temperate","Q1 (close)",0,"ok",1
"FWB_0406","FWB_0406_2011","Gambusia affinis_briere_canal_breca","briere_canal_breca","Gambusia affinis","Poeciliidae","lentic",-2.295578,47.360951,0.196325328982372,0.0106709840823368,0.546819585129998,0.0702895031595873,NA,NA,11,0.0809604872419241,"FWB_0406",11,"lentic",47.360951,-2.295578,-1.46967597005894,1.09776055852758,4.69343236323417,867.3064255,10.9497332971347,118,188,820,-0.338273858567841,15,0,1.50851420623107,0,4.96294259748893,"small",-0.682660696121749,1.1285875875722,"low_prod","Warm temperate and mesic","Warm temperate","Q1 (close)",0,"ok",1
"FWB_0406","FWB_0406_2011","Lepomis gibbosus_briere_canal_breca","briere_canal_breca","Lepomis gibbosus","Centrarchidae","lentic",-2.295578,47.360951,0.830387283923391,0.00434612212387914,0.550439907747502,0.00843066047031372,98.1304347826087,151.391304347826,23,0.0127767825941929,"FWB_0406",11,"lentic",47.360951,-2.295578,-1.46967597005894,1.09776055852758,4.69343236323417,867.3064255,10.9497332971347,118,188,820,-0.338273858567841,15,0,1.50851420623107,0,4.96294259748893,"small",-0.682660696121749,1.1285875875722,"low_prod","Warm temperate and mesic","Warm temperate","Q1 (close)",0,"ok",1
"FWB_0406","FWB_0406_2011","Perca fluviatilis_briere_canal_breca","briere_canal_breca","Perca fluviatilis","Percidae","lentic",-2.295578,47.360951,0.621843821414637,0.00881984041053599,0.217202598131591,0.030480100419706,69.8571428571429,673.362637362637,14,0.039299940830242,"FWB_0406",11,"lentic",47.360951,-2.295578,-1.46967597005894,1.09776055852758,4.69343236323417,867.3064255,10.9497332971347,118,188,820,-0.338273858567841,15,0,1.50851420623107,0,4.96294259748893,"small",-0.682660696121749,1.1285875875722,"low_prod","Warm temperate and mesic","Warm temperate","Q1 (close)",0,"ok",1
"FWB_0406","FWB_0406_2011","Rutilus rutilus_briere_canal_breca","briere_canal_breca","Rutilus rutilus","Leuciscidae","lentic",-2.295578,47.360951,0.65255559890753,0.0308882529648833,0.477393922384099,0.0216884490471531,119.045454545455,385.188311688312,22,0.0525767020120364,"FWB_0406",11,"lentic",47.360951,-2.295578,-1.46967597005894,1.09776055852758,4.69343236323417,867.3064255,10.9497332971347,118,188,820,-0.338273858567841,15,0,1.50851420623107,0,4.96294259748893,"small",-0.682660696121749,1.1285875875722,"low_prod","Warm temperate and mesic","Warm temperate","Q1 (close)",0,"ok",1
"FWB_0406","FWB_0406_2011","Scardinius erythrophthalmus_briere_canal_breca","briere_canal_breca","Scardinius erythrophthalmus","Leuciscidae","lentic",-2.295578,47.360951,0.445605523418548,0.0157230728990345,0.431414660337527,0.00969180858071934,95.8260869565217,351.059288537549,23,0.0254148814797539,"FWB_0406",11,"lentic",47.360951,-2.295578,-1.46967597005894,1.09776055852758,4.69343236323417,867.3064255,10.9497332971347,118,188,820,-0.338273858567841,15,0,1.50851420623107,0,4.96294259748893,"small",-0.682660696121749,1.1285875875722,"low_prod","Warm temperate and mesic","Warm temperate","Q1 (close)",0,"ok",1
"FWB_0407","FWB_0407_2011","Abramis brama_briere_canal_brivet","briere_canal_brivet","Abramis brama","Leuciscidae","lentic",-2.233724,47.351064,0.340613265402397,0.0153505048239447,0.544976501305483,0.0184040230237668,134.12,5708.77666666667,25,0.0337545278477116,"FWB_0407",11,"lentic",47.351064,-2.233724,-0.843970070294529,1.00171982492565,4.69343236323417,867.3064255,7.4039120565624,118,167,815,-1.33180617583582,17,0,2.13676778865724,0,3.99630918911607,"small",-0.428851520646908,1.09290502841129,"low_prod","Warm temperate and mesic","Warm temperate","Q1 (close)",0,"ok",1
"FWB_0407","FWB_0407_2011","Ameiurus melas_briere_canal_brivet","briere_canal_brivet","Ameiurus melas","Ictaluridae","lentic",-2.233724,47.351064,0.3583700006004,0.00798507937096678,0.470045098504629,0.0137233011065405,126.181818181818,940.917748917749,22,0.0217083804775072,"FWB_0407",11,"lentic",47.351064,-2.233724,-0.843970070294529,1.00171982492565,4.69343236323417,867.3064255,7.4039120565624,118,167,815,-1.33180617583582,17,0,2.13676778865724,0,3.99630918911607,"small",-0.428851520646908,1.09290502841129,"low_prod","Warm temperate and mesic","Warm temperate","Q1 (close)",0,"ok",1
"FWB_0407","FWB_0407_2011","Anguilla anguilla_briere_canal_brivet","briere_canal_brivet","Anguilla anguilla","Anguillidae","lentic",-2.233724,47.351064,0.198361617379818,0.00706953005172513,0.701992280622091,0.0192267843988291,358.130434782609,8759.48221343874,23,0.0262963144505542,"FWB_0407",11,"lentic",47.351064,-2.233724,-0.843970070294529,1.00171982492565,4.69343236323417,867.3064255,7.4039120565624,118,167,815,-1.33180617583582,17,0,2.13676778865724,0,3.99630918911607,"small",-0.428851520646908,1.09290502841129,"low_prod","Warm temperate and mesic","Warm temperate","Q1 (close)",0,"ok",1
"FWB_0407","FWB_0407_2011","Carassius gibelio_briere_canal_brivet","briere_canal_brivet","Carassius gibelio","Cyprinidae","lentic",-2.233724,47.351064,0.309969208072803,0.00856308457970328,0.484334203655353,0.00601238675019939,338.727272727273,5500.81818181818,11,0.0145754713299027,"FWB_0407",11,"lentic",47.351064,-2.233724,-0.843970070294529,1.00171982492565,4.69343236323417,867.3064255,7.4039120565624,118,167,815,-1.33180617583582,17,0,2.13676778865724,0,3.99630918911607,"small",-0.428851520646908,1.09290502841129,"low_prod","Warm temperate and mesic","Warm temperate","Q1 (close)",0,"ok",1
"FWB_0407","FWB_0407_2011","Ctenopharyngodon idella_briere_canal_brivet","briere_canal_brivet","Ctenopharyngodon idella","Xenocyprididae","lentic",-2.233724,47.351064,0.299249929238607,0.000574092976714844,0.775620104438642,0.000249239036328556,424.5,961,4,0.0008233320130434,"FWB_0407",11,"lentic",47.351064,-2.233724,-0.843970070294529,1.00171982492565,4.69343236323417,867.3064255,7.4039120565624,118,167,815,-1.33180617583582,17,0,2.13676778865724,0,3.99630918911607,"small",-0.428851520646908,1.09290502841129,"low_prod","Warm temperate and mesic","Warm temperate","Q1 (close)",0,"ok",1
"FWB_0407","FWB_0407_2011","Esox lucius_briere_canal_brivet","briere_canal_brivet","Esox lucius","Esocidae","lentic",-2.233724,47.351064,0.388551832207304,0.00793809532177522,0.469979566352594,0.022688150809878,197.478260869565,21220.7154150198,23,0.0306262461316533,"FWB_0407",11,"lentic",47.351064,-2.233724,-0.843970070294529,1.00171982492565,4.69343236323417,867.3064255,7.4039120565624,118,167,815,-1.33180617583582,17,0,2.13676778865724,0,3.99630918911607,"small",-0.428851520646908,1.09290502841129,"low_prod","Warm temperate and mesic","Warm temperate","Q1 (close)",0,"ok",1
"FWB_0407","FWB_0407_2011","Gambusia affinis_briere_canal_brivet","briere_canal_brivet","Gambusia affinis","Poeciliidae","lentic",-2.233724,47.351064,0.269915400823977,0.000784731240514722,0.0963446475195825,0.0103121910981737,NA,NA,6,0.0110969223386884,"FWB_0407",11,"lentic",47.351064,-2.233724,-0.843970070294529,1.00171982492565,4.69343236323417,867.3064255,7.4039120565624,118,167,815,-1.33180617583582,17,0,2.13676778865724,0,3.99630918911607,"small",-0.428851520646908,1.09290502841129,"low_prod","Warm temperate and mesic","Warm temperate","Q1 (close)",0,"ok",1
"FWB_0407","FWB_0407_2011","Lepomis gibbosus_briere_canal_brivet","briere_canal_brivet","Lepomis gibbosus","Centrarchidae","lentic",-2.233724,47.351064,0.39486497905873,0.00385121582684015,0.584527188103076,0.00581622261687407,87.0869565217391,33.1739130434783,23,0.00966743844371422,"FWB_0407",11,"lentic",47.351064,-2.233724,-0.843970070294529,1.00171982492565,4.69343236323417,867.3064255,7.4039120565624,118,167,815,-1.33180617583582,17,0,2.13676778865724,0,3.99630918911607,"small",-0.428851520646908,1.09290502841129,"low_prod","Warm temperate and mesic","Warm temperate","Q1 (close)",0,"ok",1
"FWB_0407","FWB_0407_2011","Perca fluviatilis_briere_canal_brivet","briere_canal_brivet","Perca fluviatilis","Percidae","lentic",-2.233724,47.351064,0.385743938107369,0.00478570580774627,0.519712793733682,0.0207307491164495,121.636363636364,456.337662337662,22,0.0255164549241957,"FWB_0407",11,"lentic",47.351064,-2.233724,-0.843970070294529,1.00171982492565,4.69343236323417,867.3064255,7.4039120565624,118,167,815,-1.33180617583582,17,0,2.13676778865724,0,3.99630918911607,"small",-0.428851520646908,1.09290502841129,"low_prod","Warm temperate and mesic","Warm temperate","Q1 (close)",0,"ok",1
"FWB_0407","FWB_0407_2011","Pungitius pungitius_briere_canal_brivet","briere_canal_brivet","Pungitius pungitius","Gasterosteidae","lentic",-2.233724,47.351064,0.622080250158371,0.108914719077169,0.230380455054084,0.025491434908126,NA,NA,7,0.134406153985295,"FWB_0407",11,"lentic",47.351064,-2.233724,-0.843970070294529,1.00171982492565,4.69343236323417,867.3064255,7.4039120565624,118,167,815,-1.33180617583582,17,0,2.13676778865724,0,3.99630918911607,"small",-0.428851520646908,1.09290502841129,"low_prod","Warm temperate and mesic","Warm temperate","Q1 (close)",0,"ok",1
"FWB_0407","FWB_0407_2011","Rutilus rutilus_briere_canal_brivet","briere_canal_brivet","Rutilus rutilus","Leuciscidae","lentic",-2.233724,47.351064,0.434672224652412,0.00680709716849421,0.614573937811536,0.0160969507329153,117.409090909091,1629.49134199134,22,0.0229040479014095,"FWB_0407",11,"lentic",47.351064,-2.233724,-0.843970070294529,1.00171982492565,4.69343236323417,867.3064255,7.4039120565624,118,167,815,-1.33180617583582,17,0,2.13676778865724,0,3.99630918911607,"small",-0.428851520646908,1.09290502841129,"low_prod","Warm temperate and mesic","Warm temperate","Q1 (close)",0,"ok",1
"FWB_0407","FWB_0407_2011","Scardinius erythrophthalmus_briere_canal_brivet","briere_canal_brivet","Scardinius erythrophthalmus","Leuciscidae","lentic",-2.233724,47.351064,0.250004717426172,0.00880605671260083,0.689856396866841,0.0330038776990059,123.85,1695.08157894737,20,0.0418099344116067,"FWB_0407",11,"lentic",47.351064,-2.233724,-0.843970070294529,1.00171982492565,4.69343236323417,867.3064255,7.4039120565624,118,167,815,-1.33180617583582,17,0,2.13676778865724,0,3.99630918911607,"small",-0.428851520646908,1.09290502841129,"low_prod","Warm temperate and mesic","Warm temperate","Q1 (close)",0,"ok",1
"FWB_0407","FWB_0407_2011","Tinca tinca_briere_canal_brivet","briere_canal_brivet","Tinca tinca","Tincidae","lentic",-2.233724,47.351064,0.304607352894927,0.0024413824832649,0.470452567449956,0.0270352428477612,142.266666666667,6422.49523809524,15,0.0294766253310261,"FWB_0407",11,"lentic",47.351064,-2.233724,-0.843970070294529,1.00171982492565,4.69343236323417,867.3064255,7.4039120565624,118,167,815,-1.33180617583582,17,0,2.13676778865724,0,3.99630918911607,"small",-0.428851520646908,1.09290502841129,"low_prod","Warm temperate and mesic","Warm temperate","Q1 (close)",0,"ok",1
"FWB_0409","FWB_0409_2011","Abramis brama_briere_roseliere","briere_roseliere","Abramis brama","Leuciscidae","lentic",-2.209878,47.359318,0.564398442303751,0.0127068702363764,0.533284727551804,0.0383830721644314,86.65,944.871052631579,20,0.0510899424008079,"FWB_0409",11,"lentic",47.359318,-2.209878,2.30258509299405,-0.728766684096209,4.69343236323417,867.3064255,5.53162906768671,118,188,814,2.63404478779171,19,26,3.74121119662754,0,6.20247075800607,"large",0.847506224870707,0.449967548453435,"low_prod","Warm temperate and mesic","Warm temperate","Q1 (close)",0,"ok",1
"FWB_0409","FWB_0409_2011","Ameiurus melas_briere_roseliere","briere_roseliere","Ameiurus melas","Ictaluridae","lentic",-2.209878,47.359318,0.378868620618979,0.00613937950166944,0.35841099294668,0.0385609676381513,127.571428571429,1209.55714285714,21,0.0447003471398207,"FWB_0409",11,"lentic",47.359318,-2.209878,2.30258509299405,-0.728766684096209,4.69343236323417,867.3064255,5.53162906768671,118,188,814,2.63404478779171,19,26,3.74121119662754,0,6.20247075800607,"large",0.847506224870707,0.449967548453435,"low_prod","Warm temperate and mesic","Warm temperate","Q1 (close)",0,"ok",1
"FWB_0409","FWB_0409_2011","Anguilla anguilla_briere_roseliere","briere_roseliere","Anguilla anguilla","Anguillidae","lentic",-2.209878,47.359318,0.347295015567202,0.00542208335000925,0.400613967766692,0.0326904616479239,431,24401.8,21,0.0381125449979331,"FWB_0409",11,"lentic",47.359318,-2.209878,2.30258509299405,-0.728766684096209,4.69343236323417,867.3064255,5.53162906768671,118,188,814,2.63404478779171,19,26,3.74121119662754,0,6.20247075800607,"large",0.847506224870707,0.449967548453435,"low_prod","Warm temperate and mesic","Warm temperate","Q1 (close)",0,"ok",1
"FWB_0409","FWB_0409_2011","Carassius gibelio_briere_roseliere","briere_roseliere","Carassius gibelio","Cyprinidae","lentic",-2.209878,47.359318,0.376930816672567,0.00365310162532058,0.429163468917882,0.0133678735358335,189,6709.6,11,0.0170209751611541,"FWB_0409",11,"lentic",47.359318,-2.209878,2.30258509299405,-0.728766684096209,4.69343236323417,867.3064255,5.53162906768671,118,188,814,2.63404478779171,19,26,3.74121119662754,0,6.20247075800607,"large",0.847506224870707,0.449967548453435,"low_prod","Warm temperate and mesic","Warm temperate","Q1 (close)",0,"ok",1
"FWB_0409","FWB_0409_2011","Cyprinus carpio_briere_roseliere","briere_roseliere","Cyprinus carpio","Cyprinidae","lentic",-2.209878,47.359318,0.392853201318051,0.00906897142344466,0.7375405868115,0.0103259611320176,535.153846153846,6272.64102564102,13,0.0193949325554623,"FWB_0409",11,"lentic",47.359318,-2.209878,2.30258509299405,-0.728766684096209,4.69343236323417,867.3064255,5.53162906768671,118,188,814,2.63404478779171,19,26,3.74121119662754,0,6.20247075800607,"large",0.847506224870707,0.449967548453435,"low_prod","Warm temperate and mesic","Warm temperate","Q1 (close)",0,"ok",1
"FWB_0409","FWB_0409_2011","Esox lucius_briere_roseliere","briere_roseliere","Esox lucius","Esocidae","lentic",-2.209878,47.359318,0.358046544560174,0.0123778610633548,0.499030210004884,0.0623612682134696,153.181818181818,1583.20346320346,22,0.0747391292768243,"FWB_0409",11,"lentic",47.359318,-2.209878,2.30258509299405,-0.728766684096209,4.69343236323417,867.3064255,5.53162906768671,118,188,814,2.63404478779171,19,26,3.74121119662754,0,6.20247075800607,"large",0.847506224870707,0.449967548453435,"low_prod","Warm temperate and mesic","Warm temperate","Q1 (close)",0,"ok",1
"FWB_0409","FWB_0409_2011","Gasterosteus aculeatus_briere_roseliere","briere_roseliere","Gasterosteus aculeatus","Gasterosteidae","lentic",-2.209878,47.359318,0.340882694541231,0.0199482144399209,0.340905602455871,0.00248197529875269,NA,NA,3,0.0224301897386736,"FWB_0409",11,"lentic",47.359318,-2.209878,2.30258509299405,-0.728766684096209,4.69343236323417,867.3064255,5.53162906768671,118,188,814,2.63404478779171,19,26,3.74121119662754,0,6.20247075800607,"large",0.847506224870707,0.449967548453435,"low_prod","Warm temperate and mesic","Warm temperate","Q1 (close)",0,"ok",1
"FWB_0409","FWB_0409_2011","Lepomis gibbosus_briere_roseliere","briere_roseliere","Lepomis gibbosus","Centrarchidae","lentic",-2.209878,47.359318,0.453980779303591,0.00593710285839568,0.375944401807794,0.0117810738443573,66,113.764705882353,18,0.017718176702753,"FWB_0409",11,"lentic",47.359318,-2.209878,2.30258509299405,-0.728766684096209,4.69343236323417,867.3064255,5.53162906768671,118,188,814,2.63404478779171,19,26,3.74121119662754,0,6.20247075800607,"large",0.847506224870707,0.449967548453435,"low_prod","Warm temperate and mesic","Warm temperate","Q1 (close)",0,"ok",1
"FWB_0409","FWB_0409_2011","Rutilus rutilus_briere_roseliere","briere_roseliere","Rutilus rutilus","Leuciscidae","lentic",-2.209878,47.359318,0.434941370643251,0.00558935156005678,0.440150260532375,0.0134168980682737,110.315789473684,220.116959064327,19,0.0190062496283305,"FWB_0409",11,"lentic",47.359318,-2.209878,2.30258509299405,-0.728766684096209,4.69343236323417,867.3064255,5.53162906768671,118,188,814,2.63404478779171,19,26,3.74121119662754,0,6.20247075800607,"large",0.847506224870707,0.449967548453435,"low_prod","Warm temperate and mesic","Warm temperate","Q1 (close)",0,"ok",1
"FWB_0409","FWB_0409_2011","Scardinius erythrophthalmus_briere_roseliere","briere_roseliere","Scardinius erythrophthalmus","Leuciscidae","lentic",-2.209878,47.359318,0.440719580515133,0.00894811534692521,0.557783320542338,0.0393897997061362,100.25,1107.32608695652,24,0.0483379150530614,"FWB_0409",11,"lentic",47.359318,-2.209878,2.30258509299405,-0.728766684096209,4.69343236323417,867.3064255,5.53162906768671,118,188,814,2.63404478779171,19,26,3.74121119662754,0,6.20247075800607,"large",0.847506224870707,0.449967548453435,"low_prod","Warm temperate and mesic","Warm temperate","Q1 (close)",0,"ok",1
"FWB_0410","FWB_0410_2022","Cyprinus carpio_BVI","BVI","Cyprinus carpio","Cyprinidae","lentic",1.354537,43.519202,0.459932848349189,0.0065940214707414,0.479907621247113,0.067239206378112,429.8,44016.2,5,0.0738332278488534,"FWB_0410",11,"lentic",43.519202,1.354537,-1.38629436111989,-0.866395118333028,6.6442627756725,7771.31446,52.6910818890855,128,366,698,2.42983429390951,19,93,0.14583909121654,0,7.09523849977204,"small",-0.648838068873781,0.398833674703225,"high_prod","Warm temperate and mesic","Warm temperate","Q3",0,"ok",1
"FWB_0410","FWB_0410_2022","Gymnocephalus cernua_BVI","BVI","Gymnocephalus cernua","Percidae","lentic",1.354537,43.519202,0.580442081701175,0.001189828829678,0.54140547674035,0.000175623303989692,89,1,3,0.00136545213366769,"FWB_0410",11,"lentic",43.519202,1.354537,-1.38629436111989,-0.866395118333028,6.6442627756725,7771.31446,52.6910818890855,128,366,698,2.42983429390951,19,93,0.14583909121654,0,7.09523849977204,"small",-0.648838068873781,0.398833674703225,"high_prod","Warm temperate and mesic","Warm temperate","Q3",0,"ok",1
"FWB_0410","FWB_0410_2022","Lepomis gibbosus_BVI","BVI","Lepomis gibbosus","Centrarchidae","lentic",1.354537,43.519202,0.532118541316918,0.00397242713350032,0.522233219692804,0.00670322749408531,76.9166666666667,840.265151515152,12,0.0106756546275856,"FWB_0410",11,"lentic",43.519202,1.354537,-1.38629436111989,-0.866395118333028,6.6442627756725,7771.31446,52.6910818890855,128,366,698,2.42983429390951,19,93,0.14583909121654,0,7.09523849977204,"small",-0.648838068873781,0.398833674703225,"high_prod","Warm temperate and mesic","Warm temperate","Q3",0,"ok",1
"FWB_0410","FWB_0410_2022","Micropterus salmoides_BVI","BVI","Micropterus salmoides","Centrarchidae","lentic",1.354537,43.519202,0.857342713246462,0.0124118571580523,0.442711033605128,0.0392311808053096,206.571428571429,11094.9523809524,7,0.0516430379633619,"FWB_0410",11,"lentic",43.519202,1.354537,-1.38629436111989,-0.866395118333028,6.6442627756725,7771.31446,52.6910818890855,128,366,698,2.42983429390951,19,93,0.14583909121654,0,7.09523849977204,"small",-0.648838068873781,0.398833674703225,"high_prod","Warm temperate and mesic","Warm temperate","Q3",0,"ok",1
"FWB_0410","FWB_0410_2022","Perca fluviatilis_BVI","BVI","Perca fluviatilis","Percidae","lentic",1.354537,43.519202,0.614768275932238,0.00679342988833765,0.509572798256401,0.0349071359908567,150.636363636364,2678.45454545455,11,0.0417005658791943,"FWB_0410",11,"lentic",43.519202,1.354537,-1.38629436111989,-0.866395118333028,6.6442627756725,7771.31446,52.6910818890855,128,366,698,2.42983429390951,19,93,0.14583909121654,0,7.09523849977204,"small",-0.648838068873781,0.398833674703225,"high_prod","Warm temperate and mesic","Warm temperate","Q3",0,"ok",1
"FWB_0410","FWB_0410_2022","Rutilus rutilus_BVI","BVI","Rutilus rutilus","Leuciscidae","lentic",1.354537,43.519202,0.0893156927012551,0.00195227371379344,0.890622299728205,0.00407702167816312,218.857142857143,50.8095238095238,7,0.00602929539195656,"FWB_0410",11,"lentic",43.519202,1.354537,-1.38629436111989,-0.866395118333028,6.6442627756725,7771.31446,52.6910818890855,128,366,698,2.42983429390951,19,93,0.14583909121654,0,7.09523849977204,"small",-0.648838068873781,0.398833674703225,"high_prod","Warm temperate and mesic","Warm temperate","Q3",0,"ok",1
"FWB_0410","FWB_0410_2022","Tinca tinca_BVI","BVI","Tinca tinca","Tincidae","lentic",1.354537,43.519202,0.492830162283156,0.00199238869409288,0.301633124381392,0.00422550866748354,437.25,608.25,4,0.00621789736157642,"FWB_0410",11,"lentic",43.519202,1.354537,-1.38629436111989,-0.866395118333028,6.6442627756725,7771.31446,52.6910818890855,128,366,698,2.42983429390951,19,93,0.14583909121654,0,7.09523849977204,"small",-0.648838068873781,0.398833674703225,"high_prod","Warm temperate and mesic","Warm temperate","Q3",0,"ok",1
"FWB_0411","FWB_0411_2010","Abramis brama_Candes","Candes","Abramis brama","Leuciscidae","lentic",1.978936,44.950435,0.366798941798942,0.00346480471046443,0.607165743149007,0.000522379016206962,450,2100,3,0.0039871837266714,"FWB_0411",11,"lentic",44.950435,1.978936,-1.71479842809193,3.06835834788803,5.72298786906916,2607.870037,64.0088758540003,124,133,778,0.138021297897375,5,0,5.38710179991047,219,3.44495937016166,"small",-0.782091321575565,1.86073497508236,"high_prod","Warm temperate and mesic","Warm temperate","Q3",0,"ok",1
"FWB_0411","FWB_0411_2010","Alburnus alburnus_Candes","Candes","Alburnus alburnus","Leuciscidae","lentic",1.978936,44.950435,0.460992063492064,0.00376360347379693,0.925986656112179,0.000972008480606875,124,80,5,0.0047356119544038,"FWB_0411",11,"lentic",44.950435,1.978936,-1.71479842809193,3.06835834788803,5.72298786906916,2607.870037,64.0088758540003,124,133,778,0.138021297897375,5,0,5.38710179991047,219,3.44495937016166,"small",-0.782091321575565,1.86073497508236,"high_prod","Warm temperate and mesic","Warm temperate","Q3",0,"ok",1
"FWB_0411","FWB_0411_2010","Esox lucius_Candes","Candes","Esox lucius","Esocidae","lentic",1.978936,44.950435,0.82037037037037,0.0342597152672798,0.939368238531418,0.00051328998450259,553.333333333333,13733.3333333333,3,0.0347730052517823,"FWB_0411",11,"lentic",44.950435,1.978936,-1.71479842809193,3.06835834788803,5.72298786906916,2607.870037,64.0088758540003,124,133,778,0.138021297897375,5,0,5.38710179991047,219,3.44495937016166,"small",-0.782091321575565,1.86073497508236,"high_prod","Warm temperate and mesic","Warm temperate","Q3",0,"ok",1
"FWB_0411","FWB_0411_2010","Gymnocephalus cernua_Candes","Candes","Gymnocephalus cernua","Percidae","lentic",1.978936,44.950435,0.266865079365079,0.0692867280013857,0.396302159900486,0.117866879643918,163.333333333333,233.333333333333,3,0.187153607645304,"FWB_0411",11,"lentic",44.950435,1.978936,-1.71479842809193,3.06835834788803,5.72298786906916,2607.870037,64.0088758540003,124,133,778,0.138021297897375,5,0,5.38710179991047,219,3.44495937016166,"small",-0.782091321575565,1.86073497508236,"high_prod","Warm temperate and mesic","Warm temperate","Q3",0,"ok",1
"FWB_0411","FWB_0411_2010","Perca fluviatilis_Candes","Candes","Perca fluviatilis","Percidae","lentic",1.978936,44.950435,0.750396825396825,0.00374986959482868,0.944582657971779,0.00169448375352083,288.888888888889,4786.11111111111,9,0.0054443533483495,"FWB_0411",11,"lentic",44.950435,1.978936,-1.71479842809193,3.06835834788803,5.72298786906916,2607.870037,64.0088758540003,124,133,778,0.138021297897375,5,0,5.38710179991047,219,3.44495937016166,"small",-0.782091321575565,1.86073497508236,"high_prod","Warm temperate and mesic","Warm temperate","Q3",0,"ok",1
"FWB_0411","FWB_0411_2010","Rutilus rutilus_Candes","Candes","Rutilus rutilus","Leuciscidae","lentic",1.978936,44.950435,0.563531746031746,0.00271967415438398,0.820547325568246,0.0023882947773177,146,230,5,0.00510796893170168,"FWB_0411",11,"lentic",44.950435,1.978936,-1.71479842809193,3.06835834788803,5.72298786906916,2607.870037,64.0088758540003,124,133,778,0.138021297897375,5,0,5.38710179991047,219,3.44495937016166,"small",-0.782091321575565,1.86073497508236,"high_prod","Warm temperate and mesic","Warm temperate","Q3",0,"ok",1
"FWB_0411","FWB_0411_2010","Sander lucioperca_Candes","Candes","Sander lucioperca","Percidae","lentic",1.978936,44.950435,0.873313492063492,0.00281929309789759,0.918766255795545,0.000730751506404613,524,4626.66666666667,10,0.00355004460430221,"FWB_0411",11,"lentic",44.950435,1.978936,-1.71479842809193,3.06835834788803,5.72298786906916,2607.870037,64.0088758540003,124,133,778,0.138021297897375,5,0,5.38710179991047,219,3.44495937016166,"small",-0.782091321575565,1.86073497508236,"high_prod","Warm temperate and mesic","Warm temperate","Q3",0,"ok",1
"FWB_0412","FWB_0412_2015","Phoxinus phoxinus_Cerces","Cerces","Phoxinus phoxinus","Leuciscidae","lentic",6.4741196,45.0712685,0.510126582278481,0.0300307999074223,0.0555984555984559,0.00653389186207716,96,33.5,5,0.0365646917694994,"FWB_0412",5,"lentic",45.0712685,6.4741196,0.0295588022415444,-4.0836751016102,5.30077993942497,1462.55953,46.5107581286085,24,81,1457,-0.962334670375562,0,0,0.877138176398087,3819,2.36142082157702,"large",-0.0745162922667294,-0.796500628097133,"high_prod","Cold and wet","Cold and wet/mesic","Q2",0,"ok",1
"FWB_0412","FWB_0412_2015","Salvelinus alpinus_Cerces","Cerces","Salvelinus alpinus","Salmonidae","lentic",6.4741196,45.0712685,0.279184247538678,0.0338909930460894,0.788529601029601,0.0260473480687095,210.25,4099.5,24,0.0599383411147989,"FWB_0412",5,"lentic",45.0712685,6.4741196,0.0295588022415444,-4.0836751016102,5.30077993942497,1462.55953,46.5107581286085,24,81,1457,-0.962334670375562,0,0,0.877138176398087,3819,2.36142082157702,"large",-0.0745162922667294,-0.796500628097133,"high_prod","Cold and wet","Cold and wet/mesic","Q2",0,"ok",1
"FWB_0413","FWB_0413_2015","Barbatula barbatula_Chenilly_brook","Chenilly_brook","Barbatula barbatula","Nemacheilidae","lotic",-0.88757,48.600016,0.736771787502763,0.0263781723968488,0.27947712059695,0.0111134700019656,81.9230769230769,260.576923076923,13,0.0374916423988144,"FWB_0413",10,"lotic",48.600016,-0.88757,0.118671529717499,5.35926817554238,4.48155382560223,2699.723102,76.1334998554951,104,110,766,-1.46101790731583,10,0,0.118680410672734,0,3.20177076386622,"small",-0.937027497601768,0.173345285649244,"low_prod","Cool temperate and moist","Cool and moist","Q4 (far)",0,"ok",1
"FWB_0413","FWB_0413_2015","Cottus gobio_Chenilly_brook","Chenilly_brook","Cottus gobio","Cottidae","lotic",-0.88757,48.600016,0.620523553667375,0.00551364437787351,0.387384094151213,0.0115242649500585,65,55.2631578947368,20,0.017037909327932,"FWB_0413",10,"lotic",48.600016,-0.88757,0.118671529717499,5.35926817554238,4.48155382560223,2699.723102,76.1334998554951,104,110,766,-1.46101790731583,10,0,0.118680410672734,0,3.20177076386622,"small",-0.937027497601768,0.173345285649244,"low_prod","Cool temperate and moist","Cool and moist","Q4 (far)",0,"ok",1
"FWB_0413","FWB_0413_2015","Lampetra planeri_Chenilly_brook","Chenilly_brook","Lampetra planeri","Petromyzontidae","lotic",-0.88757,48.600016,0.170511058353118,0.0170719212898726,0.467055991440799,0.0271061347093364,100.6,357.2,20,0.044178055999209,"FWB_0413",10,"lotic",48.600016,-0.88757,0.118671529717499,5.35926817554238,4.48155382560223,2699.723102,76.1334998554951,104,110,766,-1.46101790731583,10,0,0.118680410672734,0,3.20177076386622,"small",-0.937027497601768,0.173345285649244,"low_prod","Cool temperate and moist","Cool and moist","Q4 (far)",0,"ok",1
"FWB_0413","FWB_0413_2015","Phoxinus phoxinus_Chenilly_brook","Chenilly_brook","Phoxinus phoxinus","Leuciscidae","lotic",-0.88757,48.600016,0.60803448706735,0.0256327248031846,0.368865905848788,0.00934358118703238,73,116.888888888889,10,0.034976305990217,"FWB_0413",10,"lotic",48.600016,-0.88757,0.118671529717499,5.35926817554238,4.48155382560223,2699.723102,76.1334998554951,104,110,766,-1.46101790731583,10,0,0.118680410672734,0,3.20177076386622,"small",-0.937027497601768,0.173345285649244,"low_prod","Cool temperate and moist","Cool and moist","Q4 (far)",0,"ok",1
"FWB_0413","FWB_0413_2015","Salmo trutta_Chenilly_brook","Chenilly_brook","Salmo trutta","Salmonidae","lotic",-0.88757,48.600016,0.668530551043359,0.0084843998299255,0.542840584878745,0.095957726289222,79.5,101.666666666667,4,0.104442126119147,"FWB_0413",10,"lotic",48.600016,-0.88757,0.118671529717499,5.35926817554238,4.48155382560223,2699.723102,76.1334998554951,104,110,766,-1.46101790731583,10,0,0.118680410672734,0,3.20177076386622,"small",-0.937027497601768,0.173345285649244,"low_prod","Cool temperate and moist","Cool and moist","Q4 (far)",0,"ok",1
"FWB_0414","FWB_0414_2002","Abramis brama_Clairvaux","Clairvaux","Abramis brama","Leuciscidae","lentic",5.74962,46.56429,0.735675675675676,0.0211916781646511,0.213097072419106,0.0159784098855943,379,13515.5555555556,10,0.0371700880502455,"FWB_0414",10,"lentic",46.56429,5.74962,-0.653926467406664,-2.07505463149418,6.07762900839907,4184.308672,91.7232219925384,93,86,1042,0.0797349680188535,3,0,0.188974377624055,0,4.23068049760417,"small",-0.351762891354139,-0.0502264580788345,"high_prod","Cool temperate and moist","Cool and moist","Q4 (far)",0,"ok",1
"FWB_0414","FWB_0414_2002","Alburnus alburnus_Clairvaux","Clairvaux","Alburnus alburnus","Leuciscidae","lentic",5.74962,46.56429,0.417417417417417,0.0005956226496767,0.440164355418593,0.000433917931502221,158.666666666667,35.4666666666667,6,0.00102954058117892,"FWB_0414",10,"lentic",46.56429,5.74962,-0.653926467406664,-2.07505463149418,6.07762900839907,4184.308672,91.7232219925384,93,86,1042,0.0797349680188535,3,0,0.188974377624055,0,4.23068049760417,"small",-0.351762891354139,-0.0502264580788345,"high_prod","Cool temperate and moist","Cool and moist","Q4 (far)",0,"ok",1
"FWB_0414","FWB_0414_2002","Coregonus lavaretus_Clairvaux","Clairvaux","Coregonus lavaretus","Salmonidae","lentic",5.74962,46.56429,0.666816816816817,0.0386848519280951,0.12788906009245,0.00226419647195001,280.833333333333,4199.24242424242,12,0.0409490484000452,"FWB_0414",10,"lentic",46.56429,5.74962,-0.653926467406664,-2.07505463149418,6.07762900839907,4184.308672,91.7232219925384,93,86,1042,0.0797349680188535,3,0,0.188974377624055,0,4.23068049760417,"small",-0.351762891354139,-0.0502264580788345,"high_prod","Cool temperate and moist","Cool and moist","Q4 (far)",0,"ok",1
"FWB_0414","FWB_0414_2002","Esox lucius_Clairvaux","Clairvaux","Esox lucius","Esocidae","lentic",5.74962,46.56429,0.818018018018018,0.00643129616102589,0.345146379044684,0.00628441053083921,460,4825,3,0.0127157066918651,"FWB_0414",10,"lentic",46.56429,5.74962,-0.653926467406664,-2.07505463149418,6.07762900839907,4184.308672,91.7232219925384,93,86,1042,0.0797349680188535,3,0,0.188974377624055,0,4.23068049760417,"small",-0.351762891354139,-0.0502264580788345,"high_prod","Cool temperate and moist","Cool and moist","Q4 (far)",0,"ok",1
"FWB_0414","FWB_0414_2002","Gymnocephalus cernua_Clairvaux","Clairvaux","Gymnocephalus cernua","Percidae","lentic",5.74962,46.56429,0.837837837837838,0.0111857803749696,0.112018489984592,0.0175220975258843,96,1267.5,5,0.0287078779008539,"FWB_0414",10,"lentic",46.56429,5.74962,-0.653926467406664,-2.07505463149418,6.07762900839907,4184.308672,91.7232219925384,93,86,1042,0.0797349680188535,3,0,0.188974377624055,0,4.23068049760417,"small",-0.351762891354139,-0.0502264580788345,"high_prod","Cool temperate and moist","Cool and moist","Q4 (far)",0,"ok",1
"FWB_0414","FWB_0414_2002","Perca fluviatilis_Clairvaux","Clairvaux","Perca fluviatilis","Percidae","lentic",5.74962,46.56429,0.761981981981982,0.0157696074452831,0.295069337442219,0.00727786601751764,199,14793.3333333333,10,0.0230474734628007,"FWB_0414",10,"lentic",46.56429,5.74962,-0.653926467406664,-2.07505463149418,6.07762900839907,4184.308672,91.7232219925384,93,86,1042,0.0797349680188535,3,0,0.188974377624055,0,4.23068049760417,"small",-0.351762891354139,-0.0502264580788345,"high_prod","Cool temperate and moist","Cool and moist","Q4 (far)",0,"ok",1
"FWB_0414","FWB_0414_2002","Rutilus rutilus_Clairvaux","Clairvaux","Rutilus rutilus","Leuciscidae","lentic",5.74962,46.56429,0.548828828828829,0.00909969428888347,0.383513097072419,0.0238382888718477,175.8,4327.51111111111,10,0.0329379831607312,"FWB_0414",10,"lentic",46.56429,5.74962,-0.653926467406664,-2.07505463149418,6.07762900839907,4184.308672,91.7232219925384,93,86,1042,0.0797349680188535,3,0,0.188974377624055,0,4.23068049760417,"small",-0.351762891354139,-0.0502264580788345,"high_prod","Cool temperate and moist","Cool and moist","Q4 (far)",0,"ok",1
"FWB_0414","FWB_0414_2002","Scardinius erythrophthalmus_Clairvaux","Clairvaux","Scardinius erythrophthalmus","Leuciscidae","lentic",5.74962,46.56429,0.431081081081081,0.15477570234327,0.611517719568567,0.0740897966257712,226.875,11935.2678571429,8,0.228865498969041,"FWB_0414",10,"lentic",46.56429,5.74962,-0.653926467406664,-2.07505463149418,6.07762900839907,4184.308672,91.7232219925384,93,86,1042,0.0797349680188535,3,0,0.188974377624055,0,4.23068049760417,"small",-0.351762891354139,-0.0502264580788345,"high_prod","Cool temperate and moist","Cool and moist","Q4 (far)",0,"ok",1
"FWB_0414","FWB_0414_2002","Squalius cephalus_Clairvaux","Clairvaux","Squalius cephalus","Leuciscidae","lentic",5.74962,46.56429,0.635585585585586,0.0071084598111625,0.672573189522342,0.00928100044080301,488.75,3272.91666666667,4,0.0163894602519655,"FWB_0414",10,"lentic",46.56429,5.74962,-0.653926467406664,-2.07505463149418,6.07762900839907,4184.308672,91.7232219925384,93,86,1042,0.0797349680188535,3,0,0.188974377624055,0,4.23068049760417,"small",-0.351762891354139,-0.0502264580788345,"high_prod","Cool temperate and moist","Cool and moist","Q4 (far)",0,"ok",1
"FWB_0415","FWB_0415_2015","Barbatula barbatula_Douenne_brook","Douenne_brook","Barbatula barbatula","Nemacheilidae","lotic",-1.074531,48.609517,0.692500430144529,0.0107688738962288,0.581958183453237,0.0378917616356555,94.6875,124.895833333333,16,0.0486606355318843,"FWB_0415",10,"lotic",48.609517,-1.074531,1.21639532432449,4.94342281961608,4.48155382560223,2699.723102,93.7817133947534,106,104,768,-0.133531392624523,14,0,1.21639828728307,0,3.58781552821379,"small",-0.187348475081158,-0.377316261771439,"low_prod","Cool temperate and moist","Cool and moist","Q4 (far)",0,"ok",1
"FWB_0415","FWB_0415_2015","Cottus gobio_Douenne_brook","Douenne_brook","Cottus gobio","Cottidae","lotic",-1.074531,48.609517,0.775120440467997,0.0139931636590956,0.359068534645967,0.0667361014633958,64.4736842105263,55.2631578947368,19,0.0807292651224913,"FWB_0415",10,"lotic",48.609517,-1.074531,1.21639532432449,4.94342281961608,4.48155382560223,2699.723102,93.7817133947534,106,104,768,-0.133531392624523,14,0,1.21639828728307,0,3.58781552821379,"small",-0.187348475081158,-0.377316261771439,"low_prod","Cool temperate and moist","Cool and moist","Q4 (far)",0,"ok",1
"FWB_0415","FWB_0415_2015","Lampetra planeri_Douenne_brook","Douenne_brook","Lampetra planeri","Petromyzontidae","lotic",-1.074531,48.609517,0.205002354475314,0.0122702085775031,0.6548939795532,0.0191282750021111,115,108.333333333333,19,0.0313984835796143,"FWB_0415",10,"lotic",48.609517,-1.074531,1.21639532432449,4.94342281961608,4.48155382560223,2699.723102,93.7817133947534,106,104,768,-0.133531392624523,14,0,1.21639828728307,0,3.58781552821379,"small",-0.187348475081158,-0.377316261771439,"low_prod","Cool temperate and moist","Cool and moist","Q4 (far)",0,"ok",1
"FWB_0415","FWB_0415_2015","Phoxinus phoxinus_Douenne_brook","Douenne_brook","Phoxinus phoxinus","Leuciscidae","lotic",-1.074531,48.609517,0.63198554714384,0.0173899663520865,0.481025179856115,0.0313414250613897,75.5,35.8333333333333,10,0.0487313914134763,"FWB_0415",10,"lotic",48.609517,-1.074531,1.21639532432449,4.94342281961608,4.48155382560223,2699.723102,93.7817133947534,106,104,768,-0.133531392624523,14,0,1.21639828728307,0,3.58781552821379,"small",-0.187348475081158,-0.377316261771439,"low_prod","Cool temperate and moist","Cool and moist","Q4 (far)",0,"ok",1
"FWB_0415","FWB_0415_2015","Salmo trutta_Douenne_brook","Douenne_brook","Salmo trutta","Salmonidae","lotic",-1.074531,48.609517,0.78121128699243,0.063066390513682,0.640611510791367,0.0177259426271932,100.6,448.8,5,0.0807923331408751,"FWB_0415",10,"lotic",48.609517,-1.074531,1.21639532432449,4.94342281961608,4.48155382560223,2699.723102,93.7817133947534,106,104,768,-0.133531392624523,14,0,1.21639828728307,0,3.58781552821379,"small",-0.187348475081158,-0.377316261771439,"low_prod","Cool temperate and moist","Cool and moist","Q4 (far)",0,"ok",1
"FWB_0417","FWB_0417_2010","Perca fluviatilis_Filheit","Filheit","Perca fluviatilis","Percidae","lentic",0.747653,43.06708,0.179394207384479,0.0208235950685931,0.248814444202741,0.072769517190397,181.2,815.2,5,0.0935931122589901,"FWB_0417",11,"lentic",43.06708,0.747653,-2.12026353620009,6.03094852803,6.6442627756725,7771.31446,54.9420585667063,123,110,757,0.418710334858185,4,0,6.35024154767682,0,3.8193814815918,"small",-0.946562784624735,2.96144292896581,"high_prod","Warm temperate and mesic","Warm temperate","Q3",0,"ok",1
"FWB_0417","FWB_0417_2010","Sander lucioperca_Filheit","Filheit","Sander lucioperca","Percidae","lentic",0.747653,43.06708,0.753482202078267,0.0363756052844896,0.515746984748507,0.0750143114829508,436.666666666667,6725,9,0.11138991676744,"FWB_0417",11,"lentic",43.06708,0.747653,-2.12026353620009,6.03094852803,6.6442627756725,7771.31446,54.9420585667063,123,110,757,0.418710334858185,4,0,6.35024154767682,0,3.8193814815918,"small",-0.946562784624735,2.96144292896581,"high_prod","Warm temperate and mesic","Warm temperate","Q3",0,"ok",1
"FWB_0417","FWB_0417_2010","Scardinius erythrophthalmus_Filheit","Filheit","Scardinius erythrophthalmus","Leuciscidae","lentic",0.747653,43.06708,0.138845898739775,0.00697232300147296,0.502980204481183,0.0432012838668795,111.8,122.2,5,0.0501736068683524,"FWB_0417",11,"lentic",43.06708,0.747653,-2.12026353620009,6.03094852803,6.6442627756725,7771.31446,54.9420585667063,123,110,757,0.418710334858185,4,0,6.35024154767682,0,3.8193814815918,"small",-0.946562784624735,2.96144292896581,"high_prod","Warm temperate and mesic","Warm temperate","Q3",0,"ok",1
"FWB_0427","FWB_0427_2016","Ameiurus melas_Lake Bourget","Lake Bourget","Ameiurus melas","Ictaluridae","lentic",5.869574,45.729665,0.572119381315349,0.00154035451619459,0.837372609744679,0.000176615490353788,44.5,0,7,0.00171697000654838,"FWB_0427",10,"lentic",45.729665,5.869574,3.75091484503339,-5.48456159286805,6.09008877846301,13059.70194,83.6404517673099,112,234,868,3.85777799057575,2,26,4.60076057794133,0,5.78544236629026,"large",1.43500169250046,-1.31697994168937,"high_prod","Cool temperate and moist","Cool and moist","Q4 (far)",0,"ok",1
"FWB_0427","FWB_0427_2016","Coregonus lavaretus_Lake Bourget","Lake Bourget","Coregonus lavaretus","Salmonidae","lentic",5.869574,45.729665,0.69331507703483,0.00159148889319962,0.349509680353109,0.00266345899330494,379.68085106383,1017.65679925994,51,0.00425494788650455,"FWB_0427",10,"lentic",45.729665,5.869574,3.75091484503339,-5.48456159286805,6.09008877846301,13059.70194,83.6404517673099,112,234,868,3.85777799057575,2,26,4.60076057794133,0,5.78544236629026,"large",1.43500169250046,-1.31697994168937,"high_prod","Cool temperate and moist","Cool and moist","Q4 (far)",0,"ok",1
"FWB_0427","FWB_0427_2016","Esox lucius_Lake Bourget","Lake Bourget","Esox lucius","Esocidae","lentic",5.869574,45.729665,0.824686501106467,0.00544736011130021,0.784093773632468,0.0201087995848534,832,66920,5,0.0255561596961536,"FWB_0427",10,"lentic",45.729665,5.869574,3.75091484503339,-5.48456159286805,6.09008877846301,13059.70194,83.6404517673099,112,234,868,3.85777799057575,2,26,4.60076057794133,0,5.78544236629026,"large",1.43500169250046,-1.31697994168937,"high_prod","Cool temperate and moist","Cool and moist","Q4 (far)",0,"ok",1
"FWB_0427","FWB_0427_2016","Perca fluviatilis_Lake Bourget","Lake Bourget","Perca fluviatilis","Percidae","lentic",5.869574,45.729665,0.569068971913432,0.0513466685989452,0.498497472569753,0.030902213917477,131.428571428571,4674.72527472527,19,0.0822488825164222,"FWB_0427",10,"lentic",45.729665,5.869574,3.75091484503339,-5.48456159286805,6.09008877846301,13059.70194,83.6404517673099,112,234,868,3.85777799057575,2,26,4.60076057794133,0,5.78544236629026,"large",1.43500169250046,-1.31697994168937,"high_prod","Cool temperate and moist","Cool and moist","Q4 (far)",0,"ok",1
"FWB_0427","FWB_0427_2016","Rutilus rutilus_Lake Bourget","Lake Bourget","Rutilus rutilus","Leuciscidae","lentic",5.869574,45.729665,0.468083838135473,0.00777300471527166,0.669546485780416,0.00823375456598682,110.909090909091,424.090909090909,11,0.0160067592812585,"FWB_0427",10,"lentic",45.729665,5.869574,3.75091484503339,-5.48456159286805,6.09008877846301,13059.70194,83.6404517673099,112,234,868,3.85777799057575,2,26,4.60076057794133,0,5.78544236629026,"large",1.43500169250046,-1.31697994168937,"high_prod","Cool temperate and moist","Cool and moist","Q4 (far)",0,"ok",1
"FWB_0427","FWB_0427_2016","Salaria fluviatilis_Lake Bourget","Lake Bourget","Salaria fluviatilis","Blenniidae","lentic",5.869574,45.729665,0.50017758107259,0.000928100108142487,0.868099319384926,0.00109370767363646,46.8333333333333,171.766666666667,6,0.00202180778177895,"FWB_0427",10,"lentic",45.729665,5.869574,3.75091484503339,-5.48456159286805,6.09008877846301,13059.70194,83.6404517673099,112,234,868,3.85777799057575,2,26,4.60076057794133,0,5.78544236629026,"large",1.43500169250046,-1.31697994168937,"high_prod","Cool temperate and moist","Cool and moist","Q4 (far)",0,"ok",1
"FWB_0427","FWB_0427_2016","Salmo trutta_Lake Bourget","Lake Bourget","Salmo trutta","Salmonidae","lentic",5.869574,45.729665,0.724894680763872,0.0271001908195186,0.597027980841946,0.00261086010993943,526.190476190476,38194.7619047619,25,0.029711050929458,"FWB_0427",10,"lentic",45.729665,5.869574,3.75091484503339,-5.48456159286805,6.09008877846301,13059.70194,83.6404517673099,112,234,868,3.85777799057575,2,26,4.60076057794133,0,5.78544236629026,"large",1.43500169250046,-1.31697994168937,"high_prod","Cool temperate and moist","Cool and moist","Q4 (far)",0,"ok",1
"FWB_0427","FWB_0427_2016","Salvelinus alpinus_Lake Bourget","Lake Bourget","Salvelinus alpinus","Salmonidae","lentic",5.869574,45.729665,0.872469469715597,0.00110528626503376,0.384484497101084,0.00212023893929105,377,1712.22222222222,10,0.0032255252043248,"FWB_0427",10,"lentic",45.729665,5.869574,3.75091484503339,-5.48456159286805,6.09008877846301,13059.70194,83.6404517673099,112,234,868,3.85777799057575,2,26,4.60076057794133,0,5.78544236629026,"large",1.43500169250046,-1.31697994168937,"high_prod","Cool temperate and moist","Cool and moist","Q4 (far)",0,"ok",1
"FWB_0427","FWB_0427_2016","Silurus glanis_Lake Bourget","Lake Bourget","Silurus glanis","Siluridae","lentic",5.869574,45.729665,0.592861240881895,0.00122902676599849,0.754127804386186,0.00140892612562167,556.25,42239.5833333333,4,0.00263795289162016,"FWB_0427",10,"lentic",45.729665,5.869574,3.75091484503339,-5.48456159286805,6.09008877846301,13059.70194,83.6404517673099,112,234,868,3.85777799057575,2,26,4.60076057794133,0,5.78544236629026,"large",1.43500169250046,-1.31697994168937,"high_prod","Cool temperate and moist","Cool and moist","Q4 (far)",0,"ok",1
"FWB_0436","FWB_0436_2014","Cottus gobio_Lou","Lou","Cottus gobio","Cottidae","lentic",6.5290091,45.2906442,0.83234126984127,0.0477017195767195,0.392565359477124,0.0892239963795976,81,175,3,0.136925715956317,"FWB_0436",10,"lentic",45.2906442,6.5290091,-1.83258146374831,4.43111041685531,5.30077993942497,1462.55953,48.9493129923843,103,121,861,2.01102885899366,3,23,5.85078483746325,55,5.39779163720679,"small",-0.829868424486255,2.36704599019938,"high_prod","Cool temperate and moist","Cool and moist","Q3",0,"ok",1
"FWB_0436","FWB_0436_2014","Phoxinus phoxinus_Lou","Lou","Phoxinus phoxinus","Leuciscidae","lentic",6.5290091,45.2906442,0.227380952380952,0.00271754535147392,0.401960784313726,0.0192158664936563,71.4,61.8,5,0.0219334118451302,"FWB_0436",10,"lentic",45.2906442,6.5290091,-1.83258146374831,4.43111041685531,5.30077993942497,1462.55953,48.9493129923843,103,121,861,2.01102885899366,3,23,5.85078483746325,55,5.39779163720679,"small",-0.829868424486255,2.36704599019938,"high_prod","Cool temperate and moist","Cool and moist","Q3",0,"ok",1
"FWB_0436","FWB_0436_2014","Salmo trutta_Lou","Lou","Salmo trutta","Salmonidae","lentic",6.5290091,45.2906442,0.760912698412698,0.0233087679516251,0.920751633986928,0.00364503235934897,345.5,14947.9,6,0.0269538003109741,"FWB_0436",10,"lentic",45.2906442,6.5290091,-1.83258146374831,4.43111041685531,5.30077993942497,1462.55953,48.9493129923843,103,121,861,2.01102885899366,3,23,5.85078483746325,55,5.39779163720679,"small",-0.829868424486255,2.36704599019938,"high_prod","Cool temperate and moist","Cool and moist","Q3",0,"ok",1
"FWB_0436","FWB_0436_2014","Salvelinus alpinus_Lou","Lou","Salvelinus alpinus","Salmonidae","lentic",6.5290091,45.2906442,0.476286482334869,0.0476653934423232,0.275932953826692,0.0368010597660949,259.903225806452,4851.02365591398,31,0.0844664532084181,"FWB_0436",10,"lentic",45.2906442,6.5290091,-1.83258146374831,4.43111041685531,5.30077993942497,1462.55953,48.9493129923843,103,121,861,2.01102885899366,3,23,5.85078483746325,55,5.39779163720679,"small",-0.829868424486255,2.36704599019938,"high_prod","Cool temperate and moist","Cool and moist","Q3",0,"ok",1
"FWB_0437","FWB_0437_2010","Gymnocephalus cernua_Mas_Chaban","Mas_Chaban","Gymnocephalus cernua","Percidae","lentic",0.64829,45.80643,0.822685291199145,0.0121222853213815,0.516829976410815,0.0444031210602993,83.3333333333333,133.333333333333,3,0.0565254063816809,"FWB_0437",11,"lentic",45.80643,0.64829,0.22314355131421,-2.61870334923304,4.37568980330055,2367.041626,81.175076622397,114,92,935,-0.551647618286246,7,0,1.66506370796994,671,2.61980242372089,"large",0.00400875530775677,-0.252211353507411,"low_prod","Warm temperate and mesic","Warm temperate","Q4 (far)",0,"ok",1
"FWB_0437","FWB_0437_2010","Perca fluviatilis_Mas_Chaban","Mas_Chaban","Perca fluviatilis","Percidae","lentic",0.64829,45.80643,0.896038470345775,0.00813620315448489,0.0561150426419887,0.00302676307206441,143.333333333333,33.3333333333333,3,0.0111629662265493,"FWB_0437",11,"lentic",45.80643,0.64829,0.22314355131421,-2.61870334923304,4.37568980330055,2367.041626,81.175076622397,114,92,935,-0.551647618286246,7,0,1.66506370796994,671,2.61980242372089,"large",0.00400875530775677,-0.252211353507411,"low_prod","Warm temperate and mesic","Warm temperate","Q4 (far)",0,"ok",1
"FWB_0437","FWB_0437_2010","Rutilus rutilus_Mas_Chaban","Mas_Chaban","Rutilus rutilus","Leuciscidae","lentic",0.64829,45.80643,0.557285703381421,0.00907226442281834,0.242605697695518,0.0248722935679589,116.666666666667,33.3333333333333,3,0.0339445579907772,"FWB_0437",11,"lentic",45.80643,0.64829,0.22314355131421,-2.61870334923304,4.37568980330055,2367.041626,81.175076622397,114,92,935,-0.551647618286246,7,0,1.66506370796994,671,2.61980242372089,"large",0.00400875530775677,-0.252211353507411,"low_prod","Warm temperate and mesic","Warm temperate","Q4 (far)",0,"ok",1
"FWB_0437","FWB_0437_2010","Scardinius erythrophthalmus_Mas_Chaban","Mas_Chaban","Scardinius erythrophthalmus","Leuciscidae","lentic",0.64829,45.80643,0.144569116861308,0.0195546334656987,0.681137724550898,0.0846559775485403,116.666666666667,33.3333333333333,3,0.104210611014239,"FWB_0437",11,"lentic",45.80643,0.64829,0.22314355131421,-2.61870334923304,4.37568980330055,2367.041626,81.175076622397,114,92,935,-0.551647618286246,7,0,1.66506370796994,671,2.61980242372089,"large",0.00400875530775677,-0.252211353507411,"low_prod","Warm temperate and mesic","Warm temperate","Q4 (far)",0,"ok",1
"FWB_0440","FWB_0440_2010","Esox lucius_Montdély","Montdély","Esox lucius","Esocidae","lentic",9.12378,43.05118,0.717711931969173,0.0154614150438459,0.784143855562027,0.0304684025821472,500,15000,4,0.0459298176259931,"FWB_0440",11,"lentic",43.05118,9.12378,-0.287682072451781,-1.58218473926915,5.18365200925294,1328.67019,136.22143921071,148,128,751,0.731405892677036,2,0,1.48342334045058,0,3.96677649642463,"large",-0.20320078263696,0.132892291938683,"high_prod","Warm temperate and mesic","Warm temperate","Q4 (far)",0,"ok",1
"FWB_0440","FWB_0440_2010","Perca fluviatilis_Montdély","Montdély","Perca fluviatilis","Percidae","lentic",9.12378,43.05118,0.65426521392506,0.0405704903663226,0.865579499126383,0.00649457156822602,305.8,4860.7,5,0.0470650619345487,"FWB_0440",11,"lentic",43.05118,9.12378,-0.287682072451781,-1.58218473926915,5.18365200925294,1328.67019,136.22143921071,148,128,751,0.731405892677036,2,0,1.48342334045058,0,3.96677649642463,"large",-0.20320078263696,0.132892291938683,"high_prod","Warm temperate and mesic","Warm temperate","Q4 (far)",0,"ok",1
"FWB_0440","FWB_0440_2010","Rutilus rutilus_Montdély","Montdély","Rutilus rutilus","Leuciscidae","lentic",9.12378,43.05118,0.195402604305076,0.0186134321168373,0.464705882352941,0.0691951219172074,145.5,138.722222222222,10,0.0878085540340447,"FWB_0440",11,"lentic",43.05118,9.12378,-0.287682072451781,-1.58218473926915,5.18365200925294,1328.67019,136.22143921071,148,128,751,0.731405892677036,2,0,1.48342334045058,0,3.96677649642463,"large",-0.20320078263696,0.132892291938683,"high_prod","Warm temperate and mesic","Warm temperate","Q4 (far)",0,"ok",1
"FWB_0442","FWB_0442_2022","Abramis brama_NEW","NEW","Abramis brama","Leuciscidae","lentic",1.3920236,43.4906696,0.55256031050707,0.0028980147419319,0.240691608669461,0.0150255232592944,200.222222222222,1943.44444444444,9,0.0179235380012263,"FWB_0442",11,"lentic",43.4906696,1.3920236,-0.174353387144778,-4.20733188431255,6.6442627756725,7771.31446,50.066067408743,128,353,702,1.95755635368971,75,57,-1.68195484327328,0,5.91472660808273,"large",-0.157230526984507,-0.842443534809124,"high_prod","Warm temperate and mesic","Warm temperate","Q3",0,"ok",1
"FWB_0442","FWB_0442_2022","Cyprinus carpio_NEW","NEW","Cyprinus carpio","Cyprinidae","lentic",1.3920236,43.4906696,0.526489198397544,0.00668104938559986,0.591917560656746,0.0236247321595888,860,1100,9,0.0303057815451886,"FWB_0442",11,"lentic",43.4906696,1.3920236,-0.174353387144778,-4.20733188431255,6.6442627756725,7771.31446,50.066067408743,128,353,702,1.95755635368971,75,57,-1.68195484327328,0,5.91472660808273,"large",-0.157230526984507,-0.842443534809124,"high_prod","Warm temperate and mesic","Warm temperate","Q3",0,"ok",1
"FWB_0442","FWB_0442_2022","Esox lucius_NEW","NEW","Esox lucius","Esocidae","lentic",1.3920236,43.4906696,0.89494177992437,0.00321548538662189,0.446841235052102,0.00731128303952775,596.333333333333,2650.33333333333,3,0.0105267684261496,"FWB_0442",11,"lentic",43.4906696,1.3920236,-0.174353387144778,-4.20733188431255,6.6442627756725,7771.31446,50.066067408743,128,353,702,1.95755635368971,75,57,-1.68195484327328,0,5.91472660808273,"large",-0.157230526984507,-0.842443534809124,"high_prod","Warm temperate and mesic","Warm temperate","Q3",0,"ok",1
"FWB_0442","FWB_0442_2022","Gambusia affinis_NEW","NEW","Gambusia affinis","Poeciliidae","lentic",1.3920236,43.4906696,0.533393238234303,0.00560627792327227,0.496227938631907,0.0476778945416716,37.5,124.333333333333,5,0.0532841724649438,"FWB_0442",11,"lentic",43.4906696,1.3920236,-0.174353387144778,-4.20733188431255,6.6442627756725,7771.31446,50.066067408743,128,353,702,1.95755635368971,75,57,-1.68195484327328,0,5.91472660808273,"large",-0.157230526984507,-0.842443534809124,"high_prod","Warm temperate and mesic","Warm temperate","Q3",0,"ok",1
"FWB_0442","FWB_0442_2022","Lepomis gibbosus_NEW","NEW","Lepomis gibbosus","Centrarchidae","lentic",1.3920236,43.4906696,0.652214609307724,0.0187613240303606,0.571371810153677,0.0140727674897457,52.6666666666667,363.75,9,0.0328340915201063,"FWB_0442",11,"lentic",43.4906696,1.3920236,-0.174353387144778,-4.20733188431255,6.6442627756725,7771.31446,50.066067408743,128,353,702,1.95755635368971,75,57,-1.68195484327328,0,5.91472660808273,"large",-0.157230526984507,-0.842443534809124,"high_prod","Warm temperate and mesic","Warm temperate","Q3",0,"ok",1
"FWB_0442","FWB_0442_2022","Perca fluviatilis_NEW","NEW","Perca fluviatilis","Percidae","lentic",1.3920236,43.4906696,0.845527043999469,0.005557815689984,0.457628540567749,0.0162710467668977,205,8879.8,11,0.0218288624568817,"FWB_0442",11,"lentic",43.4906696,1.3920236,-0.174353387144778,-4.20733188431255,6.6442627756725,7771.31446,50.066067408743,128,353,702,1.95755635368971,75,57,-1.68195484327328,0,5.91472660808273,"large",-0.157230526984507,-0.842443534809124,"high_prod","Warm temperate and mesic","Warm temperate","Q3",0,"ok",1
"FWB_0442","FWB_0442_2022","Rutilus rutilus_NEW","NEW","Rutilus rutilus","Leuciscidae","lentic",1.3920236,43.4906696,0.386827875034098,0.0677462223832315,0.620651582815616,0.0207858903940812,155.142857142857,4931.51648351648,14,0.0885321127773127,"FWB_0442",11,"lentic",43.4906696,1.3920236,-0.174353387144778,-4.20733188431255,6.6442627756725,7771.31446,50.066067408743,128,353,702,1.95755635368971,75,57,-1.68195484327328,0,5.91472660808273,"large",-0.157230526984507,-0.842443534809124,"high_prod","Warm temperate and mesic","Warm temperate","Q3",0,"ok",1
"FWB_0442","FWB_0442_2022","Sander lucioperca_NEW","NEW","Sander lucioperca","Percidae","lentic",1.3920236,43.4906696,0.887968475045865,0.00448445937871266,0.498827238820318,0.0330419201643446,284.083333333333,9317.7196969697,12,0.0375263795430573,"FWB_0442",11,"lentic",43.4906696,1.3920236,-0.174353387144778,-4.20733188431255,6.6442627756725,7771.31446,50.066067408743,128,353,702,1.95755635368971,75,57,-1.68195484327328,0,5.91472660808273,"large",-0.157230526984507,-0.842443534809124,"high_prod","Warm temperate and mesic","Warm temperate","Q3",0,"ok",1
"FWB_0442","FWB_0442_2022","Scardinius erythrophthalmus_NEW","NEW","Scardinius erythrophthalmus","Leuciscidae","lentic",1.3920236,43.4906696,0.194456924632147,0.00839053616782998,0.863911639174068,0.009923621451551,108.875,223.553571428571,8,0.018314157619381,"FWB_0442",11,"lentic",43.4906696,1.3920236,-0.174353387144778,-4.20733188431255,6.6442627756725,7771.31446,50.066067408743,128,353,702,1.95755635368971,75,57,-1.68195484327328,0,5.91472660808273,"large",-0.157230526984507,-0.842443534809124,"high_prod","Warm temperate and mesic","Warm temperate","Q3",0,"ok",1
"FWB_0442","FWB_0442_2022","Silurus glanis_NEW","NEW","Silurus glanis","Siluridae","lentic",1.3920236,43.4906696,0.751446141749972,0.00686535281187747,0.532861345022494,0.00745072609241703,530.375,89009.6964285714,8,0.0143160789042945,"FWB_0442",11,"lentic",43.4906696,1.3920236,-0.174353387144778,-4.20733188431255,6.6442627756725,7771.31446,50.066067408743,128,353,702,1.95755635368971,75,57,-1.68195484327328,0,5.91472660808273,"large",-0.157230526984507,-0.842443534809124,"high_prod","Warm temperate and mesic","Warm temperate","Q3",0,"ok",1
"FWB_0448","FWB_0448_2007","Salmo trutta_Oriege_Station_Sympatry","Oriege_Station_Sympatry","Salmo trutta","Salmonidae","lotic",1.963692,42.653101,0.471154592747884,0.0483886431552785,0.657806330723416,0.0210322618898344,140.980392156863,2494.93960784314,51,0.069420905045113,"FWB_0448",6,"lotic",42.653101,1.963692,1.46093790411566,4.66938197260006,5.03549808667674,766.5302192,85.666159310392,44,62,1242,-1.9173226922034,2,0,1.46094022429858,0,1.1118608048864,"large",-0.0203406693989081,-0.740200576153585,"low_prod","Extremely cold and mesic","Cold and wet/mesic","Q4 (far)",0,"ok",1
"FWB_0448","FWB_0448_2007","Salvelinus fontinalis_Oriege_Station_Sympatry","Oriege_Station_Sympatry","Salvelinus fontinalis","Salmonidae","lotic",1.963692,42.653101,0.550952713720009,0.0318476959273392,0.405169510807736,0.0331152956772252,145.54,1987.23306122449,50,0.0649629916045643,"FWB_0448",6,"lotic",42.653101,1.963692,1.46093790411566,4.66938197260006,5.03549808667674,766.5302192,85.666159310392,44,62,1242,-1.9173226922034,2,0,1.46094022429858,0,1.1118608048864,"large",-0.0203406693989081,-0.740200576153585,"low_prod","Extremely cold and mesic","Cold and wet/mesic","Q4 (far)",0,"ok",1
"FWB_0450","FWB_0450_2015","Salvelinus alpinus_Pepin","Pepin","Salvelinus alpinus","Salmonidae","lentic",6.5512203,45.1435191,0.211677367576244,0.0589373029129689,0.548122572291757,0.0833922013036844,285.214285714286,9891.25824175824,14,0.142329504216653,"FWB_0450",5,"lentic",45.1435191,6.5512203,0.0295588022415444,-4.0836751016102,5.30077993942497,1462.55953,50.7611024934908,24,81,1457,-0.962334670375562,0,0,0.877138176398087,3819,2.36142082157702,"large",-0.0745162922667294,-0.796500628097133,"high_prod","Cold and wet","Cold and wet/mesic","Q3",0,"ok",1
"FWB_0450","FWB_0450_2015","Salvelinus namaycush_Pepin","Pepin","Salvelinus namaycush","Salmonidae","lentic",6.5512203,45.1435191,0.339887640449438,0.0842933341749779,0.507768666378938,0.0645663363875136,337.714285714286,3609.2380952381,7,0.148859670562492,"FWB_0450",5,"lentic",45.1435191,6.5512203,0.0295588022415444,-4.0836751016102,5.30077993942497,1462.55953,50.7611024934908,24,81,1457,-0.962334670375562,0,0,0.877138176398087,3819,2.36142082157702,"large",-0.0745162922667294,-0.796500628097133,"high_prod","Cold and wet","Cold and wet/mesic","Q3",0,"ok",1
"FWB_0452","FWB_0452_2010","Barbatula barbatula_Petite_Leyre","Petite_Leyre","Barbatula barbatula","Nemacheilidae","lotic",-0.576581,44.31796,0.45027141601613,0.0423786327904413,0.644749530791485,0.0467440395062994,58.2173913043478,177.268774703557,23,0.0891226722967407,"FWB_0452",11,"lotic",44.31796,-0.576581,0.301584977620772,6.66865925850705,4.61327593942615,546.6935622,55.008090578332,125,109,1005,-3.38139475436598,17,0,3.93311910954787,0,1.93456171273659,"small",-0.812108665101563,1.90723820918103,"low_prod","Warm temperate and mesic","Warm temperate","Q3",0,"ok",1
"FWB_0452","FWB_0452_2010","Gobio gobio_Petite_Leyre","Petite_Leyre","Gobio gobio","Gobionidae","lotic",-0.576581,44.31796,0.571073127229489,0.0206836415233216,0.68431910326735,0.0286998375225554,56.65,696.64358974359,40,0.049383479045877,"FWB_0452",11,"lotic",44.31796,-0.576581,0.301584977620772,6.66865925850705,4.61327593942615,546.6935622,55.008090578332,125,109,1005,-3.38139475436598,17,0,3.93311910954787,0,1.93456171273659,"small",-0.812108665101563,1.90723820918103,"low_prod","Warm temperate and mesic","Warm temperate","Q3",0,"ok",1
"FWB_0452","FWB_0452_2010","Lampetra planeri_Petite_Leyre","Petite_Leyre","Lampetra planeri","Petromyzontidae","lotic",-0.576581,44.31796,0.186266349583829,0.0234569329587533,0.590368868749503,0.0214004785249709,78,578,6,0.0448574114837242,"FWB_0452",11,"lotic",44.31796,-0.576581,0.301584977620772,6.66865925850705,4.61327593942615,546.6935622,55.008090578332,125,109,1005,-3.38139475436598,17,0,3.93311910954787,0,1.93456171273659,"small",-0.812108665101563,1.90723820918103,"low_prod","Warm temperate and mesic","Warm temperate","Q3",0,"ok",1
"FWB_0452","FWB_0452_2010","Phoxinus phoxinus_Petite_Leyre","Petite_Leyre","Phoxinus phoxinus","Leuciscidae","lotic",-0.576581,44.31796,0.58914119136205,0.0287991339482674,0.68678211766154,0.0442056093856842,42.1612903225806,139.739784946237,31,0.0730047433339516,"FWB_0452",11,"lotic",44.31796,-0.576581,0.301584977620772,6.66865925850705,4.61327593942615,546.6935622,55.008090578332,125,109,1005,-3.38139475436598,17,0,3.93311910954787,0,1.93456171273659,"small",-0.812108665101563,1.90723820918103,"low_prod","Warm temperate and mesic","Warm temperate","Q3",0,"ok",1
"FWB_0477","FWB_0477_2002","Coregonus lavaretus_Saint Point","Saint Point","Coregonus lavaretus","Salmonidae","lentic",6.31163,46.81519,0.863834422657952,0.00819678557830025,0.212140600631823,0.00754245983116569,288.941176470588,11532.0588235294,17,0.0157392454094659,"FWB_0477",7,"lentic",46.81519,6.31163,1.38128181929635,-1.341551322323,5.68498388620428,2596.172904,58.3199873130629,73,148,1247,1.33315726270676,7,0,4.08701795472791,0,4.17203080330014,"large",0.473791953761026,0.222296191869953,"high_prod","Cold and mesic","Cold and wet/mesic","Q3",0,"ok",1
"FWB_0477","FWB_0477_2002","Esox lucius_Saint Point","Saint Point","Esox lucius","Esocidae","lentic",6.31163,46.81519,0.719039351851852,0.0168613316972451,0.359279401767505,0.00149810760895402,373.75,37572.9166666667,4,0.0183594393061991,"FWB_0477",7,"lentic",46.81519,6.31163,1.38128181929635,-1.341551322323,5.68498388620428,2596.172904,58.3199873130629,73,148,1247,1.33315726270676,7,0,4.08701795472791,0,4.17203080330014,"large",0.473791953761026,0.222296191869953,"high_prod","Cold and mesic","Cold and wet/mesic","Q3",0,"ok",1
"FWB_0477","FWB_0477_2002","Perca fluviatilis_Saint Point","Saint Point","Perca fluviatilis","Percidae","lentic",6.31163,46.81519,0.579282407407407,0.0721329160951074,0.493201903467029,0.0523543704612924,220.875,16601.7166666667,16,0.1244872865564,"FWB_0477",7,"lentic",46.81519,6.31163,1.38128181929635,-1.341551322323,5.68498388620428,2596.172904,58.3199873130629,73,148,1247,1.33315726270676,7,0,4.08701795472791,0,4.17203080330014,"large",0.473791953761026,0.222296191869953,"high_prod","Cold and mesic","Cold and wet/mesic","Q3",0,"ok",1
"FWB_0477","FWB_0477_2002","Rutilus rutilus_Saint Point","Saint Point","Rutilus rutilus","Leuciscidae","lentic",6.31163,46.81519,0.618055555555555,0.00281467396629434,0.484194425560843,0.00408067347435813,292.875,17681.8392857143,8,0.00689534744065247,"FWB_0477",7,"lentic",46.81519,6.31163,1.38128181929635,-1.341551322323,5.68498388620428,2596.172904,58.3199873130629,73,148,1247,1.33315726270676,7,0,4.08701795472791,0,4.17203080330014,"large",0.473791953761026,0.222296191869953,"high_prod","Cold and mesic","Cold and wet/mesic","Q3",0,"ok",1
"FWB_0477","FWB_0477_2002","Scardinius erythrophthalmus_Saint Point","Saint Point","Scardinius erythrophthalmus","Leuciscidae","lentic",6.31163,46.81519,0.527437363834423,0.0327772628228889,0.540128763946095,0.0209200975052614,190.117647058824,14717.3602941176,17,0.0536973603281503,"FWB_0477",7,"lentic",46.81519,6.31163,1.38128181929635,-1.341551322323,5.68498388620428,2596.172904,58.3199873130629,73,148,1247,1.33315726270676,7,0,4.08701795472791,0,4.17203080330014,"large",0.473791953761026,0.222296191869953,"high_prod","Cold and mesic","Cold and wet/mesic","Q3",0,"ok",1
"FWB_0477","FWB_0477_2002","Squalius cephalus_Saint Point","Saint Point","Squalius cephalus","Leuciscidae","lentic",6.31163,46.81519,0.765817901234568,0.00330254058070417,0.521640607296624,0.00478793651351154,506.666666666667,3633.33333333333,3,0.00809047709421572,"FWB_0477",7,"lentic",46.81519,6.31163,1.38128181929635,-1.341551322323,5.68498388620428,2596.172904,58.3199873130629,73,148,1247,1.33315726270676,7,0,4.08701795472791,0,4.17203080330014,"large",0.473791953761026,0.222296191869953,"high_prod","Cold and mesic","Cold and wet/mesic","Q3",0,"ok",1
"FWB_0478","FWB_0478_2010","Abramis brama_Salagou","Salagou","Abramis brama","Leuciscidae","lentic",3.36826,43.65896,0.420341360766893,0.0537626835230545,0.449370918936136,0.0113908362791805,297.8,713.2,5,0.065153519802235,"FWB_0478",11,"lentic",43.65896,3.36826,1.86252854011626,-3.81299248196519,3.91144095446935,319.5858164,19.9314688500391,138,119,692,1.67952352000079,14,2,2.48931442127482,2265,4.3004777203237,"large",0.669003207893779,-0.69593237724072,"low_prod","Warm temperate and mesic","Warm temperate","Q1 (close)",0,"ok",1
"FWB_0478","FWB_0478_2010","Alburnus alburnus_Salagou","Salagou","Alburnus alburnus","Leuciscidae","lentic",3.36826,43.65896,0.297404722936638,0.00242265656480233,0.0844614322875193,0.000217074211133083,155,25,3,0.00263973077593541,"FWB_0478",11,"lentic",43.65896,3.36826,1.86252854011626,-3.81299248196519,3.91144095446935,319.5858164,19.9314688500391,138,119,692,1.67952352000079,14,2,2.48931442127482,2265,4.3004777203237,"large",0.669003207893779,-0.69593237724072,"low_prod","Warm temperate and mesic","Warm temperate","Q1 (close)",0,"ok",1
"FWB_0478","FWB_0478_2010","Lepomis gibbosus_Salagou","Salagou","Lepomis gibbosus","Centrarchidae","lentic",3.36826,43.65896,0.310731821370119,0.0122642717770542,0.960503264851091,0.00394890751981675,118.333333333333,8.33333333333333,3,0.0162131792968709,"FWB_0478",11,"lentic",43.65896,3.36826,1.86252854011626,-3.81299248196519,3.91144095446935,319.5858164,19.9314688500391,138,119,692,1.67952352000079,14,2,2.48931442127482,2265,4.3004777203237,"large",0.669003207893779,-0.69593237724072,"low_prod","Warm temperate and mesic","Warm temperate","Q1 (close)",0,"ok",1
"FWB_0478","FWB_0478_2010","Perca fluviatilis_Salagou","Salagou","Perca fluviatilis","Percidae","lentic",3.36826,43.65896,0.308580780921206,0.0429020568773527,0.180570154483198,0.0446510246921556,144.4,15076.8,5,0.0875530815695084,"FWB_0478",11,"lentic",43.65896,3.36826,1.86252854011626,-3.81299248196519,3.91144095446935,319.5858164,19.9314688500391,138,119,692,1.67952352000079,14,2,2.48931442127482,2265,4.3004777203237,"large",0.669003207893779,-0.69593237724072,"low_prod","Warm temperate and mesic","Warm temperate","Q1 (close)",0,"ok",1
"FWB_0478","FWB_0478_2010","Rutilus rutilus_Salagou","Salagou","Rutilus rutilus","Leuciscidae","lentic",3.36826,43.65896,0.0765489829319617,0.00344012640213497,0.41468386685778,0.0289111702144794,288.6,1639.8,5,0.0323512966166143,"FWB_0478",11,"lentic",43.65896,3.36826,1.86252854011626,-3.81299248196519,3.91144095446935,319.5858164,19.9314688500391,138,119,692,1.67952352000079,14,2,2.48931442127482,2265,4.3004777203237,"large",0.669003207893779,-0.69593237724072,"low_prod","Warm temperate and mesic","Warm temperate","Q1 (close)",0,"ok",1
"FWB_0478","FWB_0478_2010","Sander lucioperca_Salagou","Salagou","Sander lucioperca","Percidae","lentic",3.36826,43.65896,0.528134985581794,0.0605484160765004,0.234671125975474,0.0696256726647885,196,17084,6,0.130174088741289,"FWB_0478",11,"lentic",43.65896,3.36826,1.86252854011626,-3.81299248196519,3.91144095446935,319.5858164,19.9314688500391,138,119,692,1.67952352000079,14,2,2.48931442127482,2265,4.3004777203237,"large",0.669003207893779,-0.69593237724072,"low_prod","Warm temperate and mesic","Warm temperate","Q1 (close)",0,"ok",1
"FWB_0479","FWB_0479_2002","Barbatula barbatula_Scorff_river_Guemene","Scorff_river_Guemene","Barbatula barbatula","Nemacheilidae","lotic",-3.206725,48.081327,0.681878604059013,0.0352357978536366,0.525097291716305,0.0350801505435087,74.9166666666667,568.992424242424,12,0.0703159483971453,"FWB_0479",10,"lotic",48.081327,-3.206725,1.21698774140343,5.22071663532229,4.42146975602532,745.1427224,14.6743553092691,108,144,938,0.357674444271816,55,0,2.22224342396935,0,4.6826867209571,"small",-0.186943890012633,-0.0101243730780238,"low_prod","Cool temperate and moist","Cool and moist","Q1 (close)",0,"ok",1
"FWB_0479","FWB_0479_2002","Cottus gobio_Scorff_river_Guemene","Scorff_river_Guemene","Cottus gobio","Cottidae","lotic",-3.206725,48.081327,0.558102367190213,0.00278420242756056,0.472350380141659,0.0487352471016898,63.5909090909091,218.253246753247,22,0.0515194495292504,"FWB_0479",10,"lotic",48.081327,-3.206725,1.21698774140343,5.22071663532229,4.42146975602532,745.1427224,14.6743553092691,108,144,938,0.357674444271816,55,0,2.22224342396935,0,4.6826867209571,"small",-0.186943890012633,-0.0101243730780238,"low_prod","Cool temperate and moist","Cool and moist","Q1 (close)",0,"ok",1
"FWB_0479","FWB_0479_2002","Lampetra planeri_Scorff_river_Guemene","Scorff_river_Guemene","Lampetra planeri","Petromyzontidae","lotic",-3.206725,48.081327,0.278195911031229,0.0810898878738705,0.385662377888968,0.170601516315051,104.875,562.982142857143,8,0.251691404188921,"FWB_0479",10,"lotic",48.081327,-3.206725,1.21698774140343,5.22071663532229,4.42146975602532,745.1427224,14.6743553092691,108,144,938,0.357674444271816,55,0,2.22224342396935,0,4.6826867209571,"small",-0.186943890012633,-0.0101243730780238,"low_prod","Cool temperate and moist","Cool and moist","Q1 (close)",0,"ok",1
"FWB_0479","FWB_0479_2002","Perca fluviatilis_Scorff_river_Guemene","Scorff_river_Guemene","Perca fluviatilis","Percidae","lotic",-3.206725,48.081327,0.708604807908335,8.37396608144966e-05,0.645858152648717,0.00100315213939211,129.666666666667,144.333333333333,3,0.00108689180020661,"FWB_0479",10,"lotic",48.081327,-3.206725,1.21698774140343,5.22071663532229,4.42146975602532,745.1427224,14.6743553092691,108,144,938,0.357674444271816,55,0,2.22224342396935,0,4.6826867209571,"small",-0.186943890012633,-0.0101243730780238,"low_prod","Cool temperate and moist","Cool and moist","Q1 (close)",0,"ok",1
"FWB_0479","FWB_0479_2002","Phoxinus phoxinus_Scorff_river_Guemene","Scorff_river_Guemene","Phoxinus phoxinus","Leuciscidae","lotic",-3.206725,48.081327,0.520026143256878,0.00687348938853212,0.333874845668984,0.0522109673844218,60.0909090909091,54.6909090909091,11,0.0590844567729539,"FWB_0479",10,"lotic",48.081327,-3.206725,1.21698774140343,5.22071663532229,4.42146975602532,745.1427224,14.6743553092691,108,144,938,0.357674444271816,55,0,2.22224342396935,0,4.6826867209571,"small",-0.186943890012633,-0.0101243730780238,"low_prod","Cool temperate and moist","Cool and moist","Q1 (close)",0,"ok",1
"FWB_0479","FWB_0479_2002","Salmo trutta_Scorff_river_Guemene","Scorff_river_Guemene","Salmo trutta","Salmonidae","lotic",-3.206725,48.081327,0.571476072792631,0.00448558690187197,0.569864188706219,0.0119269649758905,133.56,2017.34,25,0.0164125518777624,"FWB_0479",10,"lotic",48.081327,-3.206725,1.21698774140343,5.22071663532229,4.42146975602532,745.1427224,14.6743553092691,108,144,938,0.357674444271816,55,0,2.22224342396935,0,4.6826867209571,"small",-0.186943890012633,-0.0101243730780238,"low_prod","Cool temperate and moist","Cool and moist","Q1 (close)",0,"ok",1
"FWB_0481","FWB_0481_2015","Barbatula barbatula_Selune_river_10","Selune_river_10","Barbatula barbatula","Nemacheilidae","lotic",-1.094053,48.58195,0.693353145839374,0.00256186264429458,0.450762470922719,0.00413789612746722,77.5,41.6666666666667,4,0.0066997587717618,"FWB_0481",10,"lotic",48.58195,-1.094053,1.01559293294802,6.36769702788556,4.48155382560223,2699.723102,97.7285628158519,110,359,741,-0.297059234264378,16,0,4.17220041894071,0,5.615177137077,"small",-0.324484375046607,1.50870465513892,"low_prod","Cool temperate and moist","Cool and moist","Q4 (far)",0,"ok",1
"FWB_0481","FWB_0481_2015","Cottus gobio_Selune_river_10","Selune_river_10","Cottus gobio","Cottidae","lotic",-1.094053,48.58195,0.6966077123804,0.00186504891831676,0.274011372447661,0.020325090920816,56.8,545.733333333333,10,0.0221901398391328,"FWB_0481",10,"lotic",48.58195,-1.094053,1.01559293294802,6.36769702788556,4.48155382560223,2699.723102,97.7285628158519,110,359,741,-0.297059234264378,16,0,4.17220041894071,0,5.615177137077,"small",-0.324484375046607,1.50870465513892,"low_prod","Cool temperate and moist","Cool and moist","Q4 (far)",0,"ok",1
"FWB_0481","FWB_0481_2015","Lampetra planeri_Selune_river_10","Selune_river_10","Lampetra planeri","Petromyzontidae","lotic",-1.094053,48.58195,0.0762177442737025,0.00547971998220182,0.804826828637891,0.04394219082597,133.75,272.916666666667,4,0.0494219108081718,"FWB_0481",10,"lotic",48.58195,-1.094053,1.01559293294802,6.36769702788556,4.48155382560223,2699.723102,97.7285628158519,110,359,741,-0.297059234264378,16,0,4.17220041894071,0,5.615177137077,"small",-0.324484375046607,1.50870465513892,"low_prod","Cool temperate and moist","Cool and moist","Q4 (far)",0,"ok",1
"FWB_0481","FWB_0481_2015","Phoxinus phoxinus_Selune_river_10","Selune_river_10","Phoxinus phoxinus","Leuciscidae","lotic",-1.094053,48.58195,0.680632067265874,0.0240269491217804,0.34267252520031,0.0173728891686048,50,100,5,0.0413998382903852,"FWB_0481",10,"lotic",48.58195,-1.094053,1.01559293294802,6.36769702788556,4.48155382560223,2699.723102,97.7285628158519,110,359,741,-0.297059234264378,16,0,4.17220041894071,0,5.615177137077,"small",-0.324484375046607,1.50870465513892,"low_prod","Cool temperate and moist","Cool and moist","Q4 (far)",0,"ok",1
"FWB_0481","FWB_0481_2015","Rutilus rutilus_Selune_river_10","Selune_river_10","Rutilus rutilus","Leuciscidae","lotic",-1.094053,48.58195,0.834125833574949,0.00820059355461645,0.634957353321272,0.00730283284116964,110.2,162.177777777778,10,0.0155034263957861,"FWB_0481",10,"lotic",48.58195,-1.094053,1.01559293294802,6.36769702788556,4.48155382560223,2699.723102,97.7285628158519,110,359,741,-0.297059234264378,16,0,4.17220041894071,0,5.615177137077,"small",-0.324484375046607,1.50870465513892,"low_prod","Cool temperate and moist","Cool and moist","Q4 (far)",0,"ok",1
"FWB_0485","FWB_0485_2010","Cottus gobio_Varenne","Varenne","Cottus gobio","Cottidae","lotic",1.246043,49.692833,0.295217689918777,0.0816644577539338,0.548005867690203,0.0746755419883179,38.5652173913044,670.98418972332,23,0.156339999742252,"FWB_0485",10,"lotic",49.692833,1.246043,1.14644961808227,5.46409571198375,4.83489857837131,1917.758384,24.585706002757,101,158,715,-0.0693500781347932,35,0,2.82831962461434,0,4.39032969367787,"small",-0.235117166023999,0.312157689362439,"low_prod","Cool temperate and moist","Cool and moist","Q1 (close)",0,"ok",1
"FWB_0485","FWB_0485_2010","Lampetra planeri_Varenne","Varenne","Lampetra planeri","Petromyzontidae","lotic",1.246043,49.692833,0.393269230769231,0.0124942097308598,0.664535768645358,0.04557277408522,104.2,1294.2,5,0.0580669838160798,"FWB_0485",10,"lotic",49.692833,1.246043,1.14644961808227,5.46409571198375,4.83489857837131,1917.758384,24.585706002757,101,158,715,-0.0693500781347932,35,0,2.82831962461434,0,4.39032969367787,"small",-0.235117166023999,0.312157689362439,"low_prod","Cool temperate and moist","Cool and moist","Q1 (close)",0,"ok",1
"FWB_0493","FWB_0493_2005","Coregonus albula_Stechlinsee","Stechlinsee","Coregonus albula","Salmonidae","lentic",13.023303,53.152028,0.269529371606824,0.0110488189621225,0.480026465966421,0.0309300880840469,112.775700934579,692.005819079528,107,0.0419789070461694,"FWB_0493",8,"lentic",53.152028,13.023303,1.34025042261848,-6.11738104784684,2.59272145396433,287.2890019,110.895633915412,82,62,573,-1.29098418131557,10,0,0.0573345094453185,0,2.94622737902566,"large",0.457148120031297,-1.55209494751645,"low_prod","Cool temperate and dry","Cool temperate and dry/xeric","Q4 (far)",0,"ok",1
"FWB_0493","FWB_0493_2005","Coregonus fontanae_Stechlinsee","Stechlinsee","Coregonus fontanae","Salmonidae","lentic",13.023303,53.152028,0.358814710342475,0.0156122812764578,0.40141783233419,0.0241654446704305,91.752688172043,326.77512856475,93,0.0397777259468884,"FWB_0493",8,"lentic",53.152028,13.023303,1.34025042261848,-6.11738104784684,2.59272145396433,287.2890019,110.895633915412,82,62,573,-1.29098418131557,10,0,0.0573345094453185,0,2.94622737902566,"large",0.457148120031297,-1.55209494751645,"low_prod","Cool temperate and dry","Cool temperate and dry/xeric","Q4 (far)",0,"ok",1
"FWB_0493","FWB_0493_2005","Gymnocephalus cernua_Stechlinsee","Stechlinsee","Gymnocephalus cernua","Percidae","lentic",13.023303,53.152028,0.439949346840843,0.00343642576065837,0.45287610619469,0.0121692836818336,NA,NA,10,0.015605709442492,"FWB_0493",8,"lentic",53.152028,13.023303,1.34025042261848,-6.11738104784684,2.59272145396433,287.2890019,110.895633915412,82,62,573,-1.29098418131557,10,0,0.0573345094453185,0,2.94622737902566,"large",0.457148120031297,-1.55209494751645,"low_prod","Cool temperate and dry","Cool temperate and dry/xeric","Q4 (far)",0,"ok",1
"FWB_0493","FWB_0493_2005","Perca fluviatilis_Stechlinsee","Stechlinsee","Perca fluviatilis","Percidae","lentic",13.023303,53.152028,0.045067981871501,0.00234981997829598,0.958628318584071,0.000672255288415517,NA,NA,10,0.0030220752667115,"FWB_0493",8,"lentic",53.152028,13.023303,1.34025042261848,-6.11738104784684,2.59272145396433,287.2890019,110.895633915412,82,62,573,-1.29098418131557,10,0,0.0573345094453185,0,2.94622737902566,"large",0.457148120031297,-1.55209494751645,"low_prod","Cool temperate and dry","Cool temperate and dry/xeric","Q4 (far)",0,"ok",1
"FWB_0495","FWB_0495_2006","Abramis brama_Leixlip Reservoir","Leixlip Reservoir","Abramis brama","Leuciscidae","lentic",-6.5,53.35,0.333029702393098,0.0120712993351207,0.388168924736055,0.0139700939021962,236.396551724138,3169.33121597096,58,0.0260413932373169,"FWB_0495",10,"lentic",53.35,-6.5,-1.83258146374831,4.40895918755,5.77149750970226,8826.179636,57.620639931682,94,178,803,3.60807604051033,23,58,5.30454796598811,326,6.98581757462598,"small",-0.829868424486255,2.35881601818095,"high_prod","Cool temperate and moist","Cool and moist","Q3",0,"ok",1
"FWB_0495","FWB_0495_2006","NA_Leixlip Reservoir","Leixlip Reservoir","NA","NA","lentic",-6.5,53.35,0.496044713036676,0.0327719601501547,0.43670608848007,0.0125988924635686,258.731343283582,60827.2903663501,67,0.0453708526137233,"FWB_0495",10,"lentic",53.35,-6.5,-1.83258146374831,4.40895918755,5.77149750970226,8826.179636,57.620639931682,94,178,803,3.60807604051033,23,58,5.30454796598811,326,6.98581757462598,"small",-0.829868424486255,2.35881601818095,"high_prod","Cool temperate and moist","Cool and moist","Q3",0,"ok",1
"FWB_0495","FWB_0495_2006","Rutilus rutilus_Leixlip Reservoir","Leixlip Reservoir","Rutilus rutilus","Leuciscidae","lentic",-6.5,53.35,0.697624079217486,0.0209659802687638,0.485057255490896,0.0201067380713534,190.171428571429,3945.44844720497,70,0.0410727183401172,"FWB_0495",10,"lentic",53.35,-6.5,-1.83258146374831,4.40895918755,5.77149750970226,8826.179636,57.620639931682,94,178,803,3.60807604051033,23,58,5.30454796598811,326,6.98581757462598,"small",-0.829868424486255,2.35881601818095,"high_prod","Cool temperate and moist","Cool and moist","Q3",0,"ok",1
"FWB_0496","FWB_0496_2006","Abramis brama_Lough Corrib","Lough Corrib","Abramis brama","Leuciscidae","lentic",-9.24,53.47,0.42973136363344,0.0756263637740724,0.461810951762415,0.00875652923431534,319.311475409836,7732.88469945355,61,0.0843828930083877,"FWB_0496",10,"lentic",53.47,-9.24,5.07473621950278,-2.47032659675085,5.08748249665425,3734.309312,29.5464258673426,97,91,1118,2.98870765861703,4,1,6.77763521543827,0,4.06786385611159,"large",1.97199201280358,-0.197084096040866,"high_prod","Cool temperate and moist","Cool and moist","Q1 (close)",0,"ok",1
"FWB_0496","FWB_0496_2006","NA_Lough Corrib","Lough Corrib","NA","NA","lentic",-9.24,53.47,0.641884517992796,0.0982664168826682,0.450475132909465,0.0159886907168678,310.236363636364,6368.29494949495,55,0.114255107599536,"FWB_0496",10,"lentic",53.47,-9.24,5.07473621950278,-2.47032659675085,5.08748249665425,3734.309312,29.5464258673426,97,91,1118,2.98870765861703,4,1,6.77763521543827,0,4.06786385611159,"large",1.97199201280358,-0.197084096040866,"high_prod","Cool temperate and moist","Cool and moist","Q1 (close)",0,"ok",1
"FWB_0496","FWB_0496_2006","Rutilus rutilus_Lough Corrib","Lough Corrib","Rutilus rutilus","Leuciscidae","lentic",-9.24,53.47,0.509641035700275,0.0358448041476214,0.480477786185278,0.0149757192098976,174.283333333333,8072.81666666667,60,0.050820523357519,"FWB_0496",10,"lentic",53.47,-9.24,5.07473621950278,-2.47032659675085,5.08748249665425,3734.309312,29.5464258673426,97,91,1118,2.98870765861703,4,1,6.77763521543827,0,4.06786385611159,"large",1.97199201280358,-0.197084096040866,"high_prod","Cool temperate and moist","Cool and moist","Q1 (close)",0,"ok",1
"FWB_0501","FWB_0501_2008","Abramis brama_Lough Corrib_Maam","Lough Corrib_Maam","Abramis brama","Leuciscidae","lentic",-9.507167,53.4925,0.462800929358841,0.00511588551629592,0.544526234226256,0.00155389859181304,250.333333333333,488.424242424242,12,0.00666978410810896,"FWB_0501",10,"lentic",53.4925,-9.507167,5.07473621950278,-2.47032659675085,5.08748249665425,3734.309312,45.3481241611846,97,91,1118,2.98870765861703,4,1,6.77763521543827,0,4.06786385611159,"large",1.97199201280358,-0.197084096040866,"high_prod","Cool temperate and moist","Cool and moist","Q2",0,"ok",1
"FWB_0501","FWB_0501_2008","Esox lucius_Lough Corrib_Maam","Lough Corrib_Maam","Esox lucius","Esocidae","lentic",-9.507167,53.4925,0.754931039596619,0.0196981467139705,0.718286473323002,0.0212088943111084,425.5,15057.1,6,0.0409070410250789,"FWB_0501",10,"lentic",53.4925,-9.507167,5.07473621950278,-2.47032659675085,5.08748249665425,3734.309312,45.3481241611846,97,91,1118,2.98870765861703,4,1,6.77763521543827,0,4.06786385611159,"large",1.97199201280358,-0.197084096040866,"high_prod","Cool temperate and moist","Cool and moist","Q2",0,"ok",1
"FWB_0501","FWB_0501_2008","NA_Lough Corrib_Maam","Lough Corrib_Maam","NA","NA","lentic",-9.507167,53.4925,0.397721093479658,0.00388359233682243,0.406704302265515,0.00134599581796183,164.833333333333,760.166666666667,6,0.00522958815478426,"FWB_0501",10,"lentic",53.4925,-9.507167,5.07473621950278,-2.47032659675085,5.08748249665425,3734.309312,45.3481241611846,97,91,1118,2.98870765861703,4,1,6.77763521543827,0,4.06786385611159,"large",1.97199201280358,-0.197084096040866,"high_prod","Cool temperate and moist","Cool and moist","Q2",0,"ok",1
"FWB_0501","FWB_0501_2008","Perca fluviatilis_Lough Corrib_Maam","Lough Corrib_Maam","Perca fluviatilis","Percidae","lentic",-9.507167,53.4925,0.588061144341732,0.0325538334281133,0.609114538492444,0.00470055115641914,193.407407407407,4189.40455840456,27,0.0372543845845324,"FWB_0501",10,"lentic",53.4925,-9.507167,5.07473621950278,-2.47032659675085,5.08748249665425,3734.309312,45.3481241611846,97,91,1118,2.98870765861703,4,1,6.77763521543827,0,4.06786385611159,"large",1.97199201280358,-0.197084096040866,"high_prod","Cool temperate and moist","Cool and moist","Q2",0,"ok",1
"FWB_0501","FWB_0501_2008","Rutilus rutilus_Lough Corrib_Maam","Lough Corrib_Maam","Rutilus rutilus","Leuciscidae","lentic",-9.507167,53.4925,0.424979726808889,0.0166632821994378,0.395305677370124,0.0314943147040709,155.957446808511,2321.3459759482,47,0.0481575969035087,"FWB_0501",10,"lentic",53.4925,-9.507167,5.07473621950278,-2.47032659675085,5.08748249665425,3734.309312,45.3481241611846,97,91,1118,2.98870765861703,4,1,6.77763521543827,0,4.06786385611159,"large",1.97199201280358,-0.197084096040866,"high_prod","Cool temperate and moist","Cool and moist","Q2",0,"ok",1
"FWB_0501","FWB_0501_2008","Salmo trutta_Lough Corrib_Maam","Lough Corrib_Maam","Salmo trutta","Salmonidae","lentic",-9.507167,53.4925,0.387265806515399,0.193893173937006,0.757397978009003,0.114111067256526,209.333333333333,30236.3333333333,3,0.308004241193532,"FWB_0501",10,"lentic",53.4925,-9.507167,5.07473621950278,-2.47032659675085,5.08748249665425,3734.309312,45.3481241611846,97,91,1118,2.98870765861703,4,1,6.77763521543827,0,4.06786385611159,"large",1.97199201280358,-0.197084096040866,"high_prod","Cool temperate and moist","Cool and moist","Q2",0,"ok",1
"FWB_0501","FWB_0501_2008","Scardinius erythrophthalmus_Lough Corrib_Maam","Lough Corrib_Maam","Scardinius erythrophthalmus","Leuciscidae","lentic",-9.507167,53.4925,0.586534183597805,0.0450557929151524,0.325547930042063,0.0383802459495623,156,400,3,0.0834360388647147,"FWB_0501",10,"lentic",53.4925,-9.507167,5.07473621950278,-2.47032659675085,5.08748249665425,3734.309312,45.3481241611846,97,91,1118,2.98870765861703,4,1,6.77763521543827,0,4.06786385611159,"large",1.97199201280358,-0.197084096040866,"high_prod","Cool temperate and moist","Cool and moist","Q2",0,"ok",1
"FWB_0504","FWB_0504_2006","Abramis brama_Lough Ramor","Lough Ramor","Abramis brama","Leuciscidae","lentic",-7.06,53.81,0.444248035914703,0.0163788947677837,0.322790169351508,0.00999933128496164,314.611111111111,9059.10158730159,36,0.0263782260527453,"FWB_0504",10,"lentic",53.81,-7.06,1.880990602956,-1.88214102336743,5.77149750970226,8826.179636,76.641981784161,89,113,928,1.58596455624846,9,0,3.61501787467996,0,4.20198762089548,"large",0.676492095162834,0.0214478302857131,"high_prod","Cool temperate and moist","Cool and moist","Q4 (far)",0,"ok",1
"FWB_0504","FWB_0504_2006","NA_Lough Ramor","Lough Ramor","NA","NA","lentic",-7.06,53.81,0.680862387314,0.0304682570904102,0.484734380621178,0.0406087686078871,319.354838709677,5970.56054997356,62,0.0710770256982974,"FWB_0504",10,"lentic",53.81,-7.06,1.880990602956,-1.88214102336743,5.77149750970226,8826.179636,76.641981784161,89,113,928,1.58596455624846,9,0,3.61501787467996,0,4.20198762089548,"large",0.676492095162834,0.0214478302857131,"high_prod","Cool temperate and moist","Cool and moist","Q4 (far)",0,"ok",1
"FWB_0504","FWB_0504_2006","Rutilus rutilus_Lough Ramor","Lough Ramor","Rutilus rutilus","Leuciscidae","lentic",-7.06,53.81,0.620432394116605,0.0369973259282729,0.41871453727255,0.0533374407121021,180.565789473684,4855.76894736842,76,0.0903347666403749,"FWB_0504",10,"lentic",53.81,-7.06,1.880990602956,-1.88214102336743,5.77149750970226,8826.179636,76.641981784161,89,113,928,1.58596455624846,9,0,3.61501787467996,0,4.20198762089548,"large",0.676492095162834,0.0214478302857131,"high_prod","Cool temperate and moist","Cool and moist","Q4 (far)",0,"ok",1
"FWB_0508","FWB_0508_2007","Abramis brama_Ross Lake","Ross Lake","Abramis brama","Leuciscidae","lentic",-9.217473,53.372506,0.620694791416237,0.0119792361261163,0.53617544962145,0.0199299847298619,254.848101265823,7184.54073352808,79,0.0319092208559781,"FWB_0508",10,"lentic",53.372506,-9.217473,0.113328685307003,-0.727242239926833,5.08748249665425,3734.309312,46.8554294221163,97,108,1109,0.559044196036465,2,0,1.78875663188807,0,3.84078497259447,"large",-0.0405361668460274,0.45053393385285,"high_prod","Cool temperate and moist","Cool and moist","Q2",0,"ok",1
"FWB_0508","FWB_0508_2007","NA_Ross Lake","Ross Lake","NA","NA","lentic",-9.217473,53.372506,0.645507094062007,0.0279740295349857,0.563283544666523,0.0302551689389796,234.036363636364,2197.40606060606,55,0.0582291984739653,"FWB_0508",10,"lentic",53.372506,-9.217473,0.113328685307003,-0.727242239926833,5.08748249665425,3734.309312,46.8554294221163,97,108,1109,0.559044196036465,2,0,1.78875663188807,0,3.84078497259447,"large",-0.0405361668460274,0.45053393385285,"high_prod","Cool temperate and moist","Cool and moist","Q2",0,"ok",1
"FWB_0508","FWB_0508_2007","Rutilus rutilus_Ross Lake","Ross Lake","Rutilus rutilus","Leuciscidae","lentic",-9.217473,53.372506,0.485425268373245,0.0326010311063602,0.559300067544748,0.0215667155917105,165.333333333333,2628.69607843137,70,0.0541677466980706,"FWB_0508",10,"lentic",53.372506,-9.217473,0.113328685307003,-0.727242239926833,5.08748249665425,3734.309312,46.8554294221163,97,108,1109,0.559044196036465,2,0,1.78875663188807,0,3.84078497259447,"large",-0.0405361668460274,0.45053393385285,"high_prod","Cool temperate and moist","Cool and moist","Q2",0,"ok",1
"FWB_0516","FWB_0516_2022","Oreochromis mossambicus_I3","I3","Oreochromis mossambicus","Cichlidae","lotic",-60.94,14.5580556,0.440571939231457,0.137813587869292,0.519607843137255,0.119966679482251,NA,NA,6,0.257780267351542,"FWB_0516",18,"lotic",14.5580556,-60.94,1.00722772686626,5.4502142209434,5.79983427454387,1068.979602,362.771511394796,256,337,1875,1.40462531780461,3,35,1.91324084277944,366,5.91101344980475,"small",-0.330197305338696,0.293775848065318,"high_prod","Extremely hot and moist","Hot and moist","Q4 (far)",0,"ok",1
"FWB_0516","FWB_0516_2022","Poecilia reticulata_I3","I3","Poecilia reticulata","Poeciliidae","lotic",-60.94,14.5580556,0.625335120643432,0.0723567097202356,0.601307189542484,0.0855226622239306,NA,NA,4,0.157879371944166,"FWB_0516",18,"lotic",14.5580556,-60.94,1.00722772686626,5.4502142209434,5.79983427454387,1068.979602,362.771511394796,256,337,1875,1.40462531780461,3,35,1.91324084277944,366,5.91101344980475,"small",-0.330197305338696,0.293775848065318,"high_prod","Extremely hot and moist","Hot and moist","Q4 (far)",0,"ok",1
"FWB_0557","FWB_0557_2005","Galaxias paucispondylus_acheron","acheron","Galaxias paucispondylus","Galaxiidae","lotic",171.675667,-43.32775,0.453183520599251,0.0747338299036317,0.281786941580756,0.0356750628830553,81,290,6,0.110408892786687,"FWB_0557",5,"lotic",-43.32775,171.675667,0.282166891763671,5.18773977045908,5.83963668802594,848.4202291,45.9009717488206,67,53,1892,-5.80914299031403,0,0,0.282174433213364,0,-1.57498817770487,"small",-0.825370044417645,-0.0537922683084716,"high_prod","Cold and wet","Cold and wet/mesic","Q2",0,"ok",1
"FWB_0557","FWB_0557_2005","Oncorhynchus mykiss_acheron","acheron","Oncorhynchus mykiss","Salmonidae","lotic",171.675667,-43.32775,0.599250936329588,0.062854016748727,0.608247422680413,0.0707620363481773,135.333333333333,989.866666666667,6,0.133616053096904,"FWB_0557",5,"lotic",-43.32775,171.675667,0.282166891763671,5.18773977045908,5.83963668802594,848.4202291,45.9009717488206,67,53,1892,-5.80914299031403,0,0,0.282174433213364,0,-1.57498817770487,"small",-0.825370044417645,-0.0537922683084716,"high_prod","Cold and wet","Cold and wet/mesic","Q2",0,"ok",1
"FWB_0571","FWB_0571_2022","Anguilla dieffenbachii_bittern","bittern","Anguilla dieffenbachii","Anguillidae","lotic",170.889218,-42.810011,0.507407407407407,0.0148971193415638,0.54726368159204,0.0297869470800127,365.333333333333,30386.6666666667,6,0.0446840664215764,"FWB_0571",10,"lotic",-42.810011,170.889218,0.783444818540726,5.05378268910386,5.83963668802594,848.4202291,134.510539736358,120,118,3223,-3.32423634052603,0,0,0.783449386826317,0,1.4658007711654,"small",-0.483027509798613,-0.231177954251049,"high_prod","Cool temperate and moist","Cool and moist","Q4 (far)",0,"ok",1
"FWB_0571","FWB_0571_2022","Galaxias argenteus_bittern","bittern","Galaxias argenteus","Galaxiidae","lotic",170.889218,-42.810011,0.288888888888889,0.0725925925925926,0.708955223880597,0.0175474288623893,254,23143,3,0.0901400214549819,"FWB_0571",10,"lotic",-42.810011,170.889218,0.783444818540726,5.05378268910386,5.83963668802594,848.4202291,134.510539736358,120,118,3223,-3.32423634052603,0,0,0.783449386826317,0,1.4658007711654,"small",-0.483027509798613,-0.231177954251049,"high_prod","Cool temperate and moist","Cool and moist","Q4 (far)",0,"ok",1
"FWB_0571","FWB_0571_2022","Galaxias fasciatus_bittern","bittern","Galaxias fasciatus","Galaxiidae","lotic",170.889218,-42.810011,0.355555555555556,0.199012345679012,0.365316275764037,0.100110171045473,97.6666666666667,2808.33333333333,3,0.299122516724485,"FWB_0571",10,"lotic",-42.810011,170.889218,0.783444818540726,5.05378268910386,5.83963668802594,848.4202291,134.510539736358,120,118,3223,-3.32423634052603,0,0,0.783449386826317,0,1.4658007711654,"small",-0.483027509798613,-0.231177954251049,"high_prod","Cool temperate and moist","Cool and moist","Q4 (far)",0,"ok",1
"FWB_0571","FWB_0571_2022","Galaxias maculatus_bittern","bittern","Galaxias maculatus","Galaxiidae","lotic",170.889218,-42.810011,0.896296296296296,0.0358847736625514,0.797974413646055,0.0463931105968786,57.1666666666667,94.9666666666667,6,0.08227788425943,"FWB_0571",10,"lotic",-42.810011,170.889218,0.783444818540726,5.05378268910386,5.83963668802594,848.4202291,134.510539736358,120,118,3223,-3.32423634052603,0,0,0.783449386826317,0,1.4658007711654,"small",-0.483027509798613,-0.231177954251049,"high_prod","Cool temperate and moist","Cool and moist","Q4 (far)",0,"ok",1
"FWB_0572","FWB_0572_2022","Anguilla australis_boggy","boggy","Anguilla australis","Anguillidae","lotic",172.369426,-43.766727,0.556410256410256,0.0545364891518738,0.637908496732026,0.00850681094878039,463.4,59177.8,5,0.0630433001006541,"FWB_0572",11,"lotic",-43.766727,172.369426,0.976821231614187,4.4816773027043,6.37452705235083,2056.046475,99.2414335292317,117,168,637,-1.40242374304977,16,0,0.976824996667341,0,2.37722956406363,"small",-0.350963104304555,-0.988758706020518,"high_prod","Warm temperate and mesic","Warm temperate","Q4 (far)",0,"ok",1
"FWB_0572","FWB_0572_2022","Galaxias maculatus_boggy","boggy","Galaxias maculatus","Galaxiidae","lotic",172.369426,-43.766727,0.939102564102564,0.000698553583168967,0.54452614379085,0.0263113279080696,68.5,349.666666666667,4,0.0270098814912385,"FWB_0572",11,"lotic",-43.766727,172.369426,0.976821231614187,4.4816773027043,6.37452705235083,2056.046475,99.2414335292317,117,168,637,-1.40242374304977,16,0,0.976824996667341,0,2.37722956406363,"small",-0.350963104304555,-0.988758706020518,"high_prod","Warm temperate and mesic","Warm temperate","Q4 (far)",0,"ok",1
"FWB_0572","FWB_0572_2022","Gobiomorphus cotidianus_boggy","boggy","Gobiomorphus cotidianus","Eleotridae","lotic",172.369426,-43.766727,0.902564102564102,0.00711702827087443,0.689869281045752,0.137156982891196,56.6,617.3,5,0.14427401116207,"FWB_0572",11,"lotic",-43.766727,172.369426,0.976821231614187,4.4816773027043,6.37452705235083,2056.046475,99.2414335292317,117,168,637,-1.40242374304977,16,0,0.976824996667341,0,2.37722956406363,"small",-0.350963104304555,-0.988758706020518,"high_prod","Warm temperate and mesic","Warm temperate","Q4 (far)",0,"ok",1
"FWB_0572","FWB_0572_2022","Salmo trutta_boggy","boggy","Salmo trutta","Salmonidae","lotic",172.369426,-43.766727,0.602564102564103,0.13665821358129,0.360396241830065,0.0822004199964299,194.5,12911.7142857143,8,0.21885863357772,"FWB_0572",11,"lotic",-43.766727,172.369426,0.976821231614187,4.4816773027043,6.37452705235083,2056.046475,99.2414335292317,117,168,637,-1.40242374304977,16,0,0.976824996667341,0,2.37722956406363,"small",-0.350963104304555,-0.988758706020518,"high_prod","Warm temperate and mesic","Warm temperate","Q4 (far)",0,"ok",1
"FWB_0575","FWB_0575_2005","Anguilla dieffenbachii_bradleyupper","bradleyupper","Anguilla dieffenbachii","Anguillidae","lotic",171.707886,-43.190667,0.522222222222222,0.189881481481482,0.66554054054054,0.099102903579255,257,163,3,0.288984385060737,"FWB_0575",10,"lotic",-43.190667,171.707886,0.167207918983906,5.48534026410964,5.83963668802594,848.4202291,33.8074824896329,81,77,1877,-6.21460809842219,0,0,1.20327556130851,0,-1.62958960064495,"small",-0.903880076510338,0.340289680693316,"high_prod","Cool temperate and moist","Cool and moist","Q2",0,"ok",1
"FWB_0575","FWB_0575_2005","Galaxias vulgaris_bradleyupper","bradleyupper","Galaxias vulgaris","Galaxiidae","lotic",171.707886,-43.190667,0.265555555555555,0.0397762962962962,0.43018018018018,0.137571524226929,70.5,359.5,6,0.177347820523226,"FWB_0575",10,"lotic",-43.190667,171.707886,0.167207918983906,5.48534026410964,5.83963668802594,848.4202291,33.8074824896329,81,77,1877,-6.21460809842219,0,0,1.20327556130851,0,-1.62958960064495,"small",-0.903880076510338,0.340289680693316,"high_prod","Cool temperate and moist","Cool and moist","Q2",0,"ok",1
"FWB_0577","FWB_0577_2016","Oncorhynchus mykiss_BRO","BRO","Oncorhynchus mykiss","Salmonidae","lotic",171.728859,-43.193423,0.572572119015255,0.0396079478820496,0.635188866799205,0.304828089119359,83.6666666666667,1430.33333333333,3,0.344436037001409,"FWB_0577",10,"lentic",-43.193423,171.728859,-0.261364764134408,-1.07112840306696,5.83963668802594,848.4202291,31.6101163757854,88,63,1962,-5.52146091786225,0,0,1.97032537126015,0,-2.32268576470105,"large",-0.192525520781087,0.322767954766043,"high_prod","Cool temperate and moist","Cool and moist","Q1 (close)",0,"ok",1
"FWB_0577","FWB_0577_2016","Salmo trutta_BRO","BRO","Salmo trutta","Salmonidae","lotic",171.728859,-43.193423,0.338468509288627,0.328277267474315,0.44831013916501,0.0232886972400193,54,196,3,0.351565964714334,"FWB_0577",10,"lentic",-43.193423,171.728859,-0.261364764134408,-1.07112840306696,5.83963668802594,848.4202291,31.6101163757854,88,63,1962,-5.52146091786225,0,0,1.97032537126015,0,-2.32268576470105,"large",-0.192525520781087,0.322767954766043,"high_prod","Cool temperate and moist","Cool and moist","Q1 (close)",0,"ok",1
"FWB_0578","FWB_0578_2009","Galaxias paucispondylus_Broad5","Broad5","Galaxias paucispondylus","Galaxiidae","lotic",171.6498202,-43.0375349,0.408333333333333,0.275208333333333,0.486834490740741,0.179333031422808,82.3333333333333,230.333333333333,3,0.454541364756141,"FWB_0578",5,"lotic",-43.0375349,171.6498202,0.0158733491562902,5.5820365973359,5.83963668802594,848.4202291,43.0508223560826,69,57,2827,-6.21460809842219,0,0,0.660629154130301,0,-2.21631565784187,"small",-1.00723244341659,0.468334762177201,"high_prod","Cold and wet","Cold and wet/mesic","Q2",0,"ok",1
"FWB_0578","FWB_0578_2009","Galaxias vulgaris_Broad5","Broad5","Galaxias vulgaris","Galaxiidae","lotic",171.6498202,-43.0375349,0.775,0.011875,0.899016203703704,0.00766906424314394,98.3333333333333,94.3333333333333,3,0.0195440642431439,"FWB_0578",5,"lotic",-43.0375349,171.6498202,0.0158733491562902,5.5820365973359,5.83963668802594,848.4202291,43.0508223560826,69,57,2827,-6.21460809842219,0,0,0.660629154130301,0,-2.21631565784187,"small",-1.00723244341659,0.468334762177201,"high_prod","Cold and wet","Cold and wet/mesic","Q2",0,"ok",1
"FWB_0579","FWB_0579_2005","Galaxias vulgaris_broken","broken","Galaxias vulgaris","Galaxiidae","lotic",171.733056,-43.19575,0.213080168776371,0.00386111556196479,0.555147058823529,0.0775370350346021,65.6,294.8,5,0.0813981505965669,"FWB_0579",10,"lotic",-43.19575,171.733056,-0.884307686021104,7.06648067153152,5.83963668802594,848.4202291,31.2358597037637,86,110,1689,-6.90775527898214,0,0,2.22613700027738,0,-1.82009721725981,"small",-1.62200169763048,2.43403248924498,"high_prod","Cool temperate and moist","Cool and moist","Q1 (close)",0,"ok",1
"FWB_0579","FWB_0579_2005","Gobiomorphus breviceps_broken","broken","Gobiomorphus breviceps","Eleotridae","lotic",171.733056,-43.19575,0.175808720112518,0.0259633130967853,0.715686274509804,0.0606797866205306,85,100,3,0.0866430997173159,"FWB_0579",10,"lotic",-43.19575,171.733056,-0.884307686021104,7.06648067153152,5.83963668802594,848.4202291,31.2358597037637,86,110,1689,-6.90775527898214,0,0,2.22613700027738,0,-1.82009721725981,"small",-1.62200169763048,2.43403248924498,"high_prod","Cool temperate and moist","Cool and moist","Q1 (close)",0,"ok",1
"FWB_0579","FWB_0579_2005","Oncorhynchus mykiss_broken","broken","Oncorhynchus mykiss","Salmonidae","lotic",171.733056,-43.19575,0.394983591186123,0.0610454362924587,0.330882352941177,0.0411203773788928,268.666666666667,48486.25,9,0.102165813671351,"FWB_0579",10,"lotic",-43.19575,171.733056,-0.884307686021104,7.06648067153152,5.83963668802594,848.4202291,31.2358597037637,86,110,1689,-6.90775527898214,0,0,2.22613700027738,0,-1.82009721725981,"small",-1.62200169763048,2.43403248924498,"high_prod","Cool temperate and moist","Cool and moist","Q1 (close)",0,"ok",1
"FWB_0583","FWB_0583_2005","Galaxias vulgaris_coach_upper","coach_upper","Galaxias vulgaris","Galaxiidae","lotic",171.758,-43.307306,0.353717026378897,0.0853251211980056,0.583333333333334,0.197122344843954,85.1666666666667,862.966666666667,6,0.28244746604196,"FWB_0583",10,"lotic",-43.307306,171.758,0.00598207167754747,5.2473421965562,5.83963668802594,848.4202291,36.8094373947347,69,72,1806,-6.21460809842219,0,0,0.00599201198599539,0,-1.7259155504928,"small",-1.01398758826102,0.0251331392184763,"high_prod","Cool temperate and moist","Cool and moist","Q2",0,"ok",1
"FWB_0583","FWB_0583_2005","Gobiomorphus breviceps_coach_upper","coach_upper","Gobiomorphus breviceps","Eleotridae","lotic",171.758,-43.307306,0.671462829736211,0.14617945931025,0.517295597484277,0.146723329773348,71.6666666666667,34.3333333333333,3,0.292902789083597,"FWB_0583",10,"lotic",-43.307306,171.758,0.00598207167754747,5.2473421965562,5.83963668802594,848.4202291,36.8094373947347,69,72,1806,-6.21460809842219,0,0,0.00599201198599539,0,-1.7259155504928,"small",-1.01398758826102,0.0251331392184763,"high_prod","Cool temperate and moist","Cool and moist","Q2",0,"ok",1
"FWB_0584","FWB_0584_2005","Galaxias vulgaris_coachlow","coachlow","Galaxias vulgaris","Galaxiidae","lotic",171.762617,-43.307803,0.474654377880184,0.172864150863259,0.744638403990025,0.0312547807538511,95.6,756.8,5,0.20411893161711,"FWB_0584",10,"lotic",-43.307803,171.762617,0.00598207167754747,5.2473421965562,5.83963668802594,848.4202291,36.4766936488034,69,72,1806,-6.21460809842219,0,0,0.00599201198599539,0,-1.7259155504928,"small",-1.01398758826102,0.0251331392184763,"high_prod","Cool temperate and moist","Cool and moist","Q2",0,"ok",1
"FWB_0584","FWB_0584_2005","Salmo trutta_coachlow","coachlow","Salmo trutta","Salmonidae","lotic",171.762617,-43.307803,0.485187623436471,0.0487637897436364,0.146775917349484,0.0122499830461846,147.428571428571,1312.61904761905,7,0.061013772789821,"FWB_0584",10,"lotic",-43.307803,171.762617,0.00598207167754747,5.2473421965562,5.83963668802594,848.4202291,36.4766936488034,69,72,1806,-6.21460809842219,0,0,0.00599201198599539,0,-1.7259155504928,"small",-1.01398758826102,0.0251331392184763,"high_prod","Cool temperate and moist","Cool and moist","Q2",0,"ok",1
"FWB_0585","FWB_0585_2010","Galaxias vulgaris_Coopers3","Coopers3","Galaxias vulgaris","Galaxiidae","lotic",172.0982945,-43.2812906,0.717277486910995,0.0756558208382446,0.580132450331125,0.0141926523690481,93.5,745.666666666667,4,0.0898484732072927,"FWB_0585",10,"lotic",-43.2812906,172.0982945,0.306749135169007,5.26129546361275,5.83963668802594,848.4202291,22.8376063117934,98,75,1060,-4.3428059215206,4,0,1.31372635645349,0,0.64763189810682,"small",-0.808581857536743,0.0436100261655851,"high_prod","Cool temperate and moist","Cool and moist","Q1 (close)",0,"ok",1
"FWB_0585","FWB_0585_2010","Gobiomorphus breviceps_Coopers3","Coopers3","Gobiomorphus breviceps","Eleotridae","lotic",172.0982945,-43.2812906,0.47434554973822,0.102883692881226,0.572847682119206,0.133931406517258,62.2,331.7,5,0.236815099398484,"FWB_0585",10,"lotic",-43.2812906,172.0982945,0.306749135169007,5.26129546361275,5.83963668802594,848.4202291,22.8376063117934,98,75,1060,-4.3428059215206,4,0,1.31372635645349,0,0.64763189810682,"small",-0.808581857536743,0.0436100261655851,"high_prod","Cool temperate and moist","Cool and moist","Q1 (close)",0,"ok",1
"FWB_0586","FWB_0586_2010","Galaxias vulgaris_Coopers4","Coopers4","Galaxias vulgaris","Galaxiidae","lotic",172.097846,-43.2794614,0.600985221674877,0.280594044990172,0.304075235109717,0.0961984453769124,75.3333333333333,1006.33333333333,3,0.376792490367084,"FWB_0586",10,"lotic",-43.2794614,172.097846,0.306749135169007,5.26129546361275,5.83963668802594,848.4202291,22.5655611205399,98,75,1060,-4.3428059215206,4,0,1.31372635645349,0,0.64763189810682,"small",-0.808581857536743,0.0436100261655851,"high_prod","Cool temperate and moist","Cool and moist","Q1 (close)",0,"ok",1
"FWB_0586","FWB_0586_2010","Gobiomorphus breviceps_Coopers4","Coopers4","Gobiomorphus breviceps","Eleotridae","lotic",172.097846,-43.2794614,0.471674876847291,0.0117348960987487,0.40242946708464,0.180189160549392,62.75,108.25,4,0.19192405664814,"FWB_0586",10,"lotic",-43.2794614,172.097846,0.306749135169007,5.26129546361275,5.83963668802594,848.4202291,22.5655611205399,98,75,1060,-4.3428059215206,4,0,1.31372635645349,0,0.64763189810682,"small",-0.808581857536743,0.0436100261655851,"high_prod","Cool temperate and moist","Cool and moist","Q1 (close)",0,"ok",1
"FWB_0589","FWB_0589_2010","Galaxias brevipinnis_Craigieburn1","Craigieburn1","Galaxias brevipinnis","Galaxiidae","lotic",171.7777778,-43.1263889,0.981981981981982,0.000568135703270839,0.816516516516517,0.00258549089630178,35.6666666666667,0.333333333333333,3,0.00315362659957262,"FWB_0589",5,"lotic",-43.1263889,171.7777778,1.51446767484287,4.671103145374,5.83963668802594,848.4202291,25.598076650942,63,52,2389,-5.80914299031403,0,0,1.51446987409271,0,-2.32268576470105,"large",0.0162169295086566,-0.73792140277923,"high_prod","Cold and wet","Cold and wet/mesic","Q1 (close)",0,"ok",1
"FWB_0589","FWB_0589_2010","Salmo trutta_Craigieburn1","Craigieburn1","Salmo trutta","Salmonidae","lotic",171.7777778,-43.1263889,0.155855855855856,0.0228329681032384,0.475315315315315,0.136106789221654,43.8,118.2,5,0.158939757324892,"FWB_0589",5,"lotic",-43.1263889,171.7777778,1.51446767484287,4.671103145374,5.83963668802594,848.4202291,25.598076650942,63,52,2389,-5.80914299031403,0,0,1.51446987409271,0,-2.32268576470105,"large",0.0162169295086566,-0.73792140277923,"high_prod","Cold and wet","Cold and wet/mesic","Q1 (close)",0,"ok",1
"FWB_0590","FWB_0590_2010","Galaxias brevipinnis_Craigieburn2","Craigieburn2","Galaxias brevipinnis","Galaxiidae","lotic",171.7780211,-43.126402,0.951117318435754,0.00850212748249639,0.965932294465341,0.000174760968831169,34.5,1.66666666666667,4,0.00867688845132756,"FWB_0590",5,"lotic",-43.126402,171.7780211,1.51446767484287,4.671103145374,5.83963668802594,848.4202291,25.5709592486936,63,52,2389,-5.80914299031403,0,0,1.51446987409271,0,-2.32268576470105,"large",0.0162169295086566,-0.73792140277923,"high_prod","Cold and wet","Cold and wet/mesic","Q1 (close)",0,"ok",1
"FWB_0590","FWB_0590_2010","Gobiomorphus breviceps_Craigieburn2","Craigieburn2","Gobiomorphus breviceps","Eleotridae","lotic",171.7780211,-43.126402,0.608007448789572,0.0749690500712629,0.962099229804764,0.00241248597324169,34,21,3,0.0773815360445046,"FWB_0590",5,"lotic",-43.126402,171.7780211,1.51446767484287,4.671103145374,5.83963668802594,848.4202291,25.5709592486936,63,52,2389,-5.80914299031403,0,0,1.51446987409271,0,-2.32268576470105,"large",0.0162169295086566,-0.73792140277923,"high_prod","Cold and wet","Cold and wet/mesic","Q1 (close)",0,"ok",1
"FWB_0590","FWB_0590_2010","Salmo trutta_Craigieburn2","Craigieburn2","Salmo trutta","Salmonidae","lotic",171.7780211,-43.126402,0.293296089385475,0.0433871185876429,0.634416980118216,0.179625173833632,72.75,792.916666666667,4,0.223012292421274,"FWB_0590",5,"lotic",-43.126402,171.7780211,1.51446767484287,4.671103145374,5.83963668802594,848.4202291,25.5709592486936,63,52,2389,-5.80914299031403,0,0,1.51446987409271,0,-2.32268576470105,"large",0.0162169295086566,-0.73792140277923,"high_prod","Cold and wet","Cold and wet/mesic","Q1 (close)",0,"ok",1
"FWB_0593","FWB_0593_2010","Galaxias brevipinnis_Craigieburn5","Craigieburn5","Galaxias brevipinnis","Galaxiidae","lotic",171.7706082,-43.1284572,0.614309210526316,0.0665351959256694,0.26094674556213,0.0652904310073181,50.25,3.58333333333333,4,0.131825626932988,"FWB_0593",5,"lotic",-43.1284572,171.7706082,1.51446767484287,4.671103145374,5.83963668802594,848.4202291,26.3526379453729,63,52,2389,-5.80914299031403,0,0,1.51446987409271,0,-2.32268576470105,"large",0.0162169295086566,-0.73792140277923,"high_prod","Cold and wet","Cold and wet/mesic","Q1 (close)",0,"ok",1
"FWB_0593","FWB_0593_2010","Salmo trutta_Craigieburn5","Craigieburn5","Salmo trutta","Salmonidae","lotic",171.7706082,-43.1284572,0.266447368421053,0.0545089594875346,0.36,0.191489373621372,75,798,5,0.245998333108906,"FWB_0593",5,"lotic",-43.1284572,171.7706082,1.51446767484287,4.671103145374,5.83963668802594,848.4202291,26.3526379453729,63,52,2389,-5.80914299031403,0,0,1.51446987409271,0,-2.32268576470105,"large",0.0162169295086566,-0.73792140277923,"high_prod","Cold and wet","Cold and wet/mesic","Q1 (close)",0,"ok",1
"FWB_0609","FWB_0609_2016","Gobiomorphus breviceps_dcw19","dcw19","Gobiomorphus breviceps","Eleotridae","lotic",171.976965,-43.471539,0.430073606729758,0.264669101427354,0.546285714285714,0.232153795918368,NA,NA,3,0.496822897345721,"FWB_0609",10,"lotic",-43.471539,171.976965,1.6327637377376,4.67445308148991,5.83963668802594,848.4202291,49.6285710896921,106,132,851,-1.79576749062559,13,0,2.38204393794522,0,1.89762135917678,"large",0.0970059925085196,-0.733485424406368,"high_prod","Cool temperate and moist","Cool and moist","Q3",0,"ok",1
"FWB_0609","FWB_0609_2016","Neochanna burrowsius_dcw19","dcw19","Neochanna burrowsius","Galaxiidae","lotic",171.976965,-43.471539,0.270241850683491,0.0219161632948216,0.551746031746032,0.24294724111867,68.6666666666667,825.333333333333,3,0.264863404413491,"FWB_0609",10,"lotic",-43.471539,171.976965,1.6327637377376,4.67445308148991,5.83963668802594,848.4202291,49.6285710896921,106,132,851,-1.79576749062559,13,0,2.38204393794522,0,1.89762135917678,"large",0.0970059925085196,-0.733485424406368,"high_prod","Cool temperate and moist","Cool and moist","Q3",0,"ok",1
"FWB_0615","FWB_0615_2022","Anguilla australis_drain","drain","Anguilla australis","Anguillidae","lotic",172.358484,-43.775356,0.655092592592593,0.0145383230452675,0.356186518928901,0.1007983492044,343.166666666667,31644.1666666667,6,0.115336672249668,"FWB_0615",11,"lotic",-43.775356,172.358484,1.0591782194227,4.68962809979563,6.37452705235083,2056.046475,97.9615862499599,117,180,639,-1.08470938349912,16,0,1.7243742333736,0,2.94627991518237,"small",-0.294718257994984,-0.713390697019662,"high_prod","Warm temperate and mesic","Warm temperate","Q4 (far)",0,"ok",1
"FWB_0615","FWB_0615_2022","Gobiomorphus cotidianus_drain","drain","Gobiomorphus cotidianus","Eleotridae","lotic",172.358484,-43.775356,0.902777777777778,0.0348186728395062,0.792520775623269,0.0491722362474199,61.6,284.3,5,0.083990909086926,"FWB_0615",11,"lotic",-43.775356,172.358484,1.0591782194227,4.68962809979563,6.37452705235083,2056.046475,97.9615862499599,117,180,639,-1.08470938349912,16,0,1.7243742333736,0,2.94627991518237,"small",-0.294718257994984,-0.713390697019662,"high_prod","Warm temperate and mesic","Warm temperate","Q4 (far)",0,"ok",1
"FWB_0615","FWB_0615_2022","Salmo trutta_drain","drain","Salmo trutta","Salmonidae","lotic",172.358484,-43.775356,0.522222222222222,0.162480709876543,0.540443213296399,0.0276494195102861,259.2,2158.7,5,0.190130129386829,"FWB_0615",11,"lotic",-43.775356,172.358484,1.0591782194227,4.68962809979563,6.37452705235083,2056.046475,97.9615862499599,117,180,639,-1.08470938349912,16,0,1.7243742333736,0,2.94627991518237,"small",-0.294718257994984,-0.713390697019662,"high_prod","Warm temperate and mesic","Warm temperate","Q4 (far)",0,"ok",1
"FWB_0644","FWB_0644_2017","Anguilla dieffenbachii_FIVE","FIVE","Anguilla dieffenbachii","Anguillidae","lotic",172.796808,-43.764833,0.842937853107345,0.0200210667432729,0.952450661461722,0.0004100844674703,456,2548,3,0.0204311512107432,"FWB_0644",11,"lotic",-43.764833,172.796808,0.359770148846035,5.79968444925489,4.99476697158333,881.3360322,128.384265854406,108,129,967,-2.16282315061889,1,0,1.78171081687482,0,2.60564900603629,"small",-0.772371708953167,0.756543590825846,"low_prod","Warm temperate and mesic","Warm temperate","Q4 (far)",0,"ok",1
"FWB_0644","FWB_0644_2017","Galaxias vulgaris_FIVE","FIVE","Galaxias vulgaris","Galaxiidae","lotic",172.796808,-43.764833,0.282659713168188,0.00794702377006312,0.71216405585306,0.0397334225131529,82,597.666666666667,13,0.047680446283216,"FWB_0644",11,"lotic",-43.764833,172.796808,0.359770148846035,5.79968444925489,4.99476697158333,881.3360322,128.384265854406,108,129,967,-2.16282315061889,1,0,1.78171081687482,0,2.60564900603629,"small",-0.772371708953167,0.756543590825846,"low_prod","Warm temperate and mesic","Warm temperate","Q4 (far)",0,"ok",1
"FWB_0644","FWB_0644_2017","Gobiomorphus breviceps_FIVE","FIVE","Gobiomorphus breviceps","Eleotridae","lotic",172.796808,-43.764833,0.219322033898305,0.0209774968878675,0.741769681197137,0.0758786236753586,60.8,223.733333333333,10,0.0968561205632261,"FWB_0644",11,"lotic",-43.764833,172.796808,0.359770148846035,5.79968444925489,4.99476697158333,881.3360322,128.384265854406,108,129,967,-2.16282315061889,1,0,1.78171081687482,0,2.60564900603629,"small",-0.772371708953167,0.756543590825846,"low_prod","Warm temperate and mesic","Warm temperate","Q4 (far)",0,"ok",1
"FWB_0648","FWB_0648_2017","Anguilla dieffenbachii_GARR","GARR","Anguilla dieffenbachii","Anguillidae","lotic",171.937147,-43.486066,0.614331355545413,0.0994114270354714,0.745312338133223,0.034723517225998,550.714285714286,29086.9047619048,7,0.134134944261469,"FWB_0648",10,"lotic",-43.486066,171.937147,3.05861317159319,3.92375509337016,5.83963668802594,848.4202291,52.314919687411,108,145,804,-0.578034373459441,6,0,4.2026159870699,0,2.48823527044511,"large",1.07077499987264,-1.72755812449172,"high_prod","Cool temperate and moist","Cool and moist","Q3",0,"ok",1
"FWB_0648","FWB_0648_2017","Galaxias vulgaris_GARR","GARR","Galaxias vulgaris","Galaxiidae","lotic",171.937147,-43.486066,0.517571884984026,0.0158767423514435,0.175892353557328,0.0185408154681798,66.0666666666667,405.638095238095,15,0.0344175578196233,"FWB_0648",10,"lotic",-43.486066,171.937147,3.05861317159319,3.92375509337016,5.83963668802594,848.4202291,52.314919687411,108,145,804,-0.578034373459441,6,0,4.2026159870699,0,2.48823527044511,"large",1.07077499987264,-1.72755812449172,"high_prod","Cool temperate and moist","Cool and moist","Q3",0,"ok",1
"FWB_0648","FWB_0648_2017","Gobiomorphus breviceps_GARR","GARR","Gobiomorphus breviceps","Eleotridae","lotic",171.937147,-43.486066,0.55111821086262,0.00497096020169647,0.142343485617597,0.0024376156737299,56.75,190.25,4,0.00740857587542636,"FWB_0648",10,"lotic",-43.486066,171.937147,3.05861317159319,3.92375509337016,5.83963668802594,848.4202291,52.314919687411,108,145,804,-0.578034373459441,6,0,4.2026159870699,0,2.48823527044511,"large",1.07077499987264,-1.72755812449172,"high_prod","Cool temperate and moist","Cool and moist","Q3",0,"ok",1
"FWB_0655","FWB_0655_2022","Anguilla dieffenbachii_harts","harts","Anguilla dieffenbachii","Anguillidae","lotic",172.344572,-43.798216,0.222222222222222,0.0267489711934156,0.483798882681564,0.0934726210168222,286.4,28294.8,5,0.120221592210238,"FWB_0655",11,"lotic",-43.798216,172.344572,1.85363820627392,5.03333878667663,6.37452705235083,2056.046475,96.331709071085,117,177,640,-0.585190039054853,11,0,3.95940284221995,0,2.9070655271962,"large",0.247849908332857,-0.258249726931589,"high_prod","Warm temperate and mesic","Warm temperate","Q4 (far)",0,"ok",1
"FWB_0655","FWB_0655_2022","Gobiomorphus cotidianus_harts","harts","Gobiomorphus cotidianus","Eleotridae","lotic",172.344572,-43.798216,0.351851851851852,0.063557384545039,0.572974860335196,0.00265854035974741,51.5,73.6666666666667,4,0.0662159249047864,"FWB_0655",11,"lotic",-43.798216,172.344572,1.85363820627392,5.03333878667663,6.37452705235083,2056.046475,96.331709071085,117,177,640,-0.585190039054853,11,0,3.95940284221995,0,2.9070655271962,"large",0.247849908332857,-0.258249726931589,"high_prod","Warm temperate and mesic","Warm temperate","Q4 (far)",0,"ok",1
"FWB_0655","FWB_0655_2022","Salmo trutta_harts","harts","Salmo trutta","Salmonidae","lotic",172.344572,-43.798216,0.901234567901235,0.0128029263831733,0.425046554934823,0.253063132652955,198.333333333333,16746.3333333333,3,0.265866059036129,"FWB_0655",11,"lotic",-43.798216,172.344572,1.85363820627392,5.03333878667663,6.37452705235083,2056.046475,96.331709071085,117,177,640,-0.585190039054853,11,0,3.95940284221995,0,2.9070655271962,"large",0.247849908332857,-0.258249726931589,"high_prod","Warm temperate and mesic","Warm temperate","Q4 (far)",0,"ok",1
"FWB_0664","FWB_0664_2016","Galaxias paucispondylus_LFS","LFS","Galaxias paucispondylus","Galaxiidae","lotic",171.80973,-43.001188,0.402993667242372,0.247828490051436,0.339026915113873,0.163893014672789,71.3333333333333,420.333333333333,3,0.411721504724224,"FWB_0664",10,"lentic",-43.001188,171.80973,-1.71479842809193,-2.06941200604266,5.83963668802594,848.4202291,31.2400713771481,91,105,2279,-6.21460809842219,0,0,-1.46097480479648,0,-3.54011468084882,"small",-0.782091321575565,-0.0481300214009206,"high_prod","Cool temperate and moist","Cool and moist","Q1 (close)",0,"ok",1
"FWB_0664","FWB_0664_2016","Galaxias vulgaris_LFS","LFS","Galaxias vulgaris","Galaxiidae","lotic",171.80973,-43.001188,0.63370754173863,0.303633120153362,0.675983436853002,0.310453718349343,96,1687,3,0.614086838502705,"FWB_0664",10,"lentic",-43.001188,171.80973,-1.71479842809193,-2.06941200604266,5.83963668802594,848.4202291,31.2400713771481,91,105,2279,-6.21460809842219,0,0,-1.46097480479648,0,-3.54011468084882,"small",-0.782091321575565,-0.0481300214009206,"high_prod","Cool temperate and moist","Cool and moist","Q1 (close)",0,"ok",1
"FWB_0668","FWB_0668_2010","Anguilla dieffenbachii_Little.Kowai4","Little.Kowai4","Anguilla dieffenbachii","Anguillidae","lotic",171.9032262,-43.3009796,0.519337016574585,0.00589115106376486,0.792288027268854,0.0978763105644478,292,844,3,0.103767461628213,"FWB_0668",10,"lotic",-43.3009796,171.9032262,1.28398474229532,4.63933737684292,5.83963668802594,848.4202291,26.0383057869413,94,116,1174,-4.13516655674236,1,0,1.63374215693642,0,-0.186317530071301,"small",-0.141188986650603,-0.779985566788871,"high_prod","Cool temperate and moist","Cool and moist","Q1 (close)",0,"ok",1
"FWB_0668","FWB_0668_2010","Galaxias vulgaris_Little.Kowai4","Little.Kowai4","Galaxias vulgaris","Galaxiidae","lotic",171.9032262,-43.3009796,0.580110497237569,0.178403182646032,0.217405198125266,0.0368746069267309,84.25,499.583333333333,4,0.215277789572763,"FWB_0668",10,"lotic",-43.3009796,171.9032262,1.28398474229532,4.63933737684292,5.83963668802594,848.4202291,26.0383057869413,94,116,1174,-4.13516655674236,1,0,1.63374215693642,0,-0.186317530071301,"small",-0.141188986650603,-0.779985566788871,"high_prod","Cool temperate and moist","Cool and moist","Q1 (close)",0,"ok",1
"FWB_0668","FWB_0668_2010","Gobiomorphus breviceps_Little.Kowai4","Little.Kowai4","Gobiomorphus breviceps","Eleotridae","lotic",171.9032262,-43.3009796,0.208839779005525,0.0239522603095144,0.333106092884533,0.0234115830905077,59,440,5,0.047363843400022,"FWB_0668",10,"lotic",-43.3009796,171.9032262,1.28398474229532,4.63933737684292,5.83963668802594,848.4202291,26.0383057869413,94,116,1174,-4.13516655674236,1,0,1.63374215693642,0,-0.186317530071301,"small",-0.141188986650603,-0.779985566788871,"high_prod","Cool temperate and moist","Cool and moist","Q1 (close)",0,"ok",1
"FWB_0678","FWB_0678_2022","Anguilla dieffenbachii_mirror","mirror","Anguilla dieffenbachii","Anguillidae","lotic",170.904754,-42.820944,0.624584717607973,0.0354116768394757,0.425735554767813,0.04207865562224,700.142857142857,289966.80952381,7,0.0774903324617157,"FWB_0678",10,"lotic",-42.820944,170.904754,0.783444818540726,5.05378268910386,5.83963668802594,848.4202291,132.281203720886,120,118,3223,-3.32423634052603,0,0,0.783449386826317,0,1.4658007711654,"small",-0.483027509798613,-0.231177954251049,"high_prod","Cool temperate and moist","Cool and moist","Q4 (far)",0,"ok",1
"FWB_0678","FWB_0678_2022","Galaxias fasciatus_mirror","mirror","Galaxias fasciatus","Galaxiidae","lotic",170.904754,-42.820944,0.282945736434108,0.116693708310799,0.472911497105046,0.0620183713135767,137,4948.8,6,0.178712079624375,"FWB_0678",10,"lotic",-42.820944,170.904754,0.783444818540726,5.05378268910386,5.83963668802594,848.4202291,132.281203720886,120,118,3223,-3.32423634052603,0,0,0.783449386826317,0,1.4658007711654,"small",-0.483027509798613,-0.231177954251049,"high_prod","Cool temperate and moist","Cool and moist","Q4 (far)",0,"ok",1
"FWB_0678","FWB_0678_2022","Galaxias maculatus_mirror","mirror","Galaxias maculatus","Galaxiidae","lotic",170.904754,-42.820944,0.91860465116279,0.00232558139534884,0.696650124069479,0.0657357350885727,53.3333333333333,126.266666666667,6,0.0680613164839215,"FWB_0678",10,"lotic",-42.820944,170.904754,0.783444818540726,5.05378268910386,5.83963668802594,848.4202291,132.281203720886,120,118,3223,-3.32423634052603,0,0,0.783449386826317,0,1.4658007711654,"small",-0.483027509798613,-0.231177954251049,"high_prod","Cool temperate and moist","Cool and moist","Q4 (far)",0,"ok",1
"FWB_0678","FWB_0678_2022","Gobiomorphus cotidianus_mirror","mirror","Gobiomorphus cotidianus","Eleotridae","lotic",170.904754,-42.820944,0.376744186046512,0.00605732828555977,0.552605459057072,0.0116785399823902,58.2,140.2,5,0.0177358682679499,"FWB_0678",10,"lotic",-42.820944,170.904754,0.783444818540726,5.05378268910386,5.83963668802594,848.4202291,132.281203720886,120,118,3223,-3.32423634052603,0,0,0.783449386826317,0,1.4658007711654,"small",-0.483027509798613,-0.231177954251049,"high_prod","Cool temperate and moist","Cool and moist","Q4 (far)",0,"ok",1
"FWB_0680","FWB_0680_2009","Anguilla dieffenbachii_mkiw1","mkiw1","Anguilla dieffenbachii","Anguillidae","lotic",171.7860506,-41.7055723,0.220710973724884,0.00155265547457306,0.316129887342611,0.00175916369344008,NA,NA,10,0.00331181916801314,"FWB_0680",10,"lotic",-41.7055723,171.7860506,0.747161768866184,4.78512775901773,6.61730805395062,2058.607559,64.7981452692492,106,64,2668,-3.38139475436598,0,0,0.74716650594639,0,0.897315841908891,"small",-0.507806640348312,-0.586930248740155,"high_prod","Cool temperate and moist","Cool and moist","Q3",0,"ok",1
"FWB_0680","FWB_0680_2009","Galaxias fasciatus_mkiw1","mkiw1","Galaxias fasciatus","Galaxiidae","lotic",171.7860506,-41.7055723,0.564657393096342,0.113039256203283,0.632015315514322,0.063821199645999,NA,NA,9,0.176860455849282,"FWB_0680",10,"lotic",-41.7055723,171.7860506,0.747161768866184,4.78512775901773,6.61730805395062,2058.607559,64.7981452692492,106,64,2668,-3.38139475436598,0,0,0.74716650594639,0,0.897315841908891,"small",-0.507806640348312,-0.586930248740155,"high_prod","Cool temperate and moist","Cool and moist","Q3",0,"ok",1
"FWB_0680","FWB_0680_2009","Galaxias postvectis_mkiw1","mkiw1","Galaxias postvectis","Galaxiidae","lotic",171.7860506,-41.7055723,0.149922720247295,0.0423617265753961,0.398197481776011,0.0101141470154114,NA,NA,5,0.0524758735908075,"FWB_0680",10,"lotic",-41.7055723,171.7860506,0.747161768866184,4.78512775901773,6.61730805395062,2058.607559,64.7981452692492,106,64,2668,-3.38139475436598,0,0,0.74716650594639,0,0.897315841908891,"small",-0.507806640348312,-0.586930248740155,"high_prod","Cool temperate and moist","Cool and moist","Q3",0,"ok",1
"FWB_0680","FWB_0680_2009","Gobiomorphus cotidianus_mkiw1","mkiw1","Gobiomorphus cotidianus","Eleotridae","lotic",171.7860506,-41.7055723,0.0802163833075734,0.0049303234707753,0.225076209410205,0.0180838764872903,NA,NA,10,0.0230141999580656,"FWB_0680",10,"lotic",-41.7055723,171.7860506,0.747161768866184,4.78512775901773,6.61730805395062,2058.607559,64.7981452692492,106,64,2668,-3.38139475436598,0,0,0.74716650594639,0,0.897315841908891,"small",-0.507806640348312,-0.586930248740155,"high_prod","Cool temperate and moist","Cool and moist","Q3",0,"ok",1
"FWB_0680","FWB_0680_2009","Gobiomorphus hubbsi_mkiw1","mkiw1","Gobiomorphus hubbsi","Eleotridae","lotic",171.7860506,-41.7055723,0.130216383307573,0.00510639602429315,0.258018555334659,0.00703056090963242,NA,NA,4,0.0121369569339256,"FWB_0680",10,"lotic",-41.7055723,171.7860506,0.747161768866184,4.78512775901773,6.61730805395062,2058.607559,64.7981452692492,106,64,2668,-3.38139475436598,0,0,0.74716650594639,0,0.897315841908891,"small",-0.507806640348312,-0.586930248740155,"high_prod","Cool temperate and moist","Cool and moist","Q3",0,"ok",1
"FWB_0680","FWB_0680_2009","Gobiomorphus huttoni_mkiw1","mkiw1","Gobiomorphus huttoni","Eleotridae","lotic",171.7860506,-41.7055723,0.113137557959815,0.00855415063805232,0.220159045725646,0.00265806364473737,NA,NA,10,0.0112122142827897,"FWB_0680",10,"lotic",-41.7055723,171.7860506,0.747161768866184,4.78512775901773,6.61730805395062,2058.607559,64.7981452692492,106,64,2668,-3.38139475436598,0,0,0.74716650594639,0,0.897315841908891,"small",-0.507806640348312,-0.586930248740155,"high_prod","Cool temperate and moist","Cool and moist","Q3",0,"ok",1
"FWB_0681","FWB_0681_2009","Anguilla dieffenbachii_mlan1","mlan1","Anguilla dieffenbachii","Anguillidae","lotic",171.9005804,-42.1462474,0.798375398897592,0.0140480502590136,0.84750824963268,0.019565956180153,NA,NA,9,0.0336140064391666,"FWB_0681",10,"lotic",-42.1462474,171.9005804,2.93380367693182,4.31002985505865,6.61730805395062,2058.607559,49.7856898598642,104,79,2493,0.0563803334361075,0,0,4.25649189768736,0,3.49000190001245,"large",0.985537656545737,-1.2160538958894,"high_prod","Cool temperate and moist","Cool and moist","Q3",0,"ok",1
"FWB_0681","FWB_0681_2009","Salmo trutta_mlan1","mlan1","Salmo trutta","Salmonidae","lotic",171.9005804,-42.1462474,0.0903394255874674,0.0157751736288641,0.0576631259484064,0.00137451366757474,NA,NA,10,0.0171496872964388,"FWB_0681",10,"lotic",-42.1462474,171.9005804,2.93380367693182,4.31002985505865,6.61730805395062,2058.607559,49.7856898598642,104,79,2493,0.0563803334361075,0,0,4.25649189768736,0,3.49000190001245,"large",0.985537656545737,-1.2160538958894,"high_prod","Cool temperate and moist","Cool and moist","Q3",0,"ok",1
"FWB_0685","FWB_0685_2022","Anguilla dieffenbachii_ogilvie","ogilvie","Anguilla dieffenbachii","Anguillidae","lotic",170.898391,-42.816237,0.774647887323944,0.00694306685181512,0.571783295711061,0.112634077116316,705.4,343325.8,5,0.119577143968132,"FWB_0685",10,"lotic",-42.816237,170.898391,0.783444818540726,5.05378268910386,5.83963668802594,848.4202291,133.2067449076,120,118,3223,-3.32423634052603,0,0,0.783449386826317,0,1.4658007711654,"small",-0.483027509798613,-0.231177954251049,"high_prod","Cool temperate and moist","Cool and moist","Q4 (far)",0,"ok",1
"FWB_0685","FWB_0685_2022","Galaxias argenteus_ogilvie","ogilvie","Galaxias argenteus","Galaxiidae","lotic",170.898391,-42.816237,0.633802816901408,0.019242213846459,0.503762227238525,0.00039533110147483,265.666666666667,5630.33333333333,3,0.0196375449479339,"FWB_0685",10,"lotic",-42.816237,170.898391,0.783444818540726,5.05378268910386,5.83963668802594,848.4202291,133.2067449076,120,118,3223,-3.32423634052603,0,0,0.783449386826317,0,1.4658007711654,"small",-0.483027509798613,-0.231177954251049,"high_prod","Cool temperate and moist","Cool and moist","Q4 (far)",0,"ok",1
"FWB_0685","FWB_0685_2022","Galaxias fasciatus_ogilvie","ogilvie","Galaxias fasciatus","Galaxiidae","lotic",170.898391,-42.816237,0.480885311871227,0.0644335496547359,0.334085778781038,0.0350715162879811,125.857142857143,2374.47619047619,7,0.099505065942717,"FWB_0685",10,"lotic",-42.816237,170.898391,0.783444818540726,5.05378268910386,5.83963668802594,848.4202291,133.2067449076,120,118,3223,-3.32423634052603,0,0,0.783449386826317,0,1.4658007711654,"small",-0.483027509798613,-0.231177954251049,"high_prod","Cool temperate and moist","Cool and moist","Q4 (far)",0,"ok",1
"FWB_0685","FWB_0685_2022","Galaxias maculatus_ogilvie","ogilvie","Galaxias maculatus","Galaxiidae","lotic",170.898391,-42.816237,0.929577464788732,0.00376909343384249,0.403686982693754,0.00351636611311819,60,73,3,0.00728545954696068,"FWB_0685",10,"lotic",-42.816237,170.898391,0.783444818540726,5.05378268910386,5.83963668802594,848.4202291,133.2067449076,120,118,3223,-3.32423634052603,0,0,0.783449386826317,0,1.4658007711654,"small",-0.483027509798613,-0.231177954251049,"high_prod","Cool temperate and moist","Cool and moist","Q4 (far)",0,"ok",1
"FWB_0689","FWB_0689_2022","Anguilla dieffenbachii_okuti","okuti","Anguilla dieffenbachii","Anguillidae","lotic",172.795377,-43.787384,0.524916943521595,0.084344175744933,0.474812030075188,0.0884403442817571,637.714285714286,110803.238095238,7,0.17278452002669,"FWB_0689",10,"lotic",-43.787384,172.795377,0.948176920736477,5.11599586975408,5.83963668802594,848.4202291,131.712799994626,102,98,1040,-2.57702193869581,1,0,0.948180795196232,0,1.04204546451035,"small",-0.370525437821491,-0.148795391025106,"high_prod","Cool temperate and moist","Cool and moist","Q4 (far)",0,"ok",1
"FWB_0689","FWB_0689_2022","Gobiomorphus cotidianus_okuti","okuti","Gobiomorphus cotidianus","Eleotridae","lotic",172.795377,-43.787384,0.795348837209302,0.0552731206057328,0.39078947368421,0.00554276315789473,53,117.5,5,0.0608158837636276,"FWB_0689",10,"lotic",-43.787384,172.795377,0.948176920736477,5.11599586975408,5.83963668802594,848.4202291,131.712799994626,102,98,1040,-2.57702193869581,1,0,0.948180795196232,0,1.04204546451035,"small",-0.370525437821491,-0.148795391025106,"high_prod","Cool temperate and moist","Cool and moist","Q4 (far)",0,"ok",1
"FWB_0689","FWB_0689_2022","Perca fluviatilis_okuti","okuti","Perca fluviatilis","Percidae","lotic",172.795377,-43.787384,0.941860465116279,0.00234360915810348,0.627631578947368,0.0958321791320406,194,5366,4,0.0981757882901441,"FWB_0689",10,"lotic",-43.787384,172.795377,0.948176920736477,5.11599586975408,5.83963668802594,848.4202291,131.712799994626,102,98,1040,-2.57702193869581,1,0,0.948180795196232,0,1.04204546451035,"small",-0.370525437821491,-0.148795391025106,"high_prod","Cool temperate and moist","Cool and moist","Q4 (far)",0,"ok",1
"FWB_0689","FWB_0689_2022","Salmo trutta_okuti","okuti","Salmo trutta","Salmonidae","lotic",172.795377,-43.787384,0.72093023255814,0.13953488372093,0.290789473684211,0.0822276084949215,206,58288.6666666667,4,0.221762492215852,"FWB_0689",10,"lotic",-43.787384,172.795377,0.948176920736477,5.11599586975408,5.83963668802594,848.4202291,131.712799994626,102,98,1040,-2.57702193869581,1,0,0.948180795196232,0,1.04204546451035,"small",-0.370525437821491,-0.148795391025106,"high_prod","Cool temperate and moist","Cool and moist","Q4 (far)",0,"ok",1
"FWB_0690","FWB_0690_2005","Anguilla dieffenbachii_onetree","onetree","Anguilla dieffenbachii","Anguillidae","lotic",171.728639,-43.99975,0.71875,0.0605621337890625,0.848534201954398,0.0327297902365012,306.666666666667,4558.33333333333,3,0.0932919240255636,"FWB_0690",11,"lotic",-43.99975,171.728639,2.1216625571138,4.29497828494014,6.37452705235083,2056.046475,41.3495353498143,114,157,664,-2.3859667019331,11,0,3.59360704859615,0,1.3230909483284,"large",0.430894344771714,-1.23598515344573,"high_prod","Warm temperate and mesic","Warm temperate","Q2",0,"ok",1
"FWB_0690","FWB_0690_2005","Oncorhynchus tshawytscha_onetree","onetree","Oncorhynchus tshawytscha","Salmonidae","lotic",171.728639,-43.99975,0.33515625,0.051409912109375,0.290879478827362,0.0331656038790863,55.6,14.8,5,0.0845755159884613,"FWB_0690",11,"lotic",-43.99975,171.728639,2.1216625571138,4.29497828494014,6.37452705235083,2056.046475,41.3495353498143,114,157,664,-2.3859667019331,11,0,3.59360704859615,0,1.3230909483284,"large",0.430894344771714,-1.23598515344573,"high_prod","Warm temperate and mesic","Warm temperate","Q2",0,"ok",1
"FWB_0691","FWB_0691_2009","Anguilla australis_OpuatiaStream","OpuatiaStream","Anguilla australis","Anguillidae","lotic",175.0577562,-37.4103828,0.206211743368851,0.0215250552746758,0.331182256122039,0.000793046406243532,320,14221.5,5,0.0223181016809193,"FWB_0691",11,"lotic",-37.4103828,175.0577562,-0.476424197048658,5.4452912248882,5.19511557139778,663.3472437,118.738894863326,146,128,1245,-3.68887945411394,0,0,-0.47640809411873,0,1.47568020848882,"small",-1.34344192073812,0.287256827022835,"low_prod","Warm temperate and mesic","Warm temperate","Q4 (far)",0,"ok",1
"FWB_0691","FWB_0691_2009","Carassius auratus_OpuatiaStream","OpuatiaStream","Carassius auratus","Cyprinidae","lotic",175.0577562,-37.4103828,0.415552029018363,0.0227656780844204,0.0938378161380972,0.00632485700025511,119,2412.8,6,0.0290905350846756,"FWB_0691",11,"lotic",-37.4103828,175.0577562,-0.476424197048658,5.4452912248882,5.19511557139778,663.3472437,118.738894863326,146,128,1245,-3.68887945411394,0,0,-0.47640809411873,0,1.47568020848882,"small",-1.34344192073812,0.287256827022835,"low_prod","Warm temperate and mesic","Warm temperate","Q4 (far)",0,"ok",1
"FWB_0691","FWB_0691_2009","Cyprinus carpio_OpuatiaStream","OpuatiaStream","Cyprinus carpio","Cyprinidae","lotic",175.0577562,-37.4103828,0.24401118416081,0.0291092648557635,0.320737990097685,0.00513968075786064,181,1796.8,6,0.0342489456136241,"FWB_0691",11,"lotic",-37.4103828,175.0577562,-0.476424197048658,5.4452912248882,5.19511557139778,663.3472437,118.738894863326,146,128,1245,-3.68887945411394,0,0,-0.47640809411873,0,1.47568020848882,"small",-1.34344192073812,0.287256827022835,"low_prod","Warm temperate and mesic","Warm temperate","Q4 (far)",0,"ok",1
"FWB_0691","FWB_0691_2009","Galaxias maculatus_OpuatiaStream","OpuatiaStream","Galaxias maculatus","Galaxiidae","lotic",175.0577562,-37.4103828,0.693266832917706,0.0172740589325516,0.392078147999465,0.0102991034014436,62.3333333333333,26.3333333333333,3,0.0275731623339952,"FWB_0691",11,"lotic",-37.4103828,175.0577562,-0.476424197048658,5.4452912248882,5.19511557139778,663.3472437,118.738894863326,146,128,1245,-3.68887945411394,0,0,-0.47640809411873,0,1.47568020848882,"small",-1.34344192073812,0.287256827022835,"low_prod","Warm temperate and mesic","Warm temperate","Q4 (far)",0,"ok",1
"FWB_0691","FWB_0691_2009","Gambusia affinis_OpuatiaStream","OpuatiaStream","Gambusia affinis","Poeciliidae","lotic",175.0577562,-37.4103828,0.704828836998413,0.0254115746268384,0.328703331995183,0.0196104342251938,31.066,56.50678,5,0.0450220088520323,"FWB_0691",11,"lotic",-37.4103828,175.0577562,-0.476424197048658,5.4452912248882,5.19511557139778,663.3472437,118.738894863326,146,128,1245,-3.68887945411394,0,0,-0.47640809411873,0,1.47568020848882,"small",-1.34344192073812,0.287256827022835,"low_prod","Warm temperate and mesic","Warm temperate","Q4 (far)",0,"ok",1
"FWB_0691","FWB_0691_2009","Gobiomorphus cotidianus_OpuatiaStream","OpuatiaStream","Gobiomorphus cotidianus","Eleotridae","lotic",175.0577562,-37.4103828,0.521499282097786,0.0222477304262752,0.270925331192292,0.00159610124348095,54.6666666666667,10.3333333333333,3,0.0238438316697562,"FWB_0691",11,"lotic",-37.4103828,175.0577562,-0.476424197048658,5.4452912248882,5.19511557139778,663.3472437,118.738894863326,146,128,1245,-3.68887945411394,0,0,-0.47640809411873,0,1.47568020848882,"small",-1.34344192073812,0.287256827022835,"low_prod","Warm temperate and mesic","Warm temperate","Q4 (far)",0,"ok",1
"FWB_0691","FWB_0691_2009","Mugil cephalus_OpuatiaStream","OpuatiaStream","Mugil cephalus","Mugilidae","lotic",175.0577562,-37.4103828,0.473513186730144,0.210390140008963,0.741486016325438,0.0722966195297585,143.666666666667,5206.33333333333,3,0.282686759538722,"FWB_0691",11,"lotic",-37.4103828,175.0577562,-0.476424197048658,5.4452912248882,5.19511557139778,663.3472437,118.738894863326,146,128,1245,-3.68887945411394,0,0,-0.47640809411873,0,1.47568020848882,"small",-1.34344192073812,0.287256827022835,"low_prod","Warm temperate and mesic","Warm temperate","Q4 (far)",0,"ok",1
"FWB_0691","FWB_0691_2009","Retropinna retropinna_OpuatiaStream","OpuatiaStream","Retropinna retropinna","Retropinnidae","lotic",175.0577562,-37.4103828,0.500944608176528,0.015538834056358,0.418514987287569,0.00866971701967576,66.5,157.9,6,0.0242085510760337,"FWB_0691",11,"lotic",-37.4103828,175.0577562,-0.476424197048658,5.4452912248882,5.19511557139778,663.3472437,118.738894863326,146,128,1245,-3.68887945411394,0,0,-0.47640809411873,0,1.47568020848882,"small",-1.34344192073812,0.287256827022835,"low_prod","Warm temperate and mesic","Warm temperate","Q4 (far)",0,"ok",1
"FWB_0691","FWB_0691_2009","Scardinius erythrophthalmus_OpuatiaStream","OpuatiaStream","Scardinius erythrophthalmus","Leuciscidae","lotic",175.0577562,-37.4103828,0.48469734754024,0.0363315449551345,0.317141710156564,0.065200599315303,170,10377,3,0.101532144270438,"FWB_0691",11,"lotic",-37.4103828,175.0577562,-0.476424197048658,5.4452912248882,5.19511557139778,663.3472437,118.738894863326,146,128,1245,-3.68887945411394,0,0,-0.47640809411873,0,1.47568020848882,"small",-1.34344192073812,0.287256827022835,"low_prod","Warm temperate and mesic","Warm temperate","Q4 (far)",0,"ok",1
"FWB_0692","FWB_0692_2017","Anguilla australis_OTU","OTU","Anguilla australis","Anguillidae","lotic",172.221267,-43.116089,0.552384834896046,0.0762699894031713,0.451667358516674,0.0954634968858325,346.636363636364,80698.4545454545,11,0.171733486289004,"FWB_0654",10,"lotic",-43.116089,172.221267,0.162118849476435,6.01005080463487,5.83963668802594,848.4202291,24.463987949032,95,131,1098,-6.90775527898214,1,0,2.34228742092154,0,-2.99553229355132,"small",-0.907355603480459,1.03511027704205,"high_prod","Cool temperate and moist","Cool and moist","Q1 (close)",0,"ok",1
"FWB_0692","FWB_0692_2017","Anguilla dieffenbachii_OTU","OTU","Anguilla dieffenbachii","Anguillidae","lotic",172.221267,-43.116089,0.506939995729233,0.0898204777832359,0.391441617742988,0.0314571896544249,491.428571428571,22822.619047619,7,0.121277667437661,"FWB_0654",10,"lotic",-43.116089,172.221267,0.162118849476435,6.01005080463487,5.83963668802594,848.4202291,24.463987949032,95,131,1098,-6.90775527898214,1,0,2.34228742092154,0,-2.99553229355132,"small",-0.907355603480459,1.03511027704205,"high_prod","Cool temperate and moist","Cool and moist","Q1 (close)",0,"ok",1
"FWB_0692","FWB_0692_2017","Gobiomorphus cotidianus_OTU","OTU","Gobiomorphus cotidianus","Eleotridae","lotic",172.221267,-43.116089,0.262652146060218,0.0048352424229679,0.274172646227441,0.00364166793130326,74.5,466.269230769231,14,0.00847691035427116,"FWB_0654",10,"lotic",-43.116089,172.221267,0.162118849476435,6.01005080463487,5.83963668802594,848.4202291,24.463987949032,95,131,1098,-6.90775527898214,1,0,2.34228742092154,0,-2.99553229355132,"small",-0.907355603480459,1.03511027704205,"high_prod","Cool temperate and moist","Cool and moist","Q1 (close)",0,"ok",1
"FWB_0692","FWB_0692_2017","Salmo trutta_OTU","OTU","Salmo trutta","Salmonidae","lotic",172.221267,-43.116089,0.39372197309417,0.020654838111453,0.311318112633181,0.00197919439173958,281,30842.5,5,0.0226340325031925,"FWB_0654",10,"lotic",-43.116089,172.221267,0.162118849476435,6.01005080463487,5.83963668802594,848.4202291,24.463987949032,95,131,1098,-6.90775527898214,1,0,2.34228742092154,0,-2.99553229355132,"small",-0.907355603480459,1.03511027704205,"high_prod","Cool temperate and moist","Cool and moist","Q1 (close)",0,"ok",1
"FWB_0701","FWB_0701_2010","Galaxias vulgaris_Pudding.Hill2","Pudding.Hill2","Galaxias vulgaris","Galaxiidae","lotic",171.5416867,-43.6020811,0.251196172248804,0.152406080446876,0.296474358974359,0.119660176233897,59.3333333333333,9.33333333333333,3,0.272066256680774,"FWB_0701",5,"lotic",-43.6020811,171.5416867,1.92161745648627,4.20441189085557,6.37452705235083,2056.046475,31.4717020722768,65,47,1634,-4.01738352108597,1,0,1.92161892018543,0,-0.816422772725978,"large",0.294275628629029,-1.35591298238549,"high_prod","Cold and wet","Cold and wet/mesic","Q1 (close)",0,"ok",1
"FWB_0701","FWB_0701_2010","Gobiomorphus breviceps_Pudding.Hill2","Pudding.Hill2","Gobiomorphus breviceps","Eleotridae","lotic",171.5416867,-43.6020811,0.572567783094099,0.139793808139313,0.514523237179487,0.250632773254515,82.3333333333333,282.333333333333,3,0.390426581393828,"FWB_0701",5,"lotic",-43.6020811,171.5416867,1.92161745648627,4.20441189085557,6.37452705235083,2056.046475,31.4717020722768,65,47,1634,-4.01738352108597,1,0,1.92161892018543,0,-0.816422772725978,"large",0.294275628629029,-1.35591298238549,"high_prod","Cold and wet","Cold and wet/mesic","Q1 (close)",0,"ok",1
"FWB_0705","FWB_0705_2005","Anguilla dieffenbachii_roadmarker","roadmarker","Anguilla dieffenbachii","Anguillidae","lotic",171.724719,-43.245739,0.899532710280374,0.00871801030657701,0.470157657657658,0.00581395901813976,428.666666666667,5076.33333333333,3,0.0145319693247168,"FWB_0705",10,"lotic",-43.245739,171.724719,0.333611004340181,6.02888176859169,5.83963668802594,848.4202291,34.6837114660277,78,90,1728,-6.21460809842219,0,0,2.45462010780812,0,-1.62450079011115,"small",-0.790236824002572,1.06004619998578,"high_prod","Cool temperate and moist","Cool and moist","Q2",0,"ok",1
"FWB_0705","FWB_0705_2005","Galaxias vulgaris_roadmarker","roadmarker","Galaxias vulgaris","Galaxiidae","lotic",171.724719,-43.245739,0.695794392523364,0.016790221853437,0.333952702702703,0.00426670071676406,87.6,650.3,5,0.021056922570201,"FWB_0705",10,"lotic",-43.245739,171.724719,0.333611004340181,6.02888176859169,5.83963668802594,848.4202291,34.6837114660277,78,90,1728,-6.21460809842219,0,0,2.45462010780812,0,-1.62450079011115,"small",-0.790236824002572,1.06004619998578,"high_prod","Cool temperate and moist","Cool and moist","Q2",0,"ok",1
"FWB_0705","FWB_0705_2005","Gobiomorphus breviceps_roadmarker","roadmarker","Gobiomorphus breviceps","Eleotridae","lotic",171.724719,-43.245739,0.490654205607477,0.18929054939296,0.595439189189189,0.125628452565741,79.3333333333333,233.333333333333,3,0.314919001958701,"FWB_0705",10,"lotic",-43.245739,171.724719,0.333611004340181,6.02888176859169,5.83963668802594,848.4202291,34.6837114660277,78,90,1728,-6.21460809842219,0,0,2.45462010780812,0,-1.62450079011115,"small",-0.790236824002572,1.06004619998578,"high_prod","Cool temperate and moist","Cool and moist","Q2",0,"ok",1
"FWB_0705","FWB_0705_2005","Oncorhynchus mykiss_roadmarker","roadmarker","Oncorhynchus mykiss","Salmonidae","lotic",171.724719,-43.245739,0.486448598130841,0.00900842868372784,0.266554054054054,0.0240729432980277,132.8,344.2,5,0.0330813719817556,"FWB_0705",10,"lotic",-43.245739,171.724719,0.333611004340181,6.02888176859169,5.83963668802594,848.4202291,34.6837114660277,78,90,1728,-6.21460809842219,0,0,2.45462010780812,0,-1.62450079011115,"small",-0.790236824002572,1.06004619998578,"high_prod","Cool temperate and moist","Cool and moist","Q2",0,"ok",1
"FWB_0707","FWB_0707_2010","Anguilla australis_scou1","scou1","Anguilla australis","Anguillidae","lotic",172.630287,-43.412757,0.759915944313107,0.0386996042088287,0.765633132574912,0.0595291401409084,NA,NA,3,0.098228744349737,"FWB_0707",11,"lotic",-43.412757,172.630287,3.91348194066439,4.75669370468916,4.99476697158333,881.3360322,71.8488443663701,119,319,619,1.74449314342697,16,17,7.08997183859741,0,5.0969047904049,"large",1.65459871429812,-0.624582563796404,"low_prod","Warm temperate and mesic","Warm temperate","Q4 (far)",0,"ok",1
"FWB_0707","FWB_0707_2010","Salmo trutta_scou1","scou1","Salmo trutta","Salmonidae","lotic",172.630287,-43.412757,0.631731021801944,0.302059186314952,0.406572979403673,0.126794680284159,NA,NA,3,0.428853866599111,"FWB_0707",11,"lotic",-43.412757,172.630287,3.91348194066439,4.75669370468916,4.99476697158333,881.3360322,71.8488443663701,119,319,619,1.74449314342697,16,17,7.08997183859741,0,5.0969047904049,"large",1.65459871429812,-0.624582563796404,"low_prod","Warm temperate and mesic","Warm temperate","Q4 (far)",0,"ok",1
"FWB_0710","FWB_0710_2009","Anguilla australis_seas1","seas1","Anguilla australis","Anguillidae","lotic",172.578383,-43.32902,0.5531009654721,0.113133908633658,0.808233731739707,0.0460016684038525,NA,NA,3,0.159135577037511,"FWB_0710",11,"lotic",-43.32902,172.578383,0.629674757604372,4.7995298036777,4.99476697158333,881.3360322,58.5466964148144,119,317,681,1.67952352000079,22,24,0.629680085240686,0,5.74098194776144,"small",-0.588043169969278,-0.567859091432615,"low_prod","Warm temperate and mesic","Warm temperate","Q3",0,"ok",1
"FWB_0710","FWB_0710_2009","Gobiomorphus breviceps_seas1","seas1","Gobiomorphus breviceps","Eleotridae","lotic",172.578383,-43.32902,0.105056455571919,0.0170695833511072,0.295794599380256,0.00973249689746255,NA,NA,3,0.0268020802485697,"FWB_0710",11,"lotic",-43.32902,172.578383,0.629674757604372,4.7995298036777,4.99476697158333,881.3360322,58.5466964148144,119,317,681,1.67952352000079,22,24,0.629680085240686,0,5.74098194776144,"small",-0.588043169969278,-0.567859091432615,"low_prod","Warm temperate and mesic","Warm temperate","Q3",0,"ok",1
"FWB_0710","FWB_0710_2009","Gobiomorphus cotidianus_seas1","seas1","Gobiomorphus cotidianus","Eleotridae","lotic",172.578383,-43.32902,0.68433971526755,0.164260397183283,0.217529880478088,0.0433356789751133,NA,NA,3,0.207596076158396,"FWB_0710",11,"lotic",-43.32902,172.578383,0.629674757604372,4.7995298036777,4.99476697158333,881.3360322,58.5466964148144,119,317,681,1.67952352000079,22,24,0.629680085240686,0,5.74098194776144,"small",-0.588043169969278,-0.567859091432615,"low_prod","Warm temperate and mesic","Warm temperate","Q3",0,"ok",1
"FWB_0720","FWB_0720_2017","Gobiomorphus breviceps_STOU","STOU","Gobiomorphus breviceps","Eleotridae","lotic",172.450505,-42.588545,0.436354869816779,0.0594222773764169,0.792890995260664,0.0374789705981447,56.8235294117647,286.904411764706,17,0.0969012479745615,"FWB_0720",10,"lotic",-42.588545,172.450505,2.04795087458846,5.79622668355187,5.84968846999958,455.1586379,35.1297639769034,93,70,1261,-6.90775527898214,0,0,5.0879543575545,0,-3.61154811117761,"large",0.380553719584004,0.751964824740069,"high_prod","Cool temperate and moist","Cool and moist","Q2",0,"ok",1
"FWB_0720","FWB_0720_2017","Salmo trutta_STOU","STOU","Salmo trutta","Salmonidae","lotic",172.450505,-42.588545,0.0710382513661202,0.00438950103018902,0.129383886255924,0.0146036701781181,79.3333333333333,74.3333333333333,3,0.0189931712083072,"FWB_0720",10,"lotic",-42.588545,172.450505,2.04795087458846,5.79622668355187,5.84968846999958,455.1586379,35.1297639769034,93,70,1261,-6.90775527898214,0,0,5.0879543575545,0,-3.61154811117761,"large",0.380553719584004,0.751964824740069,"high_prod","Cool temperate and moist","Cool and moist","Q2",0,"ok",1
"FWB_0751","FWB_0751_2019","Anaecypris hispanica_A4","A4","Anaecypris hispanica","Leuciscidae","lotic",-7.184753,38.070386,0.684398313331171,0.0231324900269745,0.115004916420845,0.0018803641922132,52.4443333333333,9.59229633333333,3,0.0250128542191877,"FWB_0751",12,"lotic",38.070386,-7.184753,1.96613285617284,4.37566838470429,4.69725534280993,1014.595982,47.9262485827718,162,49,562,-0.939047718996771,7,0,1.96613425614386,0,1.85723661222228,"large",0.324676956802923,-1.12913549271385,"low_prod","Warm temperate and xeric","Warm temperate","Q2",0,"ok",1
"FWB_0751","FWB_0751_2019","Cobitis paludica_A4","A4","Cobitis paludica","Cobitidae","lotic",-7.184753,38.070386,0.134568602011028,0.00726358335919846,0.428215339233038,0.0056590723813999,76.75,58.2142857142857,8,0.0129226557405984,"FWB_0751",12,"lotic",38.070386,-7.184753,1.96613285617284,4.37566838470429,4.69725534280993,1014.595982,47.9262485827718,162,49,562,-0.939047718996771,7,0,1.96613425614386,0,1.85723661222228,"large",0.324676956802923,-1.12913549271385,"low_prod","Warm temperate and xeric","Warm temperate","Q2",0,"ok",1
"FWB_0751","FWB_0751_2019","Gambusia holbrooki_A4","A4","Gambusia holbrooki","Poeciliidae","lotic",-7.184753,38.070386,0.117364039355606,0.00367509464515227,0.446253687315634,0.103503901288711,37.3333333333333,52.6666666666667,6,0.107178995933864,"FWB_0751",12,"lotic",38.070386,-7.184753,1.96613285617284,4.37566838470429,4.69725534280993,1014.595982,47.9262485827718,162,49,562,-0.939047718996771,7,0,1.96613425614386,0,1.85723661222228,"large",0.324676956802923,-1.12913549271385,"low_prod","Warm temperate and xeric","Warm temperate","Q2",0,"ok",1
"FWB_0751","FWB_0751_2019","Iberochondrostoma lemmingii_A4","A4","Iberochondrostoma lemmingii","Leuciscidae","lotic",-7.184753,38.070386,0.138923126824522,0.0298133755165368,0.353227138643068,0.00426484002053585,75.55,280.2625,5,0.0340782155370726,"FWB_0751",12,"lotic",38.070386,-7.184753,1.96613285617284,4.37566838470429,4.69725534280993,1014.595982,47.9262485827718,162,49,562,-0.939047718996771,7,0,1.96613425614386,0,1.85723661222228,"large",0.324676956802923,-1.12913549271385,"low_prod","Warm temperate and xeric","Warm temperate","Q2",0,"ok",1
"FWB_0751","FWB_0751_2019","Lepomis gibbosus_A4","A4","Lepomis gibbosus","Centrarchidae","lotic",-7.184753,38.070386,0.236133636068764,0.00327081912553347,0.611238938053097,0.00665592569124561,62.5833333333333,151.901515151515,12,0.00992674481677908,"FWB_0751",12,"lotic",38.070386,-7.184753,1.96613285617284,4.37566838470429,4.69725534280993,1014.595982,47.9262485827718,162,49,562,-0.939047718996771,7,0,1.96613425614386,0,1.85723661222228,"large",0.324676956802923,-1.12913549271385,"low_prod","Warm temperate and xeric","Warm temperate","Q2",0,"ok",1
"FWB_0751","FWB_0751_2019","Luciobarbus sclateri_A4","A4","Luciobarbus sclateri","Cyprinidae","lotic",-7.184753,38.070386,0.288923126824522,0.00550110755282537,0.716902654867257,0.0467385688139389,132,318,4,0.0522396763667642,"FWB_0751",12,"lotic",38.070386,-7.184753,1.96613285617284,4.37566838470429,4.69725534280993,1014.595982,47.9262485827718,162,49,562,-0.939047718996771,7,0,1.96613425614386,0,1.85723661222228,"large",0.324676956802923,-1.12913549271385,"low_prod","Warm temperate and xeric","Warm temperate","Q2",0,"ok",1
"FWB_0751","FWB_0751_2019","Luciobarbus steindachneri_A4","A4","Luciobarbus steindachneri","Cyprinidae","lotic",-7.184753,38.070386,0.232926082098966,0.00400103816163567,0.717705670272042,0.0197077021992886,173.333333333333,3867.75,9,0.0237087403609243,"FWB_0751",12,"lotic",38.070386,-7.184753,1.96613285617284,4.37566838470429,4.69725534280993,1014.595982,47.9262485827718,162,49,562,-0.939047718996771,7,0,1.96613425614386,0,1.85723661222228,"large",0.324676956802923,-1.12913549271385,"low_prod","Warm temperate and xeric","Warm temperate","Q2",0,"ok",1
"FWB_0751","FWB_0751_2019","NA_A4","A4","NA","Cyprinidae","lotic",-7.184753,38.070386,0.436842593021639,0.122893157555924,0.582182890855457,0.0154018476460641,77.1428571428571,240.47619047619,7,0.138295005201988,"FWB_0751",12,"lotic",38.070386,-7.184753,1.96613285617284,4.37566838470429,4.69725534280993,1014.595982,47.9262485827718,162,49,562,-0.939047718996771,7,0,1.96613425614386,0,1.85723661222228,"large",0.324676956802923,-1.12913549271385,"low_prod","Warm temperate and xeric","Warm temperate","Q2",0,"ok",1
"FWB_0751","FWB_0751_2019","Squalius alburnoides_A4","A4","Squalius alburnoides","Leuciscidae","lotic",-7.184753,38.070386,0.134149637798681,0.0042648095802767,0.427158308751229,0.0278225071715933,62.8333333333333,170.966666666667,6,0.03208731675187,"FWB_0751",12,"lotic",38.070386,-7.184753,1.96613285617284,4.37566838470429,4.69725534280993,1014.595982,47.9262485827718,162,49,562,-0.939047718996771,7,0,1.96613425614386,0,1.85723661222228,"large",0.324676956802923,-1.12913549271385,"low_prod","Warm temperate and xeric","Warm temperate","Q2",0,"ok",1
"FWB_0752","FWB_0752_2019","Australoheros facetus_A5","A5","Australoheros facetus","Cichlidae","lotic",-7.298176,38.148395,0.391529795031899,0.079677870146929,0.393577981651376,0.0464369953213377,75.2,735.955555555556,10,0.126114865468267,"FWB_0752",12,"lotic",38.148395,-7.298176,3.25782727100314,5.22084214721338,4.69725534280993,1014.595982,57.9717143078746,169,110,526,-0.894040122939335,39,0,6.42077477057078,0,2.41662870125415,"large",1.20682619239639,-0.00995817049529833,"low_prod","Warm temperate and xeric","Warm temperate","Q3",0,"ok",1
"FWB_0752","FWB_0752_2019","Cobitis paludica_A5","A5","Cobitis paludica","Cobitidae","lotic",-7.298176,38.148395,0.412040179177413,0.00462613630850053,0.226887791107975,0.0236406225801058,78.25,418.785714285714,8,0.0282667588886063,"FWB_0752",12,"lotic",38.148395,-7.298176,3.25782727100314,5.22084214721338,4.69725534280993,1014.595982,57.9717143078746,169,110,526,-0.894040122939335,39,0,6.42077477057078,0,2.41662870125415,"large",1.20682619239639,-0.00995817049529833,"low_prod","Warm temperate and xeric","Warm temperate","Q3",0,"ok",1
"FWB_0752","FWB_0752_2019","Gambusia holbrooki_A5","A5","Gambusia holbrooki","Poeciliidae","lotic",-7.298176,38.148395,0.358374217068394,0.0279701172755689,0.27166717074974,0.0368624742770923,40.1428571428571,76.8095238095238,7,0.0648325915526612,"FWB_0752",12,"lotic",38.148395,-7.298176,3.25782727100314,5.22084214721338,4.69725534280993,1014.595982,57.9717143078746,169,110,526,-0.894040122939335,39,0,6.42077477057078,0,2.41662870125415,"large",1.20682619239639,-0.00995817049529833,"low_prod","Warm temperate and xeric","Warm temperate","Q3",0,"ok",1
"FWB_0752","FWB_0752_2019","Lepomis gibbosus_A5","A5","Lepomis gibbosus","Centrarchidae","lotic",-7.298176,38.148395,0.754667620963264,0.0165322240537124,0.125018712174676,0.00763783216697697,72,120.4,11,0.0241700562206894,"FWB_0752",12,"lotic",38.148395,-7.298176,3.25782727100314,5.22084214721338,4.69725534280993,1014.595982,57.9717143078746,169,110,526,-0.894040122939335,39,0,6.42077477057078,0,2.41662870125415,"large",1.20682619239639,-0.00995817049529833,"low_prod","Warm temperate and xeric","Warm temperate","Q3",0,"ok",1
"FWB_0752","FWB_0752_2019","Luciobarbus steindachneri_A5","A5","Luciobarbus steindachneri","Cyprinidae","lotic",-7.298176,38.148395,0.626289534410208,0.0113027300632078,0.336185603387438,0.0214257628640969,130.5,1548,8,0.0327284929273048,"FWB_0752",12,"lotic",38.148395,-7.298176,3.25782727100314,5.22084214721338,4.69725534280993,1014.595982,57.9717143078746,169,110,526,-0.894040122939335,39,0,6.42077477057078,0,2.41662870125415,"large",1.20682619239639,-0.00995817049529833,"low_prod","Warm temperate and xeric","Warm temperate","Q3",0,"ok",1
"FWB_0752","FWB_0752_2019","NA_A5","A5","NA","Cyprinidae","lotic",-7.298176,38.148395,0.464673544183521,0.0200675318790021,0.52364149611856,0.101008571688973,95.25,90.9166666666667,4,0.121076103567975,"FWB_0752",12,"lotic",38.148395,-7.298176,3.25782727100314,5.22084214721338,4.69725534280993,1014.595982,57.9717143078746,169,110,526,-0.894040122939335,39,0,6.42077477057078,0,2.41662870125415,"large",1.20682619239639,-0.00995817049529833,"low_prod","Warm temperate and xeric","Warm temperate","Q3",0,"ok",1
"FWB_0756","FWB_0756_2019","Gambusia holbrooki_C4","C4","Gambusia holbrooki","Poeciliidae","lotic",-7.111071,38.981366,0.309090909090909,0.0324242798271398,0.479503473708472,0.0663156325223083,8356.36363636364,342754080.454545,11,0.0987399123494481,"FWB_0756",12,"lotic",38.981366,-7.111071,1.67410142575982,5.67922203464204,5.49363743750636,1545.319847,30.3430461059492,167,130,571,-3.77226106305299,91,0,4.42861210839362,1796,0.28593805253276,"large",0.125237135626683,0.597027514256992,"high_prod","Warm temperate and xeric","Warm temperate","Q1 (close)",0,"ok",1
"FWB_0756","FWB_0756_2019","Lepomis gibbosus_C4","C4","Lepomis gibbosus","Centrarchidae","lotic",-7.111071,38.981366,0.688888888888889,0.0460224340534291,0.27160046681959,0.0490389187199195,99.4444444444444,163.527777777778,9,0.0950613527733486,"FWB_0756",12,"lotic",38.981366,-7.111071,1.67410142575982,5.67922203464204,5.49363743750636,1545.319847,30.3430461059492,167,130,571,-3.77226106305299,91,0,4.42861210839362,1796,0.28593805253276,"large",0.125237135626683,0.597027514256992,"high_prod","Warm temperate and xeric","Warm temperate","Q1 (close)",0,"ok",1
"FWB_0770","FWB_0770_2019","Alburnus alburnus_LU1","LU1","Alburnus alburnus","Leuciscidae","lotic",-7.371537,38.609312,0.134144318495991,0.0186846025648431,0.253267460139232,0.0114586662982315,85.5,457.611111111111,10,0.0301432688630746,"FWB_0770",12,"lotic",38.609312,-7.371537,1.54351176231793,5.66318411214289,5.49363743750636,1545.319847,48.2752364507491,167,105,561,-0.970219073899711,45,0,3.78741193671977,0,2.67408037123356,"large",0.0360522862853598,0.575790130948665,"high_prod","Warm temperate and xeric","Warm temperate","Q2",0,"ok",1
"FWB_0770","FWB_0770_2019","Gambusia holbrooki_LU1","LU1","Gambusia holbrooki","Poeciliidae","lotic",-7.371537,38.609312,0.210829811603934,0.00689868005837986,0.232267171409323,0.00190345404575836,36.1428571428571,86.8095238095238,7,0.00880213410413821,"FWB_0770",12,"lotic",38.609312,-7.371537,1.54351176231793,5.66318411214289,5.49363743750636,1545.319847,48.2752364507491,167,105,561,-0.970219073899711,45,0,3.78741193671977,0,2.67408037123356,"large",0.0360522862853598,0.575790130948665,"high_prod","Warm temperate and xeric","Warm temperate","Q2",0,"ok",1
"FWB_0770","FWB_0770_2019","Lepomis gibbosus_LU1","LU1","Lepomis gibbosus","Centrarchidae","lotic",-7.371537,38.609312,0.61791539950235,0.0480139145026769,0.497002021109364,0.140437968862556,72.3,657.122222222222,10,0.188451883365233,"FWB_0770",12,"lotic",38.609312,-7.371537,1.54351176231793,5.66318411214289,5.49363743750636,1545.319847,48.2752364507491,167,105,561,-0.970219073899711,45,0,3.78741193671977,0,2.67408037123356,"large",0.0360522862853598,0.575790130948665,"high_prod","Warm temperate and xeric","Warm temperate","Q2",0,"ok",1
"FWB_0770","FWB_0770_2019","Luciobarbus steindachneri_LU1","LU1","Luciobarbus steindachneri","Cyprinidae","lotic",-7.371537,38.609312,0.222882683623629,0.00327297902340005,0.368515607455648,0.00497086898423431,133.666666666667,141.866666666667,6,0.00824384800763436,"FWB_0770",12,"lotic",38.609312,-7.371537,1.54351176231793,5.66318411214289,5.49363743750636,1545.319847,48.2752364507491,167,105,561,-0.970219073899711,45,0,3.78741193671977,0,2.67408037123356,"large",0.0360522862853598,0.575790130948665,"high_prod","Warm temperate and xeric","Warm temperate","Q2",0,"ok",1
"FWB_0799","FWB_0799_2020","Cotylopus acutipinnis_Riviere_du_Mat_downstream","Riviere_du_Mat_downstream","Cotylopus acutipinnis","Gobiidae","lotic",55.49622,-21.065836,0.286836027713626,0.000818257528251181,0.770222907612505,0.0233003389623706,87.8,489.2,5,0.0241185964906218,"FWB_0827",13,"lentic",-26.890897,32.298722,-0.0202027073175195,-1.62285545280295,4.07734539105797,92.56986043,10.4443766107567,229,120,647,-0.102032725565152,9,0,1.54008997791973,0,3.20914907301938,"large",-0.0947013787687502,0.117781670774529,"low_prod","Hot and mesic","Hot and moist","Q1 (close)",2678192.12187093,"check",1
"FWB_0799","FWB_0799_2020","Oncorhynchus mykiss_Riviere_du_Mat_downstream","Riviere_du_Mat_downstream","Oncorhynchus mykiss","Salmonidae","lotic",55.49622,-21.065836,0.582407430906276,0.0257017646657458,0.579475676433478,0.0187504916008822,176.184615384615,2483.96538461539,65,0.044452256266628,"FWB_0827",13,"lentic",-26.890897,32.298722,-0.0202027073175195,-1.62285545280295,4.07734539105797,92.56986043,10.4443766107567,229,120,647,-0.102032725565152,9,0,1.54008997791973,0,3.20914907301938,"large",-0.0947013787687502,0.117781670774529,"low_prod","Hot and mesic","Hot and moist","Q1 (close)",2678192.12187093,"check",1
"FWB_0799","FWB_0799_2020","Sicyopterus lagocephalus_Riviere_du_Mat_downstream","Riviere_du_Mat_downstream","Sicyopterus lagocephalus","Gobiidae","lotic",55.49622,-21.065836,0.277763114483669,0.0604527668193117,0.56747511565961,0.0122715407670393,97.5,126.944444444444,10,0.072724307586351,"FWB_0827",13,"lentic",-26.890897,32.298722,-0.0202027073175195,-1.62285545280295,4.07734539105797,92.56986043,10.4443766107567,229,120,647,-0.102032725565152,9,0,1.54008997791973,0,3.20914907301938,"large",-0.0947013787687502,0.117781670774529,"low_prod","Hot and mesic","Hot and moist","Q1 (close)",2678192.12187093,"check",1
"FWB_0800","FWB_0800_2019","Cotylopus acutipinnis_Riviere_du_Mat_upstream","Riviere_du_Mat_upstream","Cotylopus acutipinnis","Gobiidae","lotic",55.498387,-21.066069,0.8005772005772,0.00447786460773474,0.92021234450519,0.00172877531941955,91,196,3,0.00620663992715429,"FWB_0827",13,"lentic",-26.890897,32.298722,-0.0202027073175195,-1.62285545280295,4.07734539105797,92.56986043,10.4443766107567,229,120,647,-0.102032725565152,9,0,1.54008997791973,0,3.20914907301938,"large",-0.0947013787687502,0.117781670774529,"low_prod","Hot and mesic","Hot and moist","Q1 (close)",2678417.34881065,"check",1
"FWB_0800","FWB_0800_2019","Sicyopterus lagocephalus_Riviere_du_Mat_upstream","Riviere_du_Mat_upstream","Sicyopterus lagocephalus","Gobiidae","lotic",55.498387,-21.066069,0.425170068027211,0.0681053819402613,0.537867726125392,0.0994501146320172,87,276.4,21,0.167555496572279,"FWB_0827",13,"lentic",-26.890897,32.298722,-0.0202027073175195,-1.62285545280295,4.07734539105797,92.56986043,10.4443766107567,229,120,647,-0.102032725565152,9,0,1.54008997791973,0,3.20914907301938,"large",-0.0947013787687502,0.117781670774529,"low_prod","Hot and mesic","Hot and moist","Q1 (close)",2678417.34881065,"check",1
"FWB_0801","FWB_0801_2019","Brachymystax lenok_Site1Russia","Site1Russia","Brachymystax lenok","Salmonidae","lotic",136.170654,53.280345,0.744158878504673,0.0623211786965778,0.426916735366859,0.214966739591949,437.5,7891.66666666667,4,0.277287918288527,"FWB_0801",7,"lotic",53.280345,136.170654,3.93967708220996,4.38676073287052,2.45029850198034,167.2932297,41.0127951561477,-33,0,653,-5.80914299031403,0,0,6.32002343057757,0,-3.72928486874898,"large",1.67248841315056,-1.11444702855596,"low_prod","Cold and mesic","Cold and wet/mesic","Q2",0,"ok",1
"FWB_0801","FWB_0801_2019","Thymallus tugarinae_Site1Russia","Site1Russia","Thymallus tugarinae","Salmonidae","lotic",136.170654,53.280345,0.0919744844978488,0.00423100446634767,0.185702508538452,0.0139517208285682,294.142857142857,2457.14285714286,7,0.0181827252949158,"FWB_0801",7,"lotic",53.280345,136.170654,3.93967708220996,4.38676073287052,2.45029850198034,167.2932297,41.0127951561477,-33,0,653,-5.80914299031403,0,0,6.32002343057757,0,-3.72928486874898,"large",1.67248841315056,-1.11444702855596,"low_prod","Cold and mesic","Cold and wet/mesic","Q2",0,"ok",1
"FWB_0802","FWB_0802_2019","Brachymystax lenok_Site2Russia","Site2Russia","Brachymystax lenok","Salmonidae","lotic",136.027958,53.070903,0.696952846975089,0.0905888435693993,0.532501107992318,0.180574240948784,630,15266.6666666667,4,0.271163084518184,"FWB_0802",7,"lotic",53.070903,136.027958,4.34848277763853,4.96336919950204,2.45029850198034,167.2932297,59.8116119070887,-30,0,646,-6.21460809842219,0,0,7.7460446891359,0,-3.72928486874898,"large",1.95167800132877,-0.350903307395702,"low_prod","Cold and mesic","Cold and wet/mesic","Q3",0,"ok",1
"FWB_0802","FWB_0802_2019","Thymallus tugarinae_Site2Russia","Site2Russia","Thymallus tugarinae","Salmonidae","lotic",136.027958,53.070903,0.148882339857651,0.00844038028578078,0.106459595213473,0.00957635689357232,283.375,5033.125,8,0.0180167371793531,"FWB_0802",7,"lotic",53.070903,136.027958,4.34848277763853,4.96336919950204,2.45029850198034,167.2932297,59.8116119070887,-30,0,646,-6.21460809842219,0,0,7.7460446891359,0,-3.72928486874898,"large",1.95167800132877,-0.350903307395702,"low_prod","Cold and mesic","Cold and wet/mesic","Q3",0,"ok",1
"FWB_0803","FWB_0803_2019","Brachymystax lenok_Site3Russia","Site3Russia","Brachymystax lenok","Salmonidae","lotic",136.107849,53.294958,0.666005629477994,0.0636380776540053,0.59788298691301,0.099334228595732,498.75,16039.5833333333,4,0.162972306249737,"FWB_0803",7,"lotic",53.294958,136.107849,4.29059641806799,4.24150557592019,2.45029850198034,167.2932297,33.5239612202588,-33,0,662,-6.21460809842219,0,0,6.56507059903387,0,-3.72928486874898,"large",1.91214511548506,-1.3067936024859,"low_prod","Cold and mesic","Cold and wet/mesic","Q2",0,"ok",1
"FWB_0803","FWB_0803_2019","Thymallus tugarinae_Site3Russia","Site3Russia","Thymallus tugarinae","Salmonidae","lotic",136.107849,53.294958,0.214303991811668,0.0238880503426879,0.297844495765974,0.0299894532084154,281.4,7702.93333333333,10,0.0538775035511033,"FWB_0803",7,"lotic",53.294958,136.107849,4.29059641806799,4.24150557592019,2.45029850198034,167.2932297,33.5239612202588,-33,0,662,-6.21460809842219,0,0,6.56507059903387,0,-3.72928486874898,"large",1.91214511548506,-1.3067936024859,"low_prod","Cold and mesic","Cold and wet/mesic","Q2",0,"ok",1
"FWB_0804","FWB_0804_2019","Brachymystax lenok_Site4Russia","Site4Russia","Brachymystax lenok","Salmonidae","lotic",136.225229,53.054355,0.450638977635783,0.011979010367225,0.383114336144342,0.00542029932089496,625,28433.3333333333,4,0.01739930968812,"FWB_0804",7,"lotic",53.054355,136.225229,2.5065050493405,6.87119746485974,2.45029850198034,167.2932297,73.1738688478761,-27,0,613,-6.90775527898214,0,0,7.88653994700375,0,-3.72928486874898,"large",0.693718513122913,2.17543887688728,"low_prod","Cold and mesic","Cold and wet/mesic","Q4 (far)",0,"ok",1
"FWB_0804","FWB_0804_2019","Hucho taimen_Site4Russia","Site4Russia","Hucho taimen","Salmonidae","lotic",136.225229,53.054355,0.916353833865815,0.00469838081069375,0.654245930574622,0.00490534279504433,1385,71600,8,0.00960372360573809,"FWB_0804",7,"lotic",53.054355,136.225229,2.5065050493405,6.87119746485974,2.45029850198034,167.2932297,73.1738688478761,-27,0,613,-6.90775527898214,0,0,7.88653994700375,0,-3.72928486874898,"large",0.693718513122913,2.17543887688728,"low_prod","Cold and mesic","Cold and wet/mesic","Q4 (far)",0,"ok",1
"FWB_0804","FWB_0804_2019","Oncorhynchus keta_Site4Russia","Site4Russia","Oncorhynchus keta","Salmonidae","lotic",136.225229,53.054355,0.618833865814696,0.0212348376073611,0.692665228476172,0.0327149816869847,NA,NA,10,0.0539498192943458,"FWB_0804",7,"lotic",53.054355,136.225229,2.5065050493405,6.87119746485974,2.45029850198034,167.2932297,73.1738688478761,-27,0,613,-6.90775527898214,0,0,7.88653994700375,0,-3.72928486874898,"large",0.693718513122913,2.17543887688728,"low_prod","Cold and mesic","Cold and wet/mesic","Q4 (far)",0,"ok",1
"FWB_0804","FWB_0804_2019","Rhynchocypris lagowskii_Site4Russia","Site4Russia","Rhynchocypris lagowskii","Leuciscidae","lotic",136.225229,53.054355,0.111741214057508,0.00415262266098138,0.242825390599464,0.0130442507608658,NA,NA,20,0.0171968734218471,"FWB_0804",7,"lotic",53.054355,136.225229,2.5065050493405,6.87119746485974,2.45029850198034,167.2932297,73.1738688478761,-27,0,613,-6.90775527898214,0,0,7.88653994700375,0,-3.72928486874898,"large",0.693718513122913,2.17543887688728,"low_prod","Cold and mesic","Cold and wet/mesic","Q4 (far)",0,"ok",1
"FWB_0804","FWB_0804_2019","Thymallus tugarinae_Site4Russia","Site4Russia","Thymallus tugarinae","Salmonidae","lotic",136.225229,53.054355,0.256150159744409,0.00776638528514122,0.350452703144407,0.0118691463238629,258.75,3505.35714285714,8,0.0196355316090041,"FWB_0804",7,"lotic",53.054355,136.225229,2.5065050493405,6.87119746485974,2.45029850198034,167.2932297,73.1738688478761,-27,0,613,-6.90775527898214,0,0,7.88653994700375,0,-3.72928486874898,"large",0.693718513122913,2.17543887688728,"low_prod","Cold and mesic","Cold and wet/mesic","Q4 (far)",0,"ok",1
"FWB_0805","FWB_0805_2018","Lamprichthys tanganicanus_Kivu","Kivu","Lamprichthys tanganicanus","Procatopodidae","lentic",29.22771,-2.04188,0.520968756552736,0.0373657836929097,0.464896468300088,0.0279420623354576,76.1672932330827,620.979412314878,133,0.0653078460283672,"FWB_0805",14,"lentic",-2.04188,29.22771,7.78359061579691,-8.74036969582172,5.49045355315651,490.8921845,12.6543548092853,193,74,1317,7.02307394724472,13,36,7.13657072266054,0,6.61373987324767,"large",3.07080233417609,-2.52662881559051,"high_prod","Hot and dry","Hot and dry","Q1 (close)",0,"ok",1
"FWB_0805","FWB_0805_2018","Limnothrissa miodon_Kivu","Kivu","Limnothrissa miodon","Dorosomatidae","lentic",29.22771,-2.04188,0.423164484917473,0.0346309439062085,0.445245606128887,0.0114491296589328,73.1235081203007,133.446793372721,266,0.0460800735651412,"FWB_0805",14,"lentic",-2.04188,29.22771,7.78359061579691,-8.74036969582172,5.49045355315651,490.8921845,12.6543548092853,193,74,1317,7.02307394724472,13,36,7.13657072266054,0,6.61373987324767,"large",3.07080233417609,-2.52662881559051,"high_prod","Hot and dry","Hot and dry","Q1 (close)",0,"ok",1
"FWB_0806","FWB_0806_2007","Coregonus albula_Loch Skeen","Loch Skeen","Coregonus albula","Salmonidae","lentic",-3.311333,55.435242,0.337687082343845,0.0318285848206767,0.234857555231176,0.00820994355922013,177.052631578947,474.591749644381,38,0.0400385283798968,"FWB_0806",5,"lentic",55.435242,-3.311333,-1.77195684193188,-2.58450077224642,3.4816265100502,1980.695571,73.4308777839241,57,66,1393,-3.57555076880693,1,0,-1.29459067690968,0,0.0198124311696903,"small",-0.805276862727773,-0.239503875846536,"low_prod","Cold and wet","Cold and wet/mesic","Q4 (far)",0,"ok",1
"FWB_0806","FWB_0806_2007","Phoxinus phoxinus_Loch Skeen","Loch Skeen","Phoxinus phoxinus","Leuciscidae","lentic",-3.311333,55.435242,0.184295208114725,0.016876831349895,0.786849485821128,0.0243805431101969,55.5,123.833333333333,10,0.0412573744600919,"FWB_0806",5,"lentic",55.435242,-3.311333,-1.77195684193188,-2.58450077224642,3.4816265100502,1980.695571,73.4308777839241,57,66,1393,-3.57555076880693,1,0,-1.29459067690968,0,0.0198124311696903,"small",-0.805276862727773,-0.239503875846536,"low_prod","Cold and wet","Cold and wet/mesic","Q4 (far)",0,"ok",1
"FWB_0806","FWB_0806_2007","Salmo trutta_Loch Skeen","Loch Skeen","Salmo trutta","Salmonidae","lentic",-3.311333,55.435242,0.514177853360833,0.0749147234322055,0.527729123907974,0.0354783735198638,190.448275862069,2061.8275862069,29,0.110393096952069,"FWB_0806",5,"lentic",55.435242,-3.311333,-1.77195684193188,-2.58450077224642,3.4816265100502,1980.695571,73.4308777839241,57,66,1393,-3.57555076880693,1,0,-1.29459067690968,0,0.0198124311696903,"small",-0.805276862727773,-0.239503875846536,"low_prod","Cold and wet","Cold and wet/mesic","Q4 (far)",0,"ok",1
"FWB_0809","FWB_0809_2021","Carassius gibelio_perin","perin","Carassius gibelio","Cyprinidae","lentic",21.141027,48.539368,0.419161676646707,0.00159945293331216,0.720896946564886,0.0619040161662241,79,1716.85714285714,8,0.0635034690995363,"FWB_0809",8,"lentic",48.539368,21.141027,-0.798507696217772,-0.0631358039130027,5.3217929510552,1264.424209,48.1500261987561,90,263,608,0.557900031151919,64,0,1.59229378818506,0,3.81560042713798,"small",-0.410410320581677,0.697273169419541,"high_prod","Cool temperate and dry","Cool temperate and dry/xeric","Q2",0,"ok",1
"FWB_0809","FWB_0809_2021","Cyprinus carpio_perin","perin","Cyprinus carpio","Cyprinidae","lentic",21.141027,48.539368,0.299650698602794,0.0744750767925227,0.239821882951654,0.0452722257832683,291.5,7749.9,6,0.119747302575791,"FWB_0809",8,"lentic",48.539368,21.141027,-0.798507696217772,-0.0631358039130027,5.3217929510552,1264.424209,48.1500261987561,90,263,608,0.557900031151919,64,0,1.59229378818506,0,3.81560042713798,"small",-0.410410320581677,0.697273169419541,"high_prod","Cool temperate and dry","Cool temperate and dry/xeric","Q2",0,"ok",1
"FWB_0809","FWB_0809_2021","Pseudorasbora parva_perin","perin","Pseudorasbora parva","Gobionidae","lentic",21.141027,48.539368,0.601796407185629,0.113431071987761,0.702835332606325,0.0112715778578782,55.1666666666667,110.966666666667,7,0.124702649845639,"FWB_0809",8,"lentic",48.539368,21.141027,-0.798507696217772,-0.0631358039130027,5.3217929510552,1264.424209,48.1500261987561,90,263,608,0.557900031151919,64,0,1.59229378818506,0,3.81560042713798,"small",-0.410410320581677,0.697273169419541,"high_prod","Cool temperate and dry","Cool temperate and dry/xeric","Q2",0,"ok",1
"FWB_0809","FWB_0809_2021","Rhodeus amarus_perin","perin","Rhodeus amarus","Acheilognathidae","lentic",21.141027,48.539368,0.437624750499002,0.0157081047485867,0.342875318066158,0.0515206475924091,57.3333333333333,25.3333333333333,3,0.0672287523409958,"FWB_0809",8,"lentic",48.539368,21.141027,-0.798507696217772,-0.0631358039130027,5.3217929510552,1264.424209,48.1500261987561,90,263,608,0.557900031151919,64,0,1.59229378818506,0,3.81560042713798,"small",-0.410410320581677,0.697273169419541,"high_prod","Cool temperate and dry","Cool temperate and dry/xeric","Q2",0,"ok",1
"FWB_0814","FWB_0814_2012","Clarias gariepinus_After N - M confluence","After N - M confluence","Clarias gariepinus","Clariidae","lotic",31.994499,-28.710591,0.635317705120296,0.142688270581864,0.630783528738919,0.0434949532705389,501,54830,5,0.186183223852403,"FWB_0814",13,"lotic",-28.710591,31.994499,2.87762418507366,4.48406245911546,5.72309510054875,1442.848632,94.879157429726,218,240,1087,1.85457776162021,4,4,4.79253740864032,0,4.69590637557543,"large",0.947170458213291,-0.985600286907518,"high_prod","Hot and mesic","Hot and moist","Q4 (far)",0,"ok",1
"FWB_0814","FWB_0814_2012","Marcusenius macrolepidotus_After N - M confluence","After N - M confluence","Marcusenius macrolepidotus","Mormyridae","lotic",31.994499,-28.710591,0.522555521283159,0.0169871932793385,0.31155275950815,0.0352968196359983,199.875,1539.26785714286,8,0.0522840129153368,"FWB_0814",13,"lotic",-28.710591,31.994499,2.87762418507366,4.48406245911546,5.72309510054875,1442.848632,94.879157429726,218,240,1087,1.85457776162021,4,4,4.79253740864032,0,4.69590637557543,"large",0.947170458213291,-0.985600286907518,"high_prod","Hot and mesic","Hot and moist","Q4 (far)",0,"ok",1
"FWB_0814","FWB_0814_2012","Oreochromis mossambicus_After N - M confluence","After N - M confluence","Oreochromis mossambicus","Cichlidae","lotic",31.994499,-28.710591,0.669185687847008,0.00787873593970156,0.294070741954642,0.00589933211897408,134.384615384615,617.089743589744,13,0.0137780680586756,"FWB_0814",13,"lotic",-28.710591,31.994499,2.87762418507366,4.48406245911546,5.72309510054875,1442.848632,94.879157429726,218,240,1087,1.85457776162021,4,4,4.79253740864032,0,4.69590637557543,"large",0.947170458213291,-0.985600286907518,"high_prod","Hot and mesic","Hot and moist","Q4 (far)",0,"ok",1
"FWB_0814","FWB_0814_2012","Pseudocrenilabrus philander_After N - M confluence","After N - M confluence","Pseudocrenilabrus philander","Cichlidae","lotic",31.994499,-28.710591,0.821303721982315,0.00759588797201241,0.319404727861977,0.00322116333520294,83.3333333333333,333.466666666667,6,0.0108170513072153,"FWB_0814",13,"lotic",-28.710591,31.994499,2.87762418507366,4.48406245911546,5.72309510054875,1442.848632,94.879157429726,218,240,1087,1.85457776162021,4,4,4.79253740864032,0,4.69590637557543,"large",0.947170458213291,-0.985600286907518,"high_prod","Hot and mesic","Hot and moist","Q4 (far)",0,"ok",1
"FWB_0814","FWB_0814_2012","Pterygoplichthys disjunctivus_After N - M confluence","After N - M confluence","Pterygoplichthys disjunctivus","Loricariidae","lotic",31.994499,-28.710591,0.265191239975324,0.0273113724983197,0.349773019731198,0.0147363987102599,289.5,5515.71428571429,8,0.0420477712085796,"FWB_0814",13,"lotic",-28.710591,31.994499,2.87762418507366,4.48406245911546,5.72309510054875,1442.848632,94.879157429726,218,240,1087,1.85457776162021,4,4,4.79253740864032,0,4.69590637557543,"large",0.947170458213291,-0.985600286907518,"high_prod","Hot and mesic","Hot and moist","Q4 (far)",0,"ok",1
"FWB_0815","FWB_0815_2015","Amatolacypris trevelyani_Amatele","Amatele","Amatolacypris trevelyani","Cyprinidae","lotic",27.02,-32.7331,0.530303030303031,0.0454975895316801,0.576388888888889,0.138937114197531,NA,NA,3,0.184434703729211,"FWB_0815",12,"lotic",-32.7331,27.02,1.25390517307415,4.2973699016481,2.59920976271593,632.3567761,39.7872419455048,160,114,798,0.618423634364009,6,0,1.25390802695135,0,3.27880411018099,"small",-0.161731514891639,-1.23281817962127,"low_prod","Warm temperate and xeric","Warm temperate","Q2",0,"ok",1
"FWB_0815","FWB_0815_2015","Sandelia bainsii_Amatele","Amatele","Sandelia bainsii","Anabantidae","lotic",27.02,-32.7331,0.431818181818182,0.263946280991735,0.398148148148148,0.171408822016461,NA,NA,3,0.435355103008196,"FWB_0815",12,"lotic",-32.7331,27.02,1.25390517307415,4.2973699016481,2.59920976271593,632.3567761,39.7872419455048,160,114,798,0.618423634364009,6,0,1.25390802695135,0,3.27880411018099,"small",-0.161731514891639,-1.23281817962127,"low_prod","Warm temperate and xeric","Warm temperate","Q2",0,"ok",1
"FWB_0819","FWB_0819_2017","Chetia flaviventris_FKL","FKL","Chetia flaviventris","Cichlidae","lotic",27.968412,-24.256686,0.836366142817756,0.0242469939544746,0.59631918323482,0.0151130711437567,NA,NA,4,0.0393600650982313,"FWB_0819",14,"lotic",-24.256686,27.968412,0.877965617552487,4.21663790083784,3.41011772186098,755.4780248,27.4407143121236,180,54,645,-2.91877123241786,37,0,1.25276582563414,0,-0.15898400822975,"small",-0.418475515427048,-1.33972332563046,"low_prod","Hot and dry","Hot and dry","Q1 (close)",0,"ok",1
"FWB_0819","FWB_0819_2017","Enteromius bifrenatus_FKL","FKL","Enteromius bifrenatus","Cyprinidae","lotic",27.968412,-24.256686,0.414171491590846,0.0195007741847305,0.778613648576034,0.00501473152503045,NA,NA,5,0.024515505709761,"FWB_0819",14,"lotic",-24.256686,27.968412,0.877965617552487,4.21663790083784,3.41011772186098,755.4780248,27.4407143121236,180,54,645,-2.91877123241786,37,0,1.25276582563414,0,-0.15898400822975,"small",-0.418475515427048,-1.33972332563046,"low_prod","Hot and dry","Hot and dry","Q1 (close)",0,"ok",1
"FWB_0819","FWB_0819_2017","Micropanchax johnstoni_FKL","FKL","Micropanchax johnstoni","Procatopodidae","lotic",27.968412,-24.256686,0.474726587629813,0.0556150963374564,0.904845065377037,0.0161664314877733,NA,NA,6,0.0717815278252297,"FWB_0819",14,"lotic",-24.256686,27.968412,0.877965617552487,4.21663790083784,3.41011772186098,755.4780248,27.4407143121236,180,54,645,-2.91877123241786,37,0,1.25276582563414,0,-0.15898400822975,"small",-0.418475515427048,-1.33972332563046,"low_prod","Hot and dry","Hot and dry","Q1 (close)",0,"ok",1
"FWB_0819","FWB_0819_2017","Tilapia sparrmanii_FKL","FKL","Tilapia sparrmanii","Cichlidae","lotic",27.968412,-24.256686,0.331541218637993,0.00277151722850203,0.416039763567974,0.104280953647284,NA,NA,4,0.107052470875786,"FWB_0819",14,"lotic",-24.256686,27.968412,0.877965617552487,4.21663790083784,3.41011772186098,755.4780248,27.4407143121236,180,54,645,-2.91877123241786,37,0,1.25276582563414,0,-0.15898400822975,"small",-0.418475515427048,-1.33972332563046,"low_prod","Hot and dry","Hot and dry","Q1 (close)",0,"ok",1
"FWB_0821","FWB_0821_2015","Amphilius uranoscopus_Kaaloog","Kaaloog","Amphilius uranoscopus","Amphiliidae","lotic",26.3753,19.3104,0.918918918918919,0.00552227903579254,0.505154639175258,0.00504245344292108,NA,NA,3,0.0105647324787136,"FWB_0821",16,"lotic",19.3104,26.3753,-3.41124771751566,4.50986011618376,5.66317438815877,961.7831701,206.224551856511,253,32,18,-3.47376807449699,0,0,-3.41094473311704,0,-0.0171359859467349,"small",-3.3477490505493,-0.951439083569283,"high_prod","Extremely hot and arid","Hot and dry","Q4 (far)",0,"ok",1
"FWB_0821","FWB_0821_2015","Chiloglanis pretoriae_Kaaloog","Kaaloog","Chiloglanis pretoriae","Mochokidae","lotic",26.3753,19.3104,0.871171171171171,0.0068536644752861,0.446735395189004,0.11185507965187,NA,NA,6,0.118708744127156,"FWB_0821",16,"lotic",19.3104,26.3753,-3.41124771751566,4.50986011618376,5.66317438815877,961.7831701,206.224551856511,253,32,18,-3.47376807449699,0,0,-3.41094473311704,0,-0.0171359859467349,"small",-3.3477490505493,-0.951439083569283,"high_prod","Extremely hot and arid","Hot and dry","Q4 (far)",0,"ok",1
"FWB_0821","FWB_0821_2015","Labeobarbus marequensis_Kaaloog","Kaaloog","Labeobarbus marequensis","Cyprinidae","lotic",26.3753,19.3104,0.163963963963964,0.0301631361090821,0.871706758304696,0.0493774675940688,NA,NA,3,0.0795406037031509,"FWB_0821",16,"lotic",19.3104,26.3753,-3.41124771751566,4.50986011618376,5.66317438815877,961.7831701,206.224551856511,253,32,18,-3.47376807449699,0,0,-3.41094473311704,0,-0.0171359859467349,"small",-3.3477490505493,-0.951439083569283,"high_prod","Extremely hot and arid","Hot and dry","Q4 (far)",0,"ok",1
"FWB_0824","FWB_0824_2015","Enteromius anoplus_Klipplaat","Klipplaat","Enteromius anoplus","Cyprinidae","lotic",26.947,-32.485,0.65679012345679,0.0308001828989484,0.584541062801932,0.269708744661485,NA,NA,3,0.300508927560433,"FWB_0824",11,"lotic",-32.485,26.947,-0.16960278438618,5.56001310323411,2.59920976271593,632.3567761,64.7699356653883,128,110,977,-4.3428059215206,18,0,2.01196671380998,0,0.61573143606191,"small",-1.13390143535987,0.439171297516916,"low_prod","Warm temperate and mesic","Warm temperate","Q3",0,"ok",1
"FWB_0824","FWB_0824_2015","Labeobarbus aeneus_Klipplaat","Klipplaat","Labeobarbus aeneus","Cyprinidae","lotic",26.947,-32.485,0.48395061728395,0.250772748056699,0.550724637681158,0.215710985087167,NA,NA,3,0.466483733143866,"FWB_0824",11,"lotic",-32.485,26.947,-0.16960278438618,5.56001310323411,2.59920976271593,632.3567761,64.7699356653883,128,110,977,-4.3428059215206,18,0,2.01196671380998,0,0.61573143606191,"small",-1.13390143535987,0.439171297516916,"low_prod","Warm temperate and mesic","Warm temperate","Q3",0,"ok",1
"FWB_0828","FWB_0828_2015","NA_Liesbeek","Liesbeek","NA","Galaxiidae","lotic",18.478,-33.946,0.503875968992248,0.190553452316567,0.29903536977492,0.0718458245882487,NA,NA,3,0.262399276904816,"FWB_0828",11,"lotic",-33.946,18.478,1.06712162157674,4.96239906309801,5.53236072020091,285.201484,81.0901292118608,160,342,990,3.1454014980727,0,52,1.0671250615433,0,6.88634470984007,"small",-0.289293394298322,-0.352187959985516,"high_prod","Warm temperate and mesic","Warm temperate","Q4 (far)",0,"ok",1
"FWB_0828","FWB_0828_2015","Sandelia capensis_Liesbeek","Liesbeek","Sandelia capensis","Anabantidae","lotic",18.478,-33.946,0.483204134366925,0.24411593854536,0.861736334405145,0.0215982051467623,NA,NA,3,0.265714143692122,"FWB_0828",11,"lotic",-33.946,18.478,1.06712162157674,4.96239906309801,5.53236072020091,285.201484,81.0901292118608,160,342,990,3.1454014980727,0,52,1.0671250615433,0,6.88634470984007,"small",-0.289293394298322,-0.352187959985516,"high_prod","Warm temperate and mesic","Warm temperate","Q4 (far)",0,"ok",1
"FWB_0828","FWB_0828_2015","Tilapia sparrmanii_Liesbeek","Liesbeek","Tilapia sparrmanii","Cichlidae","lotic",18.478,-33.946,0.576227390180878,0.0304268573603349,0.706323687031083,0.00988754596554352,NA,NA,3,0.0403144033258784,"FWB_0828",11,"lotic",-33.946,18.478,1.06712162157674,4.96239906309801,5.53236072020091,285.201484,81.0901292118608,160,342,990,3.1454014980727,0,52,1.0671250615433,0,6.88634470984007,"small",-0.289293394298322,-0.352187959985516,"high_prod","Warm temperate and mesic","Warm temperate","Q4 (far)",0,"ok",1
"FWB_0831","FWB_0831_2015","Amphilius uranoscopus_Magalies","Magalies","Amphilius uranoscopus","Amphiliidae","lotic",27.5646,-26.0161,0.666666666666667,0.0102083333333333,0.584097859327217,0.0755898773952811,NA,NA,3,0.0857982107286144,"FWB_0831",12,"lotic",-26.0161,27.5646,-1.57021719928082,6.27725908216928,6.11054219062009,743.8929737,55.5740905548232,166,169,687,-4.3428059215206,13,0,1.35015150649677,0,1.95741655289855,"small",-2.09043644958211,1.38894691725884,"high_prod","Warm temperate and xeric","Warm temperate","Q3",0,"ok",1
"FWB_0831","FWB_0831_2015","Enteromius anoplus_Magalies","Magalies","Enteromius anoplus","Cyprinidae","lotic",27.5646,-26.0161,0.441666666666667,0.260208333333333,0.853211009174312,0.00328255197373955,NA,NA,3,0.263490885307073,"FWB_0831",12,"lotic",-26.0161,27.5646,-1.57021719928082,6.27725908216928,6.11054219062009,743.8929737,55.5740905548232,166,169,687,-4.3428059215206,13,0,1.35015150649677,0,1.95741655289855,"small",-2.09043644958211,1.38894691725884,"high_prod","Warm temperate and xeric","Warm temperate","Q3",0,"ok",1
"FWB_0831","FWB_0831_2015","Labeobarbus marequensis_Magalies","Magalies","Labeobarbus marequensis","Cyprinidae","lotic",27.5646,-26.0161,0.0916666666666669,0.00923611111111109,0.351681957186544,0.315994725472042,NA,NA,3,0.325230836583153,"FWB_0831",12,"lotic",-26.0161,27.5646,-1.57021719928082,6.27725908216928,6.11054219062009,743.8929737,55.5740905548232,166,169,687,-4.3428059215206,13,0,1.35015150649677,0,1.95741655289855,"small",-2.09043644958211,1.38894691725884,"high_prod","Warm temperate and xeric","Warm temperate","Q3",0,"ok",1
"FWB_0833","FWB_0833_2021","Amphilius uranoscopus_MRT1","MRT1","Amphilius uranoscopus","Amphiliidae","lotic",27.577367,-25.797824,0.766887671759393,0.0398887670208227,0.403615900383142,0.0279682456125864,NA,NA,6,0.0678570126334091,"FWB_0833",12,"lotic",-25.797824,27.577367,-0.29975465368605,4.43377781842197,4.12854894456772,630.4387218,61.8717240972733,178,156,659,0.714908672341458,14,4,-0.299741158500458,0,3.96512784797106,"small",-1.2227872977556,-1.05218710256183,"low_prod","Warm temperate and xeric","Warm temperate","Q3",0,"ok",1
"FWB_0833","FWB_0833_2021","Enteromius motebensis_MRT1","MRT1","Enteromius motebensis","Cyprinidae","lotic",27.577367,-25.797824,0.479629095800903,0.156320048458414,0.20639367816092,0.0467721276753864,NA,NA,6,0.203092176133801,"FWB_0833",12,"lotic",-25.797824,27.577367,-0.29975465368605,4.43377781842197,4.12854894456772,630.4387218,61.8717240972733,178,156,659,0.714908672341458,14,4,-0.299741158500458,0,3.96512784797106,"small",-1.2227872977556,-1.05218710256183,"low_prod","Warm temperate and xeric","Warm temperate","Q3",0,"ok",1
"FWB_0833","FWB_0833_2021","Labeobarbus marequensis_MRT1","MRT1","Labeobarbus marequensis","Cyprinidae","lotic",27.577367,-25.797824,0.790602479100605,0.00523446103905441,0.80382183908046,0.052288865355397,NA,NA,5,0.0575233263944514,"FWB_0833",12,"lotic",-25.797824,27.577367,-0.29975465368605,4.43377781842197,4.12854894456772,630.4387218,61.8717240972733,178,156,659,0.714908672341458,14,4,-0.299741158500458,0,3.96512784797106,"small",-1.2227872977556,-1.05218710256183,"low_prod","Warm temperate and xeric","Warm temperate","Q3",0,"ok",1
"FWB_0835","FWB_0835_2021","Enteromius paludinosus_MRT3","MRT3","Enteromius paludinosus","Cyprinidae","lotic",27.566574,-25.727336,0.500396196513471,0.0691080715813172,0.613658721150208,0.0931616389694889,NA,NA,10,0.162269710550806,"FWB_0835",12,"lotic",-25.727336,27.566574,-0.29975465368605,4.43377781842197,4.12854894456772,630.4387218,53.1877832919182,178,156,659,0.714908672341458,14,4,-0.299741158500458,0,3.96512784797106,"small",-1.2227872977556,-1.05218710256183,"low_prod","Warm temperate and xeric","Warm temperate","Q3",0,"ok",1
"FWB_0835","FWB_0835_2021","Enteromius trimaculatus_MRT3","MRT3","Enteromius trimaculatus","Cyprinidae","lotic",27.566574,-25.727336,0.324881141045959,0.139890647250735,0.65064951444066,0.01204880793394,NA,NA,3,0.151939455184675,"FWB_0835",12,"lotic",-25.727336,27.566574,-0.29975465368605,4.43377781842197,4.12854894456772,630.4387218,53.1877832919182,178,156,659,0.714908672341458,14,4,-0.299741158500458,0,3.96512784797106,"small",-1.2227872977556,-1.05218710256183,"low_prod","Warm temperate and xeric","Warm temperate","Q3",0,"ok",1
"FWB_0836","FWB_0836_2021","Enteromius paludinosus_MRT4","MRT4","Enteromius paludinosus","Cyprinidae","lotic",27.56583,-25.71803,0.505404463040446,0.0723532914534255,0.676525512887954,0.106375135249254,NA,NA,10,0.178728426702679,"FWB_0836",14,"lotic",-25.71803,27.56583,-1.49165487677772,5.61123095385661,4.12854894456772,630.4387218,52.0416159729888,187,201,624,-3.05760767727208,20,4,0.57042006807292,0,2.48457409449762,"small",-2.03678313038612,0.506993867800338,"low_prod","Hot and dry","Hot and dry","Q3",0,"ok",1
"FWB_0836","FWB_0836_2021","Enteromius trimaculatus_MRT4","MRT4","Enteromius trimaculatus","Cyprinidae","lotic",27.56583,-25.71803,0.639295676429568,0.0487722308026647,0.457877432930037,0.0300234782420074,NA,NA,10,0.0787957090446721,"FWB_0836",14,"lotic",-25.71803,27.56583,-1.49165487677772,5.61123095385661,4.12854894456772,630.4387218,52.0416159729888,187,201,624,-3.05760767727208,20,4,0.57042006807292,0,2.48457409449762,"small",-2.03678313038612,0.506993867800338,"low_prod","Hot and dry","Hot and dry","Q3",0,"ok",1
"FWB_0837","FWB_0837_2021","Enteromius paludinosus_MRT5","MRT5","Enteromius paludinosus","Cyprinidae","lotic",27.535343,-25.687557,0.281485053037608,0.0807201889666606,0.404235343208846,0.0507328092683091,NA,NA,10,0.13145299823497,"FWB_0837",14,"lotic",-25.687557,27.535343,-3.86323284125871,7.28504951698075,4.12854894456772,630.4387218,48.5341036545251,189,400,623,-6.90775527898214,20,0,-0.759265615771405,0,-11.5129254649702,"small",-3.65642757917942,2.72346089559312,"low_prod","Hot and dry","Hot and dry","Q3",0,"ok",1
"FWB_0837","FWB_0837_2021","Pseudocrenilabrus philander_MRT5","MRT5","Pseudocrenilabrus philander","Cichlidae","lotic",27.535343,-25.687557,0.737429397988703,0.0172882406831869,0.694018062054782,0.0269522782763086,NA,NA,7,0.0442405189594955,"FWB_0837",14,"lotic",-25.687557,27.535343,-3.86323284125871,7.28504951698075,4.12854894456772,630.4387218,48.5341036545251,189,400,623,-6.90775527898214,20,0,-0.759265615771405,0,-11.5129254649702,"small",-3.65642757917942,2.72346089559312,"low_prod","Hot and dry","Hot and dry","Q3",0,"ok",1
"FWB_0839","FWB_0839_2021","Enteromius paludinosus_MRT7","MRT7","Enteromius paludinosus","Cyprinidae","lotic",27.531239,-25.660386,0.672149356020324,0.0827511103409607,0.660019315601263,0.0634433608615221,NA,NA,7,0.146194471202483,"FWB_0839",14,"lotic",-25.660386,27.531239,-0.908818717035454,5.74821678674698,4.12854894456772,630.4387218,45.25599101394,190,229,624,2.25811060289222,27,36,1.59898547554679,235,7.06846668439204,"small",-1.63874125075129,0.688390220168146,"low_prod","Hot and dry","Hot and dry","Q2",0,"ok",1
"FWB_0839","FWB_0839_2021","Pseudocrenilabrus philander_MRT7","MRT7","Pseudocrenilabrus philander","Cichlidae","lotic",27.531239,-25.660386,0.424786324786325,0.101889212945004,0.494944880930629,0.0849989050333822,NA,NA,6,0.186888117978386,"FWB_0839",14,"lotic",-25.660386,27.531239,-0.908818717035454,5.74821678674698,4.12854894456772,630.4387218,45.25599101394,190,229,624,2.25811060289222,27,36,1.59898547554679,235,7.06846668439204,"small",-1.63874125075129,0.688390220168146,"low_prod","Hot and dry","Hot and dry","Q2",0,"ok",1
"FWB_0843","FWB_0843_2017","Enteromius bifrenatus_PBS","PBS","Enteromius bifrenatus","Cyprinidae","lotic",27.789014,-24.244631,0.382500967866822,0.127406840851219,0.678276705935917,0.0320270256101961,NA,NA,6,0.159433866461415,"FWB_0843",14,"lotic",-24.244631,27.789014,0.673964361143171,4.25487935460732,3.41011772186098,755.4780248,27.9790751953177,186,22,612,-2.37515578582888,25,0,0.673969457970142,0,0.47499738964291,"small",-0.557796046920734,-1.28908407282117,"low_prod","Hot and dry","Hot and dry","Q1 (close)",0,"ok",1
"FWB_0843","FWB_0843_2017","Labeo cylindricus_PBS","PBS","Labeo cylindricus","Cyprinidae","lotic",27.789014,-24.244631,0.482329517172723,0.0676454438701158,0.123368862655187,0.00855960750302737,NA,NA,7,0.0762050513731431,"FWB_0843",14,"lotic",-24.244631,27.789014,0.673964361143171,4.25487935460732,3.41011772186098,755.4780248,27.9790751953177,186,22,612,-2.37515578582888,25,0,0.673969457970142,0,0.47499738964291,"small",-0.557796046920734,-1.28908407282117,"low_prod","Hot and dry","Hot and dry","Q1 (close)",0,"ok",1
"FWB_0843","FWB_0843_2017","Tilapia sparrmanii_PBS","PBS","Tilapia sparrmanii","Cichlidae","lotic",27.789014,-24.244631,0.505516840882695,0.0489666082574216,0.271356211940129,0.0517880892553228,NA,NA,6,0.100754697512744,"FWB_0843",14,"lotic",-24.244631,27.789014,0.673964361143171,4.25487935460732,3.41011772186098,755.4780248,27.9790751953177,186,22,612,-2.37515578582888,25,0,0.673969457970142,0,0.47499738964291,"small",-0.557796046920734,-1.28908407282117,"low_prod","Hot and dry","Hot and dry","Q1 (close)",0,"ok",1
"FWB_0845","FWB_0845_2015","Austroglanis gilli_Rondegat","Rondegat","Austroglanis gilli","Austroglanididae","lotic",19.0667,-32.3761,0.94311377245509,0.00583563412097961,0.472573839662447,0.108008866100519,NA,NA,3,0.113844500221498,"FWB_0845",12,"lotic",-32.3761,19.0667,2.04936885742354,3.95806713492953,4.59337682882383,483.4576709,33.6527099292181,158,92,370,-1.2413285908697,2,0,2.04937014558451,0,0.911081185721909,"large",0.381522116179737,-1.68212219108287,"low_prod","Warm temperate and xeric","Warm temperate","Q2",0,"ok",1
"FWB_0845","FWB_0845_2015","Cheilobarbus capensis_Rondegat","Rondegat","Cheilobarbus capensis","Cyprinidae","lotic",19.0667,-32.3761,0.489021956087824,0.022027800686053,0.419831223628691,0.00177589061582013,NA,NA,3,0.0238036913018732,"FWB_0845",12,"lotic",-32.3761,19.0667,2.04936885742354,3.95806713492953,4.59337682882383,483.4576709,33.6527099292181,158,92,370,-1.2413285908697,2,0,2.04937014558451,0,0.911081185721909,"large",0.381522116179737,-1.68212219108287,"low_prod","Warm temperate and xeric","Warm temperate","Q2",0,"ok",1
"FWB_0845","FWB_0845_2015","Pseudobarbus phlegethon_Rondegat","Rondegat","Pseudobarbus phlegethon","Cyprinidae","lotic",19.0667,-32.3761,0.387225548902196,0.0367647937657619,0.455696202531645,0.255888479410351,NA,NA,3,0.292653273176113,"FWB_0845",12,"lotic",-32.3761,19.0667,2.04936885742354,3.95806713492953,4.59337682882383,483.4576709,33.6527099292181,158,92,370,-1.2413285908697,2,0,2.04937014558451,0,0.911081185721909,"large",0.381522116179737,-1.68212219108287,"low_prod","Warm temperate and xeric","Warm temperate","Q2",0,"ok",1
"FWB_0845","FWB_0845_2015","Sedercypris calidus_Rondegat","Rondegat","Sedercypris calidus","Cyprinidae","lotic",19.0667,-32.3761,0.186626746506986,0.0329012633415803,0.383966244725737,0.0744004700101482,NA,NA,3,0.107301733351728,"FWB_0845",12,"lotic",-32.3761,19.0667,2.04936885742354,3.95806713492953,4.59337682882383,483.4576709,33.6527099292181,158,92,370,-1.2413285908697,2,0,2.04937014558451,0,0.911081185721909,"large",0.381522116179737,-1.68212219108287,"low_prod","Warm temperate and xeric","Warm temperate","Q2",0,"ok",1
"FWB_0848","FWB_0848_2013","Amphilius uranoscopus_site1SA","site1SA","Amphilius uranoscopus","Amphiliidae","lotic",25.85,-25.6167,0.364694735107522,0.00223933143070824,0.373477238726223,0.00428856974841153,NA,NA,10,0.00652790117911977,"FWB_0848",12,"lotic",-25.6167,25.85,-1.36257783450257,4.58659390229015,4.52414641754844,608.5941732,87.028193996174,177,122,559,1.13558689145947,17,0,-1.36253877276549,0,4.61986183327266,"small",-1.94863130990261,-0.849828365078342,"low_prod","Warm temperate and xeric","Warm temperate","Q4 (far)",0,"ok",1
"FWB_0848","FWB_0848_2013","Chiloglanis pretoriae_site1SA","site1SA","Chiloglanis pretoriae","Mochokidae","lotic",25.85,-25.6167,0.29240888742413,0.0178826763535398,0.566353209375222,0.0180484118008197,NA,NA,30,0.0359310881543595,"FWB_0848",12,"lotic",-25.6167,25.85,-1.36257783450257,4.58659390229015,4.52414641754844,608.5941732,87.028193996174,177,122,559,1.13558689145947,17,0,-1.36253877276549,0,4.61986183327266,"small",-1.94863130990261,-0.849828365078342,"low_prod","Warm temperate and xeric","Warm temperate","Q4 (far)",0,"ok",1
"FWB_0848","FWB_0848_2013","Clarias gariepinus_site1SA","site1SA","Clarias gariepinus","Clariidae","lotic",25.85,-25.6167,0.402955150915932,0.017504288059207,0.511534990857496,0.0838613598887189,NA,NA,18,0.101365647947926,"FWB_0848",12,"lotic",-25.6167,25.85,-1.36257783450257,4.58659390229015,4.52414641754844,608.5941732,87.028193996174,177,122,559,1.13558689145947,17,0,-1.36253877276549,0,4.61986183327266,"small",-1.94863130990261,-0.849828365078342,"low_prod","Warm temperate and xeric","Warm temperate","Q4 (far)",0,"ok",1
"FWB_0848","FWB_0848_2013","Engraulicypris brevianalis_site1SA","site1SA","Engraulicypris brevianalis","Danionidae","lotic",25.85,-25.6167,0.127147359314493,0.000481072456124991,0.217053590510793,0.00986454892028628,NA,NA,16,0.0103456213764113,"FWB_0848",12,"lotic",-25.6167,25.85,-1.36257783450257,4.58659390229015,4.52414641754844,608.5941732,87.028193996174,177,122,559,1.13558689145947,17,0,-1.36253877276549,0,4.61986183327266,"small",-1.94863130990261,-0.849828365078342,"low_prod","Warm temperate and xeric","Warm temperate","Q4 (far)",0,"ok",1
"FWB_0848","FWB_0848_2013","Enteromius unitaeniatus_site1SA","site1SA","Enteromius unitaeniatus","Cyprinidae","lotic",25.85,-25.6167,0.101466589766829,0.00372840617165845,0.405829237016456,0.0233318576741653,NA,NA,16,0.0270602638458238,"FWB_0848",12,"lotic",-25.6167,25.85,-1.36257783450257,4.58659390229015,4.52414641754844,608.5941732,87.028193996174,177,122,559,1.13558689145947,17,0,-1.36253877276549,0,4.61986183327266,"small",-1.94863130990261,-0.849828365078342,"low_prod","Warm temperate and xeric","Warm temperate","Q4 (far)",0,"ok",1
"FWB_0848","FWB_0848_2013","Labeobarbus marequensis_site1SA","site1SA","Labeobarbus marequensis","Cyprinidae","lotic",25.85,-25.6167,0.481906959042989,0.111430881295592,0.652372810633123,0.041478821860291,NA,NA,21,0.152909703155883,"FWB_0848",12,"lotic",-25.6167,25.85,-1.36257783450257,4.58659390229015,4.52414641754844,608.5941732,87.028193996174,177,122,559,1.13558689145947,17,0,-1.36253877276549,0,4.61986183327266,"small",-1.94863130990261,-0.849828365078342,"low_prod","Warm temperate and xeric","Warm temperate","Q4 (far)",0,"ok",1
"FWB_0848","FWB_0848_2013","Marcusenius macrolepidotus_site1SA","site1SA","Marcusenius macrolepidotus","Mormyridae","lotic",25.85,-25.6167,0.124000988712202,0.00697279453148099,0.235660150919822,0.0102370284097265,NA,NA,13,0.0172098229412075,"FWB_0848",12,"lotic",-25.6167,25.85,-1.36257783450257,4.58659390229015,4.52414641754844,608.5941732,87.028193996174,177,122,559,1.13558689145947,17,0,-1.36253877276549,0,4.61986183327266,"small",-1.94863130990261,-0.849828365078342,"low_prod","Warm temperate and xeric","Warm temperate","Q4 (far)",0,"ok",1
"FWB_0848","FWB_0848_2013","Micropterus salmoides_site1SA","site1SA","Micropterus salmoides","Centrarchidae","lotic",25.85,-25.6167,0.531067191233418,0.00680771609687536,0.63450390040607,0.00302945232498003,NA,NA,16,0.00983716842185539,"FWB_0848",12,"lotic",-25.6167,25.85,-1.36257783450257,4.58659390229015,4.52414641754844,608.5941732,87.028193996174,177,122,559,1.13558689145947,17,0,-1.36253877276549,0,4.61986183327266,"small",-1.94863130990261,-0.849828365078342,"low_prod","Warm temperate and xeric","Warm temperate","Q4 (far)",0,"ok",1
"FWB_0848","FWB_0848_2013","Pseudocrenilabrus philander_site1SA","site1SA","Pseudocrenilabrus philander","Cichlidae","lotic",25.85,-25.6167,0.192126005877345,0.00468020124404067,0.641032034385315,0.0474214863870046,NA,NA,18,0.0521016876310453,"FWB_0848",12,"lotic",-25.6167,25.85,-1.36257783450257,4.58659390229015,4.52414641754844,608.5941732,87.028193996174,177,122,559,1.13558689145947,17,0,-1.36253877276549,0,4.61986183327266,"small",-1.94863130990261,-0.849828365078342,"low_prod","Warm temperate and xeric","Warm temperate","Q4 (far)",0,"ok",1
"FWB_0848","FWB_0848_2013","Tilapia sparrmanii_site1SA","site1SA","Tilapia sparrmanii","Cichlidae","lotic",25.85,-25.6167,0.103979566614485,0.0013880991443102,0.43668033185024,0.0282459352349369,NA,NA,11,0.0296340343792471,"FWB_0848",12,"lotic",-25.6167,25.85,-1.36257783450257,4.58659390229015,4.52414641754844,608.5941732,87.028193996174,177,122,559,1.13558689145947,17,0,-1.36253877276549,0,4.61986183327266,"small",-1.94863130990261,-0.849828365078342,"low_prod","Warm temperate and xeric","Warm temperate","Q4 (far)",0,"ok",1
"FWB_0851","FWB_0851_2018","Amphilius uranoscopus_site4SA","site4SA","Amphilius uranoscopus","Amphiliidae","lotic",30.7359722,-24.9710833,0.825904121110177,0.0209087695992821,0.332286847323199,0.00944946251965963,NA,NA,4,0.0303582321189417,"FWB_0851",11,"lotic",-24.9710833,30.7359722,1.27675847405158,5.05012795295132,5.7221302261598,813.7096399,64.6721381845292,154,50,1026,-4.01738352108597,2,0,1.99660462132754,0,-0.6616291338434,"small",-0.146124091218848,-0.236017548192613,"high_prod","Warm temperate and mesic","Warm temperate","Q3",0,"ok",1
"FWB_0851","FWB_0851_2018","Enteromius treurensis_site4SA","site4SA","Enteromius treurensis","Cyprinidae","lotic",30.7359722,-24.9710833,0.493103448275862,0.0770451347896793,0.529477858559154,0.154463279032697,NA,NA,5,0.231508413822376,"FWB_0851",11,"lotic",-24.9710833,30.7359722,1.27675847405158,5.05012795295132,5.7221302261598,813.7096399,64.6721381845292,154,50,1026,-4.01738352108597,2,0,1.99660462132754,0,-0.6616291338434,"small",-0.146124091218848,-0.236017548192613,"high_prod","Warm temperate and mesic","Warm temperate","Q3",0,"ok",1
"FWB_0851","FWB_0851_2018","Oncorhynchus mykiss_site4SA","site4SA","Oncorhynchus mykiss","Salmonidae","lotic",30.7359722,-24.9710833,0.470142977291842,0.0237271275319094,0.572821263336795,0.066976464572328,NA,NA,14,0.0907035921042374,"FWB_0851",11,"lotic",-24.9710833,30.7359722,1.27675847405158,5.05012795295132,5.7221302261598,813.7096399,64.6721381845292,154,50,1026,-4.01738352108597,2,0,1.99660462132754,0,-0.6616291338434,"small",-0.146124091218848,-0.236017548192613,"high_prod","Warm temperate and mesic","Warm temperate","Q3",0,"ok",1
"FWB_0859","FWB_0859_2021","Amphilius uranoscopus_STK3","STK3","Amphilius uranoscopus","Amphiliidae","lotic",27.470612,-25.813114,0.72504854368932,0.0857132623244415,0.245063967920565,0.0735767470841443,NA,NA,5,0.159290009408586,"FWB_0859",14,"lotic",-25.813114,27.470612,-0.978166135592243,5.33653862749323,4.12854894456772,630.4387218,64.9788176213032,174,81,692,-1.75446368448436,8,0,0.192280138438167,0,2.40811649405013,"small",-1.6861013473561,0.143246865833932,"low_prod","Hot and dry","Hot and dry","Q3",0,"ok",1
"FWB_0859","FWB_0859_2021","Pseudocrenilabrus philander_STK3","STK3","Pseudocrenilabrus philander","Cichlidae","lotic",27.470612,-25.813114,0.191844660194175,0.0276070506174003,0.39392782127172,0.000291728677089388,NA,NA,3,0.0278987792944897,"FWB_0859",14,"lotic",-25.813114,27.470612,-0.978166135592243,5.33653862749323,4.12854894456772,630.4387218,64.9788176213032,174,81,692,-1.75446368448436,8,0,0.192280138438167,0,2.40811649405013,"small",-1.6861013473561,0.143246865833932,"low_prod","Hot and dry","Hot and dry","Q3",0,"ok",1
"FWB_0859","FWB_0859_2021","Tilapia sparrmanii_STK3","STK3","Tilapia sparrmanii","Cichlidae","lotic",27.470612,-25.813114,0.285695792880259,0.0220052156973639,0.801285723378525,0.0453062304594321,NA,NA,3,0.067311446156796,"FWB_0859",14,"lotic",-25.813114,27.470612,-0.978166135592243,5.33653862749323,4.12854894456772,630.4387218,64.9788176213032,174,81,692,-1.75446368448436,8,0,0.192280138438167,0,2.40811649405013,"small",-1.6861013473561,0.143246865833932,"low_prod","Hot and dry","Hot and dry","Q3",0,"ok",1
"FWB_0868","FWB_0868_2016","Gobio lozanoi_bisbal-do","bisbal-do","Gobio lozanoi","Gobionidae","lotic",0.7220202,41.2742157,0.780299785867237,0.0573411772258116,0.724479682854311,0.0156491586731419,80.6666666666667,234.333333333333,3,0.0729903358989535,"FWB_0868",11,"lotic",41.2742157,0.7220202,1.24789399138386,3.97680416765218,5.73109193640576,1792.837576,50.7112805750664,139,49,563,-0.32989392126109,40,0,2.00552720462378,0,2.41385899009754,"small",-0.165836788764633,-1.65731065168227,"high_prod","Warm temperate and mesic","Warm temperate","Q3",0,"ok",1
"FWB_0868","FWB_0868_2016","Luciobarbus graellsii_bisbal-do","bisbal-do","Luciobarbus graellsii","Cyprinidae","lotic",0.7220202,41.2742157,0.0953604568165595,0.0070713026944657,0.705208677458429,0.121989456780107,316.666666666667,3152.33333333333,3,0.129060759474573,"FWB_0868",11,"lotic",41.2742157,0.7220202,1.24789399138386,3.97680416765218,5.73109193640576,1792.837576,50.7112805750664,139,49,563,-0.32989392126109,40,0,2.00552720462378,0,2.41385899009754,"small",-0.165836788764633,-1.65731065168227,"high_prod","Warm temperate and mesic","Warm temperate","Q3",0,"ok",1
"FWB_0868","FWB_0868_2016","Parachondrostoma miegii_bisbal-do","bisbal-do","Parachondrostoma miegii","Leuciscidae","lotic",0.7220202,41.2742157,0.303211991434689,0.0317288813282651,0.298975883713247,0.215800882029797,93.6666666666667,2721.33333333333,3,0.247529763358062,"FWB_0868",11,"lotic",41.2742157,0.7220202,1.24789399138386,3.97680416765218,5.73109193640576,1792.837576,50.7112805750664,139,49,563,-0.32989392126109,40,0,2.00552720462378,0,2.41385899009754,"small",-0.165836788764633,-1.65731065168227,"high_prod","Warm temperate and mesic","Warm temperate","Q3",0,"ok",1
"FWB_0880","FWB_0880_2016","NA_maella-do","maella-do","NA","Cobitidae","lotic",0.143475,41.1311094,0.540347383560128,0.0913596697992979,0.45873786407767,0.00785372354239092,67.4,14.8,5,0.0992133933416888,"FWB_0880",11,"lotic",41.1311094,0.143475,2.52276425484424,3.74845832143514,5.73109193640576,1792.837576,36.4939396247302,146,117,457,0.198030850499134,90,0,3.87720399853635,528,2.37527870827361,"large",0.704822568030798,-1.95968574192434,"high_prod","Warm temperate and mesic","Warm temperate","Q2",0,"ok",1
"FWB_0880","FWB_0880_2016","Parachondrostoma miegii_maella-do","maella-do","Parachondrostoma miegii","Leuciscidae","lotic",0.143475,41.1311094,0.860899067005937,0.0145119979998577,0.614539990753583,0.289358228445493,56.6666666666667,30.3333333333333,3,0.303870226445351,"FWB_0880",11,"lotic",41.1311094,0.143475,2.52276425484424,3.74845832143514,5.73109193640576,1792.837576,36.4939396247302,146,117,457,0.198030850499134,90,0,3.87720399853635,528,2.37527870827361,"large",0.704822568030798,-1.95968574192434,"high_prod","Warm temperate and mesic","Warm temperate","Q2",0,"ok",1
"FWB_0889","FWB_0889_2006","Cyprinus carpio_Soto2016_Ebro_Flix","Soto2016_Ebro_Flix","Cyprinus carpio","Cyprinidae","lotic",0.533333,41.233333,0.470011148272018,0.0472435379943165,0.399330514446794,0.0138321349160979,584.1,4597.95517241379,30,0.0610756729104144,"FWB_0889",12,"lotic",41.233333,0.533333,3.67107183546397,6.26221180191059,5.73109193640576,1792.837576,34.8202007779318,160,359,429,-1.36257783450257,42,0,9.70193791597395,379,3.49953358449778,"large",1.48904725990806,1.36902134032587,"high_prod","Warm temperate and xeric","Warm temperate","Q2",0,"ok",1
"FWB_0889","FWB_0889_2006","NA_Soto2016_Ebro_Flix","Soto2016_Ebro_Flix","NA","NA","lotic",0.533333,41.233333,0.264161789297659,0.0153441461062895,0.70811310782241,0.0173532055414392,NA,NA,32,0.0326973516477286,"FWB_0889",12,"lotic",41.233333,0.533333,3.67107183546397,6.26221180191059,5.73109193640576,1792.837576,34.8202007779318,160,359,429,-1.36257783450257,42,0,9.70193791597395,379,3.49953358449778,"large",1.48904725990806,1.36902134032587,"high_prod","Warm temperate and xeric","Warm temperate","Q2",0,"ok",1
"FWB_0889","FWB_0889_2006","Rutilus rutilus_Soto2016_Ebro_Flix","Soto2016_Ebro_Flix","Rutilus rutilus","Leuciscidae","lotic",0.533333,41.233333,0.58695652173913,0.0230858715226899,0.438689217758985,0.000383499680416933,163.333333333333,1391.46666666667,6,0.0234693712031068,"FWB_0889",12,"lotic",41.233333,0.533333,3.67107183546397,6.26221180191059,5.73109193640576,1792.837576,34.8202007779318,160,359,429,-1.36257783450257,42,0,9.70193791597395,379,3.49953358449778,"large",1.48904725990806,1.36902134032587,"high_prod","Warm temperate and xeric","Warm temperate","Q2",0,"ok",1
"FWB_0889","FWB_0889_2006","Scardinius erythrophthalmus_Soto2016_Ebro_Flix","Soto2016_Ebro_Flix","Scardinius erythrophthalmus","Leuciscidae","lotic",0.533333,41.233333,0.712709030100334,0.0312540952385438,0.532663847780127,0.00774996583037137,203.55,1350.99736842105,20,0.0390040610689152,"FWB_0889",12,"lotic",41.233333,0.533333,3.67107183546397,6.26221180191059,5.73109193640576,1792.837576,34.8202007779318,160,359,429,-1.36257783450257,42,0,9.70193791597395,379,3.49953358449778,"large",1.48904725990806,1.36902134032587,"high_prod","Warm temperate and xeric","Warm temperate","Q2",0,"ok",1
"FWB_0889","FWB_0889_2006","Silurus glanis_Soto2016_Ebro_Flix","Soto2016_Ebro_Flix","Silurus glanis","Siluridae","lotic",0.533333,41.233333,0.625334448160535,0.0325162602679,0.604281183932347,0.0177614170668414,962.7,170270.957894737,20,0.0502776773347414,"FWB_0889",12,"lotic",41.233333,0.533333,3.67107183546397,6.26221180191059,5.73109193640576,1792.837576,34.8202007779318,160,359,429,-1.36257783450257,42,0,9.70193791597395,379,3.49953358449778,"large",1.48904725990806,1.36902134032587,"high_prod","Warm temperate and xeric","Warm temperate","Q2",0,"ok",1
"FWB_0890","FWB_0890_2016","Barbus haasi_vallderoures-do","vallderoures-do","Barbus haasi","Cyprinidae","lotic",0.1440988,40.8745432,0.274114774114774,0.234722065545563,0.675536542923434,0.211440112956523,45,36.6666666666667,4,0.446162178502086,"FWB_0890",11,"lotic",40.8745432,0.1440988,0.137149838147234,5.20673560804169,5.73109193640576,1792.837576,37.6381714995566,135,171,535,-1.18744350237473,52,0,1.96487348867387,2414,2.92809615982627,"small",-0.92440792948318,-0.028638020055545,"high_prod","Warm temperate and mesic","Warm temperate","Q2",0,"ok",1
"FWB_0890","FWB_0890_2016","Gobio lozanoi_vallderoures-do","vallderoures-do","Gobio lozanoi","Gobionidae","lotic",0.1440988,40.8745432,0.664767331433998,0.160677661107273,0.248646558391338,0.0533409136381336,77.3333333333333,44.3333333333333,3,0.214018574745406,"FWB_0890",11,"lotic",40.8745432,0.1440988,0.137149838147234,5.20673560804169,5.73109193640576,1792.837576,37.6381714995566,135,171,535,-1.18744350237473,52,0,1.96487348867387,2414,2.92809615982627,"small",-0.92440792948318,-0.028638020055545,"high_prod","Warm temperate and mesic","Warm temperate","Q2",0,"ok",1
"FWB_0890","FWB_0890_2016","Parachondrostoma miegii_vallderoures-do","vallderoures-do","Parachondrostoma miegii","Leuciscidae","lotic",0.1440988,40.8745432,0.176080435339695,0.0157064207044862,0.519850476927043,0.0421032879427209,54.5555555555556,848.777777777778,9,0.0578097086472071,"FWB_0890",11,"lotic",40.8745432,0.1440988,0.137149838147234,5.20673560804169,5.73109193640576,1792.837576,37.6381714995566,135,171,535,-1.18744350237473,52,0,1.96487348867387,2414,2.92809615982627,"small",-0.92440792948318,-0.028638020055545,"high_prod","Warm temperate and mesic","Warm temperate","Q2",0,"ok",1
"FWB_0891","FWB_0891_2016","Barbus haasi_vallderoures-up","vallderoures-up","Barbus haasi","Cyprinidae","lotic",0.1482924,40.8697293,0.925078128170786,0.000233440279807719,0.221099434114794,0.0292785061650053,97,21,3,0.029511946444813,"FWB_0891",11,"lotic",40.8697293,0.1482924,0.137149838147234,5.20673560804169,5.73109193640576,1792.837576,37.6315516306455,135,171,535,-1.18744350237473,52,0,1.96487348867387,2414,2.92809615982627,"small",-0.92440792948318,-0.028638020055545,"high_prod","Warm temperate and mesic","Warm temperate","Q2",0,"ok",1
"FWB_0891","FWB_0891_2016","Luciobarbus graellsii_vallderoures-up","vallderoures-up","Luciobarbus graellsii","Cyprinidae","lotic",0.1482924,40.8697293,0.380819026746215,0.292612313157158,0.439167340339531,0.261101837444099,138,76,3,0.553714150601258,"FWB_0891",11,"lotic",40.8697293,0.1482924,0.137149838147234,5.20673560804169,5.73109193640576,1792.837576,37.6315516306455,135,171,535,-1.18744350237473,52,0,1.96487348867387,2414,2.92809615982627,"small",-0.92440792948318,-0.028638020055545,"high_prod","Warm temperate and mesic","Warm temperate","Q2",0,"ok",1
"FWB_0891","FWB_0891_2016","NA_vallderoures-up","vallderoures-up","NA","Cobitidae","lotic",0.1482924,40.8697293,0.810118105442591,0.00728041224054107,0.199828213419563,0.013793448495994,64.75,2.91666666666667,4,0.021073860736535,"FWB_0891",11,"lotic",40.8697293,0.1482924,0.137149838147234,5.20673560804169,5.73109193640576,1792.837576,37.6315516306455,135,171,535,-1.18744350237473,52,0,1.96487348867387,2414,2.92809615982627,"small",-0.92440792948318,-0.028638020055545,"high_prod","Warm temperate and mesic","Warm temperate","Q2",0,"ok",1
"FWB_0891","FWB_0891_2016","Parachondrostoma miegii_vallderoures-up","vallderoures-up","Parachondrostoma miegii","Leuciscidae","lotic",0.1482924,40.8697293,0.796785583830512,0.00926361439411573,0.207811236863379,0.00486276284406059,134.75,131.583333333333,4,0.0141263772381763,"FWB_0891",11,"lotic",40.8697293,0.1482924,0.137149838147234,5.20673560804169,5.73109193640576,1792.837576,37.6315516306455,135,171,535,-1.18744350237473,52,0,1.96487348867387,2414,2.92809615982627,"small",-0.92440792948318,-0.028638020055545,"high_prod","Warm temperate and mesic","Warm temperate","Q2",0,"ok",1
"FWB_0892","FWB_0892_2015","Lampetra planeri_Site1Sweden","Site1Sweden","Lampetra planeri","Petromyzontidae","lotic",12.9812214,57.6592217,0.208794061153507,0.0850367663409893,0.591847728497037,0.0199480159791004,NA,NA,3,0.10498478232009,"FWB_0892",7,"lotic",57.6592217,12.9812214,1.7509374747078,4.24817003112783,4.83894823801828,681.1489895,50.5214472015223,60,199,913,1.46902575871736,14,0,1.7509392108174,0,4.64747277987994,"large",0.177711514293393,-1.29796854488925,"low_prod","Cold and mesic","Cold and wet/mesic","Q3",0,"ok",1
"FWB_0892","FWB_0892_2015","Phoxinus phoxinus_Site1Sweden","Site1Sweden","Phoxinus phoxinus","Leuciscidae","lotic",12.9812214,57.6592217,0.450656699371853,0.10439331961831,0.572394804572933,0.00116446158636913,NA,NA,3,0.105557781204679,"FWB_0892",7,"lotic",57.6592217,12.9812214,1.7509374747078,4.24817003112783,4.83894823801828,681.1489895,50.5214472015223,60,199,913,1.46902575871736,14,0,1.7509392108174,0,4.64747277987994,"large",0.177711514293393,-1.29796854488925,"low_prod","Cold and mesic","Cold and wet/mesic","Q3",0,"ok",1
"FWB_0892","FWB_0892_2015","Salmo trutta_Site1Sweden","Site1Sweden","Salmo trutta","Salmonidae","lotic",12.9812214,57.6592217,0.737312374804655,0.0123374770669601,0.541355161887543,0.0393696255316004,82.015503875969,331.593507751938,145,0.0517071025985605,"FWB_0892",7,"lotic",57.6592217,12.9812214,1.7509374747078,4.24817003112783,4.83894823801828,681.1489895,50.5214472015223,60,199,913,1.46902575871736,14,0,1.7509392108174,0,4.64747277987994,"large",0.177711514293393,-1.29796854488925,"low_prod","Cold and mesic","Cold and wet/mesic","Q3",0,"ok",1
"FWB_0893","FWB_0893_2015","Lampetra planeri_Site2Sweden","Site2Sweden","Lampetra planeri","Petromyzontidae","lotic",12.9773242,57.6624444,0.250500294290759,0.0293750885557096,0.611609143881667,0.0448146785682883,NA,NA,4,0.0741897671239979,"FWB_0893",7,"lotic",57.6624444,12.9773242,1.7509374747078,4.24817003112783,4.83894823801828,681.1489895,51.1046511126142,60,199,913,1.46902575871736,14,0,1.7509392108174,0,4.64747277987994,"large",0.177711514293393,-1.29796854488925,"low_prod","Cold and mesic","Cold and wet/mesic","Q3",0,"ok",1
"FWB_0893","FWB_0893_2015","Phoxinus phoxinus_Site2Sweden","Site2Sweden","Phoxinus phoxinus","Leuciscidae","lotic",12.9773242,57.6624444,0.80788699234844,0.000820286558481753,0.383535036605408,0.0534601234134581,NA,NA,3,0.0542804099719399,"FWB_0893",7,"lotic",57.6624444,12.9773242,1.7509374747078,4.24817003112783,4.83894823801828,681.1489895,51.1046511126142,60,199,913,1.46902575871736,14,0,1.7509392108174,0,4.64747277987994,"large",0.177711514293393,-1.29796854488925,"low_prod","Cold and mesic","Cold and wet/mesic","Q3",0,"ok",1
"FWB_0893","FWB_0893_2015","Salmo trutta_Site2Sweden","Site2Sweden","Salmo trutta","Salmonidae","lotic",12.9773242,57.6624444,0.861463686947446,0.00622055133034376,0.507134704515103,0.0513293231598327,105.404255319149,447.404712880348,97,0.0575498744901764,"FWB_0893",7,"lotic",57.6624444,12.9773242,1.7509374747078,4.24817003112783,4.83894823801828,681.1489895,51.1046511126142,60,199,913,1.46902575871736,14,0,1.7509392108174,0,4.64747277987994,"large",0.177711514293393,-1.29796854488925,"low_prod","Cold and mesic","Cold and wet/mesic","Q3",0,"ok",1
"FWB_0893","FWB_0893_2015","Salvelinus fontinalis_Site2Sweden","Site2Sweden","Salvelinus fontinalis","Salmonidae","lotic",12.9773242,57.6624444,0.762222876201687,0.00124335087488291,0.757769311220678,0.0569229432783333,123.916666666667,359.174242424242,12,0.0581662941532162,"FWB_0893",7,"lotic",57.6624444,12.9773242,1.7509374747078,4.24817003112783,4.83894823801828,681.1489895,51.1046511126142,60,199,913,1.46902575871736,14,0,1.7509392108174,0,4.64747277987994,"large",0.177711514293393,-1.29796854488925,"low_prod","Cold and mesic","Cold and wet/mesic","Q3",0,"ok",1
"FWB_0894","FWB_0894_2015","Lampetra planeri_Site3Sweden","Site3Sweden","Lampetra planeri","Petromyzontidae","lotic",12.9898769,57.6714592,0.0312872740618405,0.000766010422196729,0.681813754139879,0.00166696783159996,NA,NA,3,0.00243297825379669,"FWB_0894",7,"lotic",57.6714592,12.9898769,1.7509374747078,4.24817003112783,4.83894823801828,681.1489895,53.2036188038842,60,199,913,1.46902575871736,14,0,1.7509392108174,0,4.64747277987994,"large",0.177711514293393,-1.29796854488925,"low_prod","Cold and mesic","Cold and wet/mesic","Q3",0,"ok",1
"FWB_0894","FWB_0894_2015","Phoxinus phoxinus_Site3Sweden","Site3Sweden","Phoxinus phoxinus","Leuciscidae","lotic",12.9898769,57.6714592,0.843334250848702,0.0412645970621274,0.331969608416131,0.0453673304136845,NA,NA,3,0.0866319274758119,"FWB_0894",7,"lotic",57.6714592,12.9898769,1.7509374747078,4.24817003112783,4.83894823801828,681.1489895,53.2036188038842,60,199,913,1.46902575871736,14,0,1.7509392108174,0,4.64747277987994,"large",0.177711514293393,-1.29796854488925,"low_prod","Cold and mesic","Cold and wet/mesic","Q3",0,"ok",1
"FWB_0894","FWB_0894_2015","Salmo trutta_Site3Sweden","Site3Sweden","Salmo trutta","Salmonidae","lotic",12.9898769,57.6714592,0.553563236469925,0.0114806666668126,0.515942593674914,0.0375012998936471,90.4444444444444,422.508960573476,63,0.0489819665604597,"FWB_0894",7,"lotic",57.6714592,12.9898769,1.7509374747078,4.24817003112783,4.83894823801828,681.1489895,53.2036188038842,60,199,913,1.46902575871736,14,0,1.7509392108174,0,4.64747277987994,"large",0.177711514293393,-1.29796854488925,"low_prod","Cold and mesic","Cold and wet/mesic","Q3",0,"ok",1
"FWB_0894","FWB_0894_2015","Salvelinus fontinalis_Site3Sweden","Site3Sweden","Salvelinus fontinalis","Salmonidae","lotic",12.9898769,57.6714592,0.436089611704386,0.00636955300055329,0.667361737114781,0.0221920433199739,90.8275862068965,202.390804597701,59,0.0285615963205272,"FWB_0894",7,"lotic",57.6714592,12.9898769,1.7509374747078,4.24817003112783,4.83894823801828,681.1489895,53.2036188038842,60,199,913,1.46902575871736,14,0,1.7509392108174,0,4.64747277987994,"large",0.177711514293393,-1.29796854488925,"low_prod","Cold and mesic","Cold and wet/mesic","Q3",0,"ok",1
"FWB_0895","FWB_0895_2015","Lampetra planeri_Site4Sweden","Site4Sweden","Lampetra planeri","Petromyzontidae","lotic",12.9971133,57.6766253,0.138704930095659,0.0178192060695843,0.134562841530055,0.017659250052256,NA,NA,3,0.0354784561218404,"FWB_0895",7,"lotic",57.6766253,12.9971133,1.7509374747078,4.24817003112783,4.83894823801828,681.1489895,54.4164829117992,60,199,913,1.46902575871736,14,0,1.7509392108174,0,4.64747277987994,"large",0.177711514293393,-1.29796854488925,"low_prod","Cold and mesic","Cold and wet/mesic","Q3",0,"ok",1
"FWB_0895","FWB_0895_2015","Phoxinus phoxinus_Site4Sweden","Site4Sweden","Phoxinus phoxinus","Leuciscidae","lotic",12.9971133,57.6766253,0.551508462104489,0.122565674152125,0.180631451123255,0.0290790100508403,NA,NA,3,0.151644684202965,"FWB_0895",7,"lotic",57.6766253,12.9971133,1.7509374747078,4.24817003112783,4.83894823801828,681.1489895,54.4164829117992,60,199,913,1.46902575871736,14,0,1.7509392108174,0,4.64747277987994,"large",0.177711514293393,-1.29796854488925,"low_prod","Cold and mesic","Cold and wet/mesic","Q3",0,"ok",1
"FWB_0895","FWB_0895_2015","Salmo trutta_Site4Sweden","Site4Sweden","Salmo trutta","Salmonidae","lotic",12.9971133,57.6766253,0.868567785643602,0.00719807770375196,0.501036367062371,0.0276193161055686,114.103448275862,212.881773399015,29,0.0348173938093206,"FWB_0895",7,"lotic",57.6766253,12.9971133,1.7509374747078,4.24817003112783,4.83894823801828,681.1489895,54.4164829117992,60,199,913,1.46902575871736,14,0,1.7509392108174,0,4.64747277987994,"large",0.177711514293393,-1.29796854488925,"low_prod","Cold and mesic","Cold and wet/mesic","Q3",0,"ok",1
"FWB_0895","FWB_0895_2015","Salvelinus fontinalis_Site4Sweden","Site4Sweden","Salvelinus fontinalis","Salmonidae","lotic",12.9971133,57.6766253,0.728221118469463,0.00713216490058103,0.541393442622951,0.0174081717433639,97.0533333333333,409.780900900901,75,0.0245403366439449,"FWB_0895",7,"lotic",57.6766253,12.9971133,1.7509374747078,4.24817003112783,4.83894823801828,681.1489895,54.4164829117992,60,199,913,1.46902575871736,14,0,1.7509392108174,0,4.64747277987994,"large",0.177711514293393,-1.29796854488925,"low_prod","Cold and mesic","Cold and wet/mesic","Q3",0,"ok",1
"FWB_0900","FWB_0900_2016","Channa gachua_Pakkok","Pakkok","Channa gachua","Channidae","lotic",98.4728,14.6667,0.678966789667897,0.0925096335834207,0.386197564276049,0.064326037636348,99.4,1097.8,5,0.156835671219769,"FWB_0900",13,"lotic",14.6667,98.4728,1.99524438287908,5.43611054665133,7.0430811530613,2346.447718,67.5030953700669,245,56,2612,-1.77785656405906,6,0,2.85203567556385,0,2.47224431978732,"large",0.344558370499557,0.275099792172636,"high_prod","Hot and mesic","Hot and moist","Q3",0,"ok",1
"FWB_0900","FWB_0900_2016","Homalopteroides smithi_Pakkok","Pakkok","Homalopteroides smithi","Balitoridae","lotic",98.4728,14.6667,0.334317343173432,0.0474503342819406,0.491204330175913,0.0111074285735212,51.4,25.3,5,0.0585577628554618,"FWB_0900",13,"lotic",14.6667,98.4728,1.99524438287908,5.43611054665133,7.0430811530613,2346.447718,67.5030953700669,245,56,2612,-1.77785656405906,6,0,2.85203567556385,0,2.47224431978732,"large",0.344558370499557,0.275099792172636,"high_prod","Hot and mesic","Hot and moist","Q3",0,"ok",1
"FWB_0900","FWB_0900_2016","Mastacembelus armatus_Pakkok","Pakkok","Mastacembelus armatus","Mastacembelidae","lotic",98.4728,14.6667,0.495387453874539,0.0135471557667606,0.632949932341001,0.0261314189834609,130,114,4,0.0396785747502216,"FWB_0900",13,"lotic",14.6667,98.4728,1.99524438287908,5.43611054665133,7.0430811530613,2346.447718,67.5030953700669,245,56,2612,-1.77785656405906,6,0,2.85203567556385,0,2.47224431978732,"large",0.344558370499557,0.275099792172636,"high_prod","Hot and mesic","Hot and moist","Q3",0,"ok",1
"FWB_0900","FWB_0900_2016","Mystacoleucus marginatus_Pakkok","Pakkok","Mystacoleucus marginatus","Cyprinidae","lotic",98.4728,14.6667,0.661254612546125,0.014892226413039,0.881461434370771,0.00631599956786134,94.4,36.8,5,0.0212082259809003,"FWB_0900",13,"lotic",14.6667,98.4728,1.99524438287908,5.43611054665133,7.0430811530613,2346.447718,67.5030953700669,245,56,2612,-1.77785656405906,6,0,2.85203567556385,0,2.47224431978732,"large",0.344558370499557,0.275099792172636,"high_prod","Hot and mesic","Hot and moist","Q3",0,"ok",1
"FWB_0902","FWB_0902_2015","Barbodes binotatus_Sato","Sato","Barbodes binotatus","Cyprinidae","lotic",102.5541,13.44794,0.417592592592593,0.0355224051211706,0.226190476190476,0.0366638321995465,73,206,4,0.0721862373207172,"FWB_0902",17,"lotic",13.44794,102.5541,-0.0932123817221787,5.4010201184521,5.76541560078078,527.7124963,36.3981168036928,272,106,1394,-0.107585210679937,6,7,-0.0932014048340167,0,5.06776525197578,"small",-1.08173140617725,0.228633120809198,"high_prod","Extremely hot and xeric","Hot and dry","Q2",0,"ok",1
"FWB_0902","FWB_0902_2015","Channa gachua_Sato","Sato","Channa gachua","Channidae","lotic",102.5541,13.44794,0.628240740740741,0.0450281697040956,0.48125,0.0237341067379333,104.5,672.857142857143,8,0.0687622764420289,"FWB_0902",17,"lotic",13.44794,102.5541,-0.0932123817221787,5.4010201184521,5.76541560078078,527.7124963,36.3981168036928,272,106,1394,-0.107585210679937,6,7,-0.0932014048340167,0,5.06776525197578,"small",-1.08173140617725,0.228633120809198,"high_prod","Extremely hot and xeric","Hot and dry","Q2",0,"ok",1
"FWB_0902","FWB_0902_2015","Glyptothorax major_Sato","Sato","Glyptothorax major","Sisoridae","lotic",102.5541,13.44794,0.543827160493827,0.0348061271147691,0.281150793650794,0.00278198223733939,61.8333333333333,36.5666666666667,6,0.0375881093521085,"FWB_0902",17,"lotic",13.44794,102.5541,-0.0932123817221787,5.4010201184521,5.76541560078078,527.7124963,36.3981168036928,272,106,1394,-0.107585210679937,6,7,-0.0932014048340167,0,5.06776525197578,"small",-1.08173140617725,0.228633120809198,"high_prod","Extremely hot and xeric","Hot and dry","Q2",0,"ok",1
"FWB_0902","FWB_0902_2015","Homalopteroides smithi_Sato","Sato","Homalopteroides smithi","Balitoridae","lotic",102.5541,13.44794,0.350740740740741,0.0110045724737083,0.377738095238095,0.0188633944318468,50.4,22.7111111111111,10,0.0298679669055551,"FWB_0902",17,"lotic",13.44794,102.5541,-0.0932123817221787,5.4010201184521,5.76541560078078,527.7124963,36.3981168036928,272,106,1394,-0.107585210679937,6,7,-0.0932014048340167,0,5.06776525197578,"small",-1.08173140617725,0.228633120809198,"high_prod","Extremely hot and xeric","Hot and dry","Q2",0,"ok",1
"FWB_0902","FWB_0902_2015","Mastacembelus armatus_Sato","Sato","Mastacembelus armatus","Mastacembelidae","lotic",102.5541,13.44794,0.434074074074074,0.0186927297668038,0.409047619047619,0.0238730158730159,175.8,7920.7,5,0.0425657456398197,"FWB_0902",17,"lotic",13.44794,102.5541,-0.0932123817221787,5.4010201184521,5.76541560078078,527.7124963,36.3981168036928,272,106,1394,-0.107585210679937,6,7,-0.0932014048340167,0,5.06776525197578,"small",-1.08173140617725,0.228633120809198,"high_prod","Extremely hot and xeric","Hot and dry","Q2",0,"ok",1
"FWB_0902","FWB_0902_2015","Neolissochilus blanci_Sato","Sato","Neolissochilus blanci","Cyprinidae","lotic",102.5541,13.44794,0.166951566951567,0.0134258379937392,0.602655677655678,0.0783151818419676,85.6153846153846,1315.42307692308,13,0.0917410198357068,"FWB_0902",17,"lotic",13.44794,102.5541,-0.0932123817221787,5.4010201184521,5.76541560078078,527.7124963,36.3981168036928,272,106,1394,-0.107585210679937,6,7,-0.0932014048340167,0,5.06776525197578,"small",-1.08173140617725,0.228633120809198,"high_prod","Extremely hot and xeric","Hot and dry","Q2",0,"ok",1
"FWB_0902","FWB_0902_2015","Rasbora paviana_Sato","Sato","Rasbora paviana","Danionidae","lotic",102.5541,13.44794,0.375,0.0130658436213992,0.426636904761905,0.00589971554097829,70,372.857142857143,8,0.0189655591623774,"FWB_0902",17,"lotic",13.44794,102.5541,-0.0932123817221787,5.4010201184521,5.76541560078078,527.7124963,36.3981168036928,272,106,1394,-0.107585210679937,6,7,-0.0932014048340167,0,5.06776525197578,"small",-1.08173140617725,0.228633120809198,"high_prod","Extremely hot and xeric","Hot and dry","Q2",0,"ok",1
"FWB_0902","FWB_0902_2015","Schistura kohchangensis_Sato","Sato","Schistura kohchangensis","Nemacheilidae","lotic",102.5541,13.44794,0.77037037037037,0.0158504801097394,0.38994708994709,0.0219873551272361,56.3333333333333,59.5,9,0.0378378352369755,"FWB_0902",17,"lotic",13.44794,102.5541,-0.0932123817221787,5.4010201184521,5.76541560078078,527.7124963,36.3981168036928,272,106,1394,-0.107585210679937,6,7,-0.0932014048340167,0,5.06776525197578,"small",-1.08173140617725,0.228633120809198,"high_prod","Extremely hot and xeric","Hot and dry","Q2",0,"ok",1
"FWB_0904","FWB_0904_2008","Anablepsoides hartii_Arima_HP","Arima_HP","Anablepsoides hartii","Rivulidae","lotic",-61.294314,10.69845,0.33591636984913,0.0409298497028784,0.676278980963009,0.00582213469292405,27160.1851851852,525343843.449003,27,0.0467519843958024,"FWB_0904",18,"lotic",10.69845,-61.294314,1.79309191446183,4.37794164264638,3.18773701784824,260.714778,150.294756770621,248,297,2364,3.37451111639965,35,35,1.79309357890785,0,6.59434780779993,"large",0.206500449492728,-1.1261252493187,"low_prod","Extremely hot and moist","Hot and moist","Q4 (far)",0,"ok",1
"FWB_0904","FWB_0904_2008","Crenicichla frenata_Arima_HP","Arima_HP","Crenicichla frenata","Cichlidae","lotic",-61.294314,10.69845,0.564998696898619,0.0113874873332229,0.668059135484253,0.00214729284290693,22984.3,627320889.756,6,0.0135347801761298,"FWB_0904",18,"lotic",10.69845,-61.294314,1.79309191446183,4.37794164264638,3.18773701784824,260.714778,150.294756770621,248,297,2364,3.37451111639965,35,35,1.79309357890785,0,6.59434780779993,"large",0.206500449492728,-1.1261252493187,"low_prod","Extremely hot and moist","Hot and moist","Q4 (far)",0,"ok",1
"FWB_0904","FWB_0904_2008","Poecilia reticulata_Arima_HP","Arima_HP","Poecilia reticulata","Poeciliidae","lotic",-61.294314,10.69845,0.621730992489397,0.035070311669729,0.632574074223705,0.0254137945634434,41652.9393939394,178759825.496212,33,0.0604841062331724,"FWB_0904",18,"lotic",10.69845,-61.294314,1.79309191446183,4.37794164264638,3.18773701784824,260.714778,150.294756770621,248,297,2364,3.37451111639965,35,35,1.79309357890785,0,6.59434780779993,"large",0.206500449492728,-1.1261252493187,"low_prod","Extremely hot and moist","Hot and moist","Q4 (far)",0,"ok",1
"FWB_0904","FWB_0904_2008","Rhamdia quelen_Arima_HP","Arima_HP","Rhamdia quelen","Heptapteridae","lotic",-61.294314,10.69845,0.330466510294501,0.0221711604815708,0.886765620833704,0.00987247296383876,NA,NA,3,0.0320436334454096,"FWB_0904",18,"lotic",10.69845,-61.294314,1.79309191446183,4.37794164264638,3.18773701784824,260.714778,150.294756770621,248,297,2364,3.37451111639965,35,35,1.79309357890785,0,6.59434780779993,"large",0.206500449492728,-1.1261252493187,"low_prod","Extremely hot and moist","Hot and moist","Q4 (far)",0,"ok",1
"FWB_0905","FWB_0905_2008","Anablepsoides hartii_Arima_LP","Arima_LP","Anablepsoides hartii","Rivulidae","lotic",-61.290461,10.683994,0.530925578486554,0.0803069987848097,0.833697855542516,0.0121623691905663,15887.7923076923,493532257.403939,26,0.0924693679753759,"FWB_0905",18,"lotic",10.683994,-61.290461,1.79309191446183,4.37794164264638,3.18773701784824,260.714778,149.908963091434,248,297,2364,3.37451111639965,35,35,1.79309357890785,0,6.59434780779993,"large",0.206500449492728,-1.1261252493187,"low_prod","Extremely hot and moist","Hot and moist","Q4 (far)",0,"ok",1
"FWB_0905","FWB_0905_2008","Poecilia reticulata_Arima_LP","Arima_LP","Poecilia reticulata","Poeciliidae","lotic",-61.290461,10.683994,0.339227642276423,0.0234069171789279,0.496692627760589,0.0611519238862599,40309.44,230667128.006667,26,0.0845588410651878,"FWB_0905",18,"lotic",10.683994,-61.290461,1.79309191446183,4.37794164264638,3.18773701784824,260.714778,149.908963091434,248,297,2364,3.37451111639965,35,35,1.79309357890785,0,6.59434780779993,"large",0.206500449492728,-1.1261252493187,"low_prod","Extremely hot and moist","Hot and moist","Q4 (far)",0,"ok",1
"FWB_0907","FWB_0907_2007","Anablepsoides hartii_Aripo_LP","Aripo_LP","Anablepsoides hartii","Rivulidae","lotic",-61.237139,10.690667,0.582995169082126,0.0532858018023424,0.783745677041766,0.0161258179826226,41.3333333333333,330.380952380952,15,0.069411619784965,"FWB_0907",18,"lotic",10.690667,-61.237139,1.70456625752568,4.50087790786377,3.18773701784824,260.714778,155.535696369014,247,224,2583,2.33476182468927,30,14,1.70456807603648,0,5.59788481476224,"large",0.146042774906515,-0.963333304972146,"low_prod","Extremely hot and moist","Hot and moist","Q4 (far)",0,"ok",1
"FWB_0907","FWB_0907_2007","Poecilia reticulata_Aripo_LP","Aripo_LP","Poecilia reticulata","Poeciliidae","lotic",-61.237139,10.690667,0.58305152979066,0.0495701989750602,0.49341580207502,0.0471363066412962,19.1666666666667,16.3823529411765,18,0.0967065056163564,"FWB_0907",18,"lotic",10.690667,-61.237139,1.70456625752568,4.50087790786377,3.18773701784824,260.714778,155.535696369014,247,224,2583,2.33476182468927,30,14,1.70456807603648,0,5.59788481476224,"large",0.146042774906515,-0.963333304972146,"low_prod","Extremely hot and moist","Hot and moist","Q4 (far)",0,"ok",1
"FWB_0910","FWB_0910_2007","Anablepsoides hartii_Guanapo_LP","Guanapo_LP","Anablepsoides hartii","Rivulidae","lotic",-61.267636,10.712169,0.564513120258674,0.0705454730034801,0.69043596161869,0.0387097467061368,41.2941176470588,269.470588235294,17,0.109255219709617,"FWB_0910",18,"lotic",10.712169,-61.267636,1.98444381305756,4.29091347417122,3.18773701784824,260.714778,153.646517804608,246,218,2484,2.8893156448495,27,7,1.98444518762706,0,5.96646209964874,"large",0.337182233928368,-1.24136776733353,"low_prod","Extremely hot and moist","Hot and moist","Q4 (far)",0,"ok",1
"FWB_0910","FWB_0910_2007","Poecilia reticulata_Guanapo_LP","Guanapo_LP","Poecilia reticulata","Poeciliidae","lotic",-61.267636,10.712169,0.137855664200141,0.00723677955553552,0.312825059101655,0.0268405300545337,3833.75,163461881.851064,48,0.0340773096100692,"FWB_0910",18,"lotic",10.712169,-61.267636,1.98444381305756,4.29091347417122,3.18773701784824,260.714778,153.646517804608,246,218,2484,2.8893156448495,27,7,1.98444518762706,0,5.96646209964874,"large",0.337182233928368,-1.24136776733353,"low_prod","Extremely hot and moist","Hot and moist","Q4 (far)",0,"ok",1
"FWB_0913","FWB_0913_2007","Anablepsoides hartii_Marianne_LP","Marianne_LP","Anablepsoides hartii","Rivulidae","lotic",-61.30085,10.77745,0.484466588511137,0.04132270331089,0.70848057443262,0.0433341698397216,36.2,144.333333333333,25,0.0846568731506115,"FWB_0913",18,"lotic",10.77745,-61.30085,-0.70117935225721,5.53502559635746,5.79983427454387,1068.979602,153.037555832478,255,67,2339,0.766397642299538,8,0,-0.701159191170123,0,5.96997532380804,"small",-1.49693611107179,0.406082893361887,"high_prod","Extremely hot and moist","Hot and moist","Q4 (far)",0,"ok",1
"FWB_0913","FWB_0913_2007","Poecilia reticulata_Marianne_LP","Marianne_LP","Poecilia reticulata","Poeciliidae","lotic",-61.30085,10.77745,0.389190113325518,0.0509096135772954,0.639259306748729,0.055773108325343,18.125,16.1141304347826,24,0.106682721902638,"FWB_0913",18,"lotic",10.77745,-61.30085,-0.70117935225721,5.53502559635746,5.79983427454387,1068.979602,153.037555832478,255,67,2339,0.766397642299538,8,0,-0.701159191170123,0,5.96997532380804,"small",-1.49693611107179,0.406082893361887,"high_prod","Extremely hot and moist","Hot and moist","Q4 (far)",0,"ok",1
"FWB_0916","FWB_0916_2008","Anablepsoides hartii_Quare_LP","Quare_LP","Anablepsoides hartii","Rivulidae","lotic",-61.198467,10.67615,0.523708282907577,0.0304789655116863,0.650003190490515,0.0365410440044091,23762.2777777778,542756078.912564,27,0.0670200095160954,"FWB_0916",18,"lotic",10.67615,-61.198467,1.79906604441049,4.4846112361251,3.18773701784824,260.714778,158.675085905968,250,221,2661,1.29937388908919,30,19,1.79906769894255,0,4.47629092681925,"large",0.210580419265019,-0.984873597543285,"low_prod","Extremely hot and moist","Hot and moist","Q4 (far)",0,"ok",1
"FWB_0916","FWB_0916_2008","Poecilia reticulata_Quare_LP","Quare_LP","Poecilia reticulata","Poeciliidae","lotic",-61.198467,10.67615,0.215552184053803,0.0131471026977937,0.452791609080066,0.0469073174015812,40504.4615384615,222382830.658462,26,0.0600544200993749,"FWB_0916",18,"lotic",10.67615,-61.198467,1.79906604441049,4.4846112361251,3.18773701784824,260.714778,158.675085905968,250,221,2661,1.29937388908919,30,19,1.79906769894255,0,4.47629092681925,"large",0.210580419265019,-0.984873597543285,"low_prod","Extremely hot and moist","Hot and moist","Q4 (far)",0,"ok",1
"FWB_0918","FWB_0918_2008","Anablepsoides hartii_Turure_LP","Turure_LP","Anablepsoides hartii","Rivulidae","lotic",-61.169464,10.679603,0.544782094124199,0.0628052396310881,0.587618574318198,0.0333136612576172,28635.225,511729271.826304,24,0.0961189008887053,"FWB_0917",18,"lotic",10.679603,-61.169464,0.880870786642895,4.72365301369015,3.18773701784824,260.714778,161.760180024383,254,179,2691,0.35697489894773,28,11,0.880874930853122,0,4.38681527580854,"small",-0.416491460481119,-0.6683349774619,"low_prod","Extremely hot and moist","Hot and moist","Q4 (far)",0,"ok",1
"FWB_0918","FWB_0918_2008","Poecilia reticulata_Turure_LP","Turure_LP","Poecilia reticulata","Poeciliidae","lotic",-61.169464,10.679603,0.585723568179708,0.0558273231293501,0.345407763905358,0.0272787403125256,40500.7438461538,222353670.091585,27,0.0831060634418757,"FWB_0917",18,"lotic",10.679603,-61.169464,0.880870786642895,4.72365301369015,3.18773701784824,260.714778,161.760180024383,254,179,2691,0.35697489894773,28,11,0.880874930853122,0,4.38681527580854,"small",-0.416491460481119,-0.6683349774619,"low_prod","Extremely hot and moist","Hot and moist","Q4 (far)",0,"ok",1
"FWB_0919","FWB_0919_2021","Anatolichthys transgrediens_TR1","TR1","Anatolichthys transgrediens","Aphaniidae","lentic",29.931128,37.821232,0.848551360842845,0.00949570398573383,0.640824425008099,0.0619581921659953,NA,NA,10,0.0714538961517291,"FWB_0919",11,"lentic",37.821232,29.931128,5.02631177348126,-11.5129254649702,5.17588748632588,948.072494,31.1893945645166,131,113,473,1.83162100265319,33,0,4.30065401180503,0,3.31955375431139,"large",1.95234928812706,-3.55673220557101,"high_prod","Warm temperate and mesic","Warm temperate","Q1 (close)",0,"ok",1
"FWB_0919","FWB_0919_2021","Carassius gibelio_TR1","TR1","Carassius gibelio","Cyprinidae","lentic",29.931128,37.821232,0.159120364563736,0.00145861549840541,0.0754778101716877,0.00369752425319551,NA,NA,3,0.00515613975160092,"FWB_0919",11,"lentic",37.821232,29.931128,5.02631177348126,-11.5129254649702,5.17588748632588,948.072494,31.1893945645166,131,113,473,1.83162100265319,33,0,4.30065401180503,0,3.31955375431139,"large",1.95234928812706,-3.55673220557101,"high_prod","Warm temperate and mesic","Warm temperate","Q1 (close)",0,"ok",1
"FWB_0919","FWB_0919_2021","Gambusia holbrooki_TR1","TR1","Gambusia holbrooki","Poeciliidae","lentic",29.931128,37.821232,0.408967766210962,0.0557582121514145,0.197311305474571,0.0118009478940991,NA,NA,10,0.0675591600455137,"FWB_0919",11,"lentic",37.821232,29.931128,5.02631177348126,-11.5129254649702,5.17588748632588,948.072494,31.1893945645166,131,113,473,1.83162100265319,33,0,4.30065401180503,0,3.31955375431139,"large",1.95234928812706,-3.55673220557101,"high_prod","Warm temperate and mesic","Warm temperate","Q1 (close)",0,"ok",1
"FWB_0920","FWB_0920_2021","Carassius gibelio_TR10","TR10","Carassius gibelio","Cyprinidae","lentic",30.426616,39.078314,0.151781472684086,0.0140235937639312,0.381483069009859,0.0434027570448137,243.6,840.266666666667,10,0.0574263508087449,"FWB_0920",9,"lentic",39.078314,30.426616,-0.891598119283784,-2.53978650162256,5.31979571355118,739.7871677,65.5505636689113,102,77,470,0.188966099512623,21,21,-0.274423687893588,0,3.48139423130136,"small",-0.448171197587767,-0.222890928953749,"high_prod","Cool temperate and xeric","Cool temperate and dry/xeric","Q3",0,"ok",1
"FWB_0920","FWB_0920_2021","Cyprinus carpio_TR10","TR10","Cyprinus carpio","Cyprinidae","lentic",30.426616,39.078314,0.263233797081778,0.00649833355164008,0.786353407629662,0.033350545448251,172.375,7901.125,8,0.0398488789998911,"FWB_0920",9,"lentic",39.078314,30.426616,-0.891598119283784,-2.53978650162256,5.31979571355118,739.7871677,65.5505636689113,102,77,470,0.188966099512623,21,21,-0.274423687893588,0,3.48139423130136,"small",-0.448171197587767,-0.222890928953749,"high_prod","Cool temperate and xeric","Cool temperate and dry/xeric","Q3",0,"ok",1
"FWB_0920","FWB_0920_2021","Squalius pursakensis_TR10","TR10","Squalius pursakensis","Leuciscidae","lentic",30.426616,39.078314,0.678724126230064,0.0550775190719029,0.605700814402058,0.0269129725449522,189.2,465.288888888889,10,0.081990491616855,"FWB_0920",9,"lentic",39.078314,30.426616,-0.891598119283784,-2.53978650162256,5.31979571355118,739.7871677,65.5505636689113,102,77,470,0.188966099512623,21,21,-0.274423687893588,0,3.48139423130136,"small",-0.448171197587767,-0.222890928953749,"high_prod","Cool temperate and xeric","Cool temperate and dry/xeric","Q3",0,"ok",1
"FWB_0921","FWB_0921_2021","Alburnus escherichii_TR11","TR11","Alburnus escherichii","Leuciscidae","lentic",31.061098,39.358406,0.568604233943308,0.0716283023962883,0.61433760275282,0.0735926587705687,4693.3,208825676.9,10,0.145220961166857,"FWB_0921",9,"lentic",39.358406,31.061098,0.712949807856125,-2.52427491425197,5.31979571355118,739.7871677,60.458107878259,104,88,437,-0.746547957287061,14,0,3.85346146649195,710,2.20420129445944,"large",0.202692069884348,-0.217127820809193,"high_prod","Cool temperate and xeric","Cool temperate and dry/xeric","Q3",0,"ok",1
"FWB_0921","FWB_0921_2021","Clarias gariepinus_TR11","TR11","Clarias gariepinus","Clariidae","lentic",31.061098,39.358406,0.819250089702189,0.0116709134929301,0.60131905945326,0.0107587031351075,372.9,481.211111111111,10,0.0224296166280376,"FWB_0921",9,"lentic",39.358406,31.061098,0.712949807856125,-2.52427491425197,5.31979571355118,739.7871677,60.458107878259,104,88,437,-0.746547957287061,14,0,3.85346146649195,710,2.20420129445944,"large",0.202692069884348,-0.217127820809193,"high_prod","Cool temperate and xeric","Cool temperate and dry/xeric","Q3",0,"ok",1
"FWB_0921","FWB_0921_2021","Oreochromis niloticus_TR11","TR11","Oreochromis niloticus","Cichlidae","lentic",31.061098,39.358406,0.298044492285612,0.00484508439515791,0.296692792965016,0.00450252519133969,212.3,187.566666666667,10,0.0093476095864976,"FWB_0921",9,"lentic",39.358406,31.061098,0.712949807856125,-2.52427491425197,5.31979571355118,739.7871677,60.458107878259,104,88,437,-0.746547957287061,14,0,3.85346146649195,710,2.20420129445944,"large",0.202692069884348,-0.217127820809193,"high_prod","Cool temperate and xeric","Cool temperate and dry/xeric","Q3",0,"ok",1
"FWB_0924","FWB_0924_2016","Neogobius fluviatilis_TR14","TR14","Neogobius fluviatilis","Gobiidae","lentic",30.27427,40.717154,0.775406236275802,0.0131210953841561,0.279129950959461,0.0569999074829629,84.3333333333333,211.75,9,0.070121002867119,"FWB_0924",11,"lentic",40.717154,30.27427,3.81352775867905,-4.67449029400861,5.37774433376925,980.985648,33.5551834599352,143,186,749,3.9502047174682,27,34,3.64010955223922,0,5.9514755649116,"large",1.46039977807463,-1.0160095517097,"high_prod","Warm temperate and mesic","Warm temperate","Q2",0,"ok",1
"FWB_0924","FWB_0924_2016","Proterorhinus semilunaris_TR14","TR14","Proterorhinus semilunaris","Gobiidae","lentic",30.27427,40.717154,0.54310496267018,0.0244278289424577,0.422576763324405,0.0462588244375732,35,15,9,0.0706866533800309,"FWB_0924",11,"lentic",40.717154,30.27427,3.81352775867905,-4.67449029400861,5.37774433376925,980.985648,33.5551834599352,143,186,749,3.9502047174682,27,34,3.64010955223922,0,5.9514755649116,"large",1.46039977807463,-1.0160095517097,"high_prod","Warm temperate and mesic","Warm temperate","Q2",0,"ok",1
"FWB_0924","FWB_0924_2016","Rhodeus amarus_TR14","TR14","Rhodeus amarus","Acheilognathidae","lentic",30.27427,40.717154,0.259525691699605,0.0250558584643479,0.865191568650285,0.0126755082527489,50.5555555555556,6.52777777777778,10,0.0377313667170968,"FWB_0924",11,"lentic",40.717154,30.27427,3.81352775867905,-4.67449029400861,5.37774433376925,980.985648,33.5551834599352,143,186,749,3.9502047174682,27,34,3.64010955223922,0,5.9514755649116,"large",1.46039977807463,-1.0160095517097,"high_prod","Warm temperate and mesic","Warm temperate","Q2",0,"ok",1
"FWB_0926","FWB_0926_2021","Atherina boyeri_TR2","TR2","Atherina boyeri","Atherinidae","lentic",30.177388,38.812859,0.781695220919747,0.0265576077866251,0.184413883431565,0.0208228009725354,71.126575,65.5544605158333,10,0.0473804087591604,"FWB_0926",9,"lentic",38.812859,30.177388,-1.38629436111989,-2.02946846723645,4.61497036992621,468.5238794,89.6680872357587,110,192,450,0.943516718127747,30,0,-0.0376914830219355,0,4.29789759974247,"small",-0.648838068873781,-0.0332895715928627,"low_prod","Cool temperate and xeric","Cool temperate and dry/xeric","Q4 (far)",0,"ok",1
"FWB_0926","FWB_0926_2021","Carassius gibelio_TR2","TR2","Carassius gibelio","Cyprinidae","lentic",30.177388,38.812859,0.305816050495942,0.0294138235957607,0.496869679109365,0.0292749484276355,110.8,151.288888888889,10,0.0586887720233963,"FWB_0926",9,"lentic",38.812859,30.177388,-1.38629436111989,-2.02946846723645,4.61497036992621,468.5238794,89.6680872357587,110,192,450,0.943516718127747,30,0,-0.0376914830219355,0,4.29789759974247,"small",-0.648838068873781,-0.0332895715928627,"low_prod","Cool temperate and xeric","Cool temperate and dry/xeric","Q4 (far)",0,"ok",1
"FWB_0926","FWB_0926_2021","Cyprinus carpio_TR2","TR2","Cyprinus carpio","Cyprinidae","lentic",30.177388,38.812859,0.13870604147881,0.0154093956380062,0.377472167648985,0.0680687449813708,155.2,701.955555555556,10,0.083478140619377,"FWB_0926",9,"lentic",38.812859,30.177388,-1.38629436111989,-2.02946846723645,4.61497036992621,468.5238794,89.6680872357587,110,192,450,0.943516718127747,30,0,-0.0376914830219355,0,4.29789759974247,"small",-0.648838068873781,-0.0332895715928627,"low_prod","Cool temperate and xeric","Cool temperate and dry/xeric","Q4 (far)",0,"ok",1
"FWB_0926","FWB_0926_2021","Oxynoemacheilus nasreddini_TR2","TR2","Oxynoemacheilus nasreddini","Nemacheilidae","lentic",30.177388,38.812859,0.627164111812443,0.0263414876226959,0.218703339882122,0.00256416609496406,NA,NA,10,0.0289056537176599,"FWB_0926",9,"lentic",38.812859,30.177388,-1.38629436111989,-2.02946846723645,4.61497036992621,468.5238794,89.6680872357587,110,192,450,0.943516718127747,30,0,-0.0376914830219355,0,4.29789759974247,"small",-0.648838068873781,-0.0332895715928627,"low_prod","Cool temperate and xeric","Cool temperate and dry/xeric","Q4 (far)",0,"ok",1
"FWB_0926","FWB_0926_2021","Squalius recurvirostris_TR2","TR2","Squalius recurvirostris","Leuciscidae","lentic",30.177388,38.812859,0.632010820559062,0.0189285499075836,0.746404715127701,0.0326520536668046,189.15851,4820.09355264544,10,0.0515806035743882,"FWB_0926",9,"lentic",38.812859,30.177388,-1.38629436111989,-2.02946846723645,4.61497036992621,468.5238794,89.6680872357587,110,192,450,0.943516718127747,30,0,-0.0376914830219355,0,4.29789759974247,"small",-0.648838068873781,-0.0332895715928627,"low_prod","Cool temperate and xeric","Cool temperate and dry/xeric","Q4 (far)",0,"ok",1
"FWB_0927","FWB_0927_2021","Alburnus escherichii_TR3","TR3","Alburnus escherichii","Leuciscidae","lentic",30.901329,38.970635,0.50338238784714,0.0203202496592978,0.546082426023646,0.0108311872706532,161.5,129.388888888889,11,0.031151436929951,"FWB_0927",9,"lentic",38.970635,30.901329,-2.20727491318972,-0.594981989273158,4.61497036992621,468.5238794,50.7463479407516,104,83,429,-0.918793862092274,22,0,1.44974087998996,0,2.48165219311748,"small",-0.981857778421315,0.499673335871034,"low_prod","Cool temperate and xeric","Cool temperate and dry/xeric","Q3",0,"ok",1
"FWB_0927","FWB_0927_2021","Carassius gibelio_TR3","TR3","Carassius gibelio","Cyprinidae","lentic",30.901329,38.970635,0.292521447221186,0.0278042077358999,0.51126272698646,0.0980168442983797,217.166666666667,98.9666666666667,7,0.12582105203428,"FWB_0927",9,"lentic",38.970635,30.901329,-2.20727491318972,-0.594981989273158,4.61497036992621,468.5238794,50.7463479407516,104,83,429,-0.918793862092274,22,0,1.44974087998996,0,2.48165219311748,"small",-0.981857778421315,0.499673335871034,"low_prod","Cool temperate and xeric","Cool temperate and dry/xeric","Q3",0,"ok",1
"FWB_0927","FWB_0927_2021","Perca fluviatilis_TR3","TR3","Perca fluviatilis","Percidae","lentic",30.901329,38.970635,0.377558746736293,0.0677928968060545,0.434004408523145,0.00955955798158093,137.36,1022.49,25,0.0773524547876355,"FWB_0927",9,"lentic",38.970635,30.901329,-2.20727491318972,-0.594981989273158,4.61497036992621,468.5238794,50.7463479407516,104,83,429,-0.918793862092274,22,0,1.44974087998996,0,2.48165219311748,"small",-0.981857778421315,0.499673335871034,"low_prod","Cool temperate and xeric","Cool temperate and dry/xeric","Q3",0,"ok",1
"FWB_0928","FWB_0928_2021","Dicentrarchus labrax_TR4","TR4","Dicentrarchus labrax","Moronidae","lentic",26.075832,40.708585,0.755012264590809,0.0204098840410208,0.558717107240314,0.0299696513751305,5338.44444444444,231304979.277778,9,0.0503795354161513,"FWB_0928",11,"lentic",40.708585,26.075832,1.30291275218084,-3.34195843008884,3.99561760651476,881.373725,49.7308813005796,147,167,593,-0.677273831403655,45,0,0.237448742419268,0,3.1976934541637,"large",0.442002596628852,-0.520926420991517,"low_prod","Warm temperate and mesic","Warm temperate","Q3",0,"ok",1
"FWB_0928","FWB_0928_2021","Mugil cephalus_TR4","TR4","Mugil cephalus","Mugilidae","lentic",26.075832,40.708585,0.115672322568874,0.0138863215950835,0.426939305420318,0.195638861022038,263.3,453.122222222222,10,0.209525182617122,"FWB_0928",11,"lentic",40.708585,26.075832,1.30291275218084,-3.34195843008884,3.99561760651476,881.373725,49.7308813005796,147,167,593,-0.677273831403655,45,0,0.237448742419268,0,3.1976934541637,"large",0.442002596628852,-0.520926420991517,"low_prod","Warm temperate and mesic","Warm temperate","Q3",0,"ok",1
"FWB_0928","FWB_0928_2021","Sparus aurata_TR4","TR4","Sparus aurata","Sparidae","lentic",26.075832,40.708585,0.467493766344341,0.0122565435700466,0.665332323560172,0.00700600068715797,NA,NA,9,0.0192625442572046,"FWB_0928",11,"lentic",40.708585,26.075832,1.30291275218084,-3.34195843008884,3.99561760651476,881.373725,49.7308813005796,147,167,593,-0.677273831403655,45,0,0.237448742419268,0,3.1976934541637,"large",0.442002596628852,-0.520926420991517,"low_prod","Warm temperate and mesic","Warm temperate","Q3",0,"ok",1
"FWB_0932","FWB_0932_2021","Carassius gibelio_TR8","TR8","Carassius gibelio","Cyprinidae","lentic",26.323628,40.833216,0.111870970716377,0.0341701847744807,0.577076358998884,0.1034074484742,61.7272727272727,5021.61818181818,11,0.13757763324868,"FWB_0932",11,"lentic",40.833216,26.323628,1.58923520511658,-3.8852188026761,3.99561760651476,881.373725,18.4672609695677,142,126,611,0.626473047291953,60,0,0.72076721139432,0,3.77519498489207,"large",0.558145445412787,-0.722767032340542,"low_prod","Warm temperate and mesic","Warm temperate","Q1 (close)",0,"ok",1
"FWB_0932","FWB_0932_2021","Cyprinus carpio_TR8","TR8","Cyprinus carpio","Cyprinidae","lentic",26.323628,40.833216,0.156693952653719,0.0321784720437146,0.622595004230585,0.0450824249206604,79.4615384615385,3294.9358974359,13,0.077260896964375,"FWB_0932",11,"lentic",40.833216,26.323628,1.58923520511658,-3.8852188026761,3.99561760651476,881.373725,18.4672609695677,142,126,611,0.626473047291953,60,0,0.72076721139432,0,3.77519498489207,"large",0.558145445412787,-0.722767032340542,"low_prod","Warm temperate and mesic","Warm temperate","Q1 (close)",0,"ok",1
"FWB_0932","FWB_0932_2021","Gambusia holbrooki_TR8","TR8","Gambusia holbrooki","Poeciliidae","lentic",26.323628,40.833216,0.534143736408972,0.00107022884811883,0.43780705186731,0.0194404312721045,42.2,13.5111111111111,11,0.0205106601202233,"FWB_0932",11,"lentic",40.833216,26.323628,1.58923520511658,-3.8852188026761,3.99561760651476,881.373725,18.4672609695677,142,126,611,0.626473047291953,60,0,0.72076721139432,0,3.77519498489207,"large",0.558145445412787,-0.722767032340542,"low_prod","Warm temperate and mesic","Warm temperate","Q1 (close)",0,"ok",1
"FWB_0932","FWB_0932_2021","Lepomis gibbosus_TR8","TR8","Lepomis gibbosus","Centrarchidae","lentic",26.323628,40.833216,0.575378243597329,0.00196315944776888,0.699792762633509,0.00763398914182606,53.6,161.822222222222,10,0.00959714858959494,"FWB_0932",11,"lentic",40.833216,26.323628,1.58923520511658,-3.8852188026761,3.99561760651476,881.373725,18.4672609695677,142,126,611,0.626473047291953,60,0,0.72076721139432,0,3.77519498489207,"large",0.558145445412787,-0.722767032340542,"low_prod","Warm temperate and mesic","Warm temperate","Q1 (close)",0,"ok",1
"FWB_0932","FWB_0932_2021","Perca fluviatilis_TR8","TR8","Perca fluviatilis","Percidae","lentic",26.323628,40.833216,0.852142676020624,0.00647177961305335,0.27366491311972,0.00393424077108482,172.6,4697.37777777778,10,0.0104060203841382,"FWB_0932",11,"lentic",40.833216,26.323628,1.58923520511658,-3.8852188026761,3.99561760651476,881.373725,18.4672609695677,142,126,611,0.626473047291953,60,0,0.72076721139432,0,3.77519498489207,"large",0.558145445412787,-0.722767032340542,"low_prod","Warm temperate and mesic","Warm temperate","Q1 (close)",0,"ok",1
"FWB_0932","FWB_0932_2021","Rutilus rutilus_TR8","TR8","Rutilus rutilus","Leuciscidae","lentic",26.323628,40.833216,0.518857239455667,0.00190986670118391,0.155157022158457,0.00333696516365625,102.9,12.5444444444444,10,0.00524683186484016,"FWB_0932",11,"lentic",40.833216,26.323628,1.58923520511658,-3.8852188026761,3.99561760651476,881.373725,18.4672609695677,142,126,611,0.626473047291953,60,0,0.72076721139432,0,3.77519498489207,"large",0.558145445412787,-0.722767032340542,"low_prod","Warm temperate and mesic","Warm temperate","Q1 (close)",0,"ok",1
"FWB_0932","FWB_0932_2021","Sander lucioperca_TR8","TR8","Sander lucioperca","Percidae","lentic",26.323628,40.833216,0.908148085537994,0.00286524577405488,0.191806153355651,0.00364427008225368,230.1,8668.98888888889,10,0.00650951585630856,"FWB_0932",11,"lentic",40.833216,26.323628,1.58923520511658,-3.8852188026761,3.99561760651476,881.373725,18.4672609695677,142,126,611,0.626473047291953,60,0,0.72076721139432,0,3.77519498489207,"large",0.558145445412787,-0.722767032340542,"low_prod","Warm temperate and mesic","Warm temperate","Q1 (close)",0,"ok",1
"FWB_0933","FWB_0933_2021","Alburnus nasreddini_TR9","TR9","Alburnus nasreddini","Leuciscidae","lentic",30.791541,38.786808,0.671782973407103,0.0132592994694524,0.427071440927175,0.0125441983924706,159.052631578947,435.719298245614,20,0.025803497861923,"FWB_0933",9,"lentic",38.786808,30.791541,1.22082992139236,-3.62924107699089,4.61497036992621,468.5238794,29.5162468699811,109,127,428,0.871711688476188,30,0,2.70451127983403,2231,3.70499908199625,"large",0.408706801254525,-0.627662174244643,"low_prod","Cool temperate and xeric","Cool temperate and dry/xeric","Q1 (close)",0,"ok",1
"FWB_0933","FWB_0933_2021","Atherina boyeri_TR9","TR9","Atherina boyeri","Atherinidae","lentic",30.791541,38.786808,0.702534356594681,0.0306923478172473,0.599100501643314,0.0228584294943439,90.9,221.877777777778,10,0.0535507773115912,"FWB_0933",9,"lentic",38.786808,30.791541,1.22082992139236,-3.62924107699089,4.61497036992621,468.5238794,29.5162468699811,109,127,428,0.871711688476188,30,0,2.70451127983403,2231,3.70499908199625,"large",0.408706801254525,-0.627662174244643,"low_prod","Cool temperate and xeric","Cool temperate and dry/xeric","Q1 (close)",0,"ok",1
"FWB_0933","FWB_0933_2021","Carassius gibelio_TR9","TR9","Carassius gibelio","Cyprinidae","lentic",30.791541,38.786808,0.446240534407588,0.03394733030808,0.549591848502072,0.0565395142712693,202.571428571429,3229.18681318681,21,0.0904868445793493,"FWB_0933",9,"lentic",38.786808,30.791541,1.22082992139236,-3.62924107699089,4.61497036992621,468.5238794,29.5162468699811,109,127,428,0.871711688476188,30,0,2.70451127983403,2231,3.70499908199625,"large",0.408706801254525,-0.627662174244643,"low_prod","Cool temperate and xeric","Cool temperate and dry/xeric","Q1 (close)",0,"ok",1
"FWB_0933","FWB_0933_2021","Cyprinus carpio_TR9","TR9","Cyprinus carpio","Cyprinidae","lentic",30.791541,38.786808,0.498911297519186,0.016480433963486,0.369659228507179,0.0402031139413957,178.25,1026.91666666667,5,0.0566835479048817,"FWB_0933",9,"lentic",38.786808,30.791541,1.22082992139236,-3.62924107699089,4.61497036992621,468.5238794,29.5162468699811,109,127,428,0.871711688476188,30,0,2.70451127983403,2231,3.70499908199625,"large",0.408706801254525,-0.627662174244643,"low_prod","Cool temperate and xeric","Cool temperate and dry/xeric","Q1 (close)",0,"ok",1
"FWB_0933","FWB_0933_2021","Perca fluviatilis_TR9","TR9","Perca fluviatilis","Percidae","lentic",30.791541,38.786808,0.808950562198822,0.0165164306464247,0.355647811797267,0.0292227214306539,229.25,1656.51315789474,20,0.0457391520770785,"FWB_0933",9,"lentic",38.786808,30.791541,1.22082992139236,-3.62924107699089,4.61497036992621,468.5238794,29.5162468699811,109,127,428,0.871711688476188,30,0,2.70451127983403,2231,3.70499908199625,"large",0.408706801254525,-0.627662174244643,"low_prod","Cool temperate and xeric","Cool temperate and dry/xeric","Q1 (close)",0,"ok",1
"FWB_0937","FWB_0937_2016","Catostomus clarkii_BURRO-01","BURRO-01","Catostomus clarkii","Catostomidae","lotic",-113.24591,34.73391,0.219650655021834,0.0271111026359782,0.366439909297052,0.0731007713407022,163,1578,10,0.10021187397668,"FWB_0937",12,"lotic",34.73391,-113.24591,1.91250108692418,4.53096847447951,5.97144978080191,919.1295328,17.3263323055025,156,31,333,-6.90775527898214,0,0,3.81005694430754,0,-11.5129254649702,"large",0.288049699068409,-0.923487439822397,"high_prod","Warm temperate and xeric","Warm temperate","Q1 (close)",0,"ok",1
"FWB_0937","FWB_0937_2016","Catostomus insignis_BURRO-01","BURRO-01","Catostomus insignis","Catostomidae","lotic",-113.24591,34.73391,0.490538573508006,0.00105038678387775,0.45427059712774,0.0010712271807186,291.666666666667,2508.33333333333,3,0.00212161396459635,"FWB_0937",12,"lotic",34.73391,-113.24591,1.91250108692418,4.53096847447951,5.97144978080191,919.1295328,17.3263323055025,156,31,333,-6.90775527898214,0,0,3.81005694430754,0,-11.5129254649702,"large",0.288049699068409,-0.923487439822397,"high_prod","Warm temperate and xeric","Warm temperate","Q1 (close)",0,"ok",1
"FWB_0937","FWB_0937_2016","Gila robusta_BURRO-01","BURRO-01","Gila robusta","Leuciscidae","lotic",-113.24591,34.73391,0.638427947598253,0.0570579847405232,0.356235827664399,0.0437979945484534,145.9,2005.43333333333,10,0.100855979288977,"FWB_0937",12,"lotic",34.73391,-113.24591,1.91250108692418,4.53096847447951,5.97144978080191,919.1295328,17.3263323055025,156,31,333,-6.90775527898214,0,0,3.81005694430754,0,-11.5129254649702,"large",0.288049699068409,-0.923487439822397,"high_prod","Warm temperate and xeric","Warm temperate","Q1 (close)",0,"ok",1
"FWB_0937","FWB_0937_2016","Lepomis cyanellus_BURRO-01","BURRO-01","Lepomis cyanellus","Centrarchidae","lotic",-113.24591,34.73391,0.559437166424066,0.00791219868254059,0.220458553791887,0.0124276635992434,111.666666666667,447,9,0.020339862281784,"FWB_0937",12,"lotic",34.73391,-113.24591,1.91250108692418,4.53096847447951,5.97144978080191,919.1295328,17.3263323055025,156,31,333,-6.90775527898214,0,0,3.81005694430754,0,-11.5129254649702,"large",0.288049699068409,-0.923487439822397,"high_prod","Warm temperate and xeric","Warm temperate","Q1 (close)",0,"ok",1
"FWB_0937","FWB_0937_2016","Rhinichthys osculus_BURRO-01","BURRO-01","Rhinichthys osculus","Leuciscidae","lotic",-113.24591,34.73391,0.383460698689956,0.0220873219427547,0.240362811791384,0.00677407341297389,75.75,187.642857142857,8,0.0288613953557286,"FWB_0937",12,"lotic",34.73391,-113.24591,1.91250108692418,4.53096847447951,5.97144978080191,919.1295328,17.3263323055025,156,31,333,-6.90775527898214,0,0,3.81005694430754,0,-11.5129254649702,"large",0.288049699068409,-0.923487439822397,"high_prod","Warm temperate and xeric","Warm temperate","Q1 (close)",0,"ok",1
"FWB_0938","FWB_0938_2016","Catostomus clarkii_BURRO-02","BURRO-02","Catostomus clarkii","Catostomidae","lotic",-113.24429,34.73655,0.462763915547025,0.0453517420810498,0.316836734693878,0.0330111296219168,172.5,1024.5,10,0.0783628717029666,"FWB_0938",12,"lotic",34.73655,-113.24429,1.91250108692418,4.53096847447951,5.97144978080191,919.1295328,17.683674466435,156,31,333,-6.90775527898214,0,0,3.81005694430754,0,-11.5129254649702,"large",0.288049699068409,-0.923487439822397,"high_prod","Warm temperate and xeric","Warm temperate","Q1 (close)",0,"ok",1
"FWB_0938","FWB_0938_2016","Gila robusta_BURRO-02","BURRO-02","Gila robusta","Leuciscidae","lotic",-113.24429,34.73655,0.768607378972062,0.0132635739544792,0.350056689342404,0.0679661107640335,150.111111111111,2224.11111111111,9,0.0812296847185126,"FWB_0938",12,"lotic",34.73655,-113.24429,1.91250108692418,4.53096847447951,5.97144978080191,919.1295328,17.683674466435,156,31,333,-6.90775527898214,0,0,3.81005694430754,0,-11.5129254649702,"large",0.288049699068409,-0.923487439822397,"high_prod","Warm temperate and xeric","Warm temperate","Q1 (close)",0,"ok",1
"FWB_0938","FWB_0938_2016","Lepomis cyanellus_BURRO-02","BURRO-02","Lepomis cyanellus","Centrarchidae","lotic",-113.24429,34.73655,0.652164640648326,0.00581045031680712,0.187074829931973,0.035506039150354,88.5555555555556,328.527777777778,9,0.0413164894671611,"FWB_0938",12,"lotic",34.73655,-113.24429,1.91250108692418,4.53096847447951,5.97144978080191,919.1295328,17.683674466435,156,31,333,-6.90775527898214,0,0,3.81005694430754,0,-11.5129254649702,"large",0.288049699068409,-0.923487439822397,"high_prod","Warm temperate and xeric","Warm temperate","Q1 (close)",0,"ok",1
"FWB_0938","FWB_0938_2016","Rhinichthys osculus_BURRO-02","BURRO-02","Rhinichthys osculus","Leuciscidae","lotic",-113.24429,34.73655,0.605429119824513,0.0105202200390473,0.319606413994169,0.00755699510124748,71.2857142857143,24.5714285714286,7,0.0180772151402948,"FWB_0938",12,"lotic",34.73655,-113.24429,1.91250108692418,4.53096847447951,5.97144978080191,919.1295328,17.683674466435,156,31,333,-6.90775527898214,0,0,3.81005694430754,0,-11.5129254649702,"large",0.288049699068409,-0.923487439822397,"high_prod","Warm temperate and xeric","Warm temperate","Q1 (close)",0,"ok",1
"FWB_0939","FWB_0939_2016","Ameiurus natalis_BURRO-06","BURRO-06","Ameiurus natalis","Ictaluridae","lotic",-113.35178,34.56383,0.661057692307692,0.0500724235700197,0.429256594724221,0.0499782428254039,150.714285714286,2229.57142857143,7,0.100050666395424,"FWB_0939",12,"lotic",34.56383,-113.35178,1.06712162157674,5.7068789814513,5.97144978080191,919.1295328,12.9976749501926,176,24,289,-6.90775527898214,0,0,4.36747134349741,0,-11.5129254649702,"small",-0.289293394298322,0.633650785167386,"high_prod","Warm temperate and xeric","Warm temperate","Q1 (close)",0,"ok",1
"FWB_0939","FWB_0939_2016","Catostomus clarkii_BURRO-06","BURRO-06","Catostomus clarkii","Catostomidae","lotic",-113.35178,34.56383,0.287860576923077,0.0474427352995562,0.787170263788969,0.0266889605821338,197.25,4172.91666666667,4,0.07413169588169,"FWB_0939",12,"lotic",34.56383,-113.35178,1.06712162157674,5.7068789814513,5.97144978080191,919.1295328,12.9976749501926,176,24,289,-6.90775527898214,0,0,4.36747134349741,0,-11.5129254649702,"small",-0.289293394298322,0.633650785167386,"high_prod","Warm temperate and xeric","Warm temperate","Q1 (close)",0,"ok",1
"FWB_0939","FWB_0939_2016","Cyprinella lutrensis_BURRO-06","BURRO-06","Cyprinella lutrensis","Leuciscidae","lotic",-113.35178,34.56383,0.350160256410256,0.00269854844674557,0.645883293365308,0.0052749167572417,59.4444444444444,9.27777777777778,9,0.00797346520398727,"FWB_0939",12,"lotic",34.56383,-113.35178,1.06712162157674,5.7068789814513,5.97144978080191,919.1295328,12.9976749501926,176,24,289,-6.90775527898214,0,0,4.36747134349741,0,-11.5129254649702,"small",-0.289293394298322,0.633650785167386,"high_prod","Warm temperate and xeric","Warm temperate","Q1 (close)",0,"ok",1
"FWB_0939","FWB_0939_2016","Lepomis cyanellus_BURRO-06","BURRO-06","Lepomis cyanellus","Centrarchidae","lotic",-113.35178,34.56383,0.347355769230769,0.102750939965483,0.661870503597123,0.0372153116835069,113.25,2278.91666666667,4,0.13996625164899,"FWB_0939",12,"lotic",34.56383,-113.35178,1.06712162157674,5.7068789814513,5.97144978080191,919.1295328,12.9976749501926,176,24,289,-6.90775527898214,0,0,4.36747134349741,0,-11.5129254649702,"small",-0.289293394298322,0.633650785167386,"high_prod","Warm temperate and xeric","Warm temperate","Q1 (close)",0,"ok",1
"FWB_0940","FWB_0940_2016","Ameiurus natalis_BURRO-07","BURRO-07","Ameiurus natalis","Ictaluridae","lotic",-113.35692,34.55859,0.649622166246851,0.0651224091122828,0.346265560165975,0.0273339053314432,133.8,967.733333333333,10,0.092456314443726,"FWB_0940",12,"lotic",34.55859,-113.35692,1.06712162157674,5.7068789814513,5.97144978080191,919.1295328,13.6153394959079,176,24,289,-6.90775527898214,0,0,4.36747134349741,0,-11.5129254649702,"small",-0.289293394298322,0.633650785167386,"high_prod","Warm temperate and xeric","Warm temperate","Q1 (close)",0,"ok",1
"FWB_0940","FWB_0940_2016","Catostomus clarkii_BURRO-07","BURRO-07","Catostomus clarkii","Catostomidae","lotic",-113.35692,34.55859,0.107304785894207,0.00689216140364235,0.745850622406639,0.0220183402872234,138.4,68.4888888888889,10,0.0289105016908657,"FWB_0940",12,"lotic",34.55859,-113.35692,1.06712162157674,5.7068789814513,5.97144978080191,919.1295328,13.6153394959079,176,24,289,-6.90775527898214,0,0,4.36747134349741,0,-11.5129254649702,"small",-0.289293394298322,0.633650785167386,"high_prod","Warm temperate and xeric","Warm temperate","Q1 (close)",0,"ok",1
"FWB_0940","FWB_0940_2016","Cyprinella lutrensis_BURRO-07","BURRO-07","Cyprinella lutrensis","Leuciscidae","lotic",-113.35692,34.55859,0.334652752788773,0.0139679598910988,0.497628927089508,0.00693920067295182,55,38,7,0.0209071605640506,"FWB_0940",12,"lotic",34.55859,-113.35692,1.06712162157674,5.7068789814513,5.97144978080191,919.1295328,13.6153394959079,176,24,289,-6.90775527898214,0,0,4.36747134349741,0,-11.5129254649702,"small",-0.289293394298322,0.633650785167386,"high_prod","Warm temperate and xeric","Warm temperate","Q1 (close)",0,"ok",1
"FWB_0940","FWB_0940_2016","Lepomis cyanellus_BURRO-07","BURRO-07","Lepomis cyanellus","Centrarchidae","lotic",-113.35692,34.55859,0.323173803526448,0.0470645006877075,0.479460580912863,0.0171010695790745,75.3,481.122222222222,10,0.064165570266782,"FWB_0940",12,"lotic",34.55859,-113.35692,1.06712162157674,5.7068789814513,5.97144978080191,919.1295328,13.6153394959079,176,24,289,-6.90775527898214,0,0,4.36747134349741,0,-11.5129254649702,"small",-0.289293394298322,0.633650785167386,"high_prod","Warm temperate and xeric","Warm temperate","Q1 (close)",0,"ok",1
"FWB_0941","FWB_0941_2016","Ameiurus natalis_BURRO-08","BURRO-08","Ameiurus natalis","Ictaluridae","lotic",-113.44775,34.54052,0.772990353697749,0.0850836713617289,0.591873589164785,0.0496940111796748,153.1,764.766666666667,10,0.134777682541404,"FWB_0941",12,"lotic",34.54052,-113.44775,0.689641041230658,6.04269597193043,5.97144978080191,919.1295328,18.0658257509646,183,86,262,-6.90775527898214,0,0,4.48892857422726,0,-4.13454175197351,"small",-0.54708982167346,1.07833893904968,"high_prod","Warm temperate and xeric","Warm temperate","Q1 (close)",0,"ok",1
"FWB_0941","FWB_0941_2016","Lepomis cyanellus_BURRO-08","BURRO-08","Lepomis cyanellus","Centrarchidae","lotic",-113.44775,34.54052,0.327009646302251,0.0208895230152248,0.88510158013544,0.00635298353961888,83,370.888888888889,10,0.0272425065548436,"FWB_0941",12,"lotic",34.54052,-113.44775,0.689641041230658,6.04269597193043,5.97144978080191,919.1295328,18.0658257509646,183,86,262,-6.90775527898214,0,0,4.48892857422726,0,-4.13454175197351,"small",-0.54708982167346,1.07833893904968,"high_prod","Warm temperate and xeric","Warm temperate","Q1 (close)",0,"ok",1
"FWB_0942","FWB_0942_2016","Cyprinella lutrensis_BURRO-09","BURRO-09","Cyprinella lutrensis","Leuciscidae","lotic",-113.4439,34.54193,0.692430278884462,0.0464359472248236,0.73598615916955,0.0248056044454555,55.6,9.15555555555556,10,0.0712415516702791,"FWB_0942",12,"lotic",34.54193,-113.4439,0.689641041230658,6.04269597193043,5.97144978080191,919.1295328,17.6989741047143,183,86,262,-6.90775527898214,0,0,4.48892857422726,0,-4.13454175197351,"small",-0.54708982167346,1.07833893904968,"high_prod","Warm temperate and xeric","Warm temperate","Q1 (close)",0,"ok",1
"FWB_0942","FWB_0942_2016","Lepomis cyanellus_BURRO-09","BURRO-09","Lepomis cyanellus","Centrarchidae","lotic",-113.4439,34.54193,0.367729083665339,0.0886407446795377,0.342906574394464,0.0619736353731397,78,115.333333333333,10,0.150614380052677,"FWB_0942",12,"lotic",34.54193,-113.4439,0.689641041230658,6.04269597193043,5.97144978080191,919.1295328,17.6989741047143,183,86,262,-6.90775527898214,0,0,4.48892857422726,0,-4.13454175197351,"small",-0.54708982167346,1.07833893904968,"high_prod","Warm temperate and xeric","Warm temperate","Q1 (close)",0,"ok",1
"FWB_0943","FWB_0943_2015","Oncorhynchus mykiss_Cabin Bay","Cabin Bay","Oncorhynchus mykiss","Salmonidae","lentic",-154.20425,59.730456,0.43978102189781,0.189526418784521,0.126517967781908,0.0160558250377352,253.6,4519.3,5,0.205582243822256,"FWB_0943",7,"lentic",59.730456,-154.20425,7.87649423805212,-5.54880408390628,3.49154818771327,1059.017136,80.7604020571568,14,2,692,-1.12701176318981,0,0,8.99976377590827,0,-0.729790418258784,"large",3.10848743794785,-1.34084831921153,"low_prod","Cold and mesic","Cold and wet/mesic","Q4 (far)",0,"ok",1
"FWB_0943","FWB_0943_2015","Salvelinus alpinus_Cabin Bay","Cabin Bay","Salvelinus alpinus","Salmonidae","lentic",-154.20425,59.730456,0.496198296836983,0.09028348187417,0.429894671623296,0.149499637107568,390,1250,4,0.239783118981738,"FWB_0943",7,"lentic",59.730456,-154.20425,7.87649423805212,-5.54880408390628,3.49154818771327,1059.017136,80.7604020571568,14,2,692,-1.12701176318981,0,0,8.99976377590827,0,-0.729790418258784,"large",3.10848743794785,-1.34084831921153,"low_prod","Cold and mesic","Cold and wet/mesic","Q4 (far)",0,"ok",1
"FWB_0945","FWB_0945_2016","Catostomus clarkii_CONGER-01","CONGER-01","Catostomus clarkii","Catostomidae","lotic",-113.13209,34.7642,0.245762711864407,0.0269718152510454,0.513975155279503,0.091976582693569,155.8,122.4,10,0.118948397944614,"FWB_0945",9,"lotic",34.7642,-113.13209,0.553885113226438,4.48919068962815,5.97144978080191,919.1295328,30.2677950318377,116,10,427,-6.90775527898214,0,0,0.55389086033636,0,-4.60417068565501,"small",-0.639802917542916,-0.978809494827231,"high_prod","Cool temperate and xeric","Cool temperate and dry/xeric","Q1 (close)",0,"ok",1
"FWB_0945","FWB_0945_2016","Gila robusta_CONGER-01","CONGER-01","Gila robusta","Leuciscidae","lotic",-113.13209,34.7642,0.413135593220339,0.0455697995467458,0.640062111801242,0.103297733712262,140.7,6326.67777777778,10,0.148867533259008,"FWB_0945",9,"lotic",34.7642,-113.13209,0.553885113226438,4.48919068962815,5.97144978080191,919.1295328,30.2677950318377,116,10,427,-6.90775527898214,0,0,0.55389086033636,0,-4.60417068565501,"small",-0.639802917542916,-0.978809494827231,"high_prod","Cool temperate and xeric","Cool temperate and dry/xeric","Q1 (close)",0,"ok",1
"FWB_0945","FWB_0945_2016","Rhinichthys osculus_CONGER-01","CONGER-01","Rhinichthys osculus","Leuciscidae","lotic",-113.13209,34.7642,0.601694915254237,0.0430705462305577,0.365683229813665,0.0161031871565802,75.875,118.982142857143,8,0.0591737333871379,"FWB_0945",9,"lotic",34.7642,-113.13209,0.553885113226438,4.48919068962815,5.97144978080191,919.1295328,30.2677950318377,116,10,427,-6.90775527898214,0,0,0.55389086033636,0,-4.60417068565501,"small",-0.639802917542916,-0.978809494827231,"high_prod","Cool temperate and xeric","Cool temperate and dry/xeric","Q1 (close)",0,"ok",1
"FWB_0946","FWB_0946_2016","Catostomus clarkii_CONGER-02","CONGER-02","Catostomus clarkii","Catostomidae","lotic",-113.13364,34.76405,0.612252964426878,0.0362811826809077,0.188317757009346,0.0209875734470313,147.4,414.044444444444,10,0.0572687561279391,"FWB_0946",9,"lotic",34.76405,-113.13364,0.553885113226438,4.48919068962815,5.97144978080191,919.1295328,30.1062117342137,116,10,427,-6.90775527898214,0,0,0.55389086033636,0,-4.60417068565501,"small",-0.639802917542916,-0.978809494827231,"high_prod","Cool temperate and xeric","Cool temperate and dry/xeric","Q1 (close)",0,"ok",1
"FWB_0946","FWB_0946_2016","Gila robusta_CONGER-02","CONGER-02","Gila robusta","Leuciscidae","lotic",-113.13364,34.76405,0.618577075098814,0.0977614259105925,0.514797507788162,0.0466412237200079,133.5,1748.5,10,0.1444026496306,"FWB_0946",9,"lotic",34.76405,-113.13364,0.553885113226438,4.48919068962815,5.97144978080191,919.1295328,30.1062117342137,116,10,427,-6.90775527898214,0,0,0.55389086033636,0,-4.60417068565501,"small",-0.639802917542916,-0.978809494827231,"high_prod","Cool temperate and xeric","Cool temperate and dry/xeric","Q1 (close)",0,"ok",1
"FWB_0946","FWB_0946_2016","Rhinichthys osculus_CONGER-02","CONGER-02","Rhinichthys osculus","Leuciscidae","lotic",-113.13364,34.76405,0.647233201581028,0.00129539075234214,0.246495327102804,0.0124422559951864,74,183.333333333333,4,0.0137376467475285,"FWB_0946",9,"lotic",34.76405,-113.13364,0.553885113226438,4.48919068962815,5.97144978080191,919.1295328,30.1062117342137,116,10,427,-6.90775527898214,0,0,0.55389086033636,0,-4.60417068565501,"small",-0.639802917542916,-0.978809494827231,"high_prod","Cool temperate and xeric","Cool temperate and dry/xeric","Q1 (close)",0,"ok",1
"FWB_0950","FWB_0950_2008","Agosia chrysogaster_East Fork","East Fork","Agosia chrysogaster","Leuciscidae","lotic",-108.1252318,33.3003293,0.519751082251082,0.00244217620145264,0.168720190779014,0.0113143246384619,37.5,102.571428571429,8,0.0137565008399146,"FWB_0950",9,"lotic",33.3003293,-108.1252318,0.73428912389112,5.08654773938615,5.65491402917287,773.0514722,53.4753714656711,95,30,421,-4.71053070164592,0,0,3.58084898842069,0,-1.31300672535007,"small",-0.516597879045671,-0.187790543444031,"high_prod","Cool temperate and xeric","Cool temperate and dry/xeric","Q3",0,"ok",1
"FWB_0950","FWB_0950_2008","Catostomus clarkii_East Fork","East Fork","Catostomus clarkii","Catostomidae","lotic",-108.1252318,33.3003293,0.238095238095238,0.0142229343528045,0.531290648937708,0.0736419219351979,170.727272727273,5434.61818181818,11,0.0878648562880024,"FWB_0950",9,"lotic",33.3003293,-108.1252318,0.73428912389112,5.08654773938615,5.65491402917287,773.0514722,53.4753714656711,95,30,421,-4.71053070164592,0,0,3.58084898842069,0,-1.31300672535007,"small",-0.516597879045671,-0.187790543444031,"high_prod","Cool temperate and xeric","Cool temperate and dry/xeric","Q3",0,"ok",1
"FWB_0950","FWB_0950_2008","Catostomus insignis_East Fork","East Fork","Catostomus insignis","Catostomidae","lotic",-108.1252318,33.3003293,0.403679653679654,0.0203981684501165,0.31637519872814,0.0513728354745843,254.4375,24918.2625,16,0.0717710039247008,"FWB_0950",9,"lotic",33.3003293,-108.1252318,0.73428912389112,5.08654773938615,5.65491402917287,773.0514722,53.4753714656711,95,30,421,-4.71053070164592,0,0,3.58084898842069,0,-1.31300672535007,"small",-0.516597879045671,-0.187790543444031,"high_prod","Cool temperate and xeric","Cool temperate and dry/xeric","Q3",0,"ok",1
"FWB_0950","FWB_0950_2008","Gambusia affinis_East Fork","East Fork","Gambusia affinis","Poeciliidae","lotic",-108.1252318,33.3003293,0.529220779220779,0.0120078334364048,0.415871754107048,0.0458994889229623,3860.41666666667,174458342.265152,12,0.0579073223593671,"FWB_0950",9,"lotic",33.3003293,-108.1252318,0.73428912389112,5.08654773938615,5.65491402917287,773.0514722,53.4753714656711,95,30,421,-4.71053070164592,0,0,3.58084898842069,0,-1.31300672535007,"small",-0.516597879045671,-0.187790543444031,"high_prod","Cool temperate and xeric","Cool temperate and dry/xeric","Q3",0,"ok",1
"FWB_0950","FWB_0950_2008","Gila nigra_East Fork","East Fork","Gila nigra","Leuciscidae","lotic",-108.1252318,33.3003293,0.531024531024531,0.0025549246328467,0.550079491255962,0.0213906041082698,269,252,3,0.0239455287411165,"FWB_0950",9,"lotic",33.3003293,-108.1252318,0.73428912389112,5.08654773938615,5.65491402917287,773.0514722,53.4753714656711,95,30,421,-4.71053070164592,0,0,3.58084898842069,0,-1.31300672535007,"small",-0.516597879045671,-0.187790543444031,"high_prod","Cool temperate and xeric","Cool temperate and dry/xeric","Q3",0,"ok",1
"FWB_0950","FWB_0950_2008","Lepomis cyanellus_East Fork","East Fork","Lepomis cyanellus","Centrarchidae","lotic",-108.1252318,33.3003293,0.895670995670996,0.0051287457131613,0.62543720190779,0.00213526909496235,77.6,398.3,5,0.00726401480812364,"FWB_0950",9,"lotic",33.3003293,-108.1252318,0.73428912389112,5.08654773938615,5.65491402917287,773.0514722,53.4753714656711,95,30,421,-4.71053070164592,0,0,3.58084898842069,0,-1.31300672535007,"small",-0.516597879045671,-0.187790543444031,"high_prod","Cool temperate and xeric","Cool temperate and dry/xeric","Q3",0,"ok",1
"FWB_0950","FWB_0950_2008","Micropterus dolomieu_East Fork","East Fork","Micropterus dolomieu","Centrarchidae","lotic",-108.1252318,33.3003293,0.925685425685426,0.0041525333733126,0.391096979332274,0.00311140655291034,282,225,3,0.00726393992622294,"FWB_0950",9,"lotic",33.3003293,-108.1252318,0.73428912389112,5.08654773938615,5.65491402917287,773.0514722,53.4753714656711,95,30,421,-4.71053070164592,0,0,3.58084898842069,0,-1.31300672535007,"small",-0.516597879045671,-0.187790543444031,"high_prod","Cool temperate and xeric","Cool temperate and dry/xeric","Q3",0,"ok",1
"FWB_0951","FWB_0951_2012","Micropterus salmoides_Fern","Fern","Micropterus salmoides","Centrarchidae","lentic",-122.7645149,47.4029116,0.268946174961213,0.0359446893216367,0.402975601714474,0.0152910062446129,164.444444444444,2211.02777777778,9,0.0512356955662496,"FWB_0951",10,"lentic",47.4029116,-122.7645149,-2.04022082852655,-4.31673839464576,3.64887595396284,659.1055866,74.9921273964866,104,97,1339,0.527092596229863,0,0,-4.50895132824755,0,4.30599579576548,"small",-0.914094537729439,-0.883091956901925,"low_prod","Cool temperate and moist","Cool and moist","Q4 (far)",0,"ok",1
"FWB_0951","FWB_0951_2012","Oncorhynchus clarkii_Fern","Fern","Oncorhynchus clarkii","Salmonidae","lentic",-122.7645149,47.4029116,0.375537056928034,0.031318970858172,0.291876854599407,0.0142913724255739,201.5,1153.66666666667,4,0.0456103432837458,"FWB_0951",10,"lentic",47.4029116,-122.7645149,-2.04022082852655,-4.31673839464576,3.64887595396284,659.1055866,74.9921273964866,104,97,1339,0.527092596229863,0,0,-4.50895132824755,0,4.30599579576548,"small",-0.914094537729439,-0.883091956901925,"low_prod","Cool temperate and moist","Cool and moist","Q4 (far)",0,"ok",1
"FWB_0951","FWB_0951_2012","Oncorhynchus mykiss_Fern","Fern","Oncorhynchus mykiss","Salmonidae","lentic",-122.7645149,47.4029116,0.763739706408879,0.0300178312322159,0.400358555885262,0.214979194182978,345.666666666667,4986.26666666667,6,0.244997025415194,"FWB_0951",10,"lentic",47.4029116,-122.7645149,-2.04022082852655,-4.31673839464576,3.64887595396284,659.1055866,74.9921273964866,104,97,1339,0.527092596229863,0,0,-4.50895132824755,0,4.30599579576548,"small",-0.914094537729439,-0.883091956901925,"low_prod","Cool temperate and moist","Cool and moist","Q4 (far)",0,"ok",1
"FWB_0954","FWB_0954_2016","Catostomus clarkii_FRANCIS-02","FRANCIS-02","Catostomus clarkii","Catostomidae","lotic",-113.35511,34.80721,0.333226837060703,0.0166788587319571,0.254211663066955,0.0312856699325825,120.2,821.288888888889,10,0.0479645286645396,"FWB_0954",11,"lotic",34.80721,-113.35511,-0.553385238184787,5.01801546757035,5.97144978080191,919.1295328,20.2250131006701,137,30,351,-6.90775527898214,0,0,-0.553367847031666,0,-3.9627901224818,"small",-1.39600166151677,-0.2785408339271,"high_prod","Warm temperate and mesic","Warm temperate","Q1 (close)",0,"ok",1
"FWB_0954","FWB_0954_2016","Catostomus insignis_FRANCIS-02","FRANCIS-02","Catostomus insignis","Catostomidae","lotic",-113.35511,34.80721,0.596166134185304,0.0394755257048432,0.439308855291577,0.0189892713550519,140.5,2317.38888888889,10,0.0584647970598951,"FWB_0954",11,"lotic",34.80721,-113.35511,-0.553385238184787,5.01801546757035,5.97144978080191,919.1295328,20.2250131006701,137,30,351,-6.90775527898214,0,0,-0.553367847031666,0,-3.9627901224818,"small",-1.39600166151677,-0.2785408339271,"high_prod","Warm temperate and mesic","Warm temperate","Q1 (close)",0,"ok",1
"FWB_0954","FWB_0954_2016","Gila robusta_FRANCIS-02","FRANCIS-02","Gila robusta","Leuciscidae","lotic",-113.35511,34.80721,0.430670926517572,0.119527152012938,0.730669546436285,0.0699355369065076,91.8,1889.51111111111,10,0.189462688919446,"FWB_0954",11,"lotic",34.80721,-113.35511,-0.553385238184787,5.01801546757035,5.97144978080191,919.1295328,20.2250131006701,137,30,351,-6.90775527898214,0,0,-0.553367847031666,0,-3.9627901224818,"small",-1.39600166151677,-0.2785408339271,"high_prod","Warm temperate and mesic","Warm temperate","Q1 (close)",0,"ok",1
"FWB_0955","FWB_0955_2016","Ameiurus melas_FRANCIS-03","FRANCIS-03","Ameiurus melas","Ictaluridae","lotic",-113.26434,34.76313,0.48265306122449,0.0620947868943496,0.472744014732965,0.0293936142831679,181.7,3672.23333333333,10,0.0914884011775175,"FWB_0955",12,"lotic",34.76313,-113.26434,-0.0943106794712413,5.88525805107195,5.97144978080191,919.1295328,18.5324646231522,153,19,329,-6.90775527898214,0,0,2.71350264282227,0,-11.5129254649702,"small",-1.08248147717598,0.869859974725285,"high_prod","Warm temperate and xeric","Warm temperate","Q1 (close)",0,"ok",1
"FWB_0955","FWB_0955_2016","Catostomus clarkii_FRANCIS-03","FRANCIS-03","Catostomus clarkii","Catostomidae","lotic",-113.26434,34.76313,0.159013605442177,0.0194155213105651,0.543585021485574,0.0852102827775122,197.666666666667,1045.06666666667,6,0.104625804088077,"FWB_0955",12,"lotic",34.76313,-113.26434,-0.0943106794712413,5.88525805107195,5.97144978080191,919.1295328,18.5324646231522,153,19,329,-6.90775527898214,0,0,2.71350264282227,0,-11.5129254649702,"small",-1.08248147717598,0.869859974725285,"high_prod","Warm temperate and xeric","Warm temperate","Q1 (close)",0,"ok",1
"FWB_0955","FWB_0955_2016","Gila robusta_FRANCIS-03","FRANCIS-03","Gila robusta","Leuciscidae","lotic",-113.26434,34.76313,0.242091836734694,0.0124303675551853,0.440515653775323,0.028467151359208,139.4,2589.37777777778,10,0.0408975189143933,"FWB_0955",12,"lotic",34.76313,-113.26434,-0.0943106794712413,5.88525805107195,5.97144978080191,919.1295328,18.5324646231522,153,19,329,-6.90775527898214,0,0,2.71350264282227,0,-11.5129254649702,"small",-1.08248147717598,0.869859974725285,"high_prod","Warm temperate and xeric","Warm temperate","Q1 (close)",0,"ok",1
"FWB_0955","FWB_0955_2016","Lepomis cyanellus_FRANCIS-03","FRANCIS-03","Lepomis cyanellus","Centrarchidae","lotic",-113.26434,34.76313,0.665816326530612,0.0662513304641585,0.511418047882136,0.0751413246931292,110.4,1984.71111111111,10,0.141392655157288,"FWB_0955",12,"lotic",34.76313,-113.26434,-0.0943106794712413,5.88525805107195,5.97144978080191,919.1295328,18.5324646231522,153,19,329,-6.90775527898214,0,0,2.71350264282227,0,-11.5129254649702,"small",-1.08248147717598,0.869859974725285,"high_prod","Warm temperate and xeric","Warm temperate","Q1 (close)",0,"ok",1
"FWB_0956","FWB_0956_2016","Ameiurus melas_FRANCIS-04","FRANCIS-04","Ameiurus melas","Ictaluridae","lotic",-113.25307,34.74886,0.504434589800443,0.0124431268501357,0.327813163481953,0.0306838381243022,187.6,344.933333333333,10,0.0431269649744379,"FWB_0956",12,"lotic",34.74886,-113.25307,-0.0943106794712413,5.88525805107195,5.97144978080191,919.1295328,17.9990524786049,153,19,329,-6.90775527898214,0,0,2.71350264282227,0,-11.5129254649702,"small",-1.08248147717598,0.869859974725285,"high_prod","Warm temperate and xeric","Warm temperate","Q1 (close)",0,"ok",1
"FWB_0956","FWB_0956_2016","Catostomus clarkii_FRANCIS-04","FRANCIS-04","Catostomus clarkii","Catostomidae","lotic",-113.25307,34.74886,0.307317073170732,0.0187098391846648,0.518046709129512,0.0485723258249527,161.4,2472.04444444444,10,0.0672821650096174,"FWB_0956",12,"lotic",34.74886,-113.25307,-0.0943106794712413,5.88525805107195,5.97144978080191,919.1295328,17.9990524786049,153,19,329,-6.90775527898214,0,0,2.71350264282227,0,-11.5129254649702,"small",-1.08248147717598,0.869859974725285,"high_prod","Warm temperate and xeric","Warm temperate","Q1 (close)",0,"ok",1
"FWB_0956","FWB_0956_2016","Catostomus insignis_FRANCIS-04","FRANCIS-04","Catostomus insignis","Catostomidae","lotic",-113.25307,34.74886,0.591278640059128,0.000178629079175294,0.789101203113942,0.00162879419644399,323.333333333333,58.3333333333333,3,0.00180742327561929,"FWB_0956",12,"lotic",34.74886,-113.25307,-0.0943106794712413,5.88525805107195,5.97144978080191,919.1295328,17.9990524786049,153,19,329,-6.90775527898214,0,0,2.71350264282227,0,-11.5129254649702,"small",-1.08248147717598,0.869859974725285,"high_prod","Warm temperate and xeric","Warm temperate","Q1 (close)",0,"ok",1
"FWB_0956","FWB_0956_2016","Gila robusta_FRANCIS-04","FRANCIS-04","Gila robusta","Leuciscidae","lotic",-113.25307,34.74886,0.456984478935698,0.0132867805194883,0.4276008492569,0.0157361954432829,145.4,1834.48888888889,10,0.0290229759627712,"FWB_0956",12,"lotic",34.74886,-113.25307,-0.0943106794712413,5.88525805107195,5.97144978080191,919.1295328,17.9990524786049,153,19,329,-6.90775527898214,0,0,2.71350264282227,0,-11.5129254649702,"small",-1.08248147717598,0.869859974725285,"high_prod","Warm temperate and xeric","Warm temperate","Q1 (close)",0,"ok",1
"FWB_0956","FWB_0956_2016","Lepomis cyanellus_FRANCIS-04","FRANCIS-04","Lepomis cyanellus","Centrarchidae","lotic",-113.25307,34.74886,0.607538802660754,0.0267867141481332,0.752866242038217,0.0326081392629055,113.5,2456.27777777778,10,0.0593948534110388,"FWB_0956",12,"lotic",34.74886,-113.25307,-0.0943106794712413,5.88525805107195,5.97144978080191,919.1295328,17.9990524786049,153,19,329,-6.90775527898214,0,0,2.71350264282227,0,-11.5129254649702,"small",-1.08248147717598,0.869859974725285,"high_prod","Warm temperate and xeric","Warm temperate","Q1 (close)",0,"ok",1
"FWB_0956","FWB_0956_2016","Rhinichthys osculus_FRANCIS-04","FRANCIS-04","Rhinichthys osculus","Leuciscidae","lotic",-113.25307,34.74886,0.564424735156442,0.0143437238645719,0.452937013446568,0.00360393254628316,75,14.5,9,0.017947656410855,"FWB_0956",12,"lotic",34.74886,-113.25307,-0.0943106794712413,5.88525805107195,5.97144978080191,919.1295328,17.9990524786049,153,19,329,-6.90775527898214,0,0,2.71350264282227,0,-11.5129254649702,"small",-1.08248147717598,0.869859974725285,"high_prod","Warm temperate and xeric","Warm temperate","Q1 (close)",0,"ok",1
"FWB_0959","FWB_0959_2015","Alosa pseudoharengus_Lake Michigan","Lake Michigan","Alosa pseudoharengus","Alosidae","lentic",-87,44,0.219466683884298,0.0146490243388381,0.432409274193548,0.0103265907131264,113.385866122656,1310.70420028953,160,0.0249756150519645,"FWB_0959",8,"lentic",44,-87,10.9634768160666,-8.88699030481304,1.65270398304561,36.5958936,25.5389106245208,76,90,822,7.52589385116806,17,14,10.5625400337169,46,5.82922501975026,"large",4.36068036616866,-2.58110360309292,"low_prod","Cool temperate and dry","Cool temperate and dry/xeric","Q1 (close)",0,"ok",1
"FWB_0959","FWB_0959_2015","Catostomus commersonii_Lake Michigan","Lake Michigan","Catostomus commersonii","Catostomidae","lentic",-87,44,0.307668935342732,0.0223816619550457,0.725047438330171,0.034941505478362,148,NA,17,0.0573231674334077,"FWB_0959",8,"lentic",44,-87,10.9634768160666,-8.88699030481304,1.65270398304561,36.5958936,25.5389106245208,76,90,822,7.52589385116806,17,14,10.5625400337169,46,5.82922501975026,"large",4.36068036616866,-2.58110360309292,"low_prod","Cool temperate and dry","Cool temperate and dry/xeric","Q1 (close)",0,"ok",1
"FWB_0959","FWB_0959_2015","Coregonus clupeaformis_Lake Michigan","Lake Michigan","Coregonus clupeaformis","Salmonidae","lentic",-87,44,0.360802076711168,0.0106539830215391,0.591149710504549,0.0221645998952396,438.045658966667,47271.9938602892,39,0.0328185829167787,"FWB_0959",8,"lentic",44,-87,10.9634768160666,-8.88699030481304,1.65270398304561,36.5958936,25.5389106245208,76,90,822,7.52589385116806,17,14,10.5625400337169,46,5.82922501975026,"large",4.36068036616866,-2.58110360309292,"low_prod","Cool temperate and dry","Cool temperate and dry/xeric","Q1 (close)",0,"ok",1
"FWB_0959","FWB_0959_2015","Coregonus hoyi_Lake Michigan","Lake Michigan","Coregonus hoyi","Salmonidae","lentic",-87,44,0.3564136398361,0.0308616355068003,0.469673353212253,0.00953687695646523,131.680062525,2915.38914288179,119,0.0403985124632655,"FWB_0959",8,"lentic",44,-87,10.9634768160666,-8.88699030481304,1.65270398304561,36.5958936,25.5389106245208,76,90,822,7.52589385116806,17,14,10.5625400337169,46,5.82922501975026,"large",4.36068036616866,-2.58110360309292,"low_prod","Cool temperate and dry","Cool temperate and dry/xeric","Q1 (close)",0,"ok",1
"FWB_0959","FWB_0959_2015","Cottus cognatus_Lake Michigan","Lake Michigan","Cottus cognatus","Cottidae","lentic",-87,44,0.526542615220808,0.021863088520551,0.54947061151791,0.00990085061510081,628.868905644172,25644929.4976304,163,0.0317639391356518,"FWB_0959",8,"lentic",44,-87,10.9634768160666,-8.88699030481304,1.65270398304561,36.5958936,25.5389106245208,76,90,822,7.52589385116806,17,14,10.5625400337169,46,5.82922501975026,"large",4.36068036616866,-2.58110360309292,"low_prod","Cool temperate and dry","Cool temperate and dry/xeric","Q1 (close)",0,"ok",1
"FWB_0959","FWB_0959_2015","Lota lota_Lake Michigan","Lake Michigan","Lota lota","Lotidae","lentic",-87,44,0.581818181818182,0.0666331975095173,0.683508064516129,0.0191809843775672,399.8125,79654.5625,20,0.0858141818870845,"FWB_0959",8,"lentic",44,-87,10.9634768160666,-8.88699030481304,1.65270398304561,36.5958936,25.5389106245208,76,90,822,7.52589385116806,17,14,10.5625400337169,46,5.82922501975026,"large",4.36068036616866,-2.58110360309292,"low_prod","Cool temperate and dry","Cool temperate and dry/xeric","Q1 (close)",0,"ok",1
"FWB_0959","FWB_0959_2015","Myoxocephalus thompsonii_Lake Michigan","Lake Michigan","Myoxocephalus thompsonii","Cottidae","lentic",-87,44,0.488701954611046,0.00896891934244094,0.476254480286738,0.00286640213860263,70.3315746888889,796.394556228164,63,0.0118353214810436,"FWB_0959",8,"lentic",44,-87,10.9634768160666,-8.88699030481304,1.65270398304561,36.5958936,25.5389106245208,76,90,822,7.52589385116806,17,14,10.5625400337169,46,5.82922501975026,"large",4.36068036616866,-2.58110360309292,"low_prod","Cool temperate and dry","Cool temperate and dry/xeric","Q1 (close)",0,"ok",1
"FWB_0959","FWB_0959_2015","Neogobius melanostomus_Lake Michigan","Lake Michigan","Neogobius melanostomus","Gobiidae","lentic",-87,44,0.244927223387196,0.00477022090039416,0.719529369282619,0.020330779751867,77.8559256291045,830.474319814767,134,0.0251010006522611,"FWB_0959",8,"lentic",44,-87,10.9634768160666,-8.88699030481304,1.65270398304561,36.5958936,25.5389106245208,76,90,822,7.52589385116806,17,14,10.5625400337169,46,5.82922501975026,"large",4.36068036616866,-2.58110360309292,"low_prod","Cool temperate and dry","Cool temperate and dry/xeric","Q1 (close)",0,"ok",1
"FWB_0959","FWB_0959_2015","Notropis hudsonius_Lake Michigan","Lake Michigan","Notropis hudsonius","Leuciscidae","lentic",-87,44,0.320081311650227,0.0122148487676014,0.73366285119667,0.0121657547581484,59.1378616645161,408.780589334221,31,0.0243806035257498,"FWB_0959",8,"lentic",44,-87,10.9634768160666,-8.88699030481304,1.65270398304561,36.5958936,25.5389106245208,76,90,822,7.52589385116806,17,14,10.5625400337169,46,5.82922501975026,"large",4.36068036616866,-2.58110360309292,"low_prod","Cool temperate and dry","Cool temperate and dry/xeric","Q1 (close)",0,"ok",1
"FWB_0959","FWB_0959_2015","Oncorhynchus kisutch_Lake Michigan","Lake Michigan","Oncorhynchus kisutch","Salmonidae","lentic",-87,44,0.382725953930016,0.00341281188017916,0.622288949897049,0.00450325952837867,579.372340425532,3137.33299016243,94,0.00791607140855783,"FWB_0959",8,"lentic",44,-87,10.9634768160666,-8.88699030481304,1.65270398304561,36.5958936,25.5389106245208,76,90,822,7.52589385116806,17,14,10.5625400337169,46,5.82922501975026,"large",4.36068036616866,-2.58110360309292,"low_prod","Cool temperate and dry","Cool temperate and dry/xeric","Q1 (close)",0,"ok",1
"FWB_0959","FWB_0959_2015","Oncorhynchus mykiss_Lake Michigan","Lake Michigan","Oncorhynchus mykiss","Salmonidae","lentic",-87,44,0.374811161468053,0.00423141094981371,0.625476933749566,0.00166059523253545,638.41935483871,8553.63744740533,93,0.00589200618234917,"FWB_0959",8,"lentic",44,-87,10.9634768160666,-8.88699030481304,1.65270398304561,36.5958936,25.5389106245208,76,90,822,7.52589385116806,17,14,10.5625400337169,46,5.82922501975026,"large",4.36068036616866,-2.58110360309292,"low_prod","Cool temperate and dry","Cool temperate and dry/xeric","Q1 (close)",0,"ok",1
"FWB_0959","FWB_0959_2015","Oncorhynchus tshawytscha_Lake Michigan","Lake Michigan","Oncorhynchus tshawytscha","Salmonidae","lentic",-87,44,0.44861606924544,0.00465876251618789,0.555716739835846,0.00427428517478946,652.958579881657,20397.8018455903,169,0.00893304769097735,"FWB_0959",8,"lentic",44,-87,10.9634768160666,-8.88699030481304,1.65270398304561,36.5958936,25.5389106245208,76,90,822,7.52589385116806,17,14,10.5625400337169,46,5.82922501975026,"large",4.36068036616866,-2.58110360309292,"low_prod","Cool temperate and dry","Cool temperate and dry/xeric","Q1 (close)",0,"ok",1
"FWB_0959","FWB_0959_2015","Osmerus mordax_Lake Michigan","Lake Michigan","Osmerus mordax","Osmeridae","lentic",-87,44,0.299097433666812,0.0133324426198798,0.52911714770798,0.00734267651873353,70.7521793368421,383.492215589858,19,0.0206751191386134,"FWB_0959",8,"lentic",44,-87,10.9634768160666,-8.88699030481304,1.65270398304561,36.5958936,25.5389106245208,76,90,822,7.52589385116806,17,14,10.5625400337169,46,5.82922501975026,"large",4.36068036616866,-2.58110360309292,"low_prod","Cool temperate and dry","Cool temperate and dry/xeric","Q1 (close)",0,"ok",1
"FWB_0959","FWB_0959_2015","Perca flavescens_Lake Michigan","Lake Michigan","Perca flavescens","Percidae","lentic",-87,44,0.269398530762167,0.0131546038171696,0.669175627240143,0.0111632180687852,121.696881388889,5623.48622866071,27,0.0243178218859547,"FWB_0959",8,"lentic",44,-87,10.9634768160666,-8.88699030481304,1.65270398304561,36.5958936,25.5389106245208,76,90,822,7.52589385116806,17,14,10.5625400337169,46,5.82922501975026,"large",4.36068036616866,-2.58110360309292,"low_prod","Cool temperate and dry","Cool temperate and dry/xeric","Q1 (close)",0,"ok",1
"FWB_0959","FWB_0959_2015","Salmo trutta_Lake Michigan","Lake Michigan","Salmo trutta","Salmonidae","lentic",-87,44,0.434323347107438,0.00348960153060688,0.64179435483871,0.00766245389084554,531.925,9746.99423076923,40,0.0111520554214524,"FWB_0959",8,"lentic",44,-87,10.9634768160666,-8.88699030481304,1.65270398304561,36.5958936,25.5389106245208,76,90,822,7.52589385116806,17,14,10.5625400337169,46,5.82922501975026,"large",4.36068036616866,-2.58110360309292,"low_prod","Cool temperate and dry","Cool temperate and dry/xeric","Q1 (close)",0,"ok",1
"FWB_0959","FWB_0959_2015","Salvelinus namaycush_Lake Michigan","Lake Michigan","Salvelinus namaycush","Salmonidae","lentic",-87,44,0.602575265643447,0.00647222039979031,0.533197004608295,0.00900249675018422,618.313559322034,24445.9435752571,140,0.0154747171499745,"FWB_0959",8,"lentic",44,-87,10.9634768160666,-8.88699030481304,1.65270398304561,36.5958936,25.5389106245208,76,90,822,7.52589385116806,17,14,10.5625400337169,46,5.82922501975026,"large",4.36068036616866,-2.58110360309292,"low_prod","Cool temperate and dry","Cool temperate and dry/xeric","Q1 (close)",0,"ok",1
"FWB_0960","FWB_0960_2013","Micropterus salmoides_Langlois","Langlois","Micropterus salmoides","Centrarchidae","lentic",-121.888,47.6371,0.749936714201333,0.0288736171178694,0.318019776216498,0.00916470479685268,139.142857142857,542.142857142857,7,0.0380383219147221,"FWB_0960",10,"lentic",47.6371,-121.888,-2.12026353620009,-4.27902582400821,4.61907344322803,489.6017029,30.9944287160345,105,59,1408,0.932557704338027,1,0,-4.42201564289025,0,4.61817535103087,"small",-0.946562784624735,-0.869080391367011,"low_prod","Cool temperate and moist","Cool and moist","Q1 (close)",0,"ok",1
"FWB_0960","FWB_0960_2013","Oncorhynchus mykiss_Langlois","Langlois","Oncorhynchus mykiss","Salmonidae","lentic",-121.888,47.6371,0.385213624729277,0.129059152455585,0.424499089253188,0.213899303585589,310.166666666667,604.966666666667,6,0.342958456041173,"FWB_0960",10,"lentic",47.6371,-121.888,-2.12026353620009,-4.27902582400821,4.61907344322803,489.6017029,30.9944287160345,105,59,1408,0.932557704338027,1,0,-4.42201564289025,0,4.61817535103087,"small",-0.946562784624735,-0.869080391367011,"low_prod","Cool temperate and moist","Cool and moist","Q1 (close)",0,"ok",1
"FWB_0962","FWB_0962_2017","Catostomus catostomus_LR01","LR01","Catostomus catostomus","Catostomidae","lotic",-105.882212,40.788628,0.471794871794872,0.0142522789368677,0.607928833881261,0.00782005368065605,168.4,469.3,5,0.0220723326175237,"FWB_0962",7,"lotic",40.788628,-105.882212,0.104360015324243,5.14904518705227,4.40216667893561,1224.723714,129.312753948147,25,12,526,-6.21460809842219,1,0,2.16951188110298,0,-2.35377312976348,"small",-0.946801397169069,-0.105031554432342,"low_prod","Cold and mesic","Cold and wet/mesic","Q4 (far)",0,"ok",1
"FWB_0962","FWB_0962_2017","Salmo trutta_LR01","LR01","Salmo trutta","Salmonidae","lotic",-105.882212,40.788628,0.477410372432997,0.0946907165649615,0.462550020082412,0.0822478646405474,118.923076923077,2819.41025641026,13,0.176938581205509,"FWB_0962",7,"lotic",40.788628,-105.882212,0.104360015324243,5.14904518705227,4.40216667893561,1224.723714,129.312753948147,25,12,526,-6.21460809842219,1,0,2.16951188110298,0,-2.35377312976348,"small",-0.946801397169069,-0.105031554432342,"low_prod","Cold and mesic","Cold and wet/mesic","Q4 (far)",0,"ok",1
"FWB_0962","FWB_0962_2017","Salvelinus fontinalis_LR01","LR01","Salvelinus fontinalis","Salmonidae","lotic",-105.882212,40.788628,0.37737556561086,0.0811516371718661,0.621797041191259,0.0515517984411001,125.9375,4494.0625,16,0.132703435612966,"FWB_0962",7,"lotic",40.788628,-105.882212,0.104360015324243,5.14904518705227,4.40216667893561,1224.723714,129.312753948147,25,12,526,-6.21460809842219,1,0,2.16951188110298,0,-2.35377312976348,"small",-0.946801397169069,-0.105031554432342,"low_prod","Cold and mesic","Cold and wet/mesic","Q4 (far)",0,"ok",1
"FWB_0963","FWB_0963_2016","Catostomus catostomus_LR02","LR02","Catostomus catostomus","Catostomidae","lotic",-106.037882,41.030829,0.0702850449043343,0.00324542805569213,0.534470294426919,0.0103105622533588,130.25,5181.35714285714,8,0.013555990309051,"FWB_0963",7,"lotic",41.030829,-106.037882,0.955126755659353,5.36547424595733,4.40216667893561,1224.723714,104.654585385641,33,55,480,-6.90775527898214,1,0,3.98651823116095,0,-3.81625838344377,"small",-0.365779120508103,0.181563351065609,"low_prod","Cold and mesic","Cold and wet/mesic","Q4 (far)",0,"ok",1
"FWB_0963","FWB_0963_2016","Catostomus commersonii_LR02","LR02","Catostomus commersonii","Catostomidae","lotic",-106.037882,41.030829,0.211310685929975,0.00381943115636926,0.503855590606379,0.0127131337021225,117.333333333333,2984.33333333333,3,0.0165325648584918,"FWB_0963",7,"lotic",41.030829,-106.037882,0.955126755659353,5.36547424595733,4.40216667893561,1224.723714,104.654585385641,33,55,480,-6.90775527898214,1,0,3.98651823116095,0,-3.81625838344377,"small",-0.365779120508103,0.181563351065609,"low_prod","Cold and mesic","Cold and wet/mesic","Q4 (far)",0,"ok",1
"FWB_0963","FWB_0963_2016","Rhinichthys cataractae_LR02","LR02","Rhinichthys cataractae","Leuciscidae","lotic",-106.037882,41.030829,0.314623194064818,0.0075950447902731,0.410895229901539,0.041805330382003,66.1818181818182,228.536796536797,22,0.0494003751722761,"FWB_0963",7,"lotic",41.030829,-106.037882,0.955126755659353,5.36547424595733,4.40216667893561,1224.723714,104.654585385641,33,55,480,-6.90775527898214,1,0,3.98651823116095,0,-3.81625838344377,"small",-0.365779120508103,0.181563351065609,"low_prod","Cold and mesic","Cold and wet/mesic","Q4 (far)",0,"ok",1
"FWB_0963","FWB_0963_2016","Salmo trutta_LR02","LR02","Salmo trutta","Salmonidae","lotic",-106.037882,41.030829,0.579055056618509,0.051890347345669,0.648738170347003,0.0366800155111874,201.157894736842,12809.918128655,25,0.0885703628568563,"FWB_0963",7,"lotic",41.030829,-106.037882,0.955126755659353,5.36547424595733,4.40216667893561,1224.723714,104.654585385641,33,55,480,-6.90775527898214,1,0,3.98651823116095,0,-3.81625838344377,"small",-0.365779120508103,0.181563351065609,"low_prod","Cold and mesic","Cold and wet/mesic","Q4 (far)",0,"ok",1
"FWB_0963","FWB_0963_2016","Semotilus atromaculatus_LR02","LR02","Semotilus atromaculatus","Leuciscidae","lotic",-106.037882,41.030829,0.412755434075231,0.0174543932022867,0.541692954784437,0.0294695526178574,118.4,3781.54285714286,15,0.0469239458201442,"FWB_0963",7,"lotic",41.030829,-106.037882,0.955126755659353,5.36547424595733,4.40216667893561,1224.723714,104.654585385641,33,55,480,-6.90775527898214,1,0,3.98651823116095,0,-3.81625838344377,"small",-0.365779120508103,0.181563351065609,"low_prod","Cold and mesic","Cold and wet/mesic","Q4 (far)",0,"ok",1
"FWB_0965","FWB_0965_2016","Catostomus catostomus_LR04","LR04","Catostomus catostomus","Catostomidae","lotic",-105.722747,41.227001,0.227965277777778,0.00433719560185185,0.410612088218872,0.0580976870228259,148.1875,2464.5625,24,0.0624348826246778,"FWB_0965",8,"lotic",41.227001,-105.722747,2.09875385271221,4.86796850579783,4.40216667893561,1224.723714,62.44761726545,51,100,334,-3.01593498087151,16,0,4.95252591058089,0,0.344305760017781,"large",0.415249083907941,-0.477232705744156,"low_prod","Cool temperate and dry","Cool temperate and dry/xeric","Q3",0,"ok",1
"FWB_0965","FWB_0965_2016","Catostomus commersonii_LR04","LR04","Catostomus commersonii","Catostomidae","lotic",-105.722747,41.227001,0.255881578947368,0.00272711848032243,0.505282259249464,0.0270799474321714,169.789473684211,11231.3976608187,38,0.0298070659124938,"FWB_0965",8,"lotic",41.227001,-105.722747,2.09875385271221,4.86796850579783,4.40216667893561,1224.723714,62.44761726545,51,100,334,-3.01593498087151,16,0,4.95252591058089,0,0.344305760017781,"large",0.415249083907941,-0.477232705744156,"low_prod","Cool temperate and dry","Cool temperate and dry/xeric","Q3",0,"ok",1
"FWB_0965","FWB_0965_2016","Cyprinus carpio_LR04","LR04","Cyprinus carpio","Cyprinidae","lotic",-105.722747,41.227001,0.560416666666667,0.0243601190476191,0.677205471803462,0.00375424199422752,NA,NA,8,0.0281143610418466,"FWB_0965",8,"lotic",41.227001,-105.722747,2.09875385271221,4.86796850579783,4.40216667893561,1224.723714,62.44761726545,51,100,334,-3.01593498087151,16,0,4.95252591058089,0,0.344305760017781,"large",0.415249083907941,-0.477232705744156,"low_prod","Cool temperate and dry","Cool temperate and dry/xeric","Q3",0,"ok",1
"FWB_0965","FWB_0965_2016","Etheostoma exile_LR04","LR04","Etheostoma exile","Percidae","lotic",-105.722747,41.227001,0.427848484848485,0.00329589658489658,0.569552306989493,0.0236651107395814,47,19.1764705882353,22,0.026961007324478,"FWB_0965",8,"lotic",41.227001,-105.722747,2.09875385271221,4.86796850579783,4.40216667893561,1224.723714,62.44761726545,51,100,334,-3.01593498087151,16,0,4.95252591058089,0,0.344305760017781,"large",0.415249083907941,-0.477232705744156,"low_prod","Cool temperate and dry","Cool temperate and dry/xeric","Q3",0,"ok",1
"FWB_0965","FWB_0965_2016","Etheostoma nigrum_LR04","LR04","Etheostoma nigrum","Percidae","lotic",-105.722747,41.227001,0.552728395061728,0.00224848749604305,0.505671360919825,0.0271959459127892,53.9230769230769,33.7435897435898,27,0.0294444334088323,"FWB_0965",8,"lotic",41.227001,-105.722747,2.09875385271221,4.86796850579783,4.40216667893561,1224.723714,62.44761726545,51,100,334,-3.01593498087151,16,0,4.95252591058089,0,0.344305760017781,"large",0.415249083907941,-0.477232705744156,"low_prod","Cool temperate and dry","Cool temperate and dry/xeric","Q3",0,"ok",1
"FWB_0965","FWB_0965_2016","Hybognathus hankinsoni_LR04","LR04","Hybognathus hankinsoni","Leuciscidae","lotic",-105.722747,41.227001,0.138,0.0315710555555555,0.18715103294249,0.00987088199387659,63,52,4,0.0414419375494321,"FWB_0965",8,"lotic",41.227001,-105.722747,2.09875385271221,4.86796850579783,4.40216667893561,1224.723714,62.44761726545,51,100,334,-3.01593498087151,16,0,4.95252591058089,0,0.344305760017781,"large",0.415249083907941,-0.477232705744156,"low_prod","Cool temperate and dry","Cool temperate and dry/xeric","Q3",0,"ok",1
"FWB_0965","FWB_0965_2016","Luxilus cornutus_LR04","LR04","Luxilus cornutus","Leuciscidae","lotic",-105.722747,41.227001,0.377239583333333,0.00436989415322581,0.566103084868788,0.00591941169505423,84.5833333333333,374.628787878788,32,0.01028930584828,"FWB_0965",8,"lotic",41.227001,-105.722747,2.09875385271221,4.86796850579783,4.40216667893561,1224.723714,62.44761726545,51,100,334,-3.01593498087151,16,0,4.95252591058089,0,0.344305760017781,"large",0.415249083907941,-0.477232705744156,"low_prod","Cool temperate and dry","Cool temperate and dry/xeric","Q3",0,"ok",1
"FWB_0965","FWB_0965_2016","Pimephales promelas_LR04","LR04","Pimephales promelas","Leuciscidae","lotic",-105.722747,41.227001,0.26025641025641,0.00382122507122507,0.41588283296826,0.00489859840353234,70,NA,13,0.00871982347475741,"FWB_0965",8,"lotic",41.227001,-105.722747,2.09875385271221,4.86796850579783,4.40216667893561,1224.723714,62.44761726545,51,100,334,-3.01593498087151,16,0,4.95252591058089,0,0.344305760017781,"large",0.415249083907941,-0.477232705744156,"low_prod","Cool temperate and dry","Cool temperate and dry/xeric","Q3",0,"ok",1
"FWB_0965","FWB_0965_2016","Rhinichthys cataractae_LR04","LR04","Rhinichthys cataractae","Leuciscidae","lotic",-105.722747,41.227001,0.336745614035088,0.00272184194721037,0.392800993270446,0.0105236298717618,69.4761904761905,186.361904761905,38,0.0132454718189722,"FWB_0965",8,"lotic",41.227001,-105.722747,2.09875385271221,4.86796850579783,4.40216667893561,1224.723714,62.44761726545,51,100,334,-3.01593498087151,16,0,4.95252591058089,0,0.344305760017781,"large",0.415249083907941,-0.477232705744156,"low_prod","Cool temperate and dry","Cool temperate and dry/xeric","Q3",0,"ok",1
"FWB_0965","FWB_0965_2016","Salmo trutta_LR04","LR04","Salmo trutta","Salmonidae","lotic",-105.722747,41.227001,0.399799578059072,0.0103138136607883,0.633773650248429,0.065902023902206,232.020408163265,23682.7287414966,79,0.0762158375629943,"FWB_0965",8,"lotic",41.227001,-105.722747,2.09875385271221,4.86796850579783,4.40216667893561,1224.723714,62.44761726545,51,100,334,-3.01593498087151,16,0,4.95252591058089,0,0.344305760017781,"large",0.415249083907941,-0.477232705744156,"low_prod","Cool temperate and dry","Cool temperate and dry/xeric","Q3",0,"ok",1
"FWB_0965","FWB_0965_2016","Semotilus atromaculatus_LR04","LR04","Semotilus atromaculatus","Leuciscidae","lotic",-105.722747,41.227001,0.532294444444444,0.0393653308537351,0.590957100316397,0.0214584850458884,125.217391304348,815.450592885376,60,0.0608238158996235,"FWB_0965",8,"lotic",41.227001,-105.722747,2.09875385271221,4.86796850579783,4.40216667893561,1224.723714,62.44761726545,51,100,334,-3.01593498087151,16,0,4.95252591058089,0,0.344305760017781,"large",0.415249083907941,-0.477232705744156,"low_prod","Cool temperate and dry","Cool temperate and dry/xeric","Q3",0,"ok",1
"FWB_0966","FWB_0966_2016","Catostomus catostomus_LR05","LR05","Catostomus catostomus","Catostomidae","lotic",-105.605355,41.309678,0.577328527099562,0.0144996927912117,0.281589188248312,0.00715642398498178,141.0625,2197.12916666667,23,0.0216561167761935,"FWB_0966",8,"lotic",41.309678,-105.605355,1.37194185489549,5.8977580343826,4.40216667893561,1224.723714,46.8714949769376,51,422,325,1.57422515667836,11,67,5.41331880381079,1427,6.35368286561612,"large",-0.0811195934919735,0.886412426386661,"low_prod","Cool temperate and dry","Cool temperate and dry/xeric","Q2",0,"ok",1
"FWB_0966","FWB_0966_2016","Catostomus commersonii_LR05","LR05","Catostomus commersonii","Catostomidae","lotic",-105.605355,41.309678,0.57927934809264,0.0384582957506775,0.635035605431834,0.00877336324715732,174.9,13832.5444444444,41,0.0472316589978349,"FWB_0966",8,"lotic",41.309678,-105.605355,1.37194185489549,5.8977580343826,4.40216667893561,1224.723714,46.8714949769376,51,422,325,1.57422515667836,11,67,5.41331880381079,1427,6.35368286561612,"large",-0.0811195934919735,0.886412426386661,"low_prod","Cool temperate and dry","Cool temperate and dry/xeric","Q2",0,"ok",1
"FWB_0966","FWB_0966_2016","Cyprinus carpio_LR05","LR05","Cyprinus carpio","Cyprinidae","lotic",-105.605355,41.309678,0.304400857095764,0.0513020298116557,0.595510437517873,0.0108697483173003,53.5,147,5,0.062171778128956,"FWB_0966",8,"lotic",41.309678,-105.605355,1.37194185489549,5.8977580343826,4.40216667893561,1224.723714,46.8714949769376,51,422,325,1.57422515667836,11,67,5.41331880381079,1427,6.35368286561612,"large",-0.0811195934919735,0.886412426386661,"low_prod","Cool temperate and dry","Cool temperate and dry/xeric","Q2",0,"ok",1
"FWB_0966","FWB_0966_2016","Etheostoma exile_LR05","LR05","Etheostoma exile","Percidae","lotic",-105.605355,41.309678,0.790221316511081,0.0185332741635175,0.7530350690202,0.00544160647403683,57,NA,11,0.0239748806375543,"FWB_0966",8,"lotic",41.309678,-105.605355,1.37194185489549,5.8977580343826,4.40216667893561,1224.723714,46.8714949769376,51,422,325,1.57422515667836,11,67,5.41331880381079,1427,6.35368286561612,"large",-0.0811195934919735,0.886412426386661,"low_prod","Cool temperate and dry","Cool temperate and dry/xeric","Q2",0,"ok",1
"FWB_0966","FWB_0966_2016","Hybognathus hankinsoni_LR05","LR05","Hybognathus hankinsoni","Leuciscidae","lotic",-105.605355,41.309678,0.551720078174669,0.0200518060200374,0.392356713918052,0.0830834441951255,65.5,124.3,14,0.103135250215163,"FWB_0966",8,"lotic",41.309678,-105.605355,1.37194185489549,5.8977580343826,4.40216667893561,1224.723714,46.8714949769376,51,422,325,1.57422515667836,11,67,5.41331880381079,1427,6.35368286561612,"large",-0.0811195934919735,0.886412426386661,"low_prod","Cool temperate and dry","Cool temperate and dry/xeric","Q2",0,"ok",1
"FWB_0966","FWB_0966_2016","Luxilus cornutus_LR05","LR05","Luxilus cornutus","Leuciscidae","lotic",-105.605355,41.309678,0.554160360819336,0.027116938028929,0.562638105389035,0.00693569790660978,94.4,622.3,22,0.0340526359355388,"FWB_0966",8,"lotic",41.309678,-105.605355,1.37194185489549,5.8977580343826,4.40216667893561,1224.723714,46.8714949769376,51,422,325,1.57422515667836,11,67,5.41331880381079,1427,6.35368286561612,"large",-0.0811195934919735,0.886412426386661,"low_prod","Cool temperate and dry","Cool temperate and dry/xeric","Q2",0,"ok",1
"FWB_0966","FWB_0966_2016","Pimephales promelas_LR05","LR05","Pimephales promelas","Leuciscidae","lotic",-105.605355,41.309678,0.512013991905207,0.023020329515608,0.478036729895466,0.0258391461764229,65.125,97.2678571428571,18,0.0488594756920309,"FWB_0966",8,"lotic",41.309678,-105.605355,1.37194185489549,5.8977580343826,4.40216667893561,1224.723714,46.8714949769376,51,422,325,1.57422515667836,11,67,5.41331880381079,1427,6.35368286561612,"large",-0.0811195934919735,0.886412426386661,"low_prod","Cool temperate and dry","Cool temperate and dry/xeric","Q2",0,"ok",1
"FWB_0966","FWB_0966_2016","Rhinichthys cataractae_LR05","LR05","Rhinichthys cataractae","Leuciscidae","lotic",-105.605355,41.309678,0.588853045751018,0.00859260004773965,0.4119194003023,0.00628620708371753,75.5714285714286,120.285714285714,28,0.0148788071314572,"FWB_0966",8,"lotic",41.309678,-105.605355,1.37194185489549,5.8977580343826,4.40216667893561,1224.723714,46.8714949769376,51,422,325,1.57422515667836,11,67,5.41331880381079,1427,6.35368286561612,"large",-0.0811195934919735,0.886412426386661,"low_prod","Cool temperate and dry","Cool temperate and dry/xeric","Q2",0,"ok",1
"FWB_0966","FWB_0966_2016","Salmo trutta_LR05","LR05","Salmo trutta","Salmonidae","lotic",-105.605355,41.309678,0.550841790482469,0.037705036145928,0.689353118999959,0.0314447741969317,188.671428571428,12327.9919254658,140,0.0691498103428598,"FWB_0966",8,"lotic",41.309678,-105.605355,1.37194185489549,5.8977580343826,4.40216667893561,1224.723714,46.8714949769376,51,422,325,1.57422515667836,11,67,5.41331880381079,1427,6.35368286561612,"large",-0.0811195934919735,0.886412426386661,"low_prod","Cool temperate and dry","Cool temperate and dry/xeric","Q2",0,"ok",1
"FWB_0966","FWB_0966_2016","Semotilus atromaculatus_LR05","LR05","Semotilus atromaculatus","Leuciscidae","lotic",-105.605355,41.309678,0.373528462683137,0.0748281700682985,0.655044363982005,0.0168584285156929,106.130434782609,1121.57312252964,71,0.0916865985839914,"FWB_0966",8,"lotic",41.309678,-105.605355,1.37194185489549,5.8977580343826,4.40216667893561,1224.723714,46.8714949769376,51,422,325,1.57422515667836,11,67,5.41331880381079,1427,6.35368286561612,"large",-0.0811195934919735,0.886412426386661,"low_prod","Cool temperate and dry","Cool temperate and dry/xeric","Q2",0,"ok",1
"FWB_0972","FWB_0972_2016","Oncorhynchus mykiss_MB01","MB01","Oncorhynchus mykiss","Salmonidae","lotic",-106.371396,41.515046,0.557128837796159,0.0983683145154444,0.717965306700093,0.0244555447180584,170.428571428571,2640.61904761905,7,0.122823859233503,"FWB_0972",7,"lotic",41.515046,-106.371396,1.57856624876701,4.11674171639857,4.40216667893561,1224.723714,96.4635245969469,18,13,481,-6.90775527898214,0,0,1.94619725069484,0,-11.5129254649702,"large",0.0599923823871453,-1.47200564337384,"low_prod","Cold and mesic","Cold and wet/mesic","Q4 (far)",0,"ok",1
"FWB_0972","FWB_0972_2016","Salmo trutta_MB01","MB01","Salmo trutta","Salmonidae","lotic",-106.371396,41.515046,0.366388616290481,0.0601314127638547,0.672035097650722,0.0759365243714857,168.4,535.6,10,0.13606793713534,"FWB_0972",7,"lotic",41.515046,-106.371396,1.57856624876701,4.11674171639857,4.40216667893561,1224.723714,96.4635245969469,18,13,481,-6.90775527898214,0,0,1.94619725069484,0,-11.5129254649702,"large",0.0599923823871453,-1.47200564337384,"low_prod","Cold and mesic","Cold and wet/mesic","Q4 (far)",0,"ok",1
"FWB_0972","FWB_0972_2016","Salvelinus fontinalis_MB01","MB01","Salvelinus fontinalis","Salmonidae","lotic",-106.371396,41.515046,0.586727183513248,0.0863325657629493,0.660604774035287,0.0843949563298744,156.333333333333,1792.06060606061,12,0.170727522092824,"FWB_0972",7,"lotic",41.515046,-106.371396,1.57856624876701,4.11674171639857,4.40216667893561,1224.723714,96.4635245969469,18,13,481,-6.90775527898214,0,0,1.94619725069484,0,-11.5129254649702,"large",0.0599923823871453,-1.47200564337384,"low_prod","Cold and mesic","Cold and wet/mesic","Q4 (far)",0,"ok",1
"FWB_0973","FWB_0973_2016","Catostomus catostomus_MB02","MB02","Catostomus catostomus","Catostomidae","lotic",-106.416902,41.605678,0.0330352107001854,0.000718073768139471,0.515609897544945,0.00984391235990697,140,4235.33333333333,7,0.0105619861280464,"FWB_0973",8,"lotic",41.605678,-106.416902,1.2345989978677,4.93505534092982,4.40216667893561,1224.723714,100.322192943186,44,37,359,-4.42284862919414,5,0,2.89081665891303,0,-0.505821498644534,"small",-0.174916465995449,-0.388396459483699,"low_prod","Cool temperate and dry","Cool temperate and dry/xeric","Q4 (far)",0,"ok",1
"FWB_0973","FWB_0973_2016","Oncorhynchus mykiss_MB02","MB02","Oncorhynchus mykiss","Salmonidae","lotic",-106.416902,41.605678,0.876010528294793,0.0308985803322741,0.77063599458728,0.0559815269876091,338.333333333333,70.3333333333333,3,0.0868801073198832,"FWB_0973",8,"lotic",41.605678,-106.416902,1.2345989978677,4.93505534092982,4.40216667893561,1224.723714,100.322192943186,44,37,359,-4.42284862919414,5,0,2.89081665891303,0,-0.505821498644534,"small",-0.174916465995449,-0.388396459483699,"low_prod","Cool temperate and dry","Cool temperate and dry/xeric","Q4 (far)",0,"ok",1
"FWB_0973","FWB_0973_2016","Rhinichthys cataractae_MB02","MB02","Rhinichthys cataractae","Leuciscidae","lotic",-106.416902,41.605678,0.306627185561196,0.00914329882116566,0.361366711772666,0.0130837864787392,103.285714285714,995.238095238095,10,0.0222270852999049,"FWB_0973",8,"lotic",41.605678,-106.416902,1.2345989978677,4.93505534092982,4.40216667893561,1224.723714,100.322192943186,44,37,359,-4.42284862919414,5,0,2.89081665891303,0,-0.505821498644534,"small",-0.174916465995449,-0.388396459483699,"low_prod","Cool temperate and dry","Cool temperate and dry/xeric","Q4 (far)",0,"ok",1
"FWB_0973","FWB_0973_2016","Salmo trutta_MB02","MB02","Salmo trutta","Salmonidae","lotic",-106.416902,41.605678,0.429244218838128,0.0893109561119225,0.47669147496617,0.0807541188470849,280.2,17209.9555555556,10,0.170065074959007,"FWB_0973",8,"lotic",41.605678,-106.416902,1.2345989978677,4.93505534092982,4.40216667893561,1224.723714,100.322192943186,44,37,359,-4.42284862919414,5,0,2.89081665891303,0,-0.505821498644534,"small",-0.174916465995449,-0.388396459483699,"low_prod","Cool temperate and dry","Cool temperate and dry/xeric","Q4 (far)",0,"ok",1
"FWB_0973","FWB_0973_2016","Salvelinus fontinalis_MB02","MB02","Salvelinus fontinalis","Salmonidae","lotic",-106.416902,41.605678,0.524703891708968,0.0127674024957301,0.374898511502029,0.042927380104409,208.6,1871.3,5,0.0556947826001392,"FWB_0973",8,"lotic",41.605678,-106.416902,1.2345989978677,4.93505534092982,4.40216667893561,1224.723714,100.322192943186,44,37,359,-4.42284862919414,5,0,2.89081665891303,0,-0.505821498644534,"small",-0.174916465995449,-0.388396459483699,"low_prod","Cool temperate and dry","Cool temperate and dry/xeric","Q4 (far)",0,"ok",1
"FWB_0974","FWB_0974_2016","Catostomus catostomus_MB03","MB03","Catostomus catostomus","Catostomidae","lotic",-106.31846,41.724793,0.109917695473251,0.00953433724533863,0.201219029525845,0.00453232039971456,102.833333333333,2789.76666666667,6,0.0140666576450532,"FWB_0974",8,"lotic",41.724793,-106.31846,1.78842056796254,5.06526691044351,4.40216667893561,1224.723714,90.7535513907011,55,36,308,-5.52146091786225,3,0,4.06522483523957,0,-1.84509695681873,"large",0.20331020209657,-0.215970572459497,"low_prod","Cool temperate and dry","Cool temperate and dry/xeric","Q4 (far)",0,"ok",1
"FWB_0974","FWB_0974_2016","Catostomus commersonii_MB03","MB03","Catostomus commersonii","Catostomidae","lotic",-106.31846,41.724793,0.199259259259259,0.0383754458161866,0.557745586954801,0.0297128225591838,201.111111111111,11288.1111111111,9,0.0680882683753704,"FWB_0974",8,"lotic",41.724793,-106.31846,1.78842056796254,5.06526691044351,4.40216667893561,1224.723714,90.7535513907011,55,36,308,-5.52146091786225,3,0,4.06522483523957,0,-1.84509695681873,"large",0.20331020209657,-0.215970572459497,"low_prod","Cool temperate and dry","Cool temperate and dry/xeric","Q4 (far)",0,"ok",1
"FWB_0974","FWB_0974_2016","Etheostoma nigrum_MB03","MB03","Etheostoma nigrum","Percidae","lotic",-106.31846,41.724793,0.54120987654321,0.0165607742722146,0.38990738541914,0.0219714381778479,49.3,210.455555555556,10,0.0385322124500625,"FWB_0974",8,"lotic",41.724793,-106.31846,1.78842056796254,5.06526691044351,4.40216667893561,1224.723714,90.7535513907011,55,36,308,-5.52146091786225,3,0,4.06522483523957,0,-1.84509695681873,"large",0.20331020209657,-0.215970572459497,"low_prod","Cool temperate and dry","Cool temperate and dry/xeric","Q4 (far)",0,"ok",1
"FWB_0974","FWB_0974_2016","Rhinichthys cataractae_MB03","MB03","Rhinichthys cataractae","Leuciscidae","lotic",-106.31846,41.724793,0.22479012345679,0.00128137783874409,0.161576822607457,0.0539951595151079,55,23.5,5,0.0552765373538519,"FWB_0974",8,"lotic",41.724793,-106.31846,1.78842056796254,5.06526691044351,4.40216667893561,1224.723714,90.7535513907011,55,36,308,-5.52146091786225,3,0,4.06522483523957,0,-1.84509695681873,"large",0.20331020209657,-0.215970572459497,"low_prod","Cool temperate and dry","Cool temperate and dry/xeric","Q4 (far)",0,"ok",1
"FWB_0974","FWB_0974_2016","Salmo trutta_MB03","MB03","Salmo trutta","Salmonidae","lotic",-106.31846,41.724793,0.903555555555556,0.0086181252857796,0.751935407266683,0.0244944472362389,301.6,6459.3,5,0.0331125725220185,"FWB_0974",8,"lotic",41.724793,-106.31846,1.78842056796254,5.06526691044351,4.40216667893561,1224.723714,90.7535513907011,55,36,308,-5.52146091786225,3,0,4.06522483523957,0,-1.84509695681873,"large",0.20331020209657,-0.215970572459497,"low_prod","Cool temperate and dry","Cool temperate and dry/xeric","Q4 (far)",0,"ok",1
"FWB_0974","FWB_0974_2016","Semotilus atromaculatus_MB03","MB03","Semotilus atromaculatus","Leuciscidae","lotic",-106.31846,41.724793,0.500634920634921,0.0291457044708074,0.600790446789022,0.00869774774300252,106.785714285714,2153.25824175824,14,0.0378434522138099,"FWB_0974",8,"lotic",41.724793,-106.31846,1.78842056796254,5.06526691044351,4.40216667893561,1224.723714,90.7535513907011,55,36,308,-5.52146091786225,3,0,4.06522483523957,0,-1.84509695681873,"large",0.20331020209657,-0.215970572459497,"low_prod","Cool temperate and dry","Cool temperate and dry/xeric","Q4 (far)",0,"ok",1
"FWB_0975","FWB_0975_2016","Catostomus commersonii_MB04","MB04","Catostomus commersonii","Catostomidae","lotic",-106.513402,42.00988,0.142957008039147,0.00538575396126798,0.577974870657798,0.0338429440239104,109.692307692308,6912.89743589744,13,0.0392286979851784,"FWB_0975",8,"lotic",42.00988,-106.513402,1.98938006331118,6.27928492857867,4.40216667893561,1224.723714,125.529519856074,62,32,292,-6.90775527898214,2,0,6.66886211355614,0,-3.29656713258407,"large",0.340553394582107,1.39162953882171,"low_prod","Cool temperate and dry","Cool temperate and dry/xeric","Q4 (far)",0,"ok",1
"FWB_0975","FWB_0975_2016","Etheostoma nigrum_MB04","MB04","Etheostoma nigrum","Percidae","lotic",-106.513402,42.00988,0.462469416288011,0.00349885702187401,0.586589985218034,0.00864656572036179,62.25,289.642857142857,8,0.0121454227422358,"FWB_0975",8,"lotic",42.00988,-106.513402,1.98938006331118,6.27928492857867,4.40216667893561,1224.723714,125.529519856074,62,32,292,-6.90775527898214,2,0,6.66886211355614,0,-3.29656713258407,"large",0.340553394582107,1.39162953882171,"low_prod","Cool temperate and dry","Cool temperate and dry/xeric","Q4 (far)",0,"ok",1
"FWB_0975","FWB_0975_2016","Notropis stramineus_MB04","MB04","Notropis stramineus","Leuciscidae","lotic",-106.513402,42.00988,0.403466683613485,0.00313778942039825,0.648289995296647,0.0144034742238537,54.8181818181818,83.3636363636364,11,0.017541263644252,"FWB_0975",8,"lotic",42.00988,-106.513402,1.98938006331118,6.27928492857867,4.40216667893561,1224.723714,125.529519856074,62,32,292,-6.90775527898214,2,0,6.66886211355614,0,-3.29656713258407,"large",0.340553394582107,1.39162953882171,"low_prod","Cool temperate and dry","Cool temperate and dry/xeric","Q4 (far)",0,"ok",1
"FWB_0975","FWB_0975_2016","Rhinichthys cataractae_MB04","MB04","Rhinichthys cataractae","Leuciscidae","lotic",-106.513402,42.00988,0.458187696609577,0.00353815210353823,0.592248706577975,0.0293904900149154,88.5,20.5714285714286,8,0.0329286421184537,"FWB_0975",8,"lotic",42.00988,-106.513402,1.98938006331118,6.27928492857867,4.40216667893561,1224.723714,125.529519856074,62,32,292,-6.90775527898214,2,0,6.66886211355614,0,-3.29656713258407,"large",0.340553394582107,1.39162953882171,"low_prod","Cool temperate and dry","Cool temperate and dry/xeric","Q4 (far)",0,"ok",1
"FWB_0975","FWB_0975_2016","Salmo trutta_MB04","MB04","Salmo trutta","Salmonidae","lotic",-106.513402,42.00988,0.785599440754981,0.00960389030558484,0.797671840354767,0.00323623518184385,268.4,5264.3,5,0.0128401254874287,"FWB_0975",8,"lotic",42.00988,-106.513402,1.98938006331118,6.27928492857867,4.40216667893561,1224.723714,125.529519856074,62,32,292,-6.90775527898214,2,0,6.66886211355614,0,-3.29656713258407,"large",0.340553394582107,1.39162953882171,"low_prod","Cool temperate and dry","Cool temperate and dry/xeric","Q4 (far)",0,"ok",1
"FWB_0975","FWB_0975_2016","Sander vitreus_MB04","MB04","Sander vitreus","Percidae","lotic",-106.513402,42.00988,0.959105207969241,0.00126531384657975,0.855875831485588,0.00446668294540234,123,49,3,0.00573199679198209,"FWB_0975",8,"lotic",42.00988,-106.513402,1.98938006331118,6.27928492857867,4.40216667893561,1224.723714,125.529519856074,62,32,292,-6.90775527898214,2,0,6.66886211355614,0,-3.29656713258407,"large",0.340553394582107,1.39162953882171,"low_prod","Cool temperate and dry","Cool temperate and dry/xeric","Q4 (far)",0,"ok",1
"FWB_0975","FWB_0975_2016","Semotilus atromaculatus_MB04","MB04","Semotilus atromaculatus","Leuciscidae","lotic",-106.513402,42.00988,0.388911219853198,0.0511911289766541,0.599935328898744,0.140210060073911,100.95,2781.10263157895,20,0.191401189050565,"FWB_0975",8,"lotic",42.00988,-106.513402,1.98938006331118,6.27928492857867,4.40216667893561,1224.723714,125.529519856074,62,32,292,-6.90775527898214,2,0,6.66886211355614,0,-3.29656713258407,"large",0.340553394582107,1.39162953882171,"low_prod","Cool temperate and dry","Cool temperate and dry/xeric","Q4 (far)",0,"ok",1
"FWB_0977","FWB_0977_2012","Lepomis gibbosus_Padden","Padden","Lepomis gibbosus","Centrarchidae","lentic",-122.4529,48.7027,0.45080831408776,0.00385870104379458,0.496751624187906,0.0222979449180957,92.6666666666667,1563.06666666667,6,0.0261566459618902,"FWB_0977",10,"lentic",48.7027,-122.4529,-0.63487827243597,-3.35668993146522,4.45799609535193,747.3964739,12.8406022165323,94,239,1011,2.55209789932832,1,34,-0.832386259651937,0,5.97246012665994,"small",-0.344036247476215,-0.526399699356613,"low_prod","Cool temperate and moist","Cool and moist","Q1 (close)",0,"ok",1
"FWB_0977","FWB_0977_2012","Micropterus salmoides_Padden","Padden","Micropterus salmoides","Centrarchidae","lentic",-122.4529,48.7027,0.782817551963048,0.044449223391476,0.554628935532234,0.0425998211695002,193.2,2710.84444444444,10,0.0870490445609762,"FWB_0977",10,"lentic",48.7027,-122.4529,-0.63487827243597,-3.35668993146522,4.45799609535193,747.3964739,12.8406022165323,94,239,1011,2.55209789932832,1,34,-0.832386259651937,0,5.97246012665994,"small",-0.344036247476215,-0.526399699356613,"low_prod","Cool temperate and moist","Cool and moist","Q1 (close)",0,"ok",1
"FWB_0977","FWB_0977_2012","NA_Padden","Padden","NA","Cottidae","lentic",-122.4529,48.7027,0.0734411085450346,0.0089146989956744,0.484547498977784,0.14767752014854,223.333333333333,33.3333333333333,11,0.156592219144214,"FWB_0977",10,"lentic",48.7027,-122.4529,-0.63487827243597,-3.35668993146522,4.45799609535193,747.3964739,12.8406022165323,94,239,1011,2.55209789932832,1,34,-0.832386259651937,0,5.97246012665994,"small",-0.344036247476215,-0.526399699356613,"low_prod","Cool temperate and moist","Cool and moist","Q1 (close)",0,"ok",1
"FWB_0977","FWB_0977_2012","Oncorhynchus mykiss_Padden","Padden","Oncorhynchus mykiss","Salmonidae","lentic",-122.4529,48.7027,0.323602771362587,0.0928010816634575,0.296626686656672,0.0839090516117502,NA,NA,5,0.176710133275208,"FWB_0977",10,"lentic",48.7027,-122.4529,-0.63487827243597,-3.35668993146522,4.45799609535193,747.3964739,12.8406022165323,94,239,1011,2.55209789932832,1,34,-0.832386259651937,0,5.97246012665994,"small",-0.344036247476215,-0.526399699356613,"low_prod","Cool temperate and moist","Cool and moist","Q1 (close)",0,"ok",1
"FWB_0977","FWB_0977_2012","Perca flavescens_Padden","Padden","Perca flavescens","Percidae","lentic",-122.4529,48.7027,0.430877598152425,0.009848561501573,0.286328710644678,0.0230048152867167,183.25,2853.98684210526,20,0.0328533767882897,"FWB_0977",10,"lentic",48.7027,-122.4529,-0.63487827243597,-3.35668993146522,4.45799609535193,747.3964739,12.8406022165323,94,239,1011,2.55209789932832,1,34,-0.832386259651937,0,5.97246012665994,"small",-0.344036247476215,-0.526399699356613,"low_prod","Cool temperate and moist","Cool and moist","Q1 (close)",0,"ok",1
"FWB_0984","FWB_0984_2013","Lepomis gibbosus_Shoecraft","Shoecraft","Lepomis gibbosus","Centrarchidae","lentic",-122.3070729,48.1259769,0.343372259782831,0.057354951555272,0.533687270888636,0.00873033826052542,101.333333333333,468.266666666667,6,0.0660852898157974,"FWB_0984",10,"lentic",48.1259769,-122.3070729,-0.891598119283784,-1.41386089759826,3.78377589242996,430.9694953,38.768945859632,99,236,944,0.420682073913025,0,0,0.573806056714326,0,4.69059539734853,"small",-0.448171197587767,0.195430604729043,"low_prod","Cool temperate and moist","Cool and moist","Q2",0,"ok",1
"FWB_0984","FWB_0984_2013","Micropterus salmoides_Shoecraft","Shoecraft","Micropterus salmoides","Centrarchidae","lentic",-122.3070729,48.1259769,0.523827084613809,0.0778522358038127,0.304133485020857,0.0820022206662315,77.4,157.3,5,0.159854456470044,"FWB_0984",10,"lentic",48.1259769,-122.3070729,-0.891598119283784,-1.41386089759826,3.78377589242996,430.9694953,38.768945859632,99,236,944,0.420682073913025,0,0,0.573806056714326,0,4.69059539734853,"small",-0.448171197587767,0.195430604729043,"low_prod","Cool temperate and moist","Cool and moist","Q2",0,"ok",1
"FWB_0984","FWB_0984_2013","NA_Shoecraft","Shoecraft","NA","Cottidae","lentic",-122.3070729,48.1259769,0.436467936898177,0.0220849456146641,0.676248261913791,0.0592190476528307,91.2,252.7,5,0.0813039932674948,"FWB_0984",10,"lentic",48.1259769,-122.3070729,-0.891598119283784,-1.41386089759826,3.78377589242996,430.9694953,38.768945859632,99,236,944,0.420682073913025,0,0,0.573806056714326,0,4.69059539734853,"small",-0.448171197587767,0.195430604729043,"low_prod","Cool temperate and moist","Cool and moist","Q2",0,"ok",1
"FWB_0984","FWB_0984_2013","Oncorhynchus mykiss_Shoecraft","Shoecraft","Oncorhynchus mykiss","Salmonidae","lentic",-122.3070729,48.1259769,0.44040155705798,0.0776620339326955,0.697256983946404,0.0927883537370565,260,2643.5,5,0.170450387669752,"FWB_0984",10,"lentic",48.1259769,-122.3070729,-0.891598119283784,-1.41386089759826,3.78377589242996,430.9694953,38.768945859632,99,236,944,0.420682073913025,0,0,0.573806056714326,0,4.69059539734853,"small",-0.448171197587767,0.195430604729043,"low_prod","Cool temperate and moist","Cool and moist","Q2",0,"ok",1
"FWB_0984","FWB_0984_2013","Perca flavescens_Shoecraft","Shoecraft","Perca flavescens","Percidae","lentic",-122.3070729,48.1259769,0.635958023173758,0.00329573457428831,0.429177376086743,0.017867020419581,177.333333333333,1900.75,9,0.0211627549938693,"FWB_0984",10,"lentic",48.1259769,-122.3070729,-0.891598119283784,-1.41386089759826,3.78377589242996,430.9694953,38.768945859632,99,236,944,0.420682073913025,0,0,0.573806056714326,0,4.69059539734853,"small",-0.448171197587767,0.195430604729043,"low_prod","Cool temperate and moist","Cool and moist","Q2",0,"ok",1
"FWB_0988","FWB_0988_2012","Lepomis gibbosus_Sunday","Sunday","Lepomis gibbosus","Centrarchidae","lentic",-122.2576,48.2292,0.157240634005763,0.0483505264695053,0.87405929304447,0.0216263461655977,114,1565.33333333333,4,0.0699768726351029,"FWB_0988",10,"lentic",48.2292,-122.2576,-2.04022082852655,-3.65459131050788,3.78377589242996,430.9694953,30.3870107021119,100,210,1022,0.654406352243515,29,0,-3.38110067996303,0,4.07601102528405,"small",-0.914094537729439,-0.637080690464669,"low_prod","Cool temperate and moist","Cool and moist","Q1 (close)",0,"ok",1
"FWB_0988","FWB_0988_2012","Micropterus salmoides_Sunday","Sunday","Micropterus salmoides","Centrarchidae","lentic",-122.2576,48.2292,0.496541786743516,0.00967052919632251,0.34157354618016,0.00444079991782912,85.2,24.7,5,0.0141113291141516,"FWB_0988",10,"lentic",48.2292,-122.2576,-2.04022082852655,-3.65459131050788,3.78377589242996,430.9694953,30.3870107021119,100,210,1022,0.654406352243515,29,0,-3.38110067996303,0,4.07601102528405,"small",-0.914094537729439,-0.637080690464669,"low_prod","Cool temperate and moist","Cool and moist","Q1 (close)",0,"ok",1
"FWB_0988","FWB_0988_2012","Oncorhynchus clarkii_Sunday","Sunday","Oncorhynchus clarkii","Salmonidae","lentic",-122.2576,48.2292,0.955259365994236,0.0012450014118546,0.0463397947548466,0.00184794488310807,259.6,190.3,5,0.00309294629496267,"FWB_0988",10,"lentic",48.2292,-122.2576,-2.04022082852655,-3.65459131050788,3.78377589242996,430.9694953,30.3870107021119,100,210,1022,0.654406352243515,29,0,-3.38110067996303,0,4.07601102528405,"small",-0.914094537729439,-0.637080690464669,"low_prod","Cool temperate and moist","Cool and moist","Q1 (close)",0,"ok",1
"FWB_0988","FWB_0988_2012","Perca flavescens_Sunday","Sunday","Perca flavescens","Percidae","lentic",-122.2576,48.2292,0.465057636887608,0.0249002877691867,0.667217787913341,0.00748335238085336,132.25,8194.91666666667,4,0.03238364015004,"FWB_0988",10,"lentic",48.2292,-122.2576,-2.04022082852655,-3.65459131050788,3.78377589242996,430.9694953,30.3870107021119,100,210,1022,0.654406352243515,29,0,-3.38110067996303,0,4.07601102528405,"small",-0.914094537729439,-0.637080690464669,"low_prod","Cool temperate and moist","Cool and moist","Q1 (close)",0,"ok",1
"FWB_0989","FWB_0989_2016","Oncorhynchus mykiss_SW01","SW01","Oncorhynchus mykiss","Salmonidae","lotic",-109.062622,42.565194,0.444929737941512,0.114628984510916,0.430169888693614,0.102398369991033,210.666666666667,2785.06666666667,6,0.217027354501949,"FWB_0989",7,"lotic",42.565194,-109.062622,-0.297059234264378,5.9728701960537,4.66124760303927,2746.448248,229.665180758715,11,10,363,-6.90775527898214,1,0,1.60843941410051,0,-11.5129254649702,"small",-1.22094648915944,0.985875793204324,"low_prod","Cold and mesic","Cold and wet/mesic","Q4 (far)",0,"ok",1
"FWB_0989","FWB_0989_2016","Salmo trutta_SW01","SW01","Salmo trutta","Salmonidae","lotic",-109.062622,42.565194,0.542600329155589,0.0939456876392577,0.551337629369264,0.0634022696440344,231.444444444444,4139.20261437908,18,0.157347957283292,"FWB_0989",7,"lotic",42.565194,-109.062622,-0.297059234264378,5.9728701960537,4.66124760303927,2746.448248,229.665180758715,11,10,363,-6.90775527898214,1,0,1.60843941410051,0,-11.5129254649702,"small",-1.22094648915944,0.985875793204324,"low_prod","Cold and mesic","Cold and wet/mesic","Q4 (far)",0,"ok",1
"FWB_0989","FWB_0989_2016","Salvelinus fontinalis_SW01","SW01","Salvelinus fontinalis","Salmonidae","lotic",-109.062622,42.565194,0.326927459172047,0.143634410832507,0.77335676625659,0.0344973854170205,148.2,4200.7,5,0.178131796249527,"FWB_0989",7,"lotic",42.565194,-109.062622,-0.297059234264378,5.9728701960537,4.66124760303927,2746.448248,229.665180758715,11,10,363,-6.90775527898214,1,0,1.60843941410051,0,-11.5129254649702,"small",-1.22094648915944,0.985875793204324,"low_prod","Cold and mesic","Cold and wet/mesic","Q4 (far)",0,"ok",1
"FWB_0990","FWB_0990_2016","Catostomus commersonii_SW02","SW02","Catostomus commersonii","Catostomidae","lotic",-108.879355,42.373322,0.146174387553698,0.00680746215523236,0.518718592964824,0.111828432362819,63.6666666666667,50.6666666666667,6,0.118635894518052,"FWB_0990",8,"lotic",42.373322,-108.879355,2.17906060670855,5.34705248343816,4.66124760303927,2746.448248,263.38455075925,31,92,299,-6.90775527898214,4,0,4.18558602145194,0,-4.70942020736189,"large",0.470093744407746,0.157169291806669,"low_prod","Cool temperate and dry","Cool temperate and dry/xeric","Q4 (far)",0,"ok",1
"FWB_0990","FWB_0990_2016","Rhinichthys cataractae_SW02","SW02","Rhinichthys cataractae","Leuciscidae","lotic",-108.879355,42.373322,0.332491582491582,0.0130135134718314,0.57464405360134,0.0600228582190686,74.8181818181818,734.163636363636,12,0.0730363716908999,"FWB_0990",8,"lotic",42.373322,-108.879355,2.17906060670855,5.34705248343816,4.66124760303927,2746.448248,263.38455075925,31,92,299,-6.90775527898214,4,0,4.18558602145194,0,-4.70942020736189,"large",0.470093744407746,0.157169291806669,"low_prod","Cool temperate and dry","Cool temperate and dry/xeric","Q4 (far)",0,"ok",1
"FWB_0990","FWB_0990_2016","Salmo trutta_SW02","SW02","Salmo trutta","Salmonidae","lotic",-108.879355,42.373322,0.83098223615465,0.0364910854017137,0.74321608040201,0.00316258848682269,234.5,13491,4,0.0396536738885364,"FWB_0990",8,"lotic",42.373322,-108.879355,2.17906060670855,5.34705248343816,4.66124760303927,2746.448248,263.38455075925,31,92,299,-6.90775527898214,4,0,4.18558602145194,0,-4.70942020736189,"large",0.470093744407746,0.157169291806669,"low_prod","Cool temperate and dry","Cool temperate and dry/xeric","Q4 (far)",0,"ok",1
"FWB_0990","FWB_0990_2016","Semotilus atromaculatus_SW02","SW02","Semotilus atromaculatus","Leuciscidae","lotic",-108.879355,42.373322,0.71886351196696,0.0369257631775798,0.509547738693467,0.0223122943023324,97.5714285714286,375.619047619048,7,0.0592380574799122,"FWB_0990",8,"lotic",42.373322,-108.879355,2.17906060670855,5.34705248343816,4.66124760303927,2746.448248,263.38455075925,31,92,299,-6.90775527898214,4,0,4.18558602145194,0,-4.70942020736189,"large",0.470093744407746,0.157169291806669,"low_prod","Cool temperate and dry","Cool temperate and dry/xeric","Q4 (far)",0,"ok",1
"FWB_0993","FWB_0993_2007","Agosia chrysogaster_Tularosa","Tularosa","Agosia chrysogaster","Leuciscidae","lotic",-108.700877,33.7336042,0.610294117647059,0.088695890609788,0.51010781671159,0.0358650402133085,5772.03125,261681832.864955,8,0.124560930823097,"FWB_0993",9,"lotic",33.7336042,-108.700877,0.758466646680588,5.35939310256472,5.10636392936618,1177.268869,34.0067750450226,95,18,403,-5.52146091786225,0,0,3.59478880537921,0,-1.28731818203729,"small",-0.500086091890445,0.173510713749996,"low_prod","Cool temperate and xeric","Cool temperate and dry/xeric","Q2",0,"ok",1
"FWB_0993","FWB_0993_2007","Catostomus insignis_Tularosa","Tularosa","Catostomus insignis","Catostomidae","lotic",-108.700877,33.7336042,0.478844169246646,0.0686705837622649,0.563342318059299,0.049062415995234,140,1236,3,0.117732999757499,"FWB_0993",9,"lotic",33.7336042,-108.700877,0.758466646680588,5.35939310256472,5.10636392936618,1177.268869,34.0067750450226,95,18,403,-5.52146091786225,0,0,3.59478880537921,0,-1.28731818203729,"small",-0.500086091890445,0.173510713749996,"low_prod","Cool temperate and xeric","Cool temperate and dry/xeric","Q2",0,"ok",1
"FWB_0993","FWB_0993_2007","Culaea inconstans_Tularosa","Tularosa","Culaea inconstans","Gasterosteidae","lotic",-108.700877,33.7336042,0.363777089783282,0.0110707473473339,0.524258760107816,0.0249756007778689,42.75,6.25,4,0.0360463481252029,"FWB_0993",9,"lotic",33.7336042,-108.700877,0.758466646680588,5.35939310256472,5.10636392936618,1177.268869,34.0067750450226,95,18,403,-5.52146091786225,0,0,3.59478880537921,0,-1.28731818203729,"small",-0.500086091890445,0.173510713749996,"low_prod","Cool temperate and xeric","Cool temperate and dry/xeric","Q2",0,"ok",1
"FWB_0993","FWB_0993_2007","Gambusia affinis_Tularosa","Tularosa","Gambusia affinis","Poeciliidae","lotic",-108.700877,33.7336042,0.13828689370485,0.0142274279762418,0.911051212938005,0.0118351363329241,37.6666666666667,6.33333333333333,3,0.0260625643091659,"FWB_0993",9,"lotic",33.7336042,-108.700877,0.758466646680588,5.35939310256472,5.10636392936618,1177.268869,34.0067750450226,95,18,403,-5.52146091786225,0,0,3.59478880537921,0,-1.28731818203729,"small",-0.500086091890445,0.173510713749996,"low_prod","Cool temperate and xeric","Cool temperate and dry/xeric","Q2",0,"ok",1
"FWB_0993","FWB_0993_2007","Pimephales promelas_Tularosa","Tularosa","Pimephales promelas","Leuciscidae","lotic",-108.700877,33.7336042,0.249742002063983,0.0156556023093611,0.316262353998203,0.0839599634798741,32,7,3,0.0996155657892352,"FWB_0993",9,"lotic",33.7336042,-108.700877,0.758466646680588,5.35939310256472,5.10636392936618,1177.268869,34.0067750450226,95,18,403,-5.52146091786225,0,0,3.59478880537921,0,-1.28731818203729,"small",-0.500086091890445,0.173510713749996,"low_prod","Cool temperate and xeric","Cool temperate and dry/xeric","Q2",0,"ok",1
"FWB_0993","FWB_0993_2007","Rhinichthys osculus_Tularosa","Tularosa","Rhinichthys osculus","Leuciscidae","lotic",-108.700877,33.7336042,0.386112339672711,0.0717528660478367,0.369657296881016,0.0686603278854134,48.1428571428571,112.47619047619,7,0.14041319393325,"FWB_0993",9,"lotic",33.7336042,-108.700877,0.758466646680588,5.35939310256472,5.10636392936618,1177.268869,34.0067750450226,95,18,403,-5.52146091786225,0,0,3.59478880537921,0,-1.28731818203729,"small",-0.500086091890445,0.173510713749996,"low_prod","Cool temperate and xeric","Cool temperate and dry/xeric","Q2",0,"ok",1
"FWB_0996","FWB_0996_2008","Ameiurus nebulosus_Whatcom","Whatcom","Ameiurus nebulosus","Ictaluridae","lentic",-122.4151,48.7595,0.757317073170732,0.0107994284864451,0.240369822485207,0.0221244834051929,NA,NA,15,0.032923911891638,"FWB_0996",10,"lentic",48.7595,-122.4151,2.92530980925744,-3.04958840599397,4.45799609535193,747.3964739,5.90346090759253,96,128,1127,3.55657587884167,7,21,3.19208041294418,730,5.62320855091239,"large",1.10010612338873,-0.412300525599228,"low_prod","Cool temperate and moist","Cool and moist","Q1 (close)",0,"ok",1
"FWB_0996","FWB_0996_2008","Micropterus dolomieu_Whatcom","Whatcom","Micropterus dolomieu","Centrarchidae","lentic",-122.4151,48.7595,0.416158536585366,0.0457268367043426,0.315384615384615,0.00113236581352194,NA,NA,6,0.0468592025178646,"FWB_0996",10,"lentic",48.7595,-122.4151,2.92530980925744,-3.04958840599397,4.45799609535193,747.3964739,5.90346090759253,96,128,1127,3.55657587884167,7,21,3.19208041294418,730,5.62320855091239,"large",1.10010612338873,-0.412300525599228,"low_prod","Cool temperate and moist","Cool and moist","Q1 (close)",0,"ok",1
"FWB_0996","FWB_0996_2008","NA_Whatcom","Whatcom","NA","Cottidae","lentic",-122.4151,48.7595,0.696239837398374,0.0111832118778505,0.511612426035503,0.0883762626483667,NA,NA,6,0.0995594745262172,"FWB_0996",10,"lentic",48.7595,-122.4151,2.92530980925744,-3.04958840599397,4.45799609535193,747.3964739,5.90346090759253,96,128,1127,3.55657587884167,7,21,3.19208041294418,730,5.62320855091239,"large",1.10010612338873,-0.412300525599228,"low_prod","Cool temperate and moist","Cool and moist","Q1 (close)",0,"ok",1
"FWB_0997","FWB_0997_2016","Cottus cognatus_Woody Island","Woody Island","Cottus cognatus","Cottidae","lentic",-154.275106,59.763778,0.80447101313905,0.0486890026429372,0.5229218337467,0.00225749398458957,94.6666666666667,302.333333333333,3,0.0509464966275268,"FWB_0997",7,"lentic",59.763778,-154.275106,7.87649423805212,-5.54880408390628,3.49154818771327,1059.017136,72.798651679182,14,2,692,-1.12701176318981,0,0,8.99976377590827,0,-0.729790418258784,"large",3.10848743794785,-1.34084831921153,"low_prod","Cold and mesic","Cold and wet/mesic","Q4 (far)",0,"ok",1
"FWB_0997","FWB_0997_2016","Oncorhynchus mykiss_Woody Island","Woody Island","Oncorhynchus mykiss","Salmonidae","lentic",-154.275106,59.763778,0.451963702994145,0.059874066856858,0.398408042856194,0.0300467656665256,307.829787234043,7152.97039777984,47,0.0899208325233836,"FWB_0997",7,"lentic",59.763778,-154.275106,7.87649423805212,-5.54880408390628,3.49154818771327,1059.017136,72.798651679182,14,2,692,-1.12701176318981,0,0,8.99976377590827,0,-0.729790418258784,"large",3.10848743794785,-1.34084831921153,"low_prod","Cold and mesic","Cold and wet/mesic","Q4 (far)",0,"ok",1
"FWB_0997","FWB_0997_2016","Salvelinus alpinus_Woody Island","Woody Island","Salvelinus alpinus","Salmonidae","lentic",-154.275106,59.763778,0.450439006164767,0.167133590969606,0.341499319945596,0.179323841386949,462.2,12399.7,5,0.346457432356556,"FWB_0997",7,"lentic",59.763778,-154.275106,7.87649423805212,-5.54880408390628,3.49154818771327,1059.017136,72.798651679182,14,2,692,-1.12701176318981,0,0,8.99976377590827,0,-0.729790418258784,"large",3.10848743794785,-1.34084831921153,"low_prod","Cold and mesic","Cold and wet/mesic","Q4 (far)",0,"ok",1
"FWB_0998","FWB_0998_2008","NA_Wynoochee","Wynoochee","NA","Cottidae","lentic",-123.5987,47.3901,0.542370406424921,0.0381394521454262,0.665636734255981,0.0861733653227554,NA,NA,15,0.124312817468182,"FWB_0998",10,"lentic",47.3901,-123.5987,1.10856261952128,-1.95852341843535,3.64887595396284,659.1055866,36.6790243101374,88,19,2874,-5.29831736654804,0,0,3.50083183466933,413,-2.84713986950416,"large",0.363167081505338,-0.00693095472190353,"low_prod","Cool temperate and moist","Cool and moist","Q2",0,"ok",1
"FWB_0998","FWB_0998_2008","Oncorhynchus mykiss_Wynoochee","Wynoochee","Oncorhynchus mykiss","Salmonidae","lentic",-123.5987,47.3901,0.249966198858873,0.0196680112298299,0.71591031005257,0.00483541627913965,NA,NA,9,0.0245034275089695,"FWB_0998",10,"lentic",47.3901,-123.5987,1.10856261952128,-1.95852341843535,3.64887595396284,659.1055866,36.6790243101374,88,19,2874,-5.29831736654804,0,0,3.50083183466933,413,-2.84713986950416,"large",0.363167081505338,-0.00693095472190353,"low_prod","Cool temperate and moist","Cool and moist","Q2",0,"ok",1
