"FWB_id","site_year_code","collection_site_id","waterbody_type","collection_decimal_latitude","collection_decimal_longitude","site_interspe_var_N","site_intraspe_var_N","site_interspe_var_C","site_intraspe_var_C","site_nbspe","site_mean_sample_id","site_min_sample_id","Climate_zone","Type","Latitude","Longitude","Size","dis_r_sv","TP","TN","Distance_km","temp","hft","prec","pop","crp","urb","upstr","regul","pop_den","size_class","size_z_scored","hydro_dis_z_scored","TP_class","Climate_zone_e","Climate_zone_e2","distance_to_env_m","match_flag","propintraspecific_N","propintraspecific_C","propintraspecific_Total"
"FWB_0001","FWB_0001_2012","4-Mile Hole","lotic",-12.57082,132.21865,0.0252204663872613,0.0392832226725196,0.0710519372512722,0.0188264630059353,14,4.57142857142857,1,17,"lotic",-12.57082,132.21865,1.09594206011223,5.32847045323357,1.43142802294892,9.286746144,4.62247329195034,277,6,1411,-6.90775527898214,0,0,1.09594540235263,0,-3.81625838344377,"small",-0.269610776233512,0.132563006415118,"low_prod","Extremely hot and xeric","Hot and dry",0,"ok",0.609007379967254,0.209465933439615,0.37640173115639
"FWB_0003","FWB_0003_2018","Baitpool","lentic",-17.783672,123.684752,0.0104775494571774,0.0534221777975227,0.0533858367698156,0.0150881246065201,5,4.6,3,17,"lentic",-17.783672,123.684752,-2.12026353620009,4.97528777468863,3.38153014014091,65.6349952,32.1390922175917,274,31,523,-6.90775527898214,0,0,5.61314274131748,0,-4.70942020736189,"small",-0.946562784624735,2.56922729428435,"low_prod","Extremely hot and xeric","Hot and dry",0,"ok",0.836031390002424,0.220348352910315,0.51755226520129
"FWB_0006","FWB_0006_2021","Big Sand","lotic",-18.202529,125.857705,0.0552828411519335,0.0354649449376993,0.045884447264055,0.0199969726495916,9,3.44444444444444,2,17,"lotic",-18.202529,125.857705,4.7769867581369,4.59596834484966,4.49145575198563,81.55365369,54.116245208663,275,88,519,-2.15416508787577,0,0,8.21851407519173,0,0.767331221248954,"large",2.24432032795449,-0.83741474791884,"low_prod","Extremely hot and xeric","Hot and dry",0,"ok",0.390807825357526,0.303529776313298,0.354096908249217
"FWB_0007","FWB_0007_2002","Bilanoo","lotic",-21.295131,116.144841,0.0690205039326842,0.0132053410712165,0.0483229206349206,0.0208675714285714,8,3,1,17,"lotic",-21.295131,116.144841,2.27500832522381,5.74026178796912,4.21660742165222,91.82280918,559.369780593705,265,74,304,-5.80914299031403,0,0,8.25566971598656,0,-2.12018020633879,"large",0.535620238579586,0.677856227484761,"low_prod","Extremely hot and xeric","Hot and dry",0,"ok",0.160598423410426,0.301595939069525,0.22502798020152
"FWB_0008","FWB_0008_2011","Booligar","lentic",-28.924847,148.079656,0.0259947008420729,0.0195758315789023,0.0174544500415979,0.0193312882684142,8,9.5,1,14,"lentic",-28.924847,148.079656,-0.198450938723838,-0.885294173755049,5.91230259841069,252.2923986,54.781521191193,203,60,468,-6.21460809842219,0,0,2.36603020407665,0,-3.41094473311704,"large",-0.167005374400117,0.391812001316423,"high_prod","Hot and dry","Hot and dry",0,"ok",0.429572149784494,0.525510405839883,0.47242449787952
"FWB_0010","FWB_0010_2014","brisbane_02","lotic",-26.787199,152.270016,0.0697062412658372,0.0453122101094763,0.0496658191345457,0.0391227232706404,8,2.625,1,14,"lotic",-26.787199,152.270016,0.492865298388998,6.44696816981365,6.19099079760183,8553.080142,66.7808748488698,194,96,871,-6.90775527898214,0,0,4.85948684749782,0,-1.35864028433807,"small",-0.681475763997063,1.61367533488282,"high_prod","Hot and dry","Hot and dry",0,"ok",0.393956009385131,0.440628060905697,0.414288694484416
"FWB_0018","FWB_0018_2021","Bullhole","lotic",-18.264193,124.51391,0.0420936399690889,0.0294129591633539,0.0601403592694491,0.0135536443186742,9,3.88888888888889,1,17,"lotic",-18.264193,124.51391,4.95873830875205,5.26707239763315,4.12919739476996,90.60815164,5.29994632049526,276,31,498,-6.90775527898214,0,0,9.53624540109352,0,-4.70942020736189,"large",2.36844565481374,0.0512598300690914,"low_prod","Extremely hot and xeric","Hot and dry",0,"ok",0.411332094103314,0.183917871994385,0.295912018800059
"FWB_0020","FWB_0020_2008","Bushy Creek","lotic",-16.5666667,145.3166667,0.0823496149769845,0.0349310115842279,0.0508160677648343,0.0161949920914808,4,4.5,3,13,"lotic",-16.5666667,145.3166667,0.77794778225241,5.39685554471486,4.24836319090242,265.4608058,75.1336810566759,215,8,1645,-3.32423634052603,0,0,0.777952375719123,0,0.7178446711872,"small",-0.486781653428943,0.223118401008157,"low_prod","Hot and mesic","Hot and moist",0,"ok",0.297841277015998,0.241676405748634,0.277418936630048
"FWB_0032","FWB_0032_1995","Dirran Creek, forest edge","lotic",-17.4666667,145.5333333,0.08055761228425,0.040256604762892,0.0719728350540584,0.0629352962516892,3,5,4,14,"lotic",-17.4666667,145.5333333,-0.365283318475333,5.70435409986944,5.61927097545758,1672.16056,108.150966716509,196,65,1580,-4.13516655674236,0,0,-0.365268909357242,0,1.24502165311282,"small",-1.26753941628274,0.630307342276645,"high_prod","Hot and dry","Hot and dry",0,"ok",0.33321082358365,0.466504840312823,0.403531023703018
"FWB_0033","FWB_0033_1995","Dirran Creek, pasture crossing","lotic",-17.4666667,145.5333333,0.0910272200297192,0.0968192532519801,0.0465541405715273,0.103313091878617,3,4.66666666666667,3,14,"lotic",-17.4666667,145.5333333,-0.365283318475333,5.70435409986944,5.61927097545758,1672.16056,108.150966716509,196,65,1580,-4.13516655674236,0,0,-0.365268909357242,0,1.24502165311282,"small",-1.26753941628274,0.630307342276645,"high_prod","Hot and dry","Hot and dry",0,"ok",0.515416933629558,0.689364113753056,0.592609484702137
"FWB_0036","FWB_0036_2008","Emu Creek @ Petford","lotic",-17.335,144.9483333,0.0342244140738568,0.0166434708348429,0.0566886242778625,0.0348911300865516,10,2.8,2,13,"lotic",-17.335,144.9483333,1.35377116941433,6.11316527147175,4.97154306239555,139.0888254,51.0560924185352,226,62,1042,-5.29831736654804,1,0,4.6035089068277,0,-1.20061179219376,"large",-0.093529073724587,1.17165423758088,"low_prod","Hot and mesic","Hot and moist",0,"ok",0.327190148847656,0.380991741337423,0.361779255762797
"FWB_0044","FWB_0044_2011","Gidi Gidi","lentic",-28.403415,150.047162,0.0253970147348179,0.0169350433772061,0.0395814378415064,0.0114049340115448,7,13.7142857142857,2,14,"lentic",-28.403415,150.047162,-0.82098055206983,2.72373368802278,5.50362608898816,633.6756748,22.3687314640232,197,50,686,-5.52146091786225,0,0,5.81410668079436,0,-2.07139401010054,"small",-0.419526132046015,1.73269461811342,"high_prod","Hot and dry","Hot and dry",0,"ok",0.400052445652197,0.223685930122959,0.303691107955388
"FWB_0045","FWB_0045_2008","Hodgkinson River","lotic",-16.7166667,144.8166667,0.0519395723448953,0.041984757053933,0.0334789020408118,0.0434347762031268,5,2.8,2,18,"lotic",-16.7166667,144.8166667,2.36480843617418,5.60883336188993,4.24836319090242,265.4608058,25.8442517396573,242,0,1352,-6.90775527898214,2,0,5.58184460712735,0,-4.96041757793564,"large",0.596948288249508,0.503818981550827,"low_prod","Extremely hot and moist","Hot and moist",0,"ok",0.447006194482947,0.564721089860889,0.500003099050871
"FWB_0046","FWB_0046_2002","Hooley_Ck","lotic",-21.884789,117.999111,0.0436043974204905,0.0294086207105548,0.00884018850720994,0.0346753766783307,6,6.66666666666667,4,16,"lotic",-21.884789,117.999111,1.45044218094364,5.09389118426202,4.21660742165222,91.82280918,411.507286310369,263,75,365,-5.80914299031403,0,0,3.34300349072432,0,-2.60355505977276,"large",-0.0275086141286289,-0.178066369153957,"low_prod","Extremely hot and arid","Hot and dry",0,"ok",0.402785988900932,0.796849966913739,0.549942302265715
"FWB_0056","FWB_0056_2014","mary_07","lotic",-26.727109,152.71395,0.0717930447692783,0.0337210744066469,0.046791130731673,0.0627426384886292,9,2.55555555555556,1,14,"lotic",-26.727109,152.71395,0.497132296633988,5.52905170297963,5.96826600394607,16821.25857,67.7071946724395,192,83,1414,-3.44201937618241,0,0,2.34994661809687,0,1.5441545806606,"small",-0.678561662026132,0.398172276290706,"high_prod","Hot and dry","Hot and dry",0,"ok",0.31958826619614,0.572815479055018,0.44856851938737
"FWB_0057","FWB_0057_2014","mary_08","lotic",-26.623691,152.691161,0.0233796485377855,0.0508014182379441,0.0480153819330148,0.0255275701784795,11,2.63636363636364,1,14,"lotic",-26.623691,152.691161,2.21090830442214,5.01197018232579,5.96826600394607,16821.25857,58.1905779595036,194,79,1387,-1.09064411901893,0,0,4.1032053558507,0,2.3552733639492,"large",0.491843797571171,-0.286545987958338,"high_prod","Hot and dry","Hot and dry",0,"ok",0.684829976785467,0.34711103437592,0.516699917802094
"FWB_0062","FWB_0062_2008","McLeod River","lotic",-16.5,145,0.120064401314771,0.100374375247031,0.0551543288569048,0.052655422238642,4,4,1,18,"lotic",-16.5,145,3.23958000642649,4.85042601035738,4.24836319090242,265.4608058,40.7108773967032,239,24,1574,-6.90775527898214,0,0,4.93521473780383,0,-4.96041757793564,"large",1.19436441326879,-0.500462441383114,"low_prod","Extremely hot and moist","Hot and moist",0,"ok",0.455339014362975,0.488410572360713,0.466201017192124
"FWB_0064","FWB_0064_2008","Mitchell River @ Cooktown Crossing","lotic",-16.566,144.89,0.0219273629227086,0.0455305722530621,0.0619355478785445,0.0201798356237343,6,4,3,18,"lotic",-16.566,144.89,1.99890913078792,6.59162538000169,4.24836319090242,265.4608058,27.640859297306,242,3,1445,-6.90775527898214,2,0,6.42778051882691,0,-4.96041757793564,"large",0.347061171881451,1.80523010896529,"low_prod","Extremely hot and moist","Hot and moist",0,"ok",0.674947611936625,0.24574975799966,0.439319047391302
"FWB_0068","FWB_0068_2019","Mungungudha","lotic",-18.504371,125.195568,0.0333622894013635,0.0615405286814061,0.073953451586008,0.034983990388722,3,7.66666666666667,5,17,"lotic",-18.504371,125.195568,4.36196422363683,4.73080301981415,4.51090233625898,109.8949317,23.3723277787241,275,46,470,-6.21460809842219,0,0,7.72641466362599,0,-4.70942020736189,"large",1.96088501433862,-0.65886695436101,"low_prod","Extremely hot and xeric","Hot and dry",0,"ok",0.648458390642662,0.321138350181172,0.473530199789287
"FWB_0073","FWB_0073_2009","OCD","lentic",-18.97382,140.57383,0.0243780578231545,0.027298642764315,0.0339214397661222,0.0208052549409316,10,5.6,1,17,"lentic",-18.97382,140.57383,-1.89711998488588,1.09074159191535,1.84639567890951,14.78660249,30.2353200304558,262,65,561,-6.21460809842219,0,0,1.11711014355023,0,-3.81625838344377,"small",-0.856047606818498,1.12597979104675,"low_prod","Extremely hot and xeric","Hot and dry",0,"ok",0.528258237348348,0.380166480952302,0.452089875253469
"FWB_0077","FWB_0077_2008","Palmer River @ Drumduff","lotic",-16.0333333,143.0333333,0.0209398707660421,0.0371503823677947,0.0545640207379096,0.0270724160156477,8,3.75,2,17,"lotic",-16.0333333,143.0333333,4.91969621376865,4.15199531427658,1.75235017446771,10.61083938,37.1427353736378,265,42,1004,-6.21460809842219,0,0,7.50130309984297,0,-5.11433053043502,"large",2.34178226303148,-1.42532290306426,"low_prod","Extremely hot and xeric","Hot and dry",0,"ok",0.639528670708358,0.33162172544808,0.459631573861799
"FWB_0080","FWB_0080_2009","RKW","lentic",-20.2426167,141.8482333,0.0273208861242141,0.0141804373568272,0.0432932605779923,0.022201341559139,14,4.21428571428571,1,16,"lentic",-20.2426167,141.8482333,-0.616186139423817,-1.03164474883265,2.38192763314596,12.1874037,53.5156178892827,252,59,520,-6.90775527898214,0,0,0.728519150640417,0,-4.42201564289025,"small",-0.336454035338744,0.337437541047466,"low_prod","Extremely hot and arid","Hot and dry",0,"ok",0.341686388948659,0.338979714887866,0.340029573142802
"FWB_0083","FWB_0083_2009","SDD","lentic",-20.0456,141.0884333,0.0128865524522812,0.0394250483994856,0.0498145365585716,0.0271207126409855,9,3.66666666666667,1,16,"lentic",-20.0456,141.0884333,-1.83258146374831,0.686882598980233,0.868006208486874,4.864714177,25.535448305135,258,37,495,-6.90775527898214,0,0,1.03886582282649,0,-4.42201564289025,"small",-0.829868424486255,0.975931765926461,"low_prod","Extremely hot and arid","Hot and dry",0,"ok",0.753657845631655,0.352513482742338,0.514873368395793
"FWB_0084","FWB_0084_2009","Shovel Waterhole","lotic",-15.703217,141.750016,0.0472160668955017,0.0116735225336518,0.0488507895943607,0.0219773911024213,12,4.66666666666667,2,17,"lotic",-15.703217,141.750016,2.47334001341653,4.92638865128459,3.72250728869084,142.1078661,25.0110674734112,269,42,1160,-6.90775527898214,0,0,3.68263524958257,0,-5.51896403766366,"large",0.671068797561051,-0.399872871719749,"low_prod","Extremely hot and xeric","Hot and dry",0,"ok",0.198227269824924,0.310291622433553,0.259416374513711
"FWB_0088","FWB_0088_2009","SWD","lentic",-19.37131,140.78655,0.00436988378434467,0.0163710980174657,0.0295287418691119,0.0331539170343171,12,7,1,17,"lentic",-19.37131,140.78655,0.182321556793955,-2.14929514299649,1.84639567890951,14.78660249,22.40921481021,263,26,560,-6.90775527898214,0,0,-0.154305691841,0,-4.50895132824755,"large",-0.0125501372555473,-0.0778094569217774,"low_prod","Extremely hot and xeric","Hot and dry",0,"ok",0.789311623427428,0.528916890481547,0.593656841551299
"FWB_0089","FWB_0089_2011","Talwood","lentic",-28.497575,149.489341,0.0337466492700087,0.0143829374072243,0.0417290871274644,0.0218901268490166,7,13.1428571428571,2,14,"lentic",-28.497575,149.489341,-0.653926467406664,-5.3684903360702,4.6381471174342,143.7985199,38.9441101598878,198,36,584,-4.96184512992682,0,0,-3.81625838344377,0,-1.75440588268671,"small",-0.351762891354139,-1.27385532849413,"low_prod","Hot and dry","Hot and dry",0,"ok",0.298837750335969,0.344080435465755,0.324594662708225
"FWB_0090","FWB_0090_2008","Tate River @ Ootan","lotic",-17.475,144.62,0.0866162413834161,0.0154762142019224,0.0325920625992522,0.0459458570860673,4,3,2,13,"lotic",-17.475,144.62,0.939225703156651,6.63517567271671,3.33952542781412,94.77505798,43.311791815763,235,100,922,-6.90775527898214,0,0,5.26938282091778,0,-4.96041757793564,"small",-0.376638578557423,1.86289931516252,"low_prod","Hot and mesic","Hot and moist",0,"ok",0.151590184731975,0.585014949086506,0.340042870397376
"FWB_0095","FWB_0095_2008","Walsh River @ Rookwood","lotic",-16.9816667,144.2866667,0.0823710780746888,0.0367848678993656,0.00753983051108853,0.0729046856720155,5,2.8,2,18,"lotic",-16.9816667,144.2866667,2.6068292537448,5.73193041903225,4.97154306239555,139.0888254,35.2625576177706,253,54,1030,-6.90775527898214,2,0,6.75003541552357,0,-4.96041757793564,"large",0.762233882710858,0.666823846226845,"low_prod","Extremely hot and moist","Hot and moist",0,"ok",0.308711979067963,0.906272908722246,0.549545589153072
"FWB_0098","FWB_0098_1996","Wright's Creek","lotic",-17.26667,145.61667,0.0724244669046131,0.0535579375857783,0.0574091978933395,0.0259054118793516,5,3.8,1,13,"lotic",-17.26667,145.61667,0.398104753701872,5.69454693726573,4.97154306239555,139.0888254,116.493806526866,207,80,2199,-2.63108915996608,0,0,0.398111469596043,0,2.13877238575019,"small",-0.746191490178437,0.617320718142927,"low_prod","Hot and mesic","Hot and moist",0,"ok",0.425122363733446,0.310934804232173,0.379667859787268
"FWB_0103","FWB_0103_2014","Lake Lunz","lentic",47.854,16.061,0.0340641802090249,0.020221305116177,0.0440367522155233,0.0138894219498241,7,12,2,8,"lentic",47.854,16.061,-1.71479842809193,-3.29556690244777,4.94309498498673,1102.420941,96.3595952134607,93,377,660,2.46928526888504,71,46,-3.26990599598098,0,5.87104118197247,"small",-0.782091321575565,-0.503690313274152,"low_prod","Cool temperate and dry","Cool temperate and dry/xeric",0,"ok",0.372499296912232,0.2397779958707,0.303985585997629
"FWB_0107","FWB_0107_2013","Belgian Pond 1","lentic",51.038233,4.181906,0.0228638394789622,0.0259616771149017,0.0419860350105967,0.0358203949977982,4,10.25,4,10,"lentic",51.038233,4.181906,-0.415515443961666,-4.05294673352617,5.1208528932036,1478.620061,70.4777464204151,103,365,775,3.4251742910436,15,87,-2.10365227039489,0,7.08774913711967,"large",-0.255054668996844,-0.785083942999526,"high_prod","Cool temperate and moist","Cool and moist",0,"ok",0.531723552069174,0.460378338833094,0.487886933514121
"FWB_0108","FWB_0108_2013","Belgian Pond 2","lentic",50.984264,5.336256,0.0368486202413311,0.01605557609751,0.0342899044729718,0.0115121888568906,9,10.2222222222222,6,10,"lentic",50.984264,5.336256,-1.89711998488588,1.53579352511601,6.1125779416245,8488.206111,111.852715992236,98,344,806,1.77155676191054,12,40,1.92905605627003,0,6.48022860940605,"small",-0.856047606818498,1.2913324631945,"high_prod","Cool temperate and moist","Cool and moist",0,"ok",0.303483980640725,0.251346347294237,0.279290864309951
"FWB_0109","FWB_0109_2013","Belgian Pond 3","lentic",51.035481,4.177956,0.00719201568705268,0.0209438144126605,0.0386219774869085,0.0310469671553117,6,8.33333333333333,6,10,"lentic",51.035481,4.177956,-0.415515443961666,-4.05294673352617,5.1208528932036,1478.620061,70.3326972820644,103,365,775,3.4251742910436,15,87,-2.10365227039489,0,7.08774913711967,"large",-0.255054668996844,-0.785083942999526,"high_prod","Cool temperate and moist","Cool and moist",0,"ok",0.744382317437792,0.445635674757973,0.531577131128357
"FWB_0113","FWB_0113_2015","cp-02","lotic",-18.685274,-43.99679,0.0229241170517884,0.0257598881802611,0.021432257125196,0.027732243025629,16,4.0625,1,13,"lotic",-18.685274,-43.99679,3.27256823906497,5.36549557723204,6.51700399937468,1027.696902,17.4476550260152,219,80,1206,-2.50103603171788,2,0,6.42302617617477,0,0.7178446711872,"large",1.21689338286989,0.181591597894813,"high_prod","Hot and mesic","Hot and moist",0,"ok",0.529124258726826,0.564070476472923,0.546683171056922
"FWB_0114","FWB_0114_2015","cu-01","lotic",-17.992629,-44.179852,0.0244926817234172,0.0235207597087843,0.0200676606791297,0.0203906090622915,12,6.33333333333333,1,13,"lotic",-17.992629,-44.179852,2.13404809117071,6.05905707243119,4.20767074618669,581.3372152,80.6308677162693,229,210,1138,-4.50986000618377,2,0,5.62386951689811,0,0.390019774007027,"large",0.439352916145311,1.10000427398936,"low_prod","Hot and mesic","Hot and moist",0,"ok",0.489878646628514,0.503991129443076,0.496332309939176
"FWB_0116","FWB_0116_2011","Ilha_Grande_RJ_Rio_Andorinha_downstream","lotic",-23.11175,-44.11928,0.0239754531895458,0.0777878075929219,0.0409450770141237,0.0441968982489364,4,5.25,1,14,"lotic",-20.31188,-43.567074,1.07021281414641,5.61351055075359,5.74370044178681,468.3114622,73.3287622375809,183,92,1541,-2.1982250776698,0,0,2.42471511126079,0,2.24516888122118,"small",-0.287182296556394,0.510012505226243,"high_prod","Hot and dry","Hot and dry",341108.881609607,"check",0.764399715524088,0.519096463435136,0.65265536922756
"FWB_0117","FWB_0117_2015","jb-01","lotic",-19.464286,-43.904997,0.0219965079888593,0.0108232832561032,0.060137889150728,0.0134362658713794,17,5.23529411764706,1,13,"lotic",-19.464286,-43.904997,2.38609869322186,5.39425929498984,6.12616307920392,1750.971385,65.6281992377265,218,157,1327,-1.82015894374975,2,0,4.79341591019868,0,2.20893463508901,"large",0.611488247364119,0.219680452572056,"high_prod","Hot and mesic","Hot and moist",0,"ok",0.329779162070827,0.182622088793845,0.228016254482998
"FWB_0126","FWB_0126_2015","pp-01","lotic",-18.297749,-44.156156,0.0537077105442591,0.0248867346033632,0.0373828967143592,0.0206938892474658,13,4.38461538461539,1,13,"lotic",-18.297749,-44.156156,1.79541943005954,6.03004684017637,6.51700399937468,1027.696902,53.7905729478617,224,108,1130,-3.35240721749272,6,0,4.9307909722985,0,0.907455818711318,"large",0.208090002007453,1.06158898533262,"high_prod","Hot and mesic","Hot and moist",0,"ok",0.316647500426003,0.356319464046586,0.333505621342707
"FWB_0131","FWB_0131_2016","rv-01","lotic",-20.31188,-43.567074,0.0184177751500324,0.0506016360743558,0.0319519342277779,0.020332958853893,6,7.5,4,14,"lotic",-20.31188,-43.567074,1.07021281414641,5.61351055075359,5.74370044178681,468.3114622,73.3287622375809,183,92,1541,-2.1982250776698,0,0,2.42471511126079,0,2.24516888122118,"small",-0.287182296556394,0.510012505226243,"high_prod","Hot and dry","Hot and dry",0,"ok",0.733150793040605,0.388887834620455,0.584765687697907
"FWB_0132","FWB_0132_2016","rv-02","lotic",-20.019649,-43.829288,0.017228908230155,0.0573351183814162,0.0223606024169334,0.0151704014484334,17,5.35294117647059,1,14,"lotic",-20.019649,-43.829288,2.74142050057732,5.82997030939841,6.12616307920392,1750.971385,68.4813800341734,205,317,1412,2.13250826261653,0,36,6.00497292179734,0,6.36224678114622,"large",0.854151571715086,0.79664806325515,"high_prod","Hot and dry","Hot and dry",0,"ok",0.768938065537875,0.404209850150917,0.646821893186127
"FWB_0153","FWB_0153_2018","bw","lotic",42.6698465,-80.475411,0.167533352688198,0.00668395806240276,0.136356354810711,0.0238792230959911,4,3.25,2,10,"lotic",42.6698465,-80.475411,1.6064334034138,4.60602535222235,5.27166957966197,7657.739429,119.84238819878,81,135,967,0.615185639090233,56,0,1.60643540942984,0,3.84592615071928,"large",0.0790239651574855,-0.82409727986649,"low_prod","Cool temperate and moist","Cool and moist",0,"ok",0.0383656367648284,0.149025724548483,0.0913826197797039
"FWB_0155","FWB_0155_2014","Catamaran Brook","lotic",46.887595,-66.001731,0.0446627216098049,0.00599943553065087,0.00355172890130036,0.0411383885584574,7,22.1428571428571,2,7,"lotic",46.887595,-66.001731,3.23777608436868,5.8441494365443,3.40356031639835,930.4465595,35.6310507077704,42,8,1064,-4.42284862919414,0,0,6.40097149264192,0,-0.733948341963878,"large",1.19313244350404,0.815424033658458,"low_prod","Cold and mesic","Cold and wet/mesic",0,"ok",0.118420451660162,0.920525406886688,0.494354479604651
"FWB_0164","FWB_0164_2018","de","lotic",42.65916,-80.4676,0.0745452401355544,0.00781140634358151,0.0901518295546778,0.0307154995912763,5,4.4,3,10,"lotic",42.65916,-80.4676,1.6064334034138,4.60602535222235,5.27166957966197,7657.739429,119.132732067067,81,135,967,0.615185639090233,56,0,1.60643540942984,0,3.84592615071928,"large",0.0790239651574855,-0.82409727986649,"low_prod","Cool temperate and moist","Cool and moist",0,"ok",0.0948485237989921,0.254125741077521,0.189578546607772
"FWB_0166","FWB_0166_2018","ep2","lotic",42.8258333,-81.1202777,0.039000862945225,0.00705558263689808,0.0696296714088212,0.0085708827613694,6,4.16666666666667,3,7,"lotic",42.8258333,-81.1202777,0.0563803334361077,5.1825097387272,4.38113011254299,1941.634456,52.2876264744824,74,260,951,-1.73160554640831,72,0,0.056389785187281,0,2.68886806126387,"small",-0.979568620759794,-0.0607178653495072,"low_prod","Cold and mesic","Cold and wet/mesic",0,"ok",0.153194249962631,0.109601304649534,0.125759236336113
"FWB_0169","FWB_0169_2015","Fishing Lake","lentic",51.833,-103.533,0.119483632054809,0.0161500111357106,0.0129897726264895,0.0604704426093435,3,13.6666666666667,3,7,"lentic",51.833,-103.533,3.42263266238222,-5.71009641353716,4.75889072960575,938.6097831,69.5689656107213,7,31,433,-0.789658080940789,74,0,1.90330233471716,0,1.7063849337004,"large",1.3018384441866,-1.40077417440241,"low_prod","Cold and mesic","Cold and wet/mesic",0,"ok",0.119070834903588,0.823172684904505,0.366440479513373
"FWB_0170","FWB_0170_2020","Five Fingers River 10-sediment_traps","lotic",47.568169,-67.373425,0.0381141615946194,0.0290264528145305,0.101836786251221,0.0199899707256788,3,6,4,7,"lotic",47.568169,-67.373425,2.37602141106723,5.24988506069325,1.60632598199739,572.9540348,63.2177222361424,23,69,1004,-2.07944154167984,7,0,3.75258192273198,0,1.83130224589793,"large",0.604606072565261,0.0285003945710471,"low_prod","Cold and mesic","Cold and wet/mesic",0,"ok",0.432323312349296,0.164085224147182,0.259390937073849
"FWB_0171","FWB_0171_2020","Five Fingers River 11-sediment_traps","lotic",47.5675,-67.3729,0.0195521467557308,0.0628111223241702,0.0618906357863681,0.021481319878515,5,6.2,3,7,"lotic",47.5675,-67.3729,2.37602141106723,5.24988506069325,1.60632598199739,572.9540348,63.3251848844072,23,69,1004,-2.07944154167984,7,0,3.75258192273198,0,1.83130224589793,"large",0.604606072565261,0.0285003945710471,"low_prod","Cold and mesic","Cold and wet/mesic",0,"ok",0.762610846143525,0.25765642304062,0.508597024757333
"FWB_0175","FWB_0175_2020","Five Fingers River 3-sediment_traps","lotic",47.545667,-67.358251,0.015748227885778,0.0695082314406978,0.108155623563792,0.0309606828579476,3,8,4,7,"lotic",47.545667,-67.358251,1.11382925447297,5.89783787503741,1.60632598199739,572.9540348,66.8697850139048,23,170,1010,-3.2188758248682,16,0,2.89558094427279,0,2.22646078170185,"small",-0.257394903306392,0.886518151214166,"low_prod","Cold and mesic","Cold and wet/mesic",0,"ok",0.815284049910251,0.222552507713138,0.447776778806518
"FWB_0176","FWB_0176_2020","Five Fingers River 4-sediment_traps","lotic",47.535488,-67.353338,0.0133862494794233,0.0320670141326679,0.10597970664269,0.0361033692213073,3,10,10,7,"lotic",47.535488,-67.353338,0.529451087889156,6.39326818828272,1.60632598199739,572.9540348,68.5393196690766,23,155,1016,-3.47376807449699,7,0,2.385271380253,0,1.8995684848618,"small",-0.656489880439312,1.54256593206067,"low_prod","Cold and mesic","Cold and wet/mesic",0,"ok",0.705494206232038,0.254100419784448,0.363504926802024
"FWB_0177","FWB_0177_2020","Five Fingers River 5-sediment_traps","lotic",47.530931,-67.341241,0.0110136030322878,0.0631410366714028,0.0952871252504984,0.0122443677498799,3,8,4,7,"lotic",47.530931,-67.341241,0.529451087889156,6.39326818828272,1.60632598199739,572.9540348,69.287931887666,23,155,1016,-3.47376807449699,7,0,2.385271380253,0,1.8995684848618,"small",-0.656489880439312,1.54256593206067,"low_prod","Cold and mesic","Cold and wet/mesic",0,"ok",0.851477897050053,0.113867736866973,0.414921069094859
"FWB_0179","FWB_0179_2020","Five Fingers River 7-fishway","lotic",47.55207,-67.377902,0.0825248790625938,0.0307927264729704,0.073051229312506,0.0336433986345449,4,10.75,8,7,"lotic",47.55207,-67.377902,0.235072122179483,5.6442279792784,1.60632598199739,572.9540348,65.8954315155162,23,207,1010,-2.37515578582888,16,0,0.235080027286578,0,2.60209765837909,"small",-0.857532926374984,0.550688459600134,"low_prod","Cold and mesic","Cold and wet/mesic",0,"ok",0.271738238091399,0.315324204056844,0.292875191927029
"FWB_0188","FWB_0188_2018","ht","lotic",42.853727,-80.82142,0.0255575496641187,0.0632155783205051,0.089202932337559,0.0632288596115324,4,3.5,2,7,"lotic",42.853727,-80.82142,2.05065619024808,4.34006052592984,4.38113011254299,1941.634456,85.6666209624031,75,149,948,0.182321556793955,81,0,2.05065747675182,0,2.97812873648546,"large",0.382401286712708,-1.17628734455886,"low_prod","Cold and mesic","Cold and wet/mesic",0,"ok",0.712102634610943,0.414800999207891,0.524219978459748
"FWB_0191","FWB_0191_2018","jw","lotic",42.75722,-81.0625,0.0972813497391561,0.0230545113590069,0.0516480450575305,0.050297059283237,5,4.8,3,7,"lotic",42.75722,-81.0625,1.44597736328106,4.76524686569405,4.38113011254299,1941.634456,59.6148948327988,75,272,952,1.13847382209324,74,6,1.44597971843609,0,4.33091766540268,"large",-0.0305578148086711,-0.613256485947583,"low_prod","Cold and mesic","Cold and wet/mesic",0,"ok",0.191584712558797,0.493373954624748,0.329994835578472
"FWB_0193","FWB_0193_2018","kc","lotic",42.82718,-81.1471,0.0605463023845739,0.0712886891795068,0.0513257107804415,0.0463885256703717,6,3.83333333333333,2,7,"lotic",42.82718,-81.1471,0.353469812989784,6.15813970462148,4.38113011254299,1941.634456,49.302684267424,75,295,948,-3.38139475436598,70,0,2.932420200022,0,2.13322043191303,"small",-0.776674457649579,1.23120928755237,"low_prod","Cold and mesic","Cold and wet/mesic",0,"ok",0.540741788911601,0.474736613162018,0.512644785902932
"FWB_0205","FWB_0205_2021","MacDougal Brook 17-culverts","lotic",47.837775,-67.714379,0.0195503751224296,0.0871164751271024,0.0371561117161883,0.0508094940976806,3,10,7,7,"lotic",47.837775,-67.714379,1.03992329231943,6.42389086516748,1.60632598199739,572.9540348,45.0022230540872,17,0,1050,-6.90775527898214,0,0,3.23344951093054,0,-11.5129254649702,"small",-0.307868209740956,1.58311641651171,"low_prod","Cold and mesic","Cold and wet/mesic",0,"ok",0.816715548676142,0.577606368166112,0.708648351947293
"FWB_0211","FWB_0211_2015","Nashwaak River","lotic",46.263664,-66.644247,0.0440237926707392,0.00771307356839694,0.0398443289860841,0.0256255676055417,7,18.5714285714286,1,7,"lotic",46.263664,-66.644247,2.54325417117407,5.96830038630345,4.67111928522993,1436.104428,66.3718649719687,46,56,1077,-3.24419363285249,1,0,5.57575594055223,0,1.11645548118532,"large",0.718815942795147,0.979824460725484,"low_prod","Cold and mesic","Cold and wet/mesic",0,"ok",0.149082735949755,0.391409929442587,0.284442982373613
"FWB_0212","FWB_0212_2015","Newburn Lake","lentic",51.693,-103.177,0.0696347740421288,0.0136315300900341,0.0457775205722258,0.0280485962960689,3,13.6666666666667,9,7,"lentic",51.693,-103.177,0.418710334858185,-1.71217090439687,4.75889072960575,938.6097831,110.365834065599,7,30,431,-4.60517018598809,44,0,3.16209423413915,0,-1.26227304627414,"large",0.0833377884849283,0.0845977938302637,"low_prod","Cold and mesic","Cold and wet/mesic",0,"ok",0.163710041319928,0.379927828875347,0.26532232504063
"FWB_0213","FWB_0213_2022","Nicolet - site 10","lotic",46.234548,-72.641292,0.0647281445573643,0.0291801718413881,0.0124015061074751,0.0577914173993274,3,6,6,7,"lotic",46.234548,-72.641292,3.90636704057199,5.44635412399004,2.36610443212954,561.0762125,10.6132063374865,53,330,1004,1.30806251285032,58,17,7.33135889194039,0,5.31935947047363,"large",1.6497396674479,0.288664315782369,"low_prod","Cold and mesic","Cold and wet/mesic",0,"ok",0.310730433260922,0.823322558914742,0.529987398576453
"FWB_0214","FWB_0214_2022","Nicolet - site 11","lotic",46.24927,-72.651916,0.02113782782509,0.0576728656682082,0.00439784355249774,0.0298870285498037,4,7.5,6,7,"lotic",46.24927,-72.651916,3.90636704057199,5.44635412399004,2.36610443212954,561.0762125,10.5228746495949,53,330,1004,1.30806251285032,58,17,7.33135889194039,0,5.31935947047363,"large",1.6497396674479,0.288664315782369,"low_prod","Cold and mesic","Cold and wet/mesic",0,"ok",0.731789851247947,0.871726412180417,0.774211559550472
"FWB_0215","FWB_0215_2022","Nicolet - site 7","lotic",46.224836,-72.618709,0.0268780693985903,0.0248481361103792,0.0120113574089918,0.0377181335377951,3,9.66666666666667,7,7,"lotic",46.224836,-72.618709,3.90636704057199,5.44635412399004,2.36610443212954,561.0762125,9.86827799617763,53,330,1004,1.30806251285032,58,17,7.33135889194039,0,5.31935947047363,"large",1.6497396674479,0.288664315782369,"low_prod","Cold and mesic","Cold and wet/mesic",0,"ok",0.480378095897068,0.758466109740706,0.61668562568548
"FWB_0216","FWB_0216_2022","Nicolet - site 9","lotic",46.230452,-72.629703,0.0510200165764471,0.0233147379060738,0.0212097483312899,0.0219240108253411,5,6.8,6,7,"lotic",46.230452,-72.629703,3.90636704057199,5.44635412399004,2.36610443212954,561.0762125,10.0322046847798,53,330,1004,1.30806251285032,58,17,7.33135889194039,0,5.31935947047363,"large",1.6497396674479,0.288664315782369,"low_prod","Cold and mesic","Cold and wet/mesic",0,"ok",0.313645186136399,0.508279622597435,0.385113826079237
"FWB_0217","FWB_0217_2022","Nicolet - site A","lotic",46.21854,-72.6074,0.0221859926270871,0.0624870403915306,0.0121754190177041,0.0424729600239443,4,8.5,6,7,"lotic",46.21854,-72.6074,3.90636704057199,5.44635412399004,2.36610443212954,561.0762125,10.0155860481161,53,330,1004,1.30806251285032,58,17,7.33135889194039,0,5.31935947047363,"large",1.6497396674479,0.288664315782369,"low_prod","Cold and mesic","Cold and wet/mesic",0,"ok",0.737980419076179,0.777204388653047,0.75336589590459
"FWB_0218","FWB_0218_2022","Nicolet - site C","lotic",46.1888,-72.567,0.0353616934946507,0.0161623237842247,0.0367193728400023,0.0260334580817321,7,5.57142857142857,5,7,"lotic",46.1888,-72.567,3.66607131478793,5.21539480373206,2.36610443212954,561.0762125,13.5507112878318,52,173,1013,-0.901402119380404,68,0,6.60878845253052,0,2.98643973131045,"large",1.4856322064393,-0.0171715312987898,"low_prod","Cold and mesic","Cold and wet/mesic",0,"ok",0.31368524113222,0.414857110019485,0.369241736452893
"FWB_0219","FWB_0219_2022","Nicolet - site GL","lotic",46.227356,-72.624696,0.0371471195167041,0.0330148418748022,0.0324970691664698,0.0470632948817608,4,6.75,6,7,"lotic",46.227356,-72.624696,3.90636704057199,5.44635412399004,2.36610443212954,561.0762125,9.9925154786115,53,330,1004,1.30806251285032,58,17,7.33135889194039,0,5.31935947047363,"large",1.6497396674479,0.288664315782369,"low_prod","Cold and mesic","Cold and wet/mesic",0,"ok",0.470551866282332,0.59154197501196,0.534844329470387
"FWB_0221","FWB_0221_2019","northwest_miramichi","lotic",46.962445,-65.652223,0.0240466905686,0.0113221328280834,0.0148187386497054,0.0126346714615546,15,21,1,7,"lotic",46.962445,-65.652223,2.35070836817577,7.31258266935482,3.40356031639835,930.4465595,76.0513453133607,46,194,1063,-2.91877123241786,0,0,7.50850424135918,0,2.87084965791518,"large",0.587318793793389,2.7599202381723,"low_prod","Cold and mesic","Cold and wet/mesic",0,"ok",0.320116185407092,0.460222296987889,0.381342765958948
"FWB_0223","FWB_0223_2018","pf","lotic",42.841388,-80.995833,0.0693220232377844,0.015321484314981,0.108914233320016,0.0187106339324447,3,6.33333333333333,3,7,"lotic",42.841388,-80.995833,1.77596878332173,4.36500706767381,4.38113011254299,1941.634456,66.1869107912092,74,138,954,-0.45886588483528,78,0,1.77597047651366,0,2.61080555141696,"large",0.194806385577314,-1.14325318634654,"low_prod","Cold and mesic","Cold and wet/mesic",0,"ok",0.181011925875471,0.146606490845019,0.160325900071798
"FWB_0225","FWB_0225_2018","pvtf","lotic",42.7097,-81.05527,0.0411596318261505,0.0840200665743296,0.079570988518982,0.0427973138996133,4,4.25,3,7,"lotic",42.7097,-81.05527,2.03614252353468,5.20200478061661,4.38113011254299,1941.634456,62.0423384795275,76,140,951,-0.703197516413447,67,0,4.01978282046386,0,2.80855956894695,"large",0.372489329325662,-0.0349025718014093,"low_prod","Cold and mesic","Cold and wet/mesic",0,"ok",0.671195630345178,0.349741829000888,0.512294100757572
"FWB_0229","FWB_0229_2018","sc","lotic",42.61735,-81.4682,0.0344729969186818,0.0589167626262626,0.00455786524588143,0.0694551537165319,5,4.4,3,8,"lotic",42.61735,-81.4682,0.135404637006203,5.0343038183066,4.38113011254299,1941.634456,34.272216147757,80,164,932,-1.10563690360507,68,0,0.135413370592519,0,3.21775559764792,"small",-0.92559979640994,-0.256971834072872,"low_prod","Cool temperate and dry","Cool temperate and dry/xeric",0,"ok",0.630869625463685,0.938418060636115,0.766844597726628
"FWB_0235","FWB_0235_2013","Stoney Lake","lentic",51.788,-103.364,0.0598912817566272,0.0260221253871082,0.0175311080547182,0.0553032374833094,3,18.6666666666667,6,7,"lentic",51.788,-103.364,1.05431202977153,-3.13359098634408,4.75889072960575,938.6097831,88.0410622718319,6,32,435,-5.52146091786225,39,0,2.49592983726786,0,-1.27650765550918,"large",0.341161060052461,-0.443510481319013,"low_prod","Cold and mesic","Cold and wet/mesic",0,"ok",0.302887829178658,0.759301632695182,0.512293002556377
"FWB_0241","FWB_0241_2018","wa","lotic",42.82023,-80.6831,0.16019765717339,0.0078234266230317,0.143107309140537,0.0145626083815899,3,5.33333333333333,3,7,"lotic",42.82023,-80.6831,1.99197551589856,4.49389922634555,4.38113011254299,1941.634456,100.956590098486,77,183,951,0.782073389754347,69,0,1.99197688015411,0,3.51044064967168,"large",0.342325931870873,-0.972574460389698,"low_prod","Cold and mesic","Cold and wet/mesic",0,"ok",0.0465621721171061,0.0923613623349943,0.0687339684363168
"FWB_0243","FWB_0243_2018","wh","lotic",43.30021,-80.5602,0.0423155050885938,0.0299548816071143,0.0803663133845476,0.00961342359758241,5,3.6,2,7,"lotic",43.30021,-80.5602,0.763605644208507,4.99951070022575,4.55083351385252,1104.325387,34.2182779352867,67,156,932,-1.33941077522104,66,0,0.763610304029896,0,2.56641059702311,"small",-0.496576467099224,-0.303044808001642,"low_prod","Cold and mesic","Cold and wet/mesic",0,"ok",0.414483483162174,0.106839872175795,0.243872265288765
"FWB_0244","FWB_0244_2013","Whitesand Lake","lentic",51.764,-103.345,0.0419590192834998,0.0372943504366292,0.00554360033243713,0.0405797758472434,3,21,7,7,"lentic",51.764,-103.345,1.66959183525385,-3.72505952214962,4.75889072960575,938.6097831,90.3142348259902,6,31,434,-5.11599580975408,54,0,2.59316371638886,0,-1.777797394212,"large",0.590741030729716,-0.663262145317897,"low_prod","Cold and mesic","Cold and wet/mesic",0,"ok",0.47057116395591,0.879809311641862,0.621120972034982
"FWB_0252","FWB_0252_2019","imperial01","lotic",-38.63686,-72.433866,0.0746607245869788,0.0101062607559461,0.0946380893316386,0.00973931132066587,7,5.28571428571429,2,11,"lotic",-38.63686,-72.433866,3.30725293548561,5.85567008067177,5.06662060686287,1218.60447,21.3775434915796,122,194,1411,-0.850971265753513,21,0,6.94995713066147,0,3.66348497652394,"large",1.24058093472655,0.830679646429192,"low_prod","Warm temperate and mesic","Warm temperate",0,"ok",0.119224020000962,0.0933086210214112,0.1049228713408
"FWB_0254","FWB_0254_2019","imperial03","lotic",-38.781169,-72.938739,0.0701622089606361,0.0121154295586233,0.0087256566103923,0.0134173001507944,7,6.85714285714286,2,11,"lotic",-38.781169,-72.938739,1.16377561457452,5.6768410954188,3.53719841546092,174.1731569,39.0391963546319,128,122,974,-1.14570389620196,23,0,2.7214934345634,0,3.78273425718932,"small",-0.223284557331064,0.593874679535376,"low_prod","Warm temperate and mesic","Warm temperate",0,"ok",0.147250574720705,0.605939861397053,0.244518139748615
"FWB_0267","FWB_0267_2019","valdivia03","lotic",-39.785397,-73.004671,0.0370228579901838,0.0145010648846034,0.0457041290351603,0.0242683527573399,8,4.5,1,11,"lotic",-39.785397,-73.004671,1.37143449821287,8.56221557497324,3.60412682777076,336.4621163,50.7255769103226,125,230,1692,-3.17008566069877,13,0,8.16182168620348,0,4.8252932602508,"large",-0.0814660874495311,4.41468150869999,"low_prod","Warm temperate and mesic","Warm temperate",0,"ok",0.281443338851424,0.346827097391035,0.319099299671555
"FWB_0268","FWB_0268_2019","valdivia05","lotic",-39.771736,-72.459847,0.0368581331801502,0.0415325503298947,0.0713386399664133,0.0346547640290753,6,7.33333333333333,1,10,"lotic",-39.771736,-72.459847,3.68524786787989,6.03903547055322,5.12997534689801,2838.616787,9.38837691086086,105,85,2202,-1.75446368448436,7,0,7.67886208063495,0,2.48665595219932,"large",1.49872863347124,1.07349171080971,"low_prod","Cool temperate and moist","Cool and moist",0,"ok",0.529814876847869,0.326952081193187,0.413198966297369
"FWB_0272","FWB_0272_2009","caro","lentic",-45.8041109,-72.5489798,0.0201780520875043,0.0618093477753494,0.00659417685907156,0.0294769668699247,5,6.4,1,10,"lentic",-45.8041109,-72.5489798,2.58550584834412,-2.93402347158257,4.58014694722941,2384.914772,65.7549569481287,80,23,1742,-0.514164525031505,0,0,5.86679381123504,0,1.91736516130158,"large",0.962269220820014,-0.369364029235578,"low_prod","Cool temperate and moist","Cool and moist",0,"ok",0.753888376491295,0.817189692996323,0.773229212117571
"FWB_0277","FWB_0277_2009","monreal2","lentic",-45.8725212,-72.0208877,0.00828629296965517,0.0869991885489099,0.0286355827476096,0.0360181454888028,3,10.3333333333333,6,7,"lentic",-45.8725212,-72.0208877,0.72270598280149,-3.36918459873413,4.58014694722941,2384.914772,58.9658478321016,62,23,882,-1.06421086195078,1,0,1.5166667067055,0,2.05591827638635,"large",0.206649530920921,-0.531041914043008,"low_prod","Cold and mesic","Cold and wet/mesic",0,"ok",0.913037192680391,0.557093093798073,0.769150568057526
"FWB_0278","FWB_0278_2007","palos","lentic",-45.3209332,-72.7027331,9.31183282610252e-05,0.104010435834499,0.0418338737003433,0.050714892947938,3,4,4,10,"lentic",-45.3209332,-72.7027331,1.56861591791385,-2.15957418717249,4.58014694722941,2384.914772,70.2037756630175,93,1,2573,-2.86470401114759,0,0,4.06476143135128,0,-0.029418512082669,"large",0.549781509119753,-0.081628488578157,"low_prod","Cool temperate and moist","Cool and moist",0,"ok",0.999105522102392,0.547980213941401,0.786796352793156
"FWB_0286","FWB_0286_2012","a1","lotic",22.509437,112.352614,0.0224919800010378,0.0240182009164645,0.0304785160225005,0.0142514541606735,17,4.52941176470588,1,13,"lotic",22.509437,112.352614,0.25619140536041,6.57163397459566,5.10379908599664,301.3203383,26.6110185914899,224,110,1530,-0.991553216374702,23,62,2.65668743061704,0,4.75619894053106,"small",-0.843109732080393,1.77875753189039,"low_prod","Hot and mesic","Hot and moist",0,"ok",0.516407385279084,0.318610857604248,0.419438751640278
"FWB_0289","FWB_0289_2012","a4","lotic",22.487514,112.320093,0.0563991684283423,0.00568411973310923,0.0477562562831152,0.0169360189335159,9,5.22222222222222,2,13,"lotic",22.487514,112.320093,0.159564569671338,5.91539809267214,5.10379908599664,301.3203383,28.4071914468963,222,88,1566,-0.874669057183336,27,0,1.45372167442657,0,4.75619894053106,"small",-0.909100022246761,0.909771354545592,"low_prod","Hot and mesic","Hot and moist",0,"ok",0.091556357619579,0.261793527539467,0.178426646775492
"FWB_0290","FWB_0290_2012","a5","lotic",22.488044,112.308298,0.0358200926650103,0.0137601619087109,0.0317944617658881,0.0206862663299275,13,4.53846153846154,1,13,"lotic",22.488044,112.308298,0.159564569671338,5.91539809267214,5.10379908599664,301.3203383,29.6194695535382,222,88,1566,-0.874669057183336,27,0,1.45372167442657,0,4.75619894053106,"small",-0.909100022246761,0.909771354545592,"low_prod","Hot and mesic","Hot and moist",0,"ok",0.277533103188303,0.394168813591152,0.337508294919837
"FWB_0291","FWB_0291_2012","a6","lotic",22.488044,112.308298,0.0469769613863069,0.0115157139395988,0.044344209881497,0.0151104164566634,9,4,1,13,"lotic",22.488044,112.308298,0.159564569671338,5.91539809267214,5.10379908599664,301.3203383,29.6194695535382,222,88,1566,-0.874669057183336,27,0,1.45372167442657,0,4.75619894053106,"small",-0.909100022246761,0.909771354545592,"low_prod","Hot and mesic","Hot and moist",0,"ok",0.196874461211362,0.254150389756379,0.225745990121062
"FWB_0292","FWB_0292_2012","a9","lotic",22.488935,112.273781,0.0594802706406618,0.0302752071491786,0.0792994471335306,0.0357575374728322,4,6,5,14,"lotic",22.488935,112.273781,0.940397807217388,5.34646262510399,5.10379908599664,301.3203383,33.1814519828405,196,84,1765,0.630739720431328,26,0,0.940401711934482,0,4.74664379306385,"small",-0.375838102307511,0.156388202638731,"low_prod","Hot and dry","Hot and dry",0,"ok",0.337307626171486,0.310781110726717,0.322405891953354
"FWB_0295","FWB_0295_2022","vytopa","lentic",48.87061,17.0642639,0.0354625024043867,0.0522989465181378,0.0395367658498881,0.0408312676744462,3,9.66666666666667,4,8,"lentic",48.87061,17.0642639,0.131028262406404,-0.335807116866236,5.23849418430559,1574.477633,64.2003367297725,94,208,609,1.30019166206648,48,9,3.74137726028582,0,5.48297373720821,"large",-0.0333565716535516,0.595966048044729,"high_prod","Cool temperate and dry","Cool temperate and dry/xeric",0,"ok",0.595921639401227,0.508053586530558,0.553919591241351
"FWB_0300","FWB_0300_2008","Batts_Bridge_Stream_Site_A_Cackle_Street","lotic",51.017806,0.075281,0.0830391946443141,0.00850722354476794,0.0161799886638669,0.0346618245871079,6,12.1666666666667,3,10,"lotic",51.017806,0.075281,0.084341148433751,5.02139066597121,6.8304659864214,383.9539256,49.4955073751397,98,229,704,0.309688152714396,10,4,0.084350339567983,0,4.70595634521217,"small",-0.960473073629182,-0.274071403289518,"high_prod","Cool temperate and moist","Cool and moist",0,"ok",0.0929279781017421,0.68175822951089,0.303178483890709
"FWB_0301","FWB_0301_2008","Batts_Bridge_Stream_Site_B_Old_Forge_Lane","lotic",51.013064,0.078184,0.0492171566974363,0.00894723595825604,0.0139930101388344,0.0182078738441911,8,13.375,1,10,"lotic",51.013064,0.078184,0.084341148433751,5.02139066597121,6.8304659864214,383.9539256,49.4801230768117,98,229,704,0.309688152714396,10,4,0.084350339567983,0,4.70595634521217,"small",-0.960473073629182,-0.274071403289518,"high_prod","Cool temperate and moist","Cool and moist",0,"ok",0.153826689315227,0.565446397489872,0.300503808681002
"FWB_0302","FWB_0302_2008","Batts_Bridge_Stream_Site_C_Batts_Bridge","lotic",50.993945,0.066774,0.0496330349931615,0.0166484446957345,0.0349457038782149,0.0250105351885046,5,9.8,3,10,"lotic",50.993945,0.066774,0.084341148433751,5.02139066597121,6.8304659864214,383.9539256,51.9304511256515,98,229,704,0.309688152714396,10,4,0.084350339567983,0,4.70595634521217,"small",-0.960473073629182,-0.274071403289518,"high_prod","Cool temperate and moist","Cool and moist",0,"ok",0.251177927437302,0.417146498476544,0.330004219775922
"FWB_0308","FWB_0308_2006","Hucks Farm Middle Lake","lentic",52.219124,-2.345661,0.0348864486511864,0.0180005565433829,0.00390340022924201,0.0390890266087593,6,32.1666666666667,7,10,"lentic",52.219124,-2.345661,-1.66073120682165,-4.31673839464576,5.74345478197933,8672.27107,33.8114054041616,96,410,647,3.17605182767727,62,31,-3.81625838344377,0,6.56836159308064,"small",-0.760159681078022,-0.883091956901925,"high_prod","Cool temperate and moist","Cool and moist",0,"ok",0.340358779574671,0.909207260061166,0.595430969311006
"FWB_0309","FWB_0309_2006","Hucks Farm Top  Lake","lentic",52.219607,-2.34395,0.0195982887688177,0.0254809574368766,0.0179756502550273,0.0345340888668532,6,30.1666666666667,29,10,"lentic",52.219607,-2.34395,-1.66073120682165,-4.31673839464576,5.74345478197933,8672.27107,33.7877136264964,96,410,647,3.17605182767727,62,31,-3.81625838344377,0,6.56836159308064,"small",-0.760159681078022,-0.883091956901925,"high_prod","Cool temperate and moist","Cool and moist",0,"ok",0.565248081580785,0.657670166418005,0.614977664766967
"FWB_0311","FWB_0311_2008","Millstream_Frome_River","lotic",50.678097,-2.179381,0.0299379581223275,0.020738436218414,0.00323213899085477,0.00638933896984883,6,31.3333333333333,5,10,"lotic",50.678097,-2.179381,2.06686275947298,5.45832844211236,6.30828738103638,487.7141237,65.9324400787407,100,247,800,-0.605136303237232,24,0,4.43199479520926,0,3.57520698972167,"large",0.393469394222649,0.30452068270477,"high_prod","Cool temperate and moist","Cool and moist",0,"ok",0.40923267111254,0.664070426180303,0.449896060223218
"FWB_0312","FWB_0312_2005","River Cam West","lotic",52.247102,0.185005,0.085524371944609,0.0152223872335377,0.030081554797167,0.0282206603714377,8,12.625,1,10,"lotic",52.247102,0.185005,1.94333540868284,5.02552554459963,6.83554142559081,814.9419564,16.7275774263714,97,423,547,2.92643578455133,66,56,4.52500091197204,0,7.13341726437736,"large",0.309107677687151,-0.268596005689258,"high_prod","Cool temperate and moist","Cool and moist",0,"ok",0.151095552429836,0.484040962934704,0.273142582549843
"FWB_0319","FWB_0319_2013","001_Aulne","lotic",48.336464,-3.6805324,0.0712331023599173,0.0207286650109146,0.0222226132214583,0.038903577971859,5,5,5,10,"lotic",48.336464,-3.6805324,1.5999934536061,6.04125791187349,4.42146975602532,745.1427224,79.2542454120298,109,112,996,-2.06356819252355,35,0,4.2812944196673,0,2.77183906631798,"large",0.0746258685683089,1.07643466294091,"low_prod","Cool temperate and moist","Cool and moist",0,"ok",0.225405248328114,0.636446950355908,0.389529284615717
"FWB_0320","FWB_0320_2013","002_Sarre","lotic",48.0078219,-3.129124,0.0375285347803589,0.015345319448139,0.0247827539328652,0.0455813160331777,9,3.55555555555556,1,10,"lotic",48.0078219,-3.129124,0.743840294875463,5.84053055344534,4.42146975602532,745.1427224,14.4547247505903,109,55,916,-2.1803674602698,59,0,2.82185555849731,0,3.47577936050457,"small",-0.510075006386221,0.810631916255179,"low_prod","Cool temperate and moist","Cool and moist",0,"ok",0.290225096544375,0.647792489194767,0.494382195087441
"FWB_0321","FWB_0321_2013","003_Grande Vallée","lotic",49.638944,-1.831727,0.070324994392711,0.0227679837129821,0.0647605870495675,0.045781092936935,3,5,5,10,"lotic",49.638944,-1.831727,-0.20334092401803,5.46719133015896,5.27299039647049,9417.570433,191.608081442316,107,136,940,-1.07587280169862,50,0,-0.208242623625355,0,3.72463286503933,"small",-1.15694254612483,0.316256900452071,"low_prod","Cool temperate and moist","Cool and moist",0,"ok",0.244572514235526,0.414152317411179,0.336627749382826
"FWB_0322","FWB_0322_2014","004_Couesnon","lotic",48.3780983,-1.5039129,0.0470405022875678,0.0237178577490448,0.0470345831589966,0.0220900614583022,9,5,5,11,"lotic",48.3780983,-1.5039129,1.68380299438941,5.88931088059642,4.77998987567694,3326.549151,90.4450275499445,112,144,730,-0.944175935363691,47,0,4.71850788911158,0,3.71676233822578,"large",0.13186272079016,0.875226723074331,"low_prod","Warm temperate and mesic","Warm temperate",0,"ok",0.335195130819489,0.319568535659047,0.327473085959811
"FWB_0329","FWB_0329_2013","011_Gartempe","lotic",46.7569367,0.859382,0.0729188018519837,0.0115737583763512,0.0292470856570486,0.028996126573855,12,4,1,11,"lotic",46.7569367,0.859382,2.85612531916757,5.25082176459168,4.7940304934811,2657.084495,55.3944561056826,115,116,739,-0.640554730440775,80,0,6.48770838652865,19,3.12978271894732,"large",0.932488031853435,0.0297407759071286,"low_prod","Warm temperate and mesic","Warm temperate",0,"ok",0.136979615069941,0.497845593730316,0.284230674982278
"FWB_0330","FWB_0330_2013","012_l’Anglin","lotic",46.6664803,0.9072097,0.0720460461197033,0.0118743187614381,0.0556004480764653,0.0307124987281825,9,4.66666666666667,1,11,"lotic",46.6664803,0.9072097,3.18866400945996,4.34790821533617,6.08151833786387,3040.059655,55.4248068714342,115,110,761,0.0478373294141601,86,0,5.47547565826747,0,2.96434531625485,"large",1.15959186390431,-1.16589545072001,"high_prod","Warm temperate and mesic","Warm temperate",0,"ok",0.141495080225831,0.355827252633306,0.250167356012118
"FWB_0331","FWB_0331_2014","013_Bléou","lotic",44.7059497,1.3771011,0.0316049487473966,0.0558338885243625,0.0920779004620743,0.0252500028533308,3,5,5,11,"lotic",44.7059497,1.3771011,0.34571510370239,5.00351789347025,5.2333987395794,5259.649283,73.817138046421,119,61,838,-1.29828348379718,6,0,0.345722180818183,0,2.84071513512654,"small",-0.781970455519959,-0.297738491118736,"low_prod","Warm temperate and mesic","Warm temperate",0,"ok",0.638547929804136,0.215208847510492,0.395981745595925
"FWB_0332","FWB_0332_2014","014_Nahon","lotic",47.0077488,1.4573622,0.0501477481183694,0.0170462346169206,0.03610351864511,0.0123401035437204,7,5,5,10,"lotic",47.0077488,1.4573622,0.960498986538475,4.55261255284099,4.7940304934811,2657.084495,27.4960639292948,109,148,719,-0.549913012474038,79,0,0.960502813549905,0,2.69496563700081,"small",-0.362110211430973,-0.894826396688998,"low_prod","Cool temperate and moist","Cool and moist",0,"ok",0.253686921402978,0.254731231608144,0.25412441030687
"FWB_0333","FWB_0333_2014","015_Vendinelle","lotic",43.5397629,1.8041326,0.0745647131816501,0.00998291309327346,0.0590412835989757,0.0229679771264806,6,5,5,11,"lotic",43.5397629,1.8041326,1.22817749302275,4.65950914379905,5.22638461642103,1074.082287,58.4198501124076,127,172,756,0.264669298142708,98,0,1.92103326948883,0,3.83165879607848,"small",-0.179301965789586,-0.753274155327932,"low_prod","Warm temperate and mesic","Warm temperate",0,"ok",0.11807443370216,0.280065652626364,0.197835651309206
"FWB_0334","FWB_0334_2013","017_l’Indre","lotic",46.7451568,1.8254107,0.0538103840917701,0.0236364268968463,0.0481734583461618,0.0240298963081319,8,4.875,4,10,"lotic",46.7451568,1.8254107,2.78210579093162,4.17513213397991,5.83015831728674,2332.666287,49.7874005842733,109,167,747,0.677017798630062,83,0,4.45940437138776,0,3.67794514180977,"large",0.881937166646736,-1.39468517497938,"high_prod","Cool temperate and moist","Cool and moist",0,"ok",0.305195612254719,0.332808585185354,0.318518345771282
"FWB_0335","FWB_0335_2010","024_Mauldre, Beynes","lotic",48.8434477,1.8796234,0.0288263583245892,0.0348060457965852,0.053739873936974,0.0247934279482768,10,10.9,1,10,"lotic",48.8434477,1.8796234,0.571544358800696,5.35703024056295,5.79433044615551,7415.941657,48.2965630180394,106,335,625,1.17062282464438,60,34,2.60970281364871,0,5.92179290066256,"small",-0.627742719863315,0.170381816847111,"high_prod","Cool temperate and moist","Cool and moist",0,"ok",0.546986182233575,0.315705915237129,0.41922539140465
"FWB_0336","FWB_0336_2009","026_Ru des Vaux, Auffargis","lotic",48.6991596,1.9117367,0.0122445070506073,0.025154601199414,0.044726403839443,0.0355568797633518,3,18.3333333333333,16,10,"lotic",48.6991596,1.9117367,1.11218640869523,4.39455301793704,5.79433044615551,7415.941657,55.9295657373287,103,228,649,1.51358758677727,41,0,1.56444263855139,0,4.86744990842047,"small",-0.258516867704778,-1.10412850102759,"high_prod","Cool temperate and moist","Cool and moist",0,"ok",0.672598956939025,0.442892694066564,0.515892649757637
"FWB_0337","FWB_0337_2014","027_Créquoise","lotic",50.4359279,1.9173593,0.0801658488008529,0.0264566689141317,0.0334825628876979,0.0907100719886656,4,4.75,4,10,"lotic",50.4359279,1.9173593,0.965842510703403,5.36480240401818,5.09735417598003,2008.925192,28.5529339450728,103,130,649,-0.796287939479459,62,0,2.43317554027515,0,3.65457290664543,"small",-0.358460907305054,0.180673699380045,"low_prod","Cool temperate and moist","Cool and moist",0,"ok",0.248133972833522,0.730398159914793,0.507621529987842
"FWB_0340","FWB_0340_2009","033_Yvette, Maincourt-sur-Yvette","lotic",48.7166572,1.9724565,0.0287317188723607,0.0601090681743981,0.0269349202322043,0.0486978232759658,3,7,4,10,"lotic",48.7166572,1.9724565,0.61302113608066,4.66349069191903,5.79433044615551,7415.941657,48.8559482083086,103,326,648,2.49872736880531,38,36,0.613026553184081,0,5.94295949354066,"small",-0.599416587186488,-0.748001797665079,"high_prod","Cool temperate and moist","Cool and moist",0,"ok",0.676593152453292,0.643872230692059,0.661546518052191
"FWB_0341","FWB_0341_2009","036_Aulne, Bullion","lotic",48.6033552,1.9956741,0.035593542325268,0.0300985281586732,0.0313220560997204,0.0493885488219575,3,14,5,10,"lotic",48.6033552,1.9956741,-0.231932057347289,5.63504045402513,5.79433044615551,7415.941657,61.6274880784029,106,190,633,-0.898942093539542,43,0,1.79309357890785,0,4.43086453579912,"small",-1.17646856258939,0.538522357945198,"high_prod","Cool temperate and moist","Cool and moist",0,"ok",0.458175970660431,0.611921430521856,0.542934592967007
"FWB_0342","FWB_0342_2009","037_Orge, Dourdan","lotic",48.5273541,2.0113725,0.0465187158598314,0.028124916016977,0.0371564526237362,0.016056812134245,7,10.2857142857143,3,10,"lotic",48.5273541,2.0113725,1.27982211660937,4.31223889168525,5.79433044615551,7415.941657,71.8095040552811,104,279,643,2.01916061079491,40,11,1.27982489747314,0,4.90412604482247,"small",-0.144031808470346,-1.21312869422543,"high_prod","Cool temperate and moist","Cool and moist",0,"ok",0.376789222467018,0.301744540713163,0.345556081166451
"FWB_0346","FWB_0346_2010","043_Yvette, Saint-Rémy-lès-Chevreuse","lotic",48.7046548,2.088831,0.0226024828527722,0.0127964094985613,0.00791644885847327,0.00849781832365414,10,12.7,2,10,"lotic",48.7046548,2.088831,0.665775983763813,5.25767431442708,5.79433044615551,7415.941657,41.6797783455793,106,390,647,2.54427558159483,39,82,2.62691317265583,0,6.90415983310618,"small",-0.563388213893834,0.0388149080150469,"high_prod","Cool temperate and moist","Cool and moist",0,"ok",0.361491805211223,0.517709272632466,0.410981071487517
"FWB_0348","FWB_0348_2009","045_Prédecelle, St-Maurice-Montcouronne","lotic",48.5765282,2.1059272,0.0641806377734787,0.00632874852468213,0.0183914894849166,0.022289282896552,6,9.5,2,10,"lotic",48.5765282,2.1059272,0.993622074810479,5.11985281680094,5.79433044615551,7415.941657,59.9470060293407,109,308,631,1.60743590976343,60,43,3.06879730918129,0,5.94914406061756,"small",-0.339489143580741,-0.143688029841735,"high_prod","Cool temperate and moist","Cool and moist",0,"ok",0.0897575323932043,0.547907072352084,0.25737917600865
"FWB_0349","FWB_0349_2009","046_Prédecelle, Briis-ss-Forge","lotic",48.6209589,2.1172739,0.111461406226272,0.0317128024738581,0.0411252077320847,0.0244865580207848,3,7.66666666666667,3,10,"lotic",48.6209589,2.1172739,1.00173421369162,4.30369492658915,5.79433044615551,7415.941657,52.5462197929246,105,299,647,2.40125326479075,63,30,1.001737886105,0,5.59662779489254,"small",-0.333949042895263,-1.22444259487113,"high_prod","Cool temperate and moist","Cool and moist",0,"ok",0.221498011141649,0.373203765205997,0.269172106229263
"FWB_0353","FWB_0353_2010","052_Orge, Breuillet","lotic",48.5693986,2.1866277,0.0376991498649414,0.00764352285449666,0.0154815766114389,0.0128495239764059,12,10.6666666666667,1,10,"lotic",48.5693986,2.1866277,0.155292884406035,5.77483433907816,5.79433044615551,7415.941657,58.4503297507876,109,362,631,0.84070474491756,59,78,2.86471258111086,0,6.26640328584036,"small",-0.912017325169356,0.723637127092447,"high_prod","Cool temperate and moist","Cool and moist",0,"ok",0.168572393202131,0.453548351803843,0.27815932198055
"FWB_0354","FWB_0354_2009","053_Yvette, Villebon-sur-Yvette","lotic",48.7008578,2.2346486,0.105145161065305,0.0226392159680832,0.0309743981739727,0.0222616887715684,4,14.75,1,10,"lotic",48.7008578,2.2346486,2.11938314877278,4.12434739749874,5.79433044615551,7415.941657,35.6739282533821,108,373,645,4.6687457436251,18,93,3.17237146625359,0,7.5147398186377,"large",0.429337646606463,-1.461934216426,"high_prod","Cool temperate and moist","Cool and moist",0,"ok",0.177167322748444,0.418169141438615,0.24804325297099
"FWB_0356","FWB_0356_2009","055_Orge, Viry-Châtillon","lotic",48.6728894,2.3585448,0.0806121756754785,0.010170099655393,0.0183936459714033,0.0401237190922584,5,15.4,6,10,"lotic",48.6728894,2.3585448,1.80959938735639,5.19598125586153,5.79433044615551,7415.941657,40.0685060730983,111,400,637,4.64724259840993,16,100,4.54454942041422,0,8.42817573304476,"large",0.217774056027151,-0.0428789106381621,"high_prod","Cool temperate and moist","Cool and moist",0,"ok",0.112027371183706,0.68567200605508,0.33686496909669
"FWB_0357","FWB_0357_2014","056_Cère","lotic",44.8772339,2.3697159,0.0436845345529652,0.0391267803635867,0.0316562186799316,0.0495079084265444,7,4.14285714285714,1,10,"lotic",44.8772339,2.3697159,2.49559927932674,4.73059056323924,5.72298786906916,2607.870037,40.8570140126885,103,199,804,0.798407691217438,17,5,4.2641156064518,0,4.54328425029965,"large",0.68627053117708,-0.65914828891154,"high_prod","Cool temperate and moist","Cool and moist",0,"ok",0.472481090331851,0.609972782207057,0.540536361400286
"FWB_0359","FWB_0359_2013","058_petite Sauldre","lotic",47.3044787,2.4696565,0.0471337805101652,0.0106710954004971,0.0269357178190315,0.0145550055822707,10,4.4,1,10,"lotic",47.3044787,2.4696565,1.25276296849537,4.95529968585349,4.39001870135895,2951.129214,62.4816746530569,106,138,737,-0.7339691750802,30,0,2.60150453899124,0,2.72595625980679,"small",-0.162511571602028,-0.361588940430483,"low_prod","Cool temperate and moist","Cool and moist",0,"ok",0.184605454684987,0.350801441601615,0.254050543604788
"FWB_0360","FWB_0360_2014","059_Almont","lotic",48.5590133,2.7356275,0.0920898815736498,0.029833275489638,0.110012421027579,0.0472911556258289,3,5,5,10,"lotic",48.5590133,2.7356275,1.3955018418708,4.89341987030245,5.79433044615551,7415.941657,76.0037489227013,109,286,640,1.20297230399235,57,4,3.06995856013686,0,4.67511602991919,"large",-0.0650295459836429,-0.443530062291851,"high_prod","Cool temperate and moist","Cool and moist",0,"ok",0.244689164947986,0.300636238742537,0.276207188648769
"FWB_0367","FWB_0367_2013","075_Loire","lotic",44.8925975,3.919868,0.0963996812104584,0.0113991400667472,0.0678206787815845,0.0285248691748589,5,5,5,8,"lotic",44.8925975,3.919868,0.513422249613257,6.5646145826295,5.37119090688994,1557.371131,117.81876523346,86,33,722,-3.81671282562382,2,0,4.17264744959334,0,2.54944595217527,"small",-0.667436608450358,1.76946246778314,"high_prod","Cool temperate and dry","Cool temperate and dry/xeric",0,"ok",0.105744570596317,0.296068368283656,0.195567526018374
"FWB_0369","FWB_0369_2013","077_Galeizon","lotic",44.157178,4.0227447,0.100731225410524,0.014044482425886,0.0284330008520204,0.0267573195556013,7,4.42857142857143,1,11,"lotic",44.157178,4.0227447,1.68806423288929,4.86342893927725,4.84738367664036,1554.146818,45.5361770255301,123,137,746,0.715397789494765,4,7,2.48923145100551,0,4.27088569450635,"large",0.134772889203211,-0.483243990201746,"low_prod","Warm temperate and mesic","Warm temperate",0,"ok",0.122364589952289,0.484819065335706,0.240058571721789
"FWB_0371","FWB_0371_2013","079_l’Arconce","lotic",46.3568958,4.1554771,0.0349375597010038,0.0158669996648862,0.064913725037862,0.0137276596951269,10,4.6,1,10,"lotic",46.3568958,4.1554771,1.58514521986506,5.38837385857605,6.29634568147497,3692.052106,31.3447181260592,108,63,747,-1.60445037092306,13,0,4.19769821547801,0,2.7605167735964,"large",0.0644854221173605,0.211886970026977,"high_prod","Cool temperate and moist","Cool and moist",0,"ok",0.312314482458424,0.174560248929192,0.228625621034576
"FWB_0372","FWB_0372_2014","080_Furan","lotic",45.5219521,4.2604946,0.0643043625408984,0.020476032035954,0.0791573361304608,0.036209006119878,4,5,5,10,"lotic",45.5219521,4.2604946,1.25504607450994,4.92815030755728,6.25111954810256,2894.714589,69.0923995703984,104,383,745,1.51798030194527,56,62,2.9539728606277,0,5.77420679668435,"small",-0.160952348149169,-0.397540090181319,"high_prod","Cool temperate and moist","Cool and moist",0,"ok",0.241518480046619,0.313861091663168,0.283217398666732
"FWB_0373","FWB_0373_2013","085_Marne","lotic",48.1431018,5.1509381,0.0630296793813114,0.0330566552126932,0.0334439264285693,0.0314925656344129,9,4.88888888888889,4,10,"lotic",48.1431018,5.1509381,2.36762348917327,5.03668647983529,4.35723798832554,545.875074,24.7696639194225,94,181,757,0.145830448211539,48,0,4.86828040293307,89,3.78487144688551,"large",0.598870799350269,-0.253816718677998,"low_prod","Cool temperate and moist","Cool and moist",0,"ok",0.344030765169346,0.484974852104239,0.400870002019092
"FWB_0374","FWB_0374_2013","086_Marche","lotic",49.6119707,5.3157959,0.0705083594863771,0.0454526644538328,0.0150955095444891,0.0665733545064696,3,5,5,10,"lotic",49.6119707,5.3157959,1.31184017519494,5.11646178782616,6.1125779416245,8488.206111,128.57497760041,93,73,985,-0.438504962186365,21,0,2.42329805444502,0,3.1697280167518,"large",-0.122165409125299,-0.148178423292063,"high_prod","Cool temperate and moist","Cool and moist",0,"ok",0.391965014704151,0.815161999375062,0.566847555797372
"FWB_0377","FWB_0377_2013","092_Meuse","lotic",48.8702103,5.540626,0.0295428896708678,0.0163197299642272,0.0616304990260569,0.0296051728680199,10,4.5,3,10,"lotic",48.8702103,5.540626,3.08044100148095,4.97468188412258,4.48311494129119,526.3137998,52.4258808656729,94,178,713,-0.563874844855806,42,0,6.18073898070328,0,3.19818361000631,"large",1.08568208875455,-0.335923074167532,"low_prod","Cool temperate and moist","Cool and moist",0,"ok",0.355839463468829,0.324491202326992,0.334977936778119
"FWB_0379","FWB_0379_2013","096_Vair","lotic",48.404116,5.7305377,0.0648585099528407,0.0117775229698981,0.068003471619553,0.014523108522978,8,5,5,10,"lotic",48.404116,5.7305377,2.03679496695836,4.95242259755892,4.35723798832554,545.875074,70.7049848730473,93,186,763,-0.52932909533055,41,0,4.19095707544019,0,3.5863485424592,"large",0.372934908760596,-0.365398774710881,"low_prod","Cool temperate and moist","Cool and moist",0,"ok",0.153681271338402,0.175980980889978,0.165243777959907
"FWB_0385","FWB_0385_2013","105_Fourches","lotic",47.6957119,6.1538647,0.072225164023692,0.018402490105396,0.00731661903776195,0.0670008128284547,4,4.75,4,10,"lotic",47.6957119,6.1538647,0.39068982252601,4.99773812051948,5.93073239946398,3003.924359,53.2253124305864,96,84,984,-0.669430653942629,19,0,0.390696588402986,0,3.51491319440661,"small",-0.751255440129497,-0.305392054327878,"high_prod","Cool temperate and moist","Cool and moist",0,"ok",0.203056012894077,0.90154908674814,0.517768094869354
"FWB_0386","FWB_0386_2014","106_l’Altbach","lotic",49.4712134,6.3056867,0.0620120376790628,0.0102035574116108,0.0482006511504344,0.015990142471433,8,4,1,10,"lotic",49.4712134,6.3056867,1.66430481387494,4.34738208331772,6.26537250050086,9997.437938,50.1281048061827,96,239,774,1.77799855397802,32,23,2.14791878025098,0,5.07780167189203,"large",0.118546641662761,-1.16659215363444,"high_prod","Cool temperate and moist","Cool and moist",0,"ok",0.141292990784045,0.249103361544759,0.192026928725778
"FWB_0387","FWB_0387_2013","107_Moselle","lotic",48.5460891,6.2445093,0.028027794331979,0.0337960274429088,0.016441932552576,0.0273040618292014,8,5,5,10,"lotic",48.5460891,6.2445093,3.91705034714217,4.39560945819071,6.26537250050086,9997.437938,121.726710121886,93,256,778,2.63433189660793,39,19,6.27040415912483,0,5.34394066434254,"large",1.65703572030397,-1.10272956506124,"high_prod","Cool temperate and moist","Cool and moist",0,"ok",0.546650570486673,0.624149987103163,0.578764759630138
"FWB_0388","FWB_0388_2014","108_Gélon","lotic",45.4857655,6.14588,0.153289177475308,0.0261312184227696,0.0715569361757091,0.0380578636556068,4,3.25,1,10,"lotic",45.4857655,6.14588,2.09961174846922,4.37537937916603,5.30077993942497,1462.55953,44.0591312816382,101,138,912,1.50585359617753,1,8,2.74701511231019,0,4.77955205672721,"large",0.415834974872225,-1.12951819324097,"low_prod","Cool temperate and moist","Cool and moist",0,"ok",0.145642407553341,0.34719639787851,0.222080504474177
"FWB_0389","FWB_0389_2014","109_Doubs","lotic",47.2622141,6.9509218,0.086381616829382,0.0116296643151596,0.0538690628742618,0.0575860582060685,5,4,1,7,"lotic",47.2622141,6.9509218,2.46580877409606,5.67289859070063,5.68498388620428,2596.172904,73.0805072201229,73,199,1164,-0.504181081047322,2,0,5.84522708750354,18,3.84818844978205,"large",0.665925416175059,0.588654023063259,"high_prod","Cold and mesic","Cold and wet/mesic",0,"ok",0.118656385054377,0.516674852154742,0.330438303164828
"FWB_0392","FWB_0392_2014","112_l’Ill","lotic",47.9647385,7.3966445,0.064148466813732,0.00849976102228354,0.014778051031217,0.0411557246680598,8,4.625,2,10,"lotic",47.9647385,7.3966445,2.51325112279714,5.49099374562541,6.42740884752282,13705.50796,83.3374015566126,101,216,600,-0.0855578883616465,79,0,5.84084224771893,12,4.02184573060447,"large",0.698325673667011,0.347776009049325,"high_prod","Cool temperate and moist","Cool and moist",0,"ok",0.1169988763039,0.735793787448394,0.386177570150509
"FWB_0396","FWB_0396_2001","Annecy","lentic",45.861525,6.167323,0.0357447333927432,0.0147965995593709,0.0385132023898041,0.0114855655013049,6,15.3333333333333,3,10,"lentic",45.861525,6.167323,3.24024585060439,-4.77643384548494,6.09008877846301,13059.70194,46.7111168773247,102,185,916,4.54745632379762,4,31,3.80042105246041,0,6.62184365170033,"large",1.22785568913787,-1.053885218317,"high_prod","Cool temperate and moist","Cool and moist",0,"ok",0.292762353010952,0.22971697075254,0.261409774211972
"FWB_0398","FWB_0398_2015","Batailleres","lentic",45.1412285,6.5665101,0.0544489746238311,0.0345912486014475,0.0263218023864833,0.0367321272157573,3,9.33333333333333,5,5,"lentic",45.1412285,6.5665101,0.0295588022415444,-4.0836751016102,5.30077993942497,1462.55953,52.5011107562555,24,81,1457,-0.962334670375562,0,0,0.877138176398087,3819,2.36142082157702,"large",-0.0745162922667294,-0.796500628097133,"high_prod","Cold and wet","Cold and wet/mesic",0,"ok",0.388490137922599,0.582550959908009,0.46894226037794
"FWB_0403","FWB_0403_2022","BIR","lentic",43.530329,1.289764,0.0560764305073165,0.0181501078117047,0.0474084873011127,0.0234506512098612,8,7,2,11,"lentic",43.530329,1.289764,-1.17118298150295,0.0362996449645712,6.6442627756725,7771.31446,52.65260015458,126,248,703,3.00884591269937,63,18,1.50252285576994,0,6.44722188120188,"small",-0.561581033393711,0.734216986425061,"high_prod","Warm temperate and mesic","Warm temperate",0,"ok",0.244523161429092,0.330947450147582,0.286732363459363
"FWB_0405","FWB_0405_2022","BON","lentic",43.453752,1.27367,0.0278878884762643,0.032036896990516,0.0141712605363006,0.0222116506478527,6,8.83333333333333,5,11,"lentic",43.453752,1.27367,-1.07880966137193,-0.696980672857403,6.6442627756725,7771.31446,40.7684612543466,127,221,710,2.11251358274003,72,0,0.642911221732931,0,5.78146859236694,"small",-0.524111039540122,0.461777185718589,"high_prod","Warm temperate and mesic","Warm temperate",0,"ok",0.534618467817058,0.610496794372163,0.563283616209741
"FWB_0406","FWB_0406_2011","briere_canal_breca","lentic",47.360951,-2.295578,0.0347967858050729,0.0193687477686878,0.0233243149434055,0.0257386707965863,11,18.9090909090909,7,11,"lentic",47.360951,-2.295578,-1.46967597005894,1.09776055852758,4.69343236323417,867.3064255,10.9497332971347,118,188,820,-0.338273858567841,15,0,1.50851420623107,0,4.96294259748893,"small",-0.682660696121749,1.1285875875722,"low_prod","Warm temperate and mesic","Warm temperate",0,"ok",0.357584362061386,0.524604656817827,0.436966633495679
"FWB_0407","FWB_0407_2011","briere_canal_brivet","lentic",47.351064,-2.233724,0.0109811254837163,0.0141439458031892,0.0343541444181439,0.0168300426265268,13,17.1538461538462,4,11,"lentic",47.351064,-2.233724,-0.843970070294529,1.00171982492565,4.69343236323417,867.3064255,7.4039120565624,118,167,815,-1.33180617583582,17,0,2.13676778865724,0,3.99630918911607,"small",-0.428851520646908,1.09290502841129,"low_prod","Warm temperate and mesic","Warm temperate",0,"ok",0.56294151931663,0.328813322986618,0.40590079247172
"FWB_0408","FWB_0408_2011","briere_prairie","lentic",47.362775,-2.26535,0.0127068240368763,0.0153363578261769,0.00746068953641372,0.0175936569147191,9,15.5555555555556,2,11,"lentic",47.362775,-2.26535,-2.20727491318972,-1.3121492467988,4.69343236323417,867.3064255,7.97079161900421,118,101,814,-0.898942093539542,16,0,-2.37504826472776,0,3.99630918911607,"small",-0.981857778421315,0.233220111960925,"low_prod","Warm temperate and mesic","Warm temperate",0,"ok",0.546883656108313,0.702219750534486,0.620179804717917
"FWB_0409","FWB_0409_2011","briere_roseliere","lentic",47.359318,-2.209878,0.00456574380888244,0.00897910514054737,0.0143771920821311,0.0262759351249347,10,17.2,3,11,"lentic",47.359318,-2.209878,2.30258509299405,-0.728766684096209,4.69343236323417,867.3064255,5.53162906768671,118,188,814,2.63404478779171,19,26,3.74121119662754,0,6.20247075800607,"large",0.847506224870707,0.449967548453435,"low_prod","Warm temperate and mesic","Warm temperate",0,"ok",0.662916594645772,0.64634474467607,0.650486286862149
"FWB_0410","FWB_0410_2022","BVI","lentic",43.519202,1.354537,0.0527318987945712,0.00498660384117086,0.0321445925566366,0.0223655577597143,7,7,3,11,"lentic",43.519202,1.354537,-1.38629436111989,-0.866395118333028,6.6442627756725,7771.31446,52.6910818890855,128,366,698,2.42983429390951,19,93,0.14583909121654,0,7.09523849977204,"small",-0.648838068873781,0.398833674703225,"high_prod","Warm temperate and mesic","Warm temperate",0,"ok",0.0863952391946308,0.410300790401701,0.243718167165037
"FWB_0411","FWB_0411_2010","Candes","lentic",44.950435,1.978936,0.0550888045401631,0.0171519554714339,0.0450942575997967,0.017812583880354,7,5.42857142857143,3,11,"lentic",44.950435,1.978936,-1.71479842809193,3.06835834788803,5.72298786906916,2607.870037,64.0088758540003,124,133,778,0.138021297897375,5,0,5.38710179991047,219,3.44495937016166,"small",-0.782091321575565,1.86073497508236,"high_prod","Warm temperate and mesic","Warm temperate",0,"ok",0.237427671977433,0.283158134492803,0.25871372459335
"FWB_0413","FWB_0413_2015","Chenilly_brook","lotic",48.600016,-0.88757,0.0501738429087148,0.016616172539541,0.0100344729227873,0.031009035427523,5,13.4,4,10,"lotic",48.600016,-0.88757,0.118671529717499,5.35926817554238,4.48155382560223,2699.723102,76.1334998554951,104,110,766,-1.46101790731583,10,0,0.118680410672734,0,3.20177076386622,"small",-0.937027497601768,0.173345285649244,"low_prod","Cool temperate and moist","Cool and moist",0,"ok",0.248782283220372,0.755516199123572,0.441654935213174
"FWB_0414","FWB_0414_2002","Clairvaux","lentic",46.56429,5.74962,0.0245173202481761,0.0294269659074464,0.0386450828247421,0.0174411093668566,9,7.55555555555556,3,10,"lentic",46.56429,5.74962,-0.653926467406664,-2.07505463149418,6.07762900839907,4184.308672,91.7232219925384,93,86,1042,0.0797349680188535,3,0,0.188974377624055,0,4.23068049760417,"small",-0.351762891354139,-0.0502264580788345,"high_prod","Cool temperate and moist","Cool and moist",0,"ok",0.54550663294632,0.310969753611998,0.425955389618522
"FWB_0415","FWB_0415_2015","Douenne_brook","lotic",48.609517,-1.074531,0.0569085568657928,0.0234977205997192,0.0153090909973416,0.0345647011579491,5,13.8,5,10,"lotic",48.609517,-1.074531,1.21639532432449,4.94342281961608,4.48155382560223,2699.723102,93.7817133947534,106,104,768,-0.133531392624523,14,0,1.21639828728307,0,3.58781552821379,"small",-0.187348475081158,-0.377316261771439,"low_prod","Cool temperate and moist","Cool and moist",0,"ok",0.292237389173972,0.693043373367838,0.445673861908937
"FWB_0417","FWB_0417_2010","Filheit","lentic",43.06708,0.747653,0.118166496061181,0.0213905077848519,0.0226693675964217,0.0636617041800757,3,6.33333333333333,5,11,"lentic",43.06708,0.747653,-2.12026353620009,6.03094852803,6.6442627756725,7771.31446,54.9420585667063,123,110,757,0.418710334858185,4,0,6.35024154767682,0,3.8193814815918,"small",-0.946562784624735,2.96144292896581,"high_prod","Warm temperate and mesic","Warm temperate",0,"ok",0.153274340917,0.73741357393187,0.376523690905463
"FWB_0421","FWB_0421_2010","Gouyre","lentic",44.047403,1.60547,0.0572721990703583,0.00974432677725979,0.0465183371574281,0.0185363107904741,10,5.9,1,11,"lentic",44.047403,1.60547,-0.616186139423817,-2.41051517221472,4.18412522983717,1101.334321,26.2663129875917,129,130,737,0.246860077931526,51,0,0.590011964862319,0,3.39454228555447,"small",-0.336454035338744,-0.174862017819821,"low_prod","Warm temperate and mesic","Warm temperate",0,"ok",0.14540184908147,0.284934457032472,0.214131795417519
"FWB_0422","FWB_0422_2019","Hers_Launaguet","lotic",43.66534,1.44714,0.0741334189417872,0.0243002456370895,0.0710130797720254,0.00765459629788483,8,12.375,1,11,"lotic",43.66534,1.44714,2.82648487624731,4.40581089635828,4.18412522983717,1101.334321,35.7992901287732,127,349,703,3.57234563785798,55,78,4.88243071733459,0,6.77634963677693,"large",0.91224540034202,-1.08922084205348,"low_prod","Warm temperate and mesic","Warm temperate",0,"ok",0.246869256986945,0.0973029416946595,0.180432524214171
"FWB_0424","FWB_0424_2020","Lac_de_Jouarres","lentic",43.271909,2.701901,0.0157560475847788,0.0357090539303148,0.00340652752837262,0.0218809956431315,11,6.45454545454545,1,11,"lentic",43.271909,2.701901,-0.0408219945202552,-2.78870699480351,5.33049232570368,990.2806851,39.438858834764,144,178,662,1.1365501280085,82,0,-0.233181260984796,0,4.36882753352673,"large",-0.103065315061785,-0.31537377338002,"high_prod","Warm temperate and mesic","Warm temperate",0,"ok",0.693849868727882,0.865288209316943,0.750333292295898
"FWB_0425","FWB_0425_2020","Lac_de_Laragou","lentic",43.693865,1.660645,0.0449759990511655,0.0117672532464952,0.0707040807162707,0.0228808039374215,6,7.33333333333333,1,11,"lentic",43.693865,1.660645,-0.843970070294529,-2.74871595782822,4.18412522983717,1101.334321,35.3567234992844,128,182,733,0.812262661450107,100,0,-0.233181260984796,0,4.05447714666856,"small",-0.428851520646908,-0.300515676307467,"low_prod","Warm temperate and mesic","Warm temperate",0,"ok",0.207377137721453,0.244492516308496,0.230482848298247
"FWB_0426","FWB_0426_2020","Lac_de_Maury","lentic",44.66035,2.685979,0.0609777797413287,0.0235702249597587,0.033706505533118,0.0419531217890756,9,6.77777777777778,1,10,"lentic",44.66035,2.685979,-0.0408219945202552,-2.70931743429803,5.72298786906916,2607.870037,41.7546080666618,108,79,748,-0.400477566597125,1,0,2.71144509857769,646,2.65345391397535,"large",-0.103065315061785,-0.285877719119994,"high_prod","Cool temperate and moist","Cool and moist",0,"ok",0.278779198197395,0.554498128974649,0.408990170576347
"FWB_0427","FWB_0427_2016","Lake Bourget","lentic",45.729665,5.869574,0.019849708330675,0.0108957200881783,0.0371444681059686,0.00770206393338495,9,15.3333333333333,4,10,"lentic",45.729665,5.869574,3.75091484503339,-5.48456159286805,6.09008877846301,13059.70194,83.6404517673099,112,234,868,3.85777799057575,2,26,4.60076057794133,0,5.78544236629026,"large",1.43500169250046,-1.31697994168937,"high_prod","Cool temperate and moist","Cool and moist",0,"ok",0.354385046769977,0.171742687408388,0.246028597602592
"FWB_0428","FWB_0428_2017","Lake Geneva","lentic",46.435708,6.529857,0.105617692511344,0.00647677582493815,0.0219124553892688,0.0348029175416708,6,6.5,1,10,"lentic",46.435708,6.529857,6.34849192893319,-5.73595170357058,6.09008877846301,13059.70194,54.6503523429198,100,164,886,6.44260385870732,20,58,8.05242384259223,135,7.14344381983224,"large",2.48867387002856,-1.41038033713815,"high_prod","Cool temperate and moist","Cool and moist",0,"ok",0.0577796203601047,0.61364169436123,0.244533689841366
"FWB_0429","FWB_0429_2022","LAM1","lentic",43.506265,1.337336,0.0622257926022317,0.0306712881386228,0.0204834165363495,0.0213340862448951,9,7.77777777777778,2,11,"lentic",43.506265,1.337336,-1.66073120682165,-0.331018589371701,6.6442627756725,7771.31446,50.2328698897188,127,367,699,0.903813210363042,43,36,-0.00399798128729837,0,6.14539093749853,"small",-0.760159681078022,0.597745156858346,"high_prod","Warm temperate and mesic","Warm temperate",0,"ok",0.330164176247727,0.510171216021622,0.386041162165541
"FWB_0431","FWB_0431_2022","LAV","lentic",43.386392,1.265891,0.0471383100609483,0.0252756305369856,0.023153490277725,0.0370016856145904,13,7,1,11,"lentic",43.386392,1.265891,-0.994252273343867,-2.539458942815,6.6442627756725,7771.31446,30.4626817268719,126,343,713,0.483043242753539,93,29,-0.763548185859269,0,5.077421350134,"small",-0.489811473332117,-0.222769229169805,"high_prod","Warm temperate and mesic","Warm temperate",0,"ok",0.349043710759013,0.615103938534361,0.46977243116919
"FWB_0433","FWB_0433_2022","LIN","lentic",43.343186,1.22705,0.063877733803781,0.0553473037340037,0.0394590514151423,0.0725989808274175,8,6.625,1,11,"lentic",43.343186,1.22705,-2.30258509299405,-1.04979355347826,6.6442627756725,7771.31446,23.2956534683876,127,269,719,1.40437982866628,93,0,-1.35088860798934,0,4.91427129922383,"small",-1.02051906986767,0.330694612592223,"high_prod","Warm temperate and mesic","Warm temperate",0,"ok",0.464225508978876,0.647869495604478,0.553202120167875
"FWB_0436","FWB_0436_2014","Lou","lentic",45.2906442,6.5290091,0.0771230173306958,0.0303483565805354,0.0827908518901428,0.0372214887496745,4,11.25,3,10,"lentic",45.2906442,6.5290091,-1.83258146374831,4.43111041685531,5.30077993942497,1462.55953,48.9493129923843,103,121,861,2.01102885899366,3,23,5.85078483746325,55,5.39779163720679,"small",-0.829868424486255,2.36704599019938,"high_prod","Cool temperate and moist","Cool and moist",0,"ok",0.282385489978033,0.310147177792191,0.297031571967965
"FWB_0437","FWB_0437_2010","Mas_Chaban","lentic",45.80643,0.64829,0.115454481928708,0.0122213465910959,0.0776830581028493,0.0392395388122157,4,3,3,11,"lentic",45.80643,0.64829,0.22314355131421,-2.61870334923304,4.37568980330055,2367.041626,81.175076622397,114,92,935,-0.551647618286246,7,0,1.66506370796994,671,2.61980242372089,"large",0.00400875530775677,-0.252211353507411,"low_prod","Warm temperate and mesic","Warm temperate",0,"ok",0.0957216940182235,0.335602696549069,0.210389275040588
"FWB_0440","FWB_0440_2010","Montdély","lentic",43.05118,9.12378,0.0812312357171255,0.0248817791756686,0.0448953398992817,0.0353860320225269,3,6.33333333333333,4,11,"lentic",43.05118,9.12378,-0.287682072451781,-1.58218473926915,5.18365200925294,1328.67019,136.22143921071,148,128,751,0.731405892677036,2,0,1.48342334045058,0,3.96677649642463,"large",-0.20320078263696,0.132892291938683,"high_prod","Warm temperate and mesic","Warm temperate",0,"ok",0.234483764322469,0.4407751284693,0.32333490416823
"FWB_0442","FWB_0442_2022","NEW","lentic",43.4906696,1.3920236,0.0525289964892861,0.0130206537899422,0.0247987920823327,0.019518540535912,10,8.8,3,11,"lentic",43.4906696,1.3920236,-0.174353387144778,-4.20733188431255,6.6442627756725,7771.31446,50.066067408743,128,353,702,1.95755635368971,75,57,-1.68195484327328,0,5.91472660808273,"large",-0.157230526984507,-0.842443534809124,"high_prod","Warm temperate and mesic","Warm temperate",0,"ok",0.198638035969328,0.440426789762986,0.296168998799389
"FWB_0449","FWB_0449_2013","Ornans","lotic",47.103186,6.125469,0.0135450696416831,0.0222697503918357,0.0803245807710111,0.0125029763380754,5,9.4,1,10,"lotic",47.103186,6.125469,0.687631999871835,6.55956311590354,5.68498388620428,2596.172904,23.2575638542174,95,260,1071,-1.62455155024415,3,0,4.35236620601855,0,4.31053076723303,"small",-0.54846187552661,1.7627733261481,"high_prod","Cool temperate and moist","Cool and moist",0,"ok",0.621802660769861,0.134690351954242,0.270305380717305
"FWB_0452","FWB_0452_2010","Petite_Leyre","lotic",44.31796,-0.576581,0.0345239493533323,0.0288295853051959,0.00203483111672289,0.0352624912348775,4,25,6,11,"lotic",44.31796,-0.576581,0.301584977620772,6.66865925850705,4.61327593942615,546.6935622,55.008090578332,125,109,1005,-3.38139475436598,17,0,3.93311910954787,0,1.93456171273659,"small",-0.812108665101563,1.90723820918103,"low_prod","Warm temperate and mesic","Warm temperate",0,"ok",0.455058829165345,0.945442970475451,0.636776262457693
"FWB_0474","FWB_0474_2002","Pont-Houarn_brook","lotic",48.093652,-3.205026,0.119435956562828,0.0516644690391692,0.0716241400945199,0.0611349638589105,4,3.5,2,10,"lotic",48.093652,-3.205026,-0.27049724769768,5.45397866347311,4.42146975602532,745.1427224,14.5024649663421,106,51,945,-2.1803674602698,43,0,-0.27048414162367,0,2.91863576324233,"small",-1.20280625732393,0.298760714961258,"low_prod","Cool temperate and moist","Cool and moist",0,"ok",0.301954065031655,0.460495454084682,0.371222298221534
"FWB_0475","FWB_0475_2022","POU","lentic",43.371928,1.258473,0.0179511951187299,0.0464778022202375,0.0357384644459553,0.0398891938076302,9,6.33333333333333,1,11,"lentic",43.371928,1.258473,-1.77195684193188,-1.871737179014,6.6442627756725,7771.31446,28.1290698361277,127,319,712,1.02460687535761,97,1,-1.65020782497731,0,5.13192039775512,"small",-0.805276862727773,0.0253132296607404,"high_prod","Warm temperate and mesic","Warm temperate",0,"ok",0.721380188111777,0.527441874160358,0.616657563772785
"FWB_0477","FWB_0477_2002","Saint Point","lentic",46.81519,6.31163,0.0159866540771277,0.0226809184567567,0.0159532137247674,0.0151972742324239,6,10.8333333333333,3,7,"lentic",46.81519,6.31163,1.38128181929635,-1.341551322323,5.68498388620428,2596.172904,58.3199873130629,73,148,1247,1.33315726270676,7,0,4.08701795472791,0,4.17203080330014,"large",0.473791953761026,0.222296191869953,"high_prod","Cold and mesic","Cold and wet/mesic",0,"ok",0.586561735595929,0.487866329840766,0.542527140151971
"FWB_0478","FWB_0478_2010","Salagou","lentic",43.65896,3.36826,0.0226610024712045,0.0292233685368165,0.0981817245802672,0.0264574475969256,6,4.5,3,11,"lentic",43.65896,3.36826,1.86252854011626,-3.81299248196519,3.91144095446935,319.5858164,19.9314688500391,138,119,692,1.67952352000079,14,2,2.48931442127482,2265,4.3004777203237,"large",0.669003207893779,-0.69593237724072,"low_prod","Warm temperate and mesic","Warm temperate",0,"ok",0.563240297011575,0.212272330879352,0.315429971147362
"FWB_0479","FWB_0479_2002","Scorff_river_Guemene","lotic",48.081327,-3.206725,0.0235588998707704,0.0217587840177144,0.0134931840976971,0.0532596664099923,6,13.5,3,10,"lotic",48.081327,-3.206725,1.21698774140343,5.22071663532229,4.42146975602532,745.1427224,14.6743553092691,108,144,938,0.357674444271816,55,0,2.22224342396935,0,4.6826867209571,"small",-0.186943890012633,-0.0101243730780238,"low_prod","Cool temperate and moist","Cool and moist",0,"ok",0.480138924823633,0.797863551967076,0.669386032929166
"FWB_0480","FWB_0480_2015","Selune_river_05","lotic",48.590903,-0.898053,0.080980381268452,0.0120201981617795,0.0333137029277627,0.0219024404789283,6,6.66666666666667,1,10,"lotic",48.590903,-0.898053,-0.744440474947496,7.09000856375081,4.48155382560223,2699.723102,77.9373378701258,107,61,743,-4.26869794936688,10,0,2.42674861885026,0,3.15521201439302,"small",-1.52648084384604,2.4651880747346,"low_prod","Cool temperate and moist","Cool and moist",0,"ok",0.129248637324857,0.396667335449477,0.228871870807936
"FWB_0481","FWB_0481_2015","Selune_river_10","lotic",48.58195,-1.094053,0.0884098660452296,0.008426834844242,0.0473423887200492,0.0186161799768055,5,6.6,4,10,"lotic",48.58195,-1.094053,1.01559293294802,6.36769702788556,4.48155382560223,2699.723102,97.7285628158519,110,359,741,-0.297059234264378,16,0,4.17220041894071,0,5.615177137077,"small",-0.324484375046607,1.50870465513892,"low_prod","Cool temperate and moist","Cool and moist",0,"ok",0.0870210856714367,0.282240508619364,0.166116711436184
"FWB_0482","FWB_0482_2022","TAB","lentic",43.551353,1.259427,0.0253627623010483,0.0233208449331229,0.019079424005284,0.0177967379469381,5,10.8,2,11,"lentic",43.551353,1.259427,-0.150822889734584,-3.86709309631803,6.6442627756725,7771.31446,55.4085329564312,127,324,696,3.9012855648854,22,100,-1.23783987383751,0,7.47367686352652,"large",-0.147685697459258,-0.716032685723242,"high_prod","Warm temperate and mesic","Warm temperate",0,"ok",0.479028696886575,0.482608194692173,0.480571456317112
"FWB_0483","FWB_0483_2010","Tolerme","lentic",44.82567,2.04672,0.0667526548037716,0.0141810511507219,0.0147497998902892,0.0228039417408506,7,6.28571428571429,2,10,"lentic",44.82567,2.04672,-1.30933331998376,-0.62554582420674,5.72298786906916,2607.870037,44.0218561348096,107,75,845,-0.375420986759788,3,0,1.03496581398321,0,2.89817512119656,"small",-0.617619858526394,0.488317780709178,"high_prod","Cool temperate and moist","Cool and moist",0,"ok",0.175218111953201,0.607234878613038,0.31214270916624
"FWB_0484","FWB_0484_2019","Touch_Tournefeuille","lotic",43.57827,1.34424,0.0238087987136373,0.00726216182533848,0.00167160941970693,0.0180213827662468,7,11.5714285714286,1,11,"lotic",43.57827,1.34424,2.05129923573356,4.66736534027634,4.18412522983717,1101.334321,51.79513374948,127,364,696,4.03630929346899,19,100,4.10323839458317,0,7.73183730091821,"large",0.38284044792371,-0.74287099644357,"low_prod","Warm temperate and mesic","Warm temperate",0,"ok",0.233728269077125,0.91511653465748,0.498060990809505
"FWB_0487","FWB_0487_2010","Vigueirat_piscisud_pond","lentic",43.540458,4.749884,0.0827611040758221,0.0305740261258028,0.0143384772934606,0.0216324102199036,10,12.9,1,11,"lentic",43.540458,4.749884,-0.116533816255952,-3.17069809309517,4.71240298353181,416.4750255,72.7676741175705,142,130,646,0.56531380905006,28,0,-1.69821448282495,0,4.37016923777568,"large",-0.133776796375402,-0.457297095417817,"low_prod","Warm temperate and mesic","Warm temperate",0,"ok",0.26976654168404,0.601386613323526,0.349660630861935
"FWB_0493","FWB_0493_2005","Stechlinsee","lentic",53.152028,13.023303,0.029029073868319,0.00811183649438367,0.0670744144098826,0.0169842679311816,4,55,10,8,"lentic",53.152028,13.023303,1.34025042261848,-6.11738104784684,2.59272145396433,287.2890019,110.895633915412,82,62,573,-1.29098418131557,10,0,0.0573345094453185,0,2.94622737902566,"large",0.457148120031297,-1.55209494751645,"low_prod","Cool temperate and dry","Cool temperate and dry/xeric",0,"ok",0.218407045362293,0.202052512104208,0.207064263713366
"FWB_0495","FWB_0495_2006","Leixlip Reservoir","lentic",53.35,-6.5,0.0333561990294912,0.0219364132513464,0.00234684004201356,0.0155585748123727,3,65,58,10,"lentic",53.35,-6.5,-1.83258146374831,4.40895918755,5.77149750970226,8826.179636,57.620639931682,94,178,803,3.60807604051033,23,58,5.30454796598811,326,6.98581757462598,"small",-0.829868424486255,2.35881601818095,"high_prod","Cool temperate and moist","Cool and moist",0,"ok",0.396733168256345,0.868931266820737,0.512240418644781
"FWB_0496","FWB_0496_2006","Lough Corrib","lentic",53.47,-9.24,0.0114804758672176,0.0699125282681206,0.000229518450004354,0.0132403130536936,3,58.6666666666667,55,10,"lentic",53.47,-9.24,5.07473621950278,-2.47032659675085,5.08748249665425,3734.309312,29.5464258673426,97,91,1118,2.98870765861703,4,1,6.77763521543827,0,4.06786385611159,"large",1.97199201280358,-0.197084096040866,"high_prod","Cool temperate and moist","Cool and moist",0,"ok",0.858950090500061,0.982960555227336,0.876558672968834
"FWB_0501","FWB_0501_2008","Lough Corrib_Maam","lentic",53.4925,-9.507167,0.0181532810895226,0.0452662438638284,0.0280771321044509,0.0303992811124945,7,14.8571428571429,3,10,"lentic",53.4925,-9.507167,5.07473621950278,-2.47032659675085,5.08748249665425,3734.309312,45.3481241611846,97,91,1118,2.98870765861703,4,1,6.77763521543827,0,4.06786385611159,"large",1.97199201280358,-0.197084096040866,"high_prod","Cool temperate and moist","Cool and moist",0,"ok",0.71375879742279,0.519855432988242,0.620738690001412
"FWB_0504","FWB_0504_2006","Lough Ramor","lentic",53.81,-7.06,0.0151131772401606,0.0279481592621556,0.00663100527343071,0.0346485135349836,3,58,36,10,"lentic",53.81,-7.06,1.880990602956,-1.88214102336743,5.77149750970226,8826.179636,76.641981784161,89,113,928,1.58596455624846,9,0,3.61501787467996,0,4.20198762089548,"large",0.676492095162834,0.0214478302857131,"high_prod","Cool temperate and moist","Cool and moist",0,"ok",0.649031394105761,0.839363309824264,0.742186838946784
"FWB_0505","FWB_0505_2008","River Inney_Abbeyshrule","lotic",53.592455,-7.649627,0.0472164107624294,0.029844034369601,0.027064736529101,0.0288584804084697,8,9.25,1,10,"lotic",53.592455,-7.649627,2.57116079570609,4.88612716240011,4.25109791458548,2750.955115,56.5341703364846,89,65,966,-0.249744233111389,7,0,5.14985221841083,0,3.06991213598069,"large",0.737874481112158,-0.453187050788077,"low_prod","Cool temperate and moist","Cool and moist",0,"ok",0.387280845814842,0.516037559868661,0.441426517096115
"FWB_0506","FWB_0506_2008","River Inney_Ballinalack","lotic",53.632396,-7.473694,0.028705907602143,0.00646982162478114,0.00730226772227174,0.00940271903712104,8,15.5,2,10,"lotic",53.632396,-7.473694,1.7696842615762,5.46852177349356,4.25109791458548,2750.955115,76.8171995570196,89,111,956,-0.903868211875598,7,0,4.71979276599506,0,3.20890669783839,"large",0.190514436962965,0.318018670723029,"low_prod","Cool temperate and moist","Cool and moist",0,"ok",0.183928571403405,0.562868990712258,0.305942976309125
"FWB_0508","FWB_0508_2007","Ross Lake","lentic",53.372506,-9.217473,0.0074232808571185,0.024184765589154,0.000214244143508492,0.0239172897535173,3,68,55,10,"lentic",53.372506,-9.217473,0.113328685307003,-0.727242239926833,5.08748249665425,3734.309312,46.8554294221163,97,108,1109,0.559044196036465,2,0,1.78875663188807,0,3.84078497259447,"large",-0.0405361668460274,0.45053393385285,"high_prod","Cool temperate and moist","Cool and moist",0,"ok",0.765145850765038,0.991121818263907,0.862978426576093
"FWB_0509","FWB_0509_2022","cotugno","lentic",40.18097,16.3505,0.0390282778834953,0.0243852514398881,0.0346327626230732,0.0255857047306199,7,25.2857142857143,8,11,"lentic",40.18097,16.3505,2.13534917361813,-3.36831200649634,4.22853095484978,400.9707534,48.8627361296307,155,135,664,1.29060911098548,43,0,4.84453356186213,1704,3.8222079199002,"large",0.779669225375323,-0.530717714893536,"low_prod","Warm temperate and mesic","Warm temperate",0,"ok",0.384543356915733,0.424881367045467,0.404191127811604
"FWB_0513","FWB_0513_2001","Selingue","lentic",11.4497,-8.27592,0.0131921421573598,0.0102748130403514,0.0063357389105512,0.0146894228697908,7,19.4285714285714,1,17,"lentic",11.4497,-8.27592,5.81642640176029,-0.911092629503057,6.13917833373163,1105.791444,42.92939486144,272,65,1149,3.84106391648765,3,2,9.3208167800122,204,3.83788140193967,"large",2.27284865118184,0.382226954545499,"high_prod","Extremely hot and xeric","Hot and dry",0,"ok",0.43784176318509,0.698659207632117,0.561093461173277
"FWB_0524","FWB_0524_2015","arroyonegro","lotic",16.8675667,-93.87005,0.036781133458363,0.0301795684321714,0.00968278571428572,0.0345666666666667,8,3.875,1,18,"lotic",16.8675667,-93.87005,2.52099746993235,4.63122557485431,5.58940480901499,588.975964,16.1133082705342,243,54,1276,-2.5133061243097,15,0,3.88629506206779,0,0.478721765615428,"large",0.703615960692728,-0.790727197954795,"high_prod","Extremely hot and moist","Hot and moist",0,"ok",0.450705676316061,0.781177275801638,0.582197152076413
"FWB_0525","FWB_0525_2015","centla","lentic",18.3911833,-92.6111,0.0405499170062547,0.0216811465062746,0.0281953646441742,0.0173428571428572,12,3.5,1,18,"lentic",18.3911833,-92.6111,2.57261223020711,-2.1272016716312,5.18526871554777,798.8369874,8.69543151552079,261,58,1771,0.365337317017385,44,0,1.33710674297609,0,3.44909857938941,"large",0.957039098186562,-0.0696009440388026,"high_prod","Extremely hot and moist","Hot and moist",0,"ok",0.348397492868002,0.380841773400036,0.362106917018692
"FWB_0550","FWB_0550_2017","TABASCOTENOSIQUE river","lotic",17.422215,-92.491749,0.0113947734128563,0.0052991842830368,0.023799171667432,0.0175204016285002,30,4.73333333333333,1,13,"lotic",17.422215,-92.491749,1.56903249779906,5.0189867696173,5.98088646570816,904.4597843,24.9344279595568,215,70,2947,0.238229188732251,100,0,1.56903458026253,0,4.05524001565455,"large",0.0534814065462981,-0.27725463779538,"high_prod","Hot and mesic","Hot and moist",0,"ok",0.317431275409333,0.42402184318358,0.393349370765805
"FWB_0552","FWB_0552_2014","Kavango","lotic",-18.193333,21.751944,0.020332325737654,0.00836708479948464,0.0267089720774627,0.0105948262808186,44,7.86363636363636,1,13,"lotic",-18.193333,21.751944,4.27315997968677,5.62056428078128,4.16888639161521,471.8458678,24.7032239449179,219,55,559,-3.77226106305299,0,0,10.3043781471604,5,-0.891573729337318,"large",1.90023708165533,0.519353039722489,"low_prod","Hot and mesic","Hot and moist",0,"ok",0.291542043647801,0.28401467805132,0.287287715213177
"FWB_0554","FWB_0554_2011","Liambezi","lentic",-17.910002,24.37232,0.018277153128176,0.0131084680829195,0.0178434668664503,0.0147695410427834,32,10.5,1,13,"lentic",-17.910002,24.37232,-1.89711998488588,-1.00327483650841,6.31419697444577,1619.618636,21.986219094641,223,79,604,0.185649346886629,2,0,-0.489374029965282,0,3.52744846200937,"small",-0.856047606818498,0.347977975683206,"high_prod","Hot and mesic","Hot and moist",0,"ok",0.41765839187167,0.452872702937704,0.435603223207908
"FWB_0555","FWB_0555_2013","Zambezi","lotic",-17.5413889,24.5227778,0.0390058692739176,0.0146973419356393,0.0210536440187646,0.017017528199686,51,5.35294117647059,1,13,"lotic",-17.5413889,24.5227778,-0.0943106794712413,5.19775604845066,6.31419697444577,1619.618636,60.9557083560606,217,32,667,-1.30933331998376,0,0,0.85186313791727,0,2.92632913934937,"small",-1.08248147717598,-0.04052873401709,"high_prod","Hot and mesic","Hot and moist",0,"ok",0.273677152717896,0.446992493481426,0.345574319877661
"FWB_0571","FWB_0571_2022","bittern","lotic",-42.810011,170.889218,0.0739860539551898,0.08059670781893,0.0362758409655786,0.0484594143961884,4,4.5,3,10,"lotic",-42.810011,170.889218,0.783444818540726,5.05378268910386,5.83963668802594,848.4202291,134.510539736358,120,118,3223,-3.32423634052603,0,0,0.783449386826317,0,1.4658007711654,"small",-0.483027509798613,-0.231177954251049,"high_prod","Cool temperate and moist","Cool and moist",0,"ok",0.521382247890615,0.571891996894289,0.539266218898343
"FWB_0572","FWB_0572_2022","boggy","lotic",-43.766727,172.369426,0.0394166050295858,0.0497525711468019,0.0210011808734421,0.0635438854361189,4,5.5,4,11,"lotic",-43.766727,172.369426,0.976821231614187,4.4816773027043,6.37452705235083,2056.046475,99.2414335292317,117,168,637,-1.40242374304977,16,0,0.976824996667341,0,2.37722956406363,"small",-0.350963104304555,-0.988758706020518,"high_prod","Warm temperate and mesic","Warm temperate",0,"ok",0.557957057362346,0.751597795233296,0.652200159074954
"FWB_0579","FWB_0579_2005","broken","lotic",-43.19575,171.733056,0.0137526066800024,0.0302899549837363,0.0373569260220428,0.0597790663446752,3,5.66666666666667,3,10,"lotic",-43.19575,171.733056,-0.884307686021104,7.06648067153152,5.83963668802594,848.4202291,31.2358597037637,86,110,1689,-6.90775527898214,0,0,2.22613700027738,0,-1.82009721725981,"small",-1.62200169763048,2.43403248924498,"high_prod","Cool temperate and moist","Cool and moist",0,"ok",0.687742806946553,0.615416231287276,0.63797948595635
"FWB_0581","FWB_0581_2005","cass","lotic",-43.026583,171.7485,0.0554220325925926,0.0920156444444444,0.114855013914967,0.0542325196915483,4,4.5,1,10,"lotic",-43.026583,171.7485,0.79253992443798,5.51997270421883,5.83963668802594,848.4202291,34.0906803908268,90,113,2522,-6.21460809842219,0,0,2.21974790105056,0,-2.22553146355175,"small",-0.47681610203623,0.386149885189285,"high_prod","Cool temperate and moist","Cool and moist",0,"ok",0.624098577064055,0.320736357878122,0.462042703766452
"FWB_0590","FWB_0590_2010","Craigieburn2","lotic",-43.126402,171.7780211,0.108249398629303,0.0422860987138007,0.0362154587985004,0.0607374735919015,3,3.66666666666667,3,5,"lotic",-43.126402,171.7780211,1.51446767484287,4.671103145374,5.83963668802594,848.4202291,25.5709592486936,63,52,2389,-5.80914299031403,0,0,1.51446987409271,0,-2.32268576470105,"large",0.0162169295086566,-0.73792140277923,"high_prod","Cold and wet","Cold and wet/mesic",0,"ok",0.280904500666853,0.626463502386178,0.41627631811571
"FWB_0615","FWB_0615_2022","drain","lotic",-43.775356,172.358484,0.0373041695244627,0.0706125685871056,0.0479802017354868,0.0592066683207021,3,5.33333333333333,5,11,"lotic",-43.775356,172.358484,1.0591782194227,4.68962809979563,6.37452705235083,2056.046475,97.9615862499599,117,180,639,-1.08470938349912,16,0,1.7243742333736,0,2.94627991518237,"small",-0.294718257994984,-0.713390697019662,"high_prod","Warm temperate and mesic","Warm temperate",0,"ok",0.654324526693011,0.552368665020866,0.603519569074652
"FWB_0618","FWB_0618_2005","drylow","lotic",-43.257278,171.712583,0.0797674572279893,0.0526515385565991,0.0511213787644446,0.0661953927237911,4,5,2,5,"lotic",-43.257278,171.712583,-0.3051673867928,5.35651881357522,5.83963668802594,848.4202291,36.6768800212483,59,73,2127,-6.21460809842219,0,0,-0.305153818363821,0,-1.62450079011115,"small",-1.22648386740688,0.169704586303483,"high_prod","Cold and wet","Cold and wet/mesic",0,"ok",0.397613184155615,0.564244923245514,0.475890708720773
"FWB_0644","FWB_0644_2017","FIVE","lotic",-43.764833,172.796808,0.117803324279456,0.0163151958004012,0.0171667702220321,0.0386740435519939,3,8.66666666666667,3,11,"lotic",-43.764833,172.796808,0.359770148846035,5.79968444925489,4.99476697158333,881.3360322,128.384265854406,108,129,967,-2.16282315061889,1,0,1.78171081687482,0,2.60564900603629,"small",-0.772371708953167,0.756543590825846,"low_prod","Warm temperate and mesic","Warm temperate",0,"ok",0.12164759789093,0.692576646688893,0.289479007094712
"FWB_0647","FWB_0647_2022","frosty","lotic",-42.805762,170.941637,0.04959898614493,0.0267589388696655,0.0384380012597617,0.0535783492741529,6,3.83333333333333,1,10,"lotic",-42.805762,170.941637,1.21134555865535,4.94226768938715,5.83963668802594,848.4202291,129.395344492165,117,69,3362,-3.35240721749272,0,0,1.21134853661399,0,0.777033262231227,"small",-0.190797159904609,-0.37884588279587,"high_prod","Cool temperate and moist","Cool and moist",0,"ok",0.350440885665118,0.582269878812521,0.477135167365115
"FWB_0648","FWB_0648_2017","GARR","lotic",-43.486066,171.937147,0.0024139421306601,0.0400863765295371,0.114822680413077,0.0185673161226359,3,8.66666666666667,4,10,"lotic",-43.486066,171.937147,3.05861317159319,3.92375509337016,5.83963668802594,848.4202291,52.314919687411,108,145,804,-0.578034373459441,6,0,4.2026159870699,0,2.48823527044511,"large",1.07077499987264,-1.72755812449172,"high_prod","Cool temperate and moist","Cool and moist",0,"ok",0.943201787498106,0.139195716356922,0.333467437288082
"FWB_0649","FWB_0649_2005","ghost","lotic",-43.238817,171.741006,0.0222978721886505,0.0530045537998415,0.0147769132393895,0.0617408396779296,4,3.5,1,5,"lotic",-43.238817,171.741006,-0.210721031315653,5.22679900500794,5.83963668802594,848.4202291,32.5922255243441,58,50,2153,-6.21460809842219,0,0,-0.210708685712848,0,-1.62450079011115,"small",-1.16198271347126,-0.00207011190771795,"high_prod","Cold and wet","Cold and wet/mesic",0,"ok",0.703889059403502,0.806882551094298,0.755798038869121
"FWB_0655","FWB_0655_2022","harts","lotic",-43.798216,172.344572,0.129947162526038,0.0343697607072093,0.00554782909079455,0.116398098009842,3,4,3,11,"lotic",-43.798216,172.344572,1.85363820627392,5.03333878667663,6.37452705235083,2056.046475,96.331709071085,117,177,640,-0.585190039054853,11,0,3.95940284221995,0,2.9070655271962,"large",0.247849908332857,-0.258249726931589,"high_prod","Warm temperate and mesic","Warm temperate",0,"ok",0.209167504058128,0.954505827109616,0.52667629956595
"FWB_0668","FWB_0668_2010","Little.Kowai4","lotic",-43.3009796,171.9032262,0.0396573161177416,0.0694155313397705,0.0924541688595261,0.0527208335272288,3,4,3,10,"lotic",-43.3009796,171.9032262,1.28398474229532,4.63933737684292,5.83963668802594,848.4202291,26.0383057869413,94,116,1174,-4.13516655674236,1,0,1.63374215693642,0,-0.186317530071301,"small",-0.141188986650603,-0.779985566788871,"high_prod","Cool temperate and moist","Cool and moist",0,"ok",0.636414405214922,0.36315366048197,0.480383078723422
"FWB_0673","FWB_0673_2009","MangatawhiriRiver","lotic",-37.2708793,175.0269068,0.0497046309144316,0.0210844832346238,0.0165152770536997,0.0235764246442224,10,4.5,2,11,"lotic",-37.2708793,175.0269068,3.66783455551819,5.63185711561313,5.19511557139778,663.3472437,98.9268585231156,147,170,1310,-1.84516024595517,0,0,8.51287709244719,55,2.64376124881974,"large",1.48683639331547,0.534306987902143,"low_prod","Warm temperate and mesic","Warm temperate",0,"ok",0.297849231312992,0.588062457958584,0.402783002070268
"FWB_0674","FWB_0674_2009","MangawaraStream","lotic",-37.6096352,175.187003,0.0206277759083808,0.0408793995393823,0.0211739867763425,0.0311805006099608,10,4.4,2,11,"lotic",-37.6096352,175.187003,0.372941916402604,7.30413044808397,6.79657092721974,4793.109362,102.21109817281,140,239,1380,-2.39689577246529,0,0,5.07026183368056,0,4.47715509342248,"small",-0.763376187606913,2.74872782450741,"high_prod","Warm temperate and mesic","Warm temperate",0,"ok",0.66462813877871,0.595565006298163,0.632872367711316
"FWB_0678","FWB_0678_2022","mirror","lotic",-42.820944,170.904754,0.0809219177124609,0.0401220737077957,0.0140729343579797,0.0453778255016949,4,6,5,10,"lotic",-42.820944,170.904754,0.783444818540726,5.05378268910386,5.83963668802594,848.4202291,132.281203720886,120,118,3223,-3.32423634052603,0,0,0.783449386826317,0,1.4658007711654,"small",-0.483027509798613,-0.231177954251049,"high_prod","Cool temperate and moist","Cool and moist",0,"ok",0.331466876108659,0.763284197019568,0.47369742667413
"FWB_0680","FWB_0680_2009","mkiw1","lotic",-41.7055723,171.7860506,0.0324194400493769,0.0292574180643955,0.0247009228212454,0.0172445018994184,6,8,4,10,"lotic",-41.7055723,171.7860506,0.747161768866184,4.78512775901773,6.61730805395062,2058.607559,64.7981452692492,106,64,2668,-3.38139475436598,0,0,0.74716650594639,0,0.897315841908891,"small",-0.507806640348312,-0.586930248740155,"high_prod","Cool temperate and moist","Cool and moist",0,"ok",0.474366220315984,0.411117589445296,0.448763708845451
"FWB_0682","FWB_0682_2017","NATH","lotic",-42.552701,172.805863,0.0353767034917355,0.0288214069264069,0.0355842440780231,0.0537843805950549,4,7.75,1,10,"lotic",-42.552701,172.805863,1.1622128700777,4.88897200618318,5.84968846999958,455.1586379,5.02934941371589,107,147,1031,-1.09961278900169,8,0,2.29263677213886,0,3.356932313784,"small",-0.224351817394643,-0.449419914622118,"high_prod","Cool temperate and moist","Cool and moist",0,"ok",0.448944785737213,0.601826209050493,0.537914591154087
"FWB_0685","FWB_0685_2022","ogilvie","lotic",-42.816237,170.898391,0.0368606676949693,0.0235969809467131,0.0110860687565664,0.0379043226547227,4,4.5,3,10,"lotic",-42.816237,170.898391,0.783444818540726,5.05378268910386,5.83963668802594,848.4202291,133.2067449076,120,118,3223,-3.32423634052603,0,0,0.783449386826317,0,1.4658007711654,"small",-0.483027509798613,-0.231177954251049,"high_prod","Cool temperate and moist","Cool and moist",0,"ok",0.390305965859946,0.773709324681741,0.561922384098152
"FWB_0686","FWB_0686_2017","OKA","lotic",-42.380281,172.399865,0.0121714103342929,0.0335834948859672,0.0709164993381686,0.0303709192620151,6,7.33333333333333,1,10,"lotic",-42.380281,172.399865,0.930982280617145,5.24737113517081,5.84968846999958,455.1586379,47.5027406800413,71,38,1972,-5.80914299031403,0,0,2.03966197239555,0,-1.32046916809972,"small",-0.382268338048838,0.0251714596711868,"high_prod","Cool temperate and moist","Cool and moist",0,"ok",0.733986765447316,0.299848882336508,0.434938815480625
"FWB_0688","FWB_0688_2017","OKU","lotic",-43.579804,171.175827,0.0753609344445592,0.0189841360077374,0.133366826147732,0.0273970920764386,4,6.25,2,10,"lotic",-43.579804,171.175827,0.780700077567807,5.69211613208546,6.37452705235083,2056.046475,48.0071245651634,87,90,1106,-6.90775527898214,0,0,2.92337714888052,0,-2.13698591234448,"small",-0.484902002034055,0.614101851025688,"high_prod","Cool temperate and moist","Cool and moist",0,"ok",0.201220221859247,0.170418165836415,0.18180946239804
"FWB_0689","FWB_0689_2022","okuti","lotic",-43.787384,172.795377,0.0301008726908828,0.0703739473074249,0.0203195577053536,0.0680107237666535,4,5,4,10,"lotic",-43.787384,172.795377,0.948176920736477,5.11599586975408,5.83963668802594,848.4202291,131.712799994626,102,98,1040,-2.57702193869581,1,0,0.948180795196232,0,1.04204546451035,"small",-0.370525437821491,-0.148795391025106,"high_prod","Cool temperate and moist","Cool and moist",0,"ok",0.700413768430839,0.769959323498894,0.732949851441573
"FWB_0691","FWB_0691_2009","OpuatiaStream","lotic",-37.4103828,175.0577562,0.0290533861960996,0.0445104312467756,0.0292347296631449,0.0211033509888017,9,4.44444444444444,3,11,"lotic",-37.4103828,175.0577562,-0.476424197048658,5.4452912248882,5.19511557139778,663.3472437,118.738894863326,146,128,1245,-3.68887945411394,0,0,-0.47640809411873,0,1.47568020848882,"small",-1.34344192073812,0.287256827022835,"low_prod","Warm temperate and mesic","Warm temperate",0,"ok",0.605058747547182,0.419232332967102,0.529562365423678
"FWB_0692","FWB_0692_2017","OTU","lotic",-43.116089,172.221267,0.0167381951505094,0.047895136930207,0.00636508308236142,0.0331353872158251,4,9.25,5,10,"lotic",-43.116089,172.221267,0.162118849476435,6.01005080463487,5.83963668802594,848.4202291,24.463987949032,95,131,1098,-6.90775527898214,1,0,2.34228742092154,0,-2.99553229355132,"small",-0.907355603480459,1.03511027704205,"high_prod","Cool temperate and moist","Cool and moist",0,"ok",0.741028435148506,0.838860574714381,0.778138532300906
"FWB_0697","FWB_0697_2017","PERC","lotic",-43.211526,172.524938,0.00941449240784463,0.0371612240204188,0.0243656069572977,0.0420068486745786,4,8.5,1,10,"lotic",-43.211526,172.524938,0.346422567474381,5.02098282860207,4.99476697158333,881.3360322,40.5838462942415,107,122,767,-2.04794287462046,2,0,0.346429639585159,0,2.20497336666227,"small",-0.781487300511695,-0.27461146067765,"low_prod","Cool temperate and moist","Cool and moist",0,"ok",0.797866933032689,0.632895804060084,0.700923895013051
"FWB_0705","FWB_0705_2005","roadmarker","lotic",-43.245739,171.724719,0.0387712718723615,0.0559518025591755,0.0213987393220924,0.0399455138996682,4,4,3,10,"lotic",-43.245739,171.724719,0.333611004340181,6.02888176859169,5.83963668802594,848.4202291,34.6837114660277,78,90,1728,-6.21460809842219,0,0,2.45462010780812,0,-1.62450079011115,"small",-0.790236824002572,1.06004619998578,"high_prod","Cool temperate and moist","Cool and moist",0,"ok",0.590688202372652,0.65116961739292,0.614461193773234
"FWB_0708","FWB_0708_2010","scri1","lotic",-43.469219,172.548897,0.133472385291296,0.0627676580091895,0.0601583330105822,0.0463017629253056,5,2.6,1,11,"lotic",-43.469219,172.548897,1.56944890421774,4.42132948701165,5.83963668802594,848.4202291,77.922992509718,117,249,635,-0.827822083886547,7,0,2.0578360652273,0,2.78624566520989,"large",0.0537657869691858,-1.06867115688522,"high_prod","Warm temperate and mesic","Warm temperate",0,"ok",0.319851427636911,0.434921296268503,0.360321674148041
"FWB_0710","FWB_0710_2009","seas1","lotic",-43.32902,172.578383,0.0922560978771936,0.0981546297226827,0.102941711748909,0.0330232814254761,3,3,3,11,"lotic",-43.32902,172.578383,0.629674757604372,4.7995298036777,4.99476697158333,881.3360322,58.5466964148144,119,317,681,1.67952352000079,22,24,0.629680085240686,0,5.74098194776144,"small",-0.588043169969278,-0.567859091432615,"low_prod","Warm temperate and mesic","Warm temperate",0,"ok",0.515488969344952,0.242880764044326,0.401923007131062
"FWB_0712","FWB_0712_2022","selwyn","lotic",-43.700487,172.423652,0.0246434441580188,0.0727510079978849,0.0517130825266206,0.100643199560621,6,3.83333333333333,2,11,"lotic",-43.700487,172.423652,0.0573250666192694,5.78787380150065,5.83963668802594,848.4202291,96.6382856202985,118,183,630,-2.91877123241786,8,0,2.30995883997732,0,2.70236808843246,"small",-0.97892342508054,0.740903955861295,"high_prod","Warm temperate and mesic","Warm temperate",0,"ok",0.746972814030814,0.660577943894634,0.694269060245075
"FWB_0713","FWB_0713_2009","sfla1","lotic",-43.339532,172.602226,0.119267165294209,0.0582159423978456,0.0621989962323963,0.0469821482013187,5,2.6,1,11,"lotic",-43.339532,172.602226,0.629674757604372,4.7995298036777,4.99476697158333,881.3360322,60.3545239655736,119,317,681,1.67952352000079,22,24,0.629680085240686,0,5.74098194776144,"small",-0.588043169969278,-0.567859091432615,"low_prod","Warm temperate and mesic","Warm temperate",0,"ok",0.328008356146514,0.430313754678053,0.366973174433379
"FWB_0714","FWB_0714_2005","slip","lotic",-43.255139,171.708472,0.0627427318567156,0.0124841451690739,0.0826788483257531,0.00901365190317755,5,4.4,2,10,"lotic",-43.255139,171.708472,-2.33304430047875,7.29811261086648,5.83963668802594,848.4202291,36.9385851242829,82,70,1594,-6.90775527898214,0,0,0.27990944368324,0,-1.62450079011115,"small",-2.61140126640385,2.740759017096,"high_prod","Cool temperate and moist","Cool and moist",0,"ok",0.165953255839585,0.0983030442039749,0.128791500578424
"FWB_0716","FWB_0716_2010","ssal1","lotic",-43.256645,172.668558,0.076857265849786,0.0729257980750662,0.105919621336051,0.0321819303283042,6,2.66666666666667,1,11,"lotic",-43.256645,172.668558,-0.313341819232359,5.26281072989835,4.99476697158333,881.3360322,49.2141963751274,118,203,683,-1.18417017702976,19,0,-0.313328139435367,0,3.60337630281628,"small",-1.23206651082871,0.0456165386003032,"low_prod","Warm temperate and mesic","Warm temperate",0,"ok",0.486876127141142,0.233030910518078,0.365103665537141
"FWB_0717","FWB_0717_2009","sshi1","lotic",-43.459373,172.566065,0.189900442707182,0.0310083588890213,0.100765503589609,0.0279285881285712,4,2.5,1,11,"lotic",-43.459373,172.566065,1.56944890421774,4.42132948701165,5.83963668802594,848.4202291,78.4487245997169,117,249,635,-0.827822083886547,7,0,2.0578360652273,0,2.78624566520989,"large",0.0537657869691858,-1.06867115688522,"high_prod","Warm temperate and mesic","Warm temperate",0,"ok",0.140367240530783,0.217015309372014,0.168582549357201
"FWB_0731","FWB_0731_2009","WaikatoRiverUpstreamofMangatawhiriConfluence","lotic",-37.2714286,175.0275142,0.0131002806515921,0.0374549344295969,0.0732039226217369,0.0289332235091751,6,4.5,1,11,"lotic",-37.2714286,175.0275142,3.66783455551819,5.63185711561313,5.19511557139778,663.3472437,99.0115076294509,147,170,1310,-1.84516024595517,0,0,8.51287709244719,55,2.64376124881974,"large",1.48683639331547,0.534306987902143,"low_prod","Warm temperate and mesic","Warm temperate",0,"ok",0.740871824389359,0.283278166712144,0.43478375350129
"FWB_0732","FWB_0732_2009","WaikatoRiverUpstreamofMangawaraConfluence","lotic",-37.612166,175.185183,0.0343746138687049,0.0348660776015973,0.0106104023161066,0.0299255881726859,8,3.875,1,11,"lotic",-37.612166,175.185183,2.89353342123374,6.20915137684585,6.79657092721974,4793.109362,101.992487445737,142,220,1326,-1.20397280432594,0,0,8.29661260539874,58,4.52495757221466,"large",0.958035505206109,1.29875883683377,"high_prod","Warm temperate and mesic","Warm temperate",0,"ok",0.503548951652968,0.73824736516454,0.590213373350326
"FWB_0733","FWB_0733_2009","WaikatoRiverUpstreamofWaahiConfluence","lotic",-37.5493626,175.1553642,0.00490837006758171,0.0485918357455479,0.025494798090474,0.0293064320325315,6,3.33333333333333,1,11,"lotic",-37.5493626,175.1553642,3.98614669174411,5.20130673062115,6.79657092721974,4793.109362,111.343828007882,144,334,1267,1.41415268924829,1,33,8.36492181359423,55,5.47778489614484,"large",1.70422434856858,-0.0358269281401276,"high_prod","Warm temperate and mesic","Warm temperate",0,"ok",0.908255118032142,0.534776901298584,0.719272714204969
"FWB_0735","FWB_0735_2009","WaikatoRiverUpstreamofWhangamarinoConfluence","lotic",-37.2947662,175.0585894,0.0133679329107672,0.0408406254574044,0.00986151058653773,0.0264606828866716,5,4.6,2,11,"lotic",-37.2947662,175.0585894,3.64719771511929,5.63273168594016,5.19511557139778,663.3472437,102.726784045028,147,240,1270,-2.01740615076038,0,0,8.49819017438654,54,2.63984344911377,"large",1.47274267828974,0.535465092093391,"low_prod","Warm temperate and mesic","Warm temperate",0,"ok",0.753398110682535,0.728499034789531,0.743408256036521
"FWB_0737","FWB_0737_2022","waikekewai","lotic",-43.857886,172.359919,0.14380942379052,0.025346565847511,0.0176071910616607,0.0927086826195194,4,4.75,2,11,"lotic",-43.857886,172.359919,1.00320210386345,7.00145593445458,6.37452705235083,2056.046475,98.4253393463752,118,119,641,-6.21460809842219,18,0,6.31075067714094,0,1.57609000057506,"small",-0.332946562604145,2.34792686890049,"high_prod","Warm temperate and mesic","Warm temperate",0,"ok",0.149841373644226,0.840392950949683,0.422422662034455
"FWB_0739","FWB_0739_2009","WaipaRiver","lotic",-37.6670127,175.1432717,0.0186652128725601,0.0193801155335104,0.0580825119653612,0.0210275846155874,6,3.83333333333333,1,11,"lotic",-37.6670127,175.1432717,2.08193842187842,6.67209029866179,6.79657092721974,4793.109362,97.7024769699528,141,259,1395,0.278389025540188,0,38,6.9045030060713,0,6.0109338100209,"large",0.403765160709165,1.91178158535187,"high_prod","Warm temperate and mesic","Warm temperate",0,"ok",0.509395406622856,0.265801528810816,0.344906777928338
"FWB_0740","FWB_0740_2009","WhangamarinoRiver","lotic",-37.2941538,175.0616176,0.015866570968991,0.0419830543410267,0.0408266389003661,0.016867463629646,8,4.5,2,11,"lotic",-37.2941538,175.0616176,3.64719771511929,5.63273168594016,5.19511557139778,663.3472437,102.694525446271,147,240,1270,-2.01740615076038,0,0,8.49819017438654,54,2.63984344911377,"large",1.47274267828974,0.535465092093391,"low_prod","Warm temperate and mesic","Warm temperate",0,"ok",0.725727333859785,0.292360274100315,0.509335461740954
"FWB_0741","FWB_0741_2009","WhangapeStream","lotic",-37.4277293,175.0776934,0.0192090360716796,0.0326444013399062,0.0241218753405689,0.030961633323673,9,4.44444444444444,1,11,"lotic",-37.4277293,175.0776934,3.25728851935461,5.97220202875837,5.19511557139778,663.3472437,121.456912956826,146,154,1195,-3.61191841297781,0,0,8.43307957767051,52,1.7277559160807,"large",1.20645825757413,0.984991007474384,"low_prod","Warm temperate and mesic","Warm temperate",0,"ok",0.629551346438074,0.562085351396145,0.594799430857853
"FWB_0750","FWB_0750_2019","A3","lotic",38.09122,-7.0921,0.0472901375074407,0.0154583612518673,0.035882313091206,0.0213396707451159,8,6.125,2,12,"lotic",38.09122,-7.0921,1.66468338666008,5.02848791403126,4.69725534280993,1014.595982,37.2294176372553,164,63,552,-6.21460809842219,14,0,2.78210641001148,0,-3.24393725546357,"large",0.118805184000013,-0.264673242306167,"low_prod","Warm temperate and xeric","Warm temperate",0,"ok",0.246354280301793,0.372927838471243,0.306725714532748
"FWB_0751","FWB_0751_2019","A4","lotic",38.070386,-7.184753,0.0349554972962762,0.0226461639471175,0.0369404059091992,0.0257371921561101,9,6.66666666666667,3,12,"lotic",38.070386,-7.184753,1.96613285617284,4.37566838470429,4.69725534280993,1014.595982,47.9262485827718,162,49,562,-0.939047718996771,7,0,1.96613425614386,0,1.85723661222228,"large",0.324676956802923,-1.12913549271385,"low_prod","Warm temperate and xeric","Warm temperate",0,"ok",0.393151229639489,0.410628245984989,0.402258513905953
"FWB_0752","FWB_0752_2019","A5","lotic",38.148395,-7.298176,0.0243207233646567,0.0266961016211535,0.0191721458523167,0.0395020431497638,6,8,4,12,"lotic",38.148395,-7.298176,3.25782727100314,5.22084214721338,4.69725534280993,1014.595982,57.9717143078746,169,110,526,-0.894040122939335,39,0,6.42077477057078,0,2.41662870125415,"large",1.20682619239639,-0.00995817049529833,"low_prod","Warm temperate and xeric","Warm temperate",0,"ok",0.523280341898555,0.673243956526832,0.603496515933613
"FWB_0754","FWB_0754_2019","C2","lotic",39.241752,-7.352868,0.0135386225832603,0.030617355653691,0.0216511839447045,0.0297980002543051,7,7.42857142857143,1,11,"lotic",39.241752,-7.352868,1.17093295024774,4.75055796155775,5.09617815339697,1456.43723,64.6571234593115,150,135,832,0.0953101798043247,4,0,1.17093605101812,0,3.50119383643442,"small",-0.218396529543284,-0.632707501971538,"low_prod","Warm temperate and mesic","Warm temperate",0,"ok",0.693390948998823,0.579173425550229,0.631925665608947
"FWB_0755","FWB_0755_2019","C3","lotic",39.13275,-7.277278,0.039189924646569,0.0292330664385694,0.0740514243232905,0.0203930627762999,7,6.42857142857143,1,12,"lotic",39.13275,-7.277278,-0.321583624127462,6.27877633651651,5.49363743750636,1545.319847,58.2208785658272,165,270,647,-1.63475572041839,51,0,2.18222486422658,0,4.42169208064963,"small",-1.23769516556674,1.39095606228059,"high_prod","Warm temperate and xeric","Warm temperate",0,"ok",0.427240405234475,0.215926449521566,0.304702508861726
"FWB_0757","FWB_0757_2019","CH1","lotic",37.730271,-7.46013,0.0392456423772974,0.018808969977283,0.0166347034498051,0.0226942272974655,12,6.08333333333333,1,12,"lotic",37.730271,-7.46013,0.710987098688276,5.6579270503518,5.32145463705001,2609.002185,15.4820540404465,169,36,515,-4.96184512992682,2,0,2.47981118995399,0,-0.228143530402595,"small",-0.532511754250565,0.568828740759945,NA,"Warm temperate and xeric","Warm temperate",0,"ok",0.323987521652946,0.577036468224869,0.426182863683049
"FWB_0758","FWB_0758_2019","CH2","lotic",37.762035,-7.410703,0.0675195135039574,0.0262439449524768,0.0234427001301908,0.0178439348936322,11,6.36363636363636,1,12,"lotic",37.762035,-7.410703,3.28353933819392,4.68455608611854,5.32145463705001,2609.002185,22.0053312316739,168,61,522,-1.33560124680437,13,0,5.26512768212438,0,1.26101737835305,"large",1.22438598065393,-0.720107046884247,NA,"Warm temperate and xeric","Warm temperate",0,"ok",0.279895231943376,0.432196396808216,0.326455752158025
"FWB_0759","FWB_0759_2019","CH3","lotic",37.9355,-7.254917,0.0302545762476406,0.018039008095831,0.0269704173449378,0.0194481539005473,11,7.54545454545455,1,12,"lotic",37.9355,-7.254917,2.07668775348321,5.18832240334887,5.32145463705001,2609.002185,49.6782818742934,167,74,528,-1.95899538860397,16,0,4.12093796878448,0,1.81872753977972,"large",0.40017927146322,-0.0530207470588001,NA,"Warm temperate and xeric","Warm temperate",0,"ok",0.373528043964075,0.418973556891606,0.39580095884492
"FWB_0760","FWB_0760_2019","CR1","lotic",37.616813,-7.685658,0.0527063656109475,0.0165853576842273,0.0269664755730438,0.022597949312575,6,6.83333333333333,2,12,"lotic",37.616813,-7.685658,2.00417905717929,5.1390033680752,5.32145463705001,2609.002185,16.2869530484131,169,118,516,-2.10373423424888,2,0,3.92616276617383,0,1.7109126883743,"large",0.350660213175126,-0.118328910043091,NA,"Warm temperate and xeric","Warm temperate",0,"ok",0.239355537653113,0.455930828708795,0.329670005267208
"FWB_0762","FWB_0762_2019","D2","lotic",38.566776,-7.685554,0.029569613197976,0.0204229628791034,0.0081185176348985,0.0219633389326685,7,8.42857142857143,2,12,"lotic",38.566776,-7.685554,2.07819075977818,4.77165810388381,5.26247278755472,1864.270739,77.7203329594187,164,89,600,-3.72970144863419,66,0,3.13757943165926,0,-0.549895681601688,"large",0.401205733944574,-0.60476673779448,"low_prod","Warm temperate and xeric","Warm temperate",0,"ok",0.408519913989128,0.730119129560256,0.529336273912466
"FWB_0763","FWB_0763_2019","D3","lotic",38.477142,-7.688804,0.0519022042942171,0.0179246504252065,0.0581817051188572,0.0307109535232241,6,7,1,12,"lotic",38.477142,-7.688804,1.39003734739872,6.23634630078725,5.26247278755472,1864.270739,71.3600657479355,165,56,576,-5.52146091786225,69,0,4.68702672459834,177,-0.860359459553357,"large",-0.0687614655197991,1.33477029803236,"low_prod","Warm temperate and xeric","Warm temperate",0,"ok",0.256701386554369,0.3454835752734,0.306424855510088
"FWB_0764","FWB_0764_2019","D4","lotic",38.423573,-7.716366,0.0784671417979387,0.0247240384113599,0.0306859367124546,0.0508315981452747,7,5.85714285714286,1,12,"lotic",38.423573,-7.716366,1.10127540608759,5.55566110479127,5.26247278755472,1864.270739,65.7163980287316,166,152,571,-4.42284862919414,74,0,3.10036297296071,0,-0.226888053219193,"small",-0.265968423196057,0.433408390314137,"low_prod","Warm temperate and xeric","Warm temperate",0,"ok",0.239594492099161,0.623566429406752,0.409052905431217
"FWB_0765","FWB_0765_2019","F1","lotic",37.404844,-7.737848,0.0396157580062632,0.019718962462391,0.0290622529885506,0.0293410817161932,11,7.45454545454546,1,12,"lotic",37.404844,-7.737848,1.75353825640786,4.74111877600572,5.32145463705001,2609.002185,45.4693192154828,159,45,573,-0.916290731874155,1,0,1.75353998800809,0,2.12046471596209,"large",0.179487691044109,-0.645206851665836,NA,"Warm temperate and xeric","Warm temperate",0,"ok",0.332334294434037,0.502387095951389,0.416688080216132
"FWB_0766","FWB_0766_2019","F2","lotic",37.381827,-7.521334,0.0336017974298561,0.0144799500901522,0.014890202783538,0.0462702710486618,10,6.4,1,12,"lotic",37.381827,-7.521334,2.68791551868183,4.80149117723771,5.32145463705001,2609.002185,46.6412798488749,170,63,508,-2.16282315061889,2,0,4.35956384979384,0,0.985073981391957,"large",0.817610902081746,-0.56526184468156,NA,"Warm temperate and xeric","Warm temperate",0,"ok",0.301152741674512,0.756538792940179,0.556105692349015
"FWB_0768","FWB_0768_2019","L1","lotic",37.877032,-7.534361,0.0168066349013002,0.0390452060258923,0.0163354204779824,0.038139942431278,10,6.5,1,12,"lotic",37.877032,-7.534361,1.82277352275722,4.78885470841241,5.32145463705001,2609.002185,24.709093451711,168,88,528,-2.7646205525906,62,0,2.75480718865704,0,0.608683464615104,"large",0.226771194467965,-0.581995030174928,NA,"Warm temperate and xeric","Warm temperate",0,"ok",0.699085390520806,0.700131956804174,0.699602145012106
"FWB_0770","FWB_0770_2019","LU1","lotic",38.609312,-7.371537,0.047475367944153,0.019217544037325,0.0148572182718564,0.039692739547695,4,8.25,6,12,"lotic",38.609312,-7.371537,1.54351176231793,5.66318411214289,5.49363743750636,1545.319847,48.2752364507491,167,105,561,-0.970219073899711,45,0,3.78741193671977,0,2.67408037123356,"large",0.0360522862853598,0.575790130948665,"high_prod","Warm temperate and xeric","Warm temperate",0,"ok",0.288149721857431,0.727640151051934,0.485886581880627
"FWB_0772","FWB_0772_2019","O1","lotic",37.641514,-7.746774,0.0365683510757958,0.0341980439013201,0.0238639044935311,0.0375703961181388,9,4.66666666666667,1,12,"lotic",37.641514,-7.746774,3.68356535929017,3.62384923935863,5.32145463705001,2609.002185,19.2093436275116,163,96,551,0.110646520087064,19,0,3.83516377510912,0,1.73976592972611,"large",1.49757958176887,-2.12469282684435,NA,"Warm temperate and xeric","Warm temperate",0,"ok",0.483252593443242,0.611554062536232,0.542874904703201
"FWB_0773","FWB_0773_2019","O2","lotic",37.52665,-8.002733,0.0445790333501846,0.0125538523828183,0.0276737288249582,0.0334319485445448,8,5.5,1,12,"lotic",37.52665,-8.002733,3.68356535929017,3.62384923935863,5.32145463705001,2609.002185,51.9540013753925,163,96,551,0.110646520087064,19,0,3.83516377510912,0,1.73976592972611,"large",1.49757958176887,-2.12469282684435,NA,"Warm temperate and xeric","Warm temperate",0,"ok",0.219730759644905,0.547116896231809,0.388923881690748
"FWB_0775","FWB_0775_2019","OD2","lotic",37.296121,-7.753693,0.0329416026222645,0.0240520824243004,0.0610747085481224,0.0131134454395503,7,8.71428571428571,1,12,"lotic",37.296121,-7.753693,0.35697489894773,6.3862786317111,5.32145463705001,2609.002185,60.4721058426019,162,26,556,-3.61191841297781,0,0,3.03538606599182,0,1.99470167376804,"small",-0.77428069573268,1.53331037592025,NA,"Warm temperate and xeric","Warm temperate",0,"ok",0.422013112586937,0.176759290192465,0.283313057184316
"FWB_0776","FWB_0776_2019","ODC1","lotic",38.099753,-7.682594,0.0367519062531075,0.0259928630025859,0.00611583337942389,0.020287338943058,9,8.88888888888889,1,12,"lotic",38.099753,-7.682594,1.90195826152613,5.1395826026157,5.32145463705001,2609.002185,56.0056659847345,168,68,533,-4.13516655674236,88,0,3.81207028569289,0,-0.47963385133918,"large",0.280849586364422,-0.117561888880433,NA,"Warm temperate and xeric","Warm temperate",0,"ok",0.414263424838833,0.768367478546646,0.519139321966958
"FWB_0779","FWB_0779_2019","TC2","lotic",37.690464,-8.015366,0.00982222299650621,0.0312739413173822,0.0256552310879025,0.0603934024610393,5,8.2,1,12,"lotic",37.690464,-8.015366,1.32574786125186,5.2037890006982,5.32145463705001,2609.002185,46.698830197317,164,134,552,-4.60517018598809,84,0,2.81162973174733,0,-0.491006656734024,"large",-0.112667299910673,-0.0325399113146067,NA,"Warm temperate and xeric","Warm temperate",0,"ok",0.760994166718698,0.70185196406041,0.720968103447823
"FWB_0783","FWB_0783_2019","V4","lotic",37.396414,-7.985228,0.070685606064193,0.0203291904075249,0.0515152338259615,0.0216371686281472,9,7.33333333333333,1,12,"lotic",37.396414,-7.985228,2.09285122858975,4.96876117270558,5.32145463705001,2609.002185,61.6007719751285,158,64,578,-1.37832619147071,1,0,3.15406035871823,0,1.93441721471524,"large",0.411217948294257,-0.343763267797816,NA,"Warm temperate and xeric","Warm temperate",0,"ok",0.223361378540708,0.29578206459755,0.255631815065768
"FWB_0784","FWB_0784_2019","X1","lotic",39.080263,-7.018103,0.00890249593389645,0.0347580493195088,0.0472029277253161,0.0278117651478953,6,7,1,12,"lotic",39.080263,-7.018103,-0.435408984481236,7.71956473368983,5.49363743750636,1545.319847,42.0315249221336,169,53,558,-6.90775527898214,32,0,4.49759622246094,0,-1.82009721725981,"small",-1.31543100887023,3.29884503347265,"high_prod","Warm temperate and xeric","Warm temperate",0,"ok",0.796097463230785,0.37075090335839,0.527235634451791
"FWB_0789","FWB_0789_2016","TFVT3_5_1_DRY","lotic",-4.17172,11.52928,0.0230784461239136,0.0135516522389077,0.0295360321587726,0.0121159303165823,13,6.30769230769231,1,18,"lotic",-4.17172,11.52928,1.56066774806467,5.34284467174692,5.15200936585746,1652.232774,69.4335005407258,256,23,1352,-2.12863178587061,5,0,3.10458712689647,0,2.1643581219474,"large",0.047768787911888,0.151597316397708,"low_prod","Extremely hot and moist","Hot and moist",0,"ok",0.369959482627606,0.290884981079852,0.327885881907858
"FWB_0790","FWB_0790_2017","TFVT3_5_1_WET","lotic",-4.17172,11.52928,0.0297099042186986,0.0282989731762696,0.0210227283716118,0.0134935047700418,12,7.25,1,18,"lotic",-4.17172,11.52928,1.56066774806467,5.34284467174692,5.15200936585746,1652.232774,69.4335005407258,256,23,1352,-2.12863178587061,5,0,3.10458712689647,0,2.1643581219474,"large",0.047768787911888,0.151597316397708,"low_prod","Extremely hot and moist","Hot and moist",0,"ok",0.48783866275482,0.390932136617135,0.451687954804115
"FWB_0791","FWB_0791_2016","TFVT3_5_DRY","lotic",-4.21243,14.70042,0.0195245507345883,0.0125924478177543,0.0121681483155304,0.0120637671706175,16,6.8125,1,18,"lotic",-4.21243,14.70042,0.410784269585764,5.18515721503505,6.84907050881753,4864.929028,53.4099298810189,244,53,1430,-2.67364877438488,0,0,0.410790900863512,0,1.4400744359044,"small",-0.737532146980657,-0.0572120827799549,"high_prod","Extremely hot and moist","Hot and moist",0,"ok",0.392080467831755,0.497846205245874,0.437563268238492
"FWB_0792","FWB_0792_2017","TFVT3_5_WET","lotic",-4.21243,14.70042,0.0281378610885833,0.00864113915641543,0.0163495551326433,0.0121314768687399,16,6.75,1,18,"lotic",-4.21243,14.70042,0.410784269585764,5.18515721503505,6.84907050881753,4864.929028,53.4099298810189,244,53,1430,-2.67364877438488,0,0,0.410790900863512,0,1.4400744359044,"small",-0.737532146980657,-0.0572120827799549,"high_prod","Extremely hot and moist","Hot and moist",0,"ok",0.234947635847999,0.425949342992583,0.318305328853205
"FWB_0793","FWB_0793_2017","TSVT6_3_WET","lotic",-4.2411,11.64591,0.0192610509121182,0.016185158396691,0.0291727133221905,0.0155542905963948,12,6.16666666666667,1,18,"lotic",-4.2411,11.64591,1.43174562402381,4.92137788907717,5.46708816681139,1630.854007,74.2692158513372,255,50,1352,-1.34323487165944,3,0,1.43174801293639,0,2.1643581219474,"large",-0.0402772327784418,-0.406508112516767,"high_prod","Extremely hot and moist","Hot and moist",0,"ok",0.456611827112036,0.347760619618242,0.395885953866705
"FWB_0799","FWB_0799_2020","Riviere_du_Mat_downstream","lotic",-21.065836,55.49622,0.030042155278058,0.0289909296711029,0.0129391978005212,0.0181074571100974,3,26.6666666666667,5,13,"lentic",-26.890897,32.298722,-0.0202027073175195,-1.62285545280295,4.07734539105797,92.56986043,10.4443766107567,229,120,647,-0.102032725565152,9,0,1.54008997791973,0,3.20914907301938,"large",-0.0947013787687502,0.117781670774529,"low_prod","Hot and mesic","Hot and moist",2678192.12187093,"check",0.491096301270208,0.583233754561568,0.522852162478654
"FWB_0804","FWB_0804_2019","Site4Russia","lotic",53.054355,136.225229,0.0989591152271382,0.00996624734628049,0.0392082012895876,0.0135908041775305,5,10,4,7,"lotic",53.054355,136.225229,2.5065050493405,6.87119746485974,2.45029850198034,167.2932297,73.1738688478761,-27,0,613,-6.90775527898214,0,0,7.88653994700375,0,-3.72928486874898,"large",0.693718513122913,2.17543887688728,"low_prod","Cold and mesic","Cold and wet/mesic",0,"ok",0.0914961135847766,0.257406442740565,0.145661731804736
"FWB_0806","FWB_0806_2007","Loch Skeen","lentic",55.435242,-3.311333,0.027250103161377,0.0412067132009257,0.0762687015222726,0.0226896200630936,3,25.6666666666667,10,5,"lentic",55.435242,-3.311333,-1.77195684193188,-2.58450077224642,3.4816265100502,1980.695571,73.4308777839241,57,66,1393,-3.57555076880693,1,0,-1.29459067690968,0,0.0198124311696903,"small",-0.805276862727773,-0.239503875846536,"low_prod","Cold and wet","Cold and wet/mesic",0,"ok",0.601937329116244,0.229284608910029,0.381664012271054
"FWB_0807","FWB_0807_2021","hrhov","lentic",48.594674,20.760459,0.0810355032422152,0.0151918529284842,0.0394431433893711,0.0638592199637612,6,5.16666666666667,1,8,"lentic",48.594674,20.760459,-0.673344553263766,0.148725844194913,5.3217929510552,1264.424209,4.96320000157274,91,107,576,-0.170788320980282,19,0,2.30458409366021,0,3.6210290547571,"small",-0.359639576490952,0.775987330682326,"high_prod","Cool temperate and dry","Cool temperate and dry/xeric",0,"ok",0.157874574684719,0.618177724990305,0.396186959420868
"FWB_0809","FWB_0809_2021","perin","lentic",48.539368,21.141027,0.0154383670699187,0.0513034266155456,0.0607693722883223,0.0424921168499449,4,6,3,8,"lentic",48.539368,21.141027,-0.798507696217772,-0.0631358039130027,5.3217929510552,1264.424209,48.1500261987561,90,263,608,0.557900031151919,64,0,1.59229378818506,0,3.81560042713798,"small",-0.410410320581677,0.697273169419541,"high_prod","Cool temperate and dry","Cool temperate and dry/xeric",0,"ok",0.76868516386186,0.411500136251647,0.551727836707381
"FWB_0814","FWB_0814_2012","After N - M confluence","lotic",-28.710591,31.994499,0.0429023259175774,0.0404922920542473,0.0198851149497418,0.0205297334141948,5,8,5,13,"lotic",-28.710591,31.994499,2.87762418507366,4.48406245911546,5.72309510054875,1442.848632,94.879157429726,218,240,1087,1.85457776162021,4,4,4.79253740864032,0,4.69590637557543,"large",0.947170458213291,-0.985600286907518,"high_prod","Hot and mesic","Hot and moist",0,"ok",0.485550423265058,0.507975020203568,0.492870434502603
"FWB_0816","FWB_0816_2015","Baakens","lotic",-33.963,25.5678,0.0195263830290185,0.0781777761841586,0.0244342659446925,0.0696086154091153,6,2.66666666666667,1,14,"lotic",-33.963,25.5678,0.233489843368354,4.64530136207255,2.8460514331769,162.8492992,32.8928704304132,174,390,570,2.97149080918096,4,98,0.979081476539868,0,6.92054811065378,"small",-0.85861352719489,-0.772088070066745,"low_prod","Hot and dry","Hot and dry",0,"ok",0.800147883301318,0.740179526690957,0.770736232258282
"FWB_0819","FWB_0819_2017","FKL","lotic",-24.256686,27.968412,0.0495730355860103,0.0255335954262909,0.0456037480795969,0.0351437969509612,4,4.75,4,14,"lotic",-24.256686,27.968412,0.877965617552487,4.21663790083784,3.41011772186098,755.4780248,27.4407143121236,180,54,645,-2.91877123241786,37,0,1.25276582563414,0,-0.15898400822975,"small",-0.418475515427048,-1.33972332563046,"low_prod","Hot and dry","Hot and dry",0,"ok",0.339964595431114,0.435230531623734,0.389321569160688
"FWB_0821","FWB_0821_2015","Kaaloog","lotic",19.3104,26.3753,0.178729810891973,0.0141796932067202,0.0530623205957696,0.05542500022962,3,4,3,16,"lotic",19.3104,26.3753,-3.41124771751566,4.50986011618376,5.66317438815877,961.7831701,206.224551856511,253,32,18,-3.47376807449699,0,0,-3.41094473311704,0,-0.0171359859467349,"small",-3.3477490505493,-0.951439083569283,"high_prod","Extremely hot and arid","Hot and dry",0,"ok",0.073504378506234,0.510889197077939,0.230940367251289
"FWB_0827","FWB_0827_2010","Lake Nyamithi","lentic",-26.890897,32.298722,0.0201303918726964,0.0535159899288273,0.0399084100730044,0.0285364248577554,10,9.4,1,13,"lentic",-26.890897,32.298722,-0.0202027073175195,-1.62285545280295,4.07734539105797,92.56986043,10.4443766107567,229,120,647,-0.102032725565152,9,0,1.54008997791973,0,3.20914907301938,"large",-0.0947013787687502,0.117781670774529,"low_prod","Hot and mesic","Hot and moist",0,"ok",0.726661495374646,0.416925906631573,0.577462961283378
"FWB_0828","FWB_0828_2015","Liesbeek","lotic",-33.946,18.478,0.00238589650283658,0.155032082740754,0.0844448733221595,0.0344438585668515,3,3,3,11,"lotic",-33.946,18.478,1.06712162157674,4.96239906309801,5.53236072020091,285.201484,81.0901292118608,160,342,990,3.1454014980727,0,52,1.0671250615433,0,6.88634470984007,"small",-0.289293394298322,-0.352187959985516,"high_prod","Warm temperate and mesic","Warm temperate",0,"ok",0.984843557805144,0.28971508081192,0.685744984372365
"FWB_0831","FWB_0831_2015","Magalies","lotic",-26.0161,27.5646,0.0839583333333333,0.0932175925925926,0.0629950714960395,0.131622384947021,3,3,3,12,"lotic",-26.0161,27.5646,-1.57021719928082,6.27725908216928,6.11054219062009,743.8929737,55.5740905548232,166,169,687,-4.3428059215206,13,0,1.35015150649677,0,1.95741655289855,"small",-2.09043644958211,1.38894691725884,"high_prod","Warm temperate and xeric","Warm temperate",0,"ok",0.526130128037627,0.676313355197559,0.604744431186435
"FWB_0833","FWB_0833_2021","MRT1","lotic",-25.797824,27.577367,0.0299640544449656,0.0671477588394305,0.0926636342944295,0.04234307954779,3,5.66666666666667,5,12,"lotic",-25.797824,27.577367,-0.29975465368605,4.43377781842197,4.12854894456772,630.4387218,61.8717240972733,178,156,659,0.714908672341458,14,4,-0.299741158500458,0,3.96512784797106,"small",-1.2227872977556,-1.05218710256183,"low_prod","Warm temperate and xeric","Warm temperate",0,"ok",0.691447894632401,0.313636843255631,0.4717022796181
"FWB_0842","FWB_0842_2011","Olifants River","lotic",-24.035194,31.565528,0.0411112422168245,0.00652333681880128,0.0418989495251684,0.00687532616930148,14,8.35714285714286,1,13,"lotic",-24.035194,31.565528,2.58150387977567,6.61917747701498,5.52188363290565,924.0396573,42.0344591994067,228,71,502,-6.21460809842219,4,0,8.61962341977268,584,-2.30248509799371,"large",0.744938182558028,1.84171453799594,"high_prod","Hot and mesic","Hot and moist",0,"ok",0.136945407115333,0.140962137754124,0.138977514312491
"FWB_0843","FWB_0843_2017","PBS","lotic",-24.244631,27.789014,0.0042727160418682,0.0813396309929189,0.0825678764194386,0.0307915741228487,3,6.33333333333333,6,14,"lotic",-24.244631,27.789014,0.673964361143171,4.25487935460732,3.41011772186098,755.4780248,27.9790751953177,186,22,612,-2.37515578582888,25,0,0.673969457970142,0,0.47499738964291,"small",-0.557796046920734,-1.28908407282117,"low_prod","Hot and dry","Hot and dry",0,"ok",0.950092291709605,0.271627764386193,0.563553259714267
"FWB_0845","FWB_0845_2015","Rondegat","lotic",-32.3761,19.0667,0.102460747168338,0.0243823729785937,0.00155297702766061,0.110018426534209,4,3,3,12,"lotic",-32.3761,19.0667,2.04936885742354,3.95806713492953,4.59337682882383,483.4576709,33.6527099292181,158,92,370,-1.2413285908697,2,0,2.04937014558451,0,0.911081185721909,"large",0.381522116179737,-1.68212219108287,"low_prod","Warm temperate and xeric","Warm temperate",0,"ok",0.192224638989878,0.986080868591033,0.563727399749185
"FWB_0846","FWB_0846_2018","site10","lotic",-24.7208333,30.8458333,0.0226348064979331,0.0198679671734701,0.00435129907041848,0.0497681771843205,5,4.8,2,11,"lotic",-24.7208333,30.8458333,1.68713942009795,4.60850918692027,6.18126041753866,2057.139269,52.9502311404158,160,64,1018,-2.91877123241786,1,0,1.68714127057737,0,-0.0844582752928337,"large",0.134141297947896,-0.820808191173301,"high_prod","Warm temperate and mesic","Warm temperate",0,"ok",0.467451073359894,0.919598278262394,0.720705059248985
"FWB_0848","FWB_0848_2013","site1SA","lotic",-25.6167,25.85,0.0271014312847525,0.0173115466783538,0.025995463581057,0.0269807472249341,10,16.9,10,12,"lotic",-25.6167,25.85,-1.36257783450257,4.58659390229015,4.52414641754844,608.5941732,87.028193996174,177,122,559,1.13558689145947,17,0,-1.36253877276549,0,4.61986183327266,"small",-1.94863130990261,-0.849828365078342,"low_prod","Warm temperate and xeric","Warm temperate",0,"ok",0.389785766960604,0.50929930273312,0.454796825634328
"FWB_0851","FWB_0851_2018","site4SA","lotic",-24.9710833,30.7359722,0.0396415770862851,0.0405603439736236,0.0164366251561631,0.0769630687082282,3,7.66666666666667,4,11,"lotic",-24.9710833,30.7359722,1.27675847405158,5.05012795295132,5.7221302261598,813.7096399,64.6721381845292,154,50,1026,-4.01738352108597,2,0,1.99660462132754,0,-0.6616291338434,"small",-0.146124091218848,-0.236017548192613,"high_prod","Warm temperate and mesic","Warm temperate",0,"ok",0.505727835912136,0.824018425798828,0.676971886080084
"FWB_0856","FWB_0856_2018","site9","lotic",-24.7311667,30.8551389,0.0495701307253602,0.0129950627088182,0.0304784043272826,0.0272923592846844,6,5.33333333333333,2,11,"lotic",-24.7311667,30.8551389,1.68713942009795,4.60850918692027,6.18126041753866,2057.139269,53.975889166519,160,64,1018,-2.91877123241786,1,0,1.68714127057737,0,-0.0844582752928337,"large",0.134141297947896,-0.820808191173301,"high_prod","Warm temperate and mesic","Warm temperate",0,"ok",0.207704347985268,0.472425108797262,0.334791221031745
"FWB_0859","FWB_0859_2021","STK3","lotic",-25.813114,27.470612,0.0810242093540425,0.0451085095464019,0.0829139247480241,0.0397249020735553,3,3.66666666666667,3,14,"lotic",-25.813114,27.470612,-0.978166135592243,5.33653862749323,4.12854894456772,630.4387218,64.9788176213032,174,81,692,-1.75446368448436,8,0,0.192280138438167,0,2.40811649405013,"small",-1.6861013473561,0.143246865833932,"low_prod","Hot and dry","Hot and dry",0,"ok",0.357627346335139,0.323917825236121,0.341009303832319
"FWB_0863","FWB_0863_2021","STK7","lotic",-25.649644,27.483532,0.0495114848106451,0.0362548303043584,0.0111000871980648,0.0847347471657716,5,4,1,14,"lotic",-25.649644,27.483532,0.244513577050402,4.66396077655116,4.12854894456772,630.4387218,44.9488925713322,190,151,632,-3.10109278921182,28,0,1.96543402601964,2552,0.610314334066715,"small",-0.851084983191484,-0.747379312581966,"low_prod","Hot and dry","Hot and dry",0,"ok",0.422716427256371,0.884174817312008,0.666237949579871
"FWB_0868","FWB_0868_2016","bisbal-do","lotic",41.2742157,0.7220202,0.123326151420003,0.0320471204161808,0.0577416562410771,0.117813165827682,3,3,3,11,"lotic",41.2742157,0.7220202,1.24789399138386,3.97680416765218,5.73109193640576,1792.837576,50.7112805750664,139,49,563,-0.32989392126109,40,0,2.00552720462378,0,2.41385899009754,"small",-0.165836788764633,-1.65731065168227,"high_prod","Warm temperate and mesic","Warm temperate",0,"ok",0.206258901788265,0.671090457324712,0.452848485831213
"FWB_0869","FWB_0869_2016","bisbal-up","lotic",41.2757224,0.7216932,0.00946834220591802,0.125222940612654,0.0318675843268336,0.0759879647689071,4,3,1,11,"lotic",41.2757224,0.7216932,1.24789399138386,3.97680416765218,5.73109193640576,1792.837576,50.85949576276,139,49,563,-0.32989392126109,40,0,2.00552720462378,0,2.41385899009754,"small",-0.165836788764633,-1.65731065168227,"high_prod","Warm temperate and mesic","Warm temperate",0,"ok",0.929703377918883,0.704534587288174,0.829575483602462
"FWB_0882","FWB_0882_2016","nonasp-do","lotic",41.2089303,0.2580883,0.0659754479169067,0.070530851279466,0.0850638599552476,0.0516179563309286,5,2.8,2,12,"lotic",41.2089303,0.2580883,1.43078960100644,5.0113650105892,5.73109193640576,1792.837576,34.9524729001137,153,72,435,-1.84516024595517,41,0,4.32007157352791,356,2.23420025090546,"large",-0.0409301387322776,-0.287347355101631,"high_prod","Warm temperate and xeric","Warm temperate",0,"ok",0.516685689193017,0.377650500508817,0.447123431393184
"FWB_0885","FWB_0885_2016","poboleda-up","lotic",41.2317646,0.8396563,0.0565033305912262,0.0568927277863248,0.0926759566942964,0.0535637165862026,4,2.5,1,11,"lotic",41.2317646,0.8396563,0.572108852182889,4.51973673859859,5.03177539585562,643.1312833,49.1934322521173,144,46,564,-0.832409247893453,9,0,1.87318737092338,2462,2.89053896613831,"small",-0.627357204992397,-0.938360480899486,"low_prod","Warm temperate and mesic","Warm temperate",0,"ok",0.501716978529369,0.366273497366636,0.425428517358322
"FWB_0889","FWB_0889_2006","Soto2016_Ebro_Flix","lotic",41.233333,0.533333,0.0299917700248079,0.0298887822259479,0.0156106034594929,0.0114160446070334,5,21.6,6,12,"lotic",41.233333,0.533333,3.67107183546397,6.26221180191059,5.73109193640576,1792.837576,34.8202007779318,160,359,429,-1.36257783450257,42,0,9.70193791597395,379,3.49953358449778,"large",1.48904725990806,1.36902134032587,"high_prod","Warm temperate and xeric","Warm temperate",0,"ok",0.49914005637065,0.422399573152124,0.475275082872133
"FWB_0890","FWB_0890_2016","vallderoures-do","lotic",40.8745432,0.1440988,0.0668391724222335,0.137035382452441,0.0466707959113945,0.102294771512459,3,5.33333333333333,3,11,"lotic",40.8745432,0.1440988,0.137149838147234,5.20673560804169,5.73109193640576,1792.837576,37.6381714995566,135,171,535,-1.18744350237473,52,0,1.96487348867387,2414,2.92809615982627,"small",-0.92440792948318,-0.028638020055545,"high_prod","Warm temperate and mesic","Warm temperate",0,"ok",0.672155397404444,0.686700781136882,0.678296312805406
"FWB_0891","FWB_0891_2016","vallderoures-up","lotic",40.8697293,0.1482924,0.0569496987464255,0.0773474450179056,0.0132546038079236,0.0772591387372898,4,3.5,3,11,"lotic",40.8697293,0.1482924,0.137149838147234,5.20673560804169,5.73109193640576,1792.837576,37.6315516306455,135,171,535,-1.18744350237473,52,0,1.96487348867387,2414,2.92809615982627,"small",-0.92440792948318,-0.028638020055545,"high_prod","Warm temperate and mesic","Warm temperate",0,"ok",0.575942591553826,0.853562526140131,0.687718403201863
"FWB_0892","FWB_0892_2015","Site1Sweden","lotic",57.6592217,12.9812214,0.070000103314738,0.0672558543420865,0.00064856249167466,0.0201607010323567,3,50.3333333333333,3,7,"lotic",57.6592217,12.9812214,1.7509374747078,4.24817003112783,4.83894823801828,681.1489895,50.5214472015223,60,199,913,1.46902575871736,14,0,1.7509392108174,0,4.64747277987994,"large",0.177711514293393,-1.29796854488925,"low_prod","Cold and mesic","Cold and wet/mesic",0,"ok",0.490003169918814,0.968832991570044,0.55304104673616
"FWB_0893","FWB_0893_2015","Site2Sweden","lotic",57.6624444,12.9773242,0.0800517176167412,0.00941481932985452,0.0252034481408375,0.0516317671049781,4,29,3,7,"lotic",57.6624444,12.9773242,1.7509374747078,4.24817003112783,4.83894823801828,681.1489895,51.1046511126142,60,199,913,1.46902575871736,14,0,1.7509392108174,0,4.64747277987994,"large",0.177711514293393,-1.29796854488925,"low_prod","Cold and mesic","Cold and wet/mesic",0,"ok",0.105232857459034,0.671980509715432,0.367083242539752
"FWB_0894","FWB_0894_2015","Site3Sweden","lotic",57.6714592,12.9898769,0.113306074615024,0.0149702067879225,0.0266145604387808,0.0266819103647264,4,32,3,7,"lotic",57.6714592,12.9898769,1.7509374747078,4.24817003112783,4.83894823801828,681.1489895,53.2036188038842,60,199,913,1.46902575871736,14,0,1.7509392108174,0,4.64747277987994,"large",0.177711514293393,-1.29796854488925,"low_prod","Cold and mesic","Cold and wet/mesic",0,"ok",0.116702843457845,0.500631842267698,0.229396297883337
"FWB_0895","FWB_0895_2015","Site4Sweden","lotic",57.6766253,12.9971133,0.100173920404323,0.0386787807065105,0.0446977931590103,0.0229414369880072,4,27.5,3,7,"lotic",57.6766253,12.9971133,1.7509374747078,4.24817003112783,4.83894823801828,681.1489895,54.4164829117992,60,199,913,1.46902575871736,14,0,1.7509392108174,0,4.64747277987994,"large",0.177711514293393,-1.29796854488925,"low_prod","Cold and mesic","Cold and wet/mesic",0,"ok",0.278559800400546,0.33917353787355,0.298414651454691
"FWB_0898","FWB_0898_2016","Lichia","lotic",15.1591,98.6276,0.151797704929323,0.0502813121139251,0.104027095774892,0.0302669266077386,4,3.5,1,18,"lotic",15.1591,98.6276,1.39896376422055,6.1085947843264,7.0430811530613,2346.447718,74.2177729476649,243,40,2040,-2.59026716544583,4,0,3.64024079096764,0,2.38462672456428,"large",-0.0626652622030114,1.16560200809687,"high_prod","Extremely hot and moist","Hot and moist",0,"ok",0.248820054895478,0.225378062781543,0.239461042594684
"FWB_0899","FWB_0899_2015","Nong","lotic",12.3762,102.6081,0.0469173625546015,0.0129602794384747,0.0374018524522774,0.0162605222304934,9,7,1,18,"lotic",12.3762,102.6081,2.47947525979079,5.54191511165192,5.19738583732287,923.9515434,38.2695601338572,269,106,2678,0.466246580368023,41,0,4.19984521805983,0,4.6431402135139,"large",0.67525880011668,0.41520597505309,"low_prod","Extremely hot and moist","Hot and moist",0,"ok",0.21644605577443,0.303015331069836,0.257361259267669
"FWB_0900","FWB_0900_2016","Pakkok","lotic",14.6667,98.4728,0.0260951506424658,0.0420998375112902,0.0459458202333671,0.0269702211902979,4,4.75,4,13,"lotic",14.6667,98.4728,1.99524438287908,5.43611054665133,7.0430811530613,2346.447718,67.5030953700669,245,56,2612,-1.77785656405906,6,0,2.85203567556385,0,2.47224431978732,"large",0.344558370499557,0.275099792172636,"high_prod","Hot and mesic","Hot and moist",0,"ok",0.617345037385587,0.369880490818097,0.489473139756893
"FWB_0901","FWB_0901_2016","Pilok","lotic",14.5973,98.5366,0.00766439898628728,0.0434532098811899,0.0768799746078844,0.0280690422930835,6,3.83333333333333,2,18,"lotic",14.5973,98.5366,0.55732745741741,6.24284954405771,7.0430811530613,2346.447718,61.2040750092729,248,33,2695,-2.90042209374967,5,0,1.68399050001745,0,2.47224431978732,"small",-0.637452004461733,1.34338187912022,"high_prod","Extremely hot and moist","Hot and moist",0,"ok",0.850063429098233,0.267454075530503,0.458280249362156
"FWB_0902","FWB_0902_2015","Sato","lotic",13.44794,102.5541,0.0341666346929091,0.0234245207381782,0.0133414550806116,0.026514822998733,8,7.875,4,17,"lotic",13.44794,102.5541,-0.0932123817221787,5.4010201184521,5.76541560078078,527.7124963,36.3981168036928,272,106,1394,-0.107585210679937,6,7,-0.0932014048340167,0,5.06776525197578,"small",-1.08173140617725,0.228633120809198,"high_prod","Extremely hot and xeric","Hot and dry",0,"ok",0.406738162532745,0.665260889286956,0.512474694693371
"FWB_0903","FWB_0903_2015","Stornoi","lotic",12.7065,102.6385,0.033376971894197,0.0207178444151039,0.0239728958693408,0.0272849215090082,11,6.27272727272727,2,18,"lotic",12.7065,102.6385,1.35040808255548,5.21885543311895,5.19738583732287,923.9515434,40.979153592794,248,59,1626,0.5607579925142,10,0,1.35041067389703,0,4.61008817284146,"large",-0.0958258588369991,-0.0125889731288449,"low_prod","Extremely hot and moist","Hot and moist",0,"ok",0.382991307275069,0.53230751726337,0.455638974023478
"FWB_0904","FWB_0904_2008","Arima_HP","lotic",10.69845,-61.294314,0.0231047758795952,0.0273897022968503,0.0133322807476165,0.0108139237657783,4,17.25,3,18,"lotic",10.69845,-61.294314,1.79309191446183,4.37794164264638,3.18773701784824,260.714778,150.294756770621,248,297,2364,3.37451111639965,35,35,1.79309357890785,0,6.59434780779993,"large",0.206500449492728,-1.1261252493187,"low_prod","Extremely hot and moist","Hot and moist",0,"ok",0.542429653419549,0.447851908144793,0.511833824207889
"FWB_0912","FWB_0912_2007","Marianne_HP","lotic",10.780717,-61.30125,0.0319688375337817,0.0368840142452563,0.00810081064411694,0.040662757925407,4,13.5,1,18,"lotic",10.780717,-61.30125,-1.90380897303668,7.47345751865357,5.79983427454387,1068.979602,152.756136834252,259,124,2162,-1.39030238251743,8,0,1.08350203494709,0,5.96997532380804,"small",-2.3182594740067,2.97295037592288,"high_prod","Extremely hot and moist","Hot and moist",0,"ok",0.535693341557212,0.833875762546637,0.659319268014191
"FWB_0915","FWB_0915_2008","Quare_HP","lotic",10.66495,-61.19295,0.0308718484730388,0.0321715017050156,0.0428486672359227,0.0226560934401294,8,9,2,18,"lotic",10.66495,-61.19295,1.79906604441049,4.4846112361251,3.18773701784824,260.714778,158.688483674372,250,221,2661,1.29937388908919,30,19,1.79906769894255,0,4.47629092681925,"large",0.210580419265019,-0.984873597543285,"low_prod","Extremely hot and moist","Hot and moist",0,"ok",0.510307615539991,0.345869417830149,0.426514203754971
"FWB_0919","FWB_0919_2021","TR1","lentic",37.821232,29.931128,0.121828759901627,0.0222375105451846,0.0885273471138447,0.02581888810443,3,7.66666666666667,3,11,"lentic",37.821232,29.931128,5.02631177348126,-11.5129254649702,5.17588748632588,948.072494,31.1893945645166,131,113,473,1.83162100265319,33,0,4.30065401180503,0,3.31955375431139,"large",1.95234928812706,-3.55673220557101,"high_prod","Warm temperate and mesic","Warm temperate",0,"ok",0.15435612011206,0.225795698958907,0.18596777476357
"FWB_0920","FWB_0920_2021","TR10","lentic",39.078314,30.426616,0.0771203990592462,0.0251998154624914,0.0411381579804555,0.0345554250126723,3,9.33333333333333,8,9,"lentic",39.078314,30.426616,-0.891598119283784,-2.53978650162256,5.31979571355118,739.7871677,65.5505636689113,102,77,470,0.188966099512623,21,21,-0.274423687893588,0,3.48139423130136,"small",-0.448171197587767,-0.222890928953749,"high_prod","Cool temperate and xeric","Cool temperate and dry/xeric",0,"ok",0.246283841177227,0.456517232323506,0.335677578420143
"FWB_0921","FWB_0921_2021","TR11","lentic",39.358406,31.061098,0.067946865598892,0.0293814334281254,0.0323108116482231,0.029617962365672,3,10,10,9,"lentic",39.358406,31.061098,0.712949807856125,-2.52427491425197,5.31979571355118,739.7871677,60.458107878259,104,88,437,-0.746547957287061,14,0,3.85346146649195,710,2.20420129445944,"large",0.202692069884348,-0.217127820809193,"high_prod","Cool temperate and xeric","Cool temperate and dry/xeric",0,"ok",0.301879655987509,0.478258496753489,0.370466407973231
"FWB_0922","FWB_0922_2017","TR12","lentic",37.420573,27.868554,0.0138926317368729,0.0258887387274199,0.0114812695455286,0.0163399310538664,9,38.6666666666667,2,12,"lentic",37.420573,27.868554,0.165514438477573,-1.16478681399771,5.20395234658939,468.1248689,130.759436635759,158,106,794,1.07158361628019,19,0,2.33185356183079,0,4.07220136793479,"large",-0.019367718556275,0.287970513476132,"high_prod","Warm temperate and xeric","Warm temperate",0,"ok",0.650775436473644,0.587319407567973,0.624660706195672
"FWB_0924","FWB_0924_2016","TR14","lentic",40.717154,30.27427,0.0667523034858717,0.0208682609303206,0.0933255122669527,0.0386447467244283,3,9.33333333333333,9,11,"lentic",40.717154,30.27427,3.81352775867905,-4.67449029400861,5.37774433376925,980.985648,33.5551834599352,143,186,749,3.9502047174682,27,34,3.64010955223922,0,5.9514755649116,"large",1.46039977807463,-1.0160095517097,"high_prod","Warm temperate and mesic","Warm temperate",0,"ok",0.238166246352827,0.292829210306787,0.271017735309864
"FWB_0926","FWB_0926_2021","TR2","lentic",38.812859,30.177388,0.0702869547439955,0.0233301729101343,0.0522798553005088,0.0306765428286621,5,10,10,9,"lentic",38.812859,30.177388,-1.38629436111989,-2.02946846723645,4.61497036992621,468.5238794,89.6680872357587,110,192,450,0.943516718127747,30,0,-0.0376914830219355,0,4.29789759974247,"small",-0.648838068873781,-0.0332895715928627,"low_prod","Cool temperate and xeric","Cool temperate and dry/xeric",0,"ok",0.249208381999585,0.369791161628014,0.305859644016374
"FWB_0927","FWB_0927_2021","TR3","lentic",38.970635,30.901329,0.0112542112088125,0.0386391180670841,0.00329045686994363,0.0394691965168713,3,14.3333333333333,7,9,"lentic",38.970635,30.901329,-2.20727491318972,-0.594981989273158,4.61497036992621,468.5238794,50.7463479407516,104,83,429,-0.918793862092274,22,0,1.44974087998996,0,2.48165219311748,"small",-0.981857778421315,0.499673335871034,"low_prod","Cool temperate and xeric","Cool temperate and dry/xeric",0,"ok",0.774434551228686,0.92304762528879,0.843019969128207
"FWB_0928","FWB_0928_2021","TR4","lentic",40.708585,26.075832,0.102533462766461,0.015517583068717,0.0142605707502115,0.077538171028109,3,9.33333333333333,9,11,"lentic",40.708585,26.075832,1.30291275218084,-3.34195843008884,3.99561760651476,881.373725,49.7308813005796,147,167,593,-0.677273831403655,45,0,0.237448742419268,0,3.1976934541637,"large",0.442002596628852,-0.520926420991517,"low_prod","Warm temperate and mesic","Warm temperate",0,"ok",0.131448077896595,0.844653962854431,0.443439829771074
"FWB_0929","FWB_0929_2021","TR5","lentic",40.780834,26.200358,0.0373443329642366,0.0168066066739197,0.0255850458040578,0.0169800540635551,11,7.90909090909091,2,11,"lentic",40.780834,26.200358,1.86872051036418,0.624006045394306,3.99561760651476,881.373725,33.204745829861,145,143,602,0.521765563804325,36,0,5.42928426742274,0,3.32995233307009,"large",0.671514897273376,0.952570882902981,"low_prod","Warm temperate and mesic","Warm temperate",0,"ok",0.310365928758091,0.398919634075027,0.349338754048747
"FWB_0930","FWB_0930_2021","TR6","lentic",40.414397,29.693112,0.0289909693107204,0.0115377896846432,0.0237042474837555,0.0138230736545603,12,7.5,1,11,"lentic",40.414397,29.693112,5.70351577242766,-5.48462465295062,4.59075404608808,389.5584637,37.1855458738129,141,113,618,3.51619134628822,16,8,5.20581280232102,0,4.84549339821607,"large",2.22704797430784,-1.31700337075996,"low_prod","Warm temperate and mesic","Warm temperate",0,"ok",0.284681543936816,0.368346933254631,0.32490567417388
"FWB_0932","FWB_0932_2021","TR8","lentic",40.833216,26.323628,0.0937939914345296,0.0115184196003393,0.0479835370865362,0.0266399671179693,7,10.7142857142857,10,11,"lentic",40.833216,26.323628,1.58923520511658,-3.8852188026761,3.99561760651476,881.373725,18.4672609695677,142,126,611,0.626473047291953,60,0,0.72076721139432,0,3.77519498489207,"large",0.558145445412787,-0.722767032340542,"low_prod","Warm temperate and mesic","Warm temperate",0,"ok",0.109373809669266,0.356991639590692,0.212066538620405
"FWB_0933","FWB_0933_2021","TR9","lentic",38.786808,30.791541,0.0224722502290456,0.0221791684409381,0.0118776359296754,0.0322735955060267,5,15.2,5,9,"lentic",38.786808,30.791541,1.22082992139236,-3.62924107699089,4.61497036992621,468.5238794,29.5162468699811,109,127,428,0.871711688476188,30,0,2.70451127983403,2231,3.70499908199625,"large",0.408706801254525,-0.627662174244643,"low_prod","Cool temperate and xeric","Cool temperate and dry/xeric",0,"ok",0.496718113367532,0.730978377194916,0.613188501493587
"FWB_0934","FWB_0934_2012","Angle","lentic",47.4261167,-122.2883167,0.0518173145411104,0.0326633759550288,0.0386216292787499,0.0587700907123883,6,4.83333333333333,2,10,"lentic",47.4261167,-122.2883167,-1.04982212449868,-3.93872190779607,4.61907344322803,489.6017029,31.7204175816631,107,381,1025,3.53639821333086,2,100,-2.84713986950416,0,6.84431696306345,"small",-0.512352635415091,-0.742645344824583,"low_prod","Cool temperate and moist","Cool and moist",0,"ok",0.38663718020299,0.603440320365385,0.50273412235779
"FWB_0937","FWB_0937_2016","BURRO-01","lotic",34.73391,-113.24591,0.0265671400984787,0.0230437989571349,0.00936589876658745,0.0274343460164183,5,8,3,12,"lotic",34.73391,-113.24591,1.91250108692418,4.53096847447951,5.97144978080191,919.1295328,17.3263323055025,156,31,333,-6.90775527898214,0,0,3.81005694430754,0,-11.5129254649702,"large",0.288049699068409,-0.923487439822397,"high_prod","Warm temperate and xeric","Warm temperate",0,"ok",0.464490279680111,0.745493574246207,0.584162173588846
"FWB_0938","FWB_0938_2016","BURRO-02","lotic",34.73655,-113.24429,0.0160113736478072,0.0187364965978458,0.00525035958145116,0.0360100686593879,4,8.75,7,12,"lotic",34.73655,-113.24429,1.91250108692418,4.53096847447951,5.97144978080191,919.1295328,17.683674466435,156,31,333,-6.90775527898214,0,0,3.81005694430754,0,-11.5129254649702,"large",0.288049699068409,-0.923487439822397,"high_prod","Warm temperate and xeric","Warm temperate",0,"ok",0.539212805429127,0.872750724960862,0.720270896038584
"FWB_0939","FWB_0939_2016","BURRO-06","lotic",34.56383,-113.35178,0.0284809160201194,0.0507411618204512,0.022088015039607,0.0297893579620716,4,6,4,12,"lotic",34.56383,-113.35178,1.06712162157674,5.7068789814513,5.97144978080191,919.1295328,12.9976749501926,176,24,289,-6.90775527898214,0,0,4.36747134349741,0,-11.5129254649702,"small",-0.289293394298322,0.633650785167386,"high_prod","Warm temperate and xeric","Warm temperate",0,"ok",0.64049269097138,0.574226415842369,0.614270458534754
"FWB_0940","FWB_0940_2016","BURRO-07","lotic",34.55859,-113.35692,0.0498583919225235,0.0332617577736829,0.0277689797833357,0.0183481289676732,4,9.25,7,12,"lotic",34.55859,-113.35692,1.06712162157674,5.7068789814513,5.97144978080191,919.1295328,13.6153394959079,176,24,289,-6.90775527898214,0,0,4.36747134349741,0,-11.5129254649702,"small",-0.289293394298322,0.633650785167386,"high_prod","Warm temperate and xeric","Warm temperate",0,"ok",0.400164796324963,0.397859481320408,0.399342166194552
"FWB_0945","FWB_0945_2016","CONGER-01","lotic",34.7642,-113.13209,0.031709338791535,0.0385373870094496,0.018862031107339,0.0704591678541372,3,9.33333333333333,8,9,"lotic",34.7642,-113.13209,0.553885113226438,4.48919068962815,5.97144978080191,919.1295328,30.2677950318377,116,10,427,-6.90775527898214,0,0,0.55389086033636,0,-4.60417068565501,"small",-0.639802917542916,-0.978809494827231,"high_prod","Cool temperate and xeric","Cool temperate and dry/xeric",0,"ok",0.548600473118556,0.78882917687352,0.683073086435407
"FWB_0946","FWB_0946_2016","CONGER-02","lotic",34.76405,-113.13364,0.000347464158686021,0.0451126664479475,0.0303266195818493,0.0266903510540752,3,8,4,9,"lotic",34.76405,-113.13364,0.553885113226438,4.48919068962815,5.97144978080191,919.1295328,30.1062117342137,116,10,427,-6.90775527898214,0,0,0.55389086033636,0,-4.60417068565501,"small",-0.639802917542916,-0.978809494827231,"high_prod","Cool temperate and xeric","Cool temperate and dry/xeric",0,"ok",0.992356727663353,0.468112401560291,0.700673776203609
"FWB_0947","FWB_0947_2009","Cottage","lentic",47.7539167,-122.0866167,0.0390433305711459,0.0347626070273473,0.0261428437052699,0.0341832394919489,7,6.57142857142857,2,10,"lentic",47.7539167,-122.0866167,-1.6094379124341,-1.73644001797105,4.61907344322803,489.6017029,47.9258729177568,105,280,1147,2.45847711295102,2,84,-0.964929657480715,0,6.1011101411895,"small",-0.739353246680018,0.0755809522421633,"low_prod","Cool temperate and moist","Cool and moist",0,"ok",0.471000141160147,0.566641122384767,0.514014819953419
"FWB_0950","FWB_0950_2008","East Fork","lotic",33.3003293,-108.1252318,0.062616785322252,0.00870104516572844,0.0242912790250524,0.0298379786753356,7,8.28571428571429,3,9,"lotic",33.3003293,-108.1252318,0.73428912389112,5.08654773938615,5.65491402917287,773.0514722,53.4753714656711,95,30,421,-4.71053070164592,0,0,3.58084898842069,0,-1.31300672535007,"small",-0.516597879045671,-0.187790543444031,"high_prod","Cool temperate and xeric","Cool temperate and dry/xeric",0,"ok",0.122003783712895,0.551235689218064,0.307213378944234
"FWB_0951","FWB_0951_2012","Fern","lentic",47.4029116,-122.7645149,0.0678139253241443,0.0324271638040082,0.00401967667554725,0.0815205242843884,3,6.33333333333333,4,10,"lentic",47.4029116,-122.7645149,-2.04022082852655,-4.31673839464576,3.64887595396284,659.1055866,74.9921273964866,104,97,1339,0.527092596229863,0,0,-4.50895132824755,0,4.30599579576548,"small",-0.914094537729439,-0.883091956901925,"low_prod","Cool temperate and moist","Cool and moist",0,"ok",0.323491734637399,0.953008332568333,0.61334318452826
"FWB_0954","FWB_0954_2016","FRANCIS-02","lotic",34.80721,-113.35511,0.0176701813839072,0.0585605121499129,0.0576940229230906,0.0400701593980473,3,10,10,11,"lotic",34.80721,-113.35511,-0.553385238184787,5.01801546757035,5.97144978080191,919.1295328,20.2250131006701,137,30,351,-6.90775527898214,0,0,-0.553367847031666,0,-3.9627901224818,"small",-1.39600166151677,-0.2785408339271,"high_prod","Warm temperate and mesic","Warm temperate",0,"ok",0.768201224929592,0.4098654379006,0.566859633442186
"FWB_0955","FWB_0955_2016","FRANCIS-03","lotic",34.76313,-113.26434,0.0532878679745708,0.0400480015560646,0.00201982954740298,0.0545530932782543,4,9,6,12,"lotic",34.76313,-113.26434,-0.0943106794712413,5.88525805107195,5.97144978080191,919.1295328,18.5324646231522,153,19,329,-6.90775527898214,0,0,2.71350264282227,0,-11.5129254649702,"small",-1.08248147717598,0.869859974725285,"high_prod","Warm temperate and xeric","Warm temperate",0,"ok",0.429074071495308,0.964296885391134,0.631057680789514
"FWB_0956","FWB_0956_2016","FRANCIS-04","lotic",34.74886,-113.25307,0.0125746412299991,0.0142914689410282,0.0345896164870836,0.0221388708996951,6,8.66666666666667,3,12,"lotic",34.74886,-113.25307,-0.0943106794712413,5.88525805107195,5.97144978080191,919.1295328,17.9990524786049,153,19,329,-6.90775527898214,0,0,2.71350264282227,0,-11.5129254649702,"small",-1.08248147717598,0.869859974725285,"high_prod","Warm temperate and xeric","Warm temperate",0,"ok",0.531951549742406,0.390260201171076,0.435797777667768
"FWB_0957","FWB_0957_2009","Killarney","lentic",47.2867,-122.2909,0.0101625194223181,0.0262372495937866,0.00903287597478492,0.04001089240837,4,8.25,1,10,"lentic",47.2867,-122.2909,-2.12026353620009,-2.17466372535593,4.61907344322803,489.6017029,43.2075101677943,102,330,1066,3.1026565658755,9,100,-2.12854775578779,0,6.72790467885874,"small",-0.946562784624735,-0.0872347903914396,"low_prod","Cool temperate and moist","Cool and moist",0,"ok",0.720808134309264,0.815820107781778,0.775344092936988
"FWB_0959","FWB_0959_2015","Lake Michigan","lentic",44,-87,0.0135070271107315,0.0151092770985222,0.00911950442086687,0.0116889581155457,16,83,17,8,"lentic",44,-87,10.9634768160666,-8.88699030481304,1.65270398304561,36.5958936,25.5389106245208,76,90,822,7.52589385116806,17,14,10.5625400337169,46,5.82922501975026,"large",4.36068036616866,-2.58110360309292,"low_prod","Cool temperate and dry","Cool temperate and dry/xeric",0,"ok",0.527995403880152,0.561740594486079,0.542202563179879
"FWB_0962","FWB_0962_2017","LR01","lotic",40.788628,-105.882212,0.00315891696727155,0.0633648775578984,0.00778115673459914,0.0472065722541012,3,11.3333333333333,5,7,"lotic",40.788628,-105.882212,0.104360015324243,5.14904518705227,4.40216667893561,1224.723714,129.312753948147,25,12,526,-6.21460809842219,1,0,2.16951188110298,0,-2.35377312976348,"small",-0.946801397169069,-0.105031554432342,"low_prod","Cold and mesic","Cold and wet/mesic",0,"ok",0.952514480122201,0.858492851446945,0.909966780223755
"FWB_0963","FWB_0963_2016","LR02","lotic",41.030829,-106.037882,0.0374710674413502,0.016800928910058,0.00727588074920688,0.0261957188933058,5,14.6,3,7,"lotic",41.030829,-106.037882,0.955126755659353,5.36547424595733,4.40216667893561,1224.723714,104.654585385641,33,55,480,-6.90775527898214,1,0,3.98651823116095,0,-3.81625838344377,"small",-0.365779120508103,0.181563351065609,"low_prod","Cold and mesic","Cold and wet/mesic",0,"ok",0.30956902342919,0.782625245673479,0.490026050520459
"FWB_0964","FWB_0964_2016","LR03","lotic",41.138216,-105.980393,0.0522760286610292,0.0255018455109776,0.0430754904588653,0.0338602076200415,7,7.85714285714286,2,8,"lotic",41.138216,-105.980393,2.55606384410433,4.06462370559131,4.40216667893561,1224.723714,87.9799233427047,45,61,394,-2.48891467118554,10,0,4.38499734274794,0,0.0751167488816275,"large",0.727564175390943,-1.5410202038844,"low_prod","Cool temperate and dry","Cool temperate and dry/xeric",0,"ok",0.327880464495339,0.440110487920884,0.383690016766894
"FWB_0965","FWB_0965_2016","LR04","lotic",41.227001,-105.722747,0.0200444857918334,0.0117392707684067,0.0191085415583054,0.0234878149103559,11,31.3636363636364,4,8,"lotic",41.227001,-105.722747,2.09875385271221,4.86796850579783,4.40216667893561,1224.723714,62.44761726545,51,100,334,-3.01593498087151,16,0,4.95252591058089,0,0.344305760017781,"large",0.415249083907941,-0.477232705744156,"low_prod","Cool temperate and dry","Cool temperate and dry/xeric",0,"ok",0.369348121143487,0.551404318527482,0.473608929110857
"FWB_0966","FWB_0966_2016","LR05","lotic",41.309678,-105.605355,0.0169289799267183,0.0314108172343603,0.0224525227172158,0.0202688840097976,10,37.3,5,8,"lotic",41.309678,-105.605355,1.37194185489549,5.8977580343826,4.40216667893561,1224.723714,46.8714949769376,51,422,325,1.57422515667836,11,67,5.41331880381079,1427,6.35368286561612,"large",-0.0811195934919735,0.886412426386661,"low_prod","Cool temperate and dry","Cool temperate and dry/xeric",0,"ok",0.649792077730338,0.474443272416432,0.567527103064317
"FWB_0967","FWB_0967_2017","LR06","lotic",41.927815,-105.414398,0.0402909528302745,0.0125914713832858,0.0104257253415252,0.0229487593979039,11,9.81818181818182,1,8,"lotic",41.927815,-105.414398,3.47627393221139,3.97645356087147,4.40216667893561,1224.723714,47.6044072372056,53,31,364,-5.11599580975408,3,0,6.34409308286824,4511,-2.90024029209477,"large",1.35601206251421,-1.65777492444533,"low_prod","Cool temperate and dry","Cool temperate and dry/xeric",0,"ok",0.23810314240581,0.687613893579963,0.412027641757478
"FWB_0968","FWB_0968_2016","LR07","lotic",42.056708,-105.123964,0.0133270885271445,0.00781180793416808,0.0379708985218184,0.0131501078973625,15,16.2,1,8,"lotic",42.056708,-105.123964,0.183986836113016,4.86709983929398,4.40216667893561,1224.723714,78.7396759328432,82,29,327,-6.21460809842219,16,0,0.183995155545963,0,-2.99553229355132,"small",-0.892421089965541,-0.478382992105149,"low_prod","Cool temperate and dry","Cool temperate and dry/xeric",0,"ok",0.36954662928904,0.257234918059603,0.290090561928906
"FWB_0969","FWB_0969_2017","LR08","lotic",42.123592,-104.852362,0.0412408976787441,0.00984386885162535,0.0130047392901251,0.026048906580017,16,6.5625,1,8,"lotic",42.123592,-104.852362,3.01587797924695,4.40751704087937,4.40216667893561,1224.723714,105.678678159047,86,118,335,-1.01335244471729,41,0,5.2627575959594,0,1.61859783198464,"large",1.0415894457444,-1.08696156906,"low_prod","Cool temperate and dry","Cool temperate and dry/xeric",0,"ok",0.192696757178547,0.667003195210829,0.398196223738223
"FWB_0970","FWB_0970_2012","Martha1","lentic",47.8511667,-122.2445833,0.086608778836007,0.00807813948083079,0.06823689691587,0.0149362062003353,5,7.4,2,10,"lentic",47.8511667,-122.2445833,-1.89711998488588,-2.03221845037656,3.78377589242996,430.9694953,67.098741954308,101,369,1004,3.58324112209094,1,100,-1.70369364835982,0,7.29826241229104,"small",-0.856047606818498,-0.0343112884457886,"low_prod","Cool temperate and moist","Cool and moist",0,"ok",0.0853142083872666,0.179579763658297,0.129395833283592
"FWB_0972","FWB_0972_2016","MB01","lotic",41.515046,-106.371396,0.0143011630625009,0.0816107643474161,0.000921744518143812,0.0615956751398062,3,9.66666666666667,7,7,"lotic",41.515046,-106.371396,1.57856624876701,4.11674171639857,4.40216667893561,1224.723714,96.4635245969469,18,13,481,-6.90775527898214,0,0,1.94619725069484,0,-11.5129254649702,"large",0.0599923823871453,-1.47200564337384,"low_prod","Cold and mesic","Cold and wet/mesic",0,"ok",0.850892757045959,0.985256197021775,0.903913587587257
"FWB_0973","FWB_0973_2016","MB02","lotic",41.605678,-106.416902,0.0951549219856204,0.0285676623058464,0.0272250604158927,0.0405181449555499,5,7,3,8,"lotic",41.605678,-106.416902,1.2345989978677,4.93505534092982,4.40216667893561,1224.723714,100.322192943186,44,37,359,-4.42284862919414,5,0,2.89081665891303,0,-0.505821498644534,"small",-0.174916465995449,-0.388396459483699,"low_prod","Cool temperate and dry","Cool temperate and dry/xeric",0,"ok",0.230900950456599,0.598113784746159,0.360825855015809
"FWB_0974","FWB_0974_2016","MB03","lotic",41.724793,-106.31846,0.087545807679567,0.0172526274881785,0.0547953731967289,0.0239006559385159,6,8.16666666666667,5,8,"lotic",41.724793,-106.31846,1.78842056796254,5.06526691044351,4.40216667893561,1224.723714,90.7535513907011,55,36,308,-5.52146091786225,3,0,4.06522483523957,0,-1.84509695681873,"large",0.20331020209657,-0.215970572459497,"low_prod","Cool temperate and dry","Cool temperate and dry/xeric",0,"ok",0.164626766235231,0.303708537789637,0.224275340310764
"FWB_0975","FWB_0975_2016","MB04","lotic",42.00988,-106.513402,0.073865332769462,0.0110886979479853,0.0129267420953367,0.0334566360263141,7,9.71428571428571,3,8,"lotic",42.00988,-106.513402,1.98938006331118,6.27928492857867,4.40216667893561,1224.723714,125.529519856074,62,32,292,-6.90775527898214,2,0,6.66886211355614,0,-3.29656713258407,"large",0.340553394582107,1.39162953882171,"low_prod","Cool temperate and dry","Cool temperate and dry/xeric",0,"ok",0.130525860331051,0.721306583978566,0.339167144898313
"FWB_0976","FWB_0976_2010","Middle Fork","lotic",33.2258928,-108.2430721,0.0195692698429915,0.0166905899632918,0.00551932222865153,0.0240157156546778,14,13.5,1,9,"lotic",33.2258928,-108.2430721,0.609221945622184,4.4986696550604,5.65491402917287,773.0514722,37.0572854959053,98,29,432,-6.90775527898214,0,0,2.61688548364998,0,-5.11433053043502,"small",-0.602011204706189,-0.966257468699052,"high_prod","Cool temperate and xeric","Cool temperate and dry/xeric",0,"ok",0.460304867488749,0.813126285787944,0.618684837994606
"FWB_0977","FWB_0977_2012","Padden","lentic",48.7027,-122.4529,0.0654509549893594,0.0319744533191951,0.0152999531958603,0.0638978306269205,5,10.4,5,10,"lentic",48.7027,-122.4529,-0.63487827243597,-3.35668993146522,4.45799609535193,747.3964739,12.8406022165323,94,239,1011,2.55209789932832,1,34,-0.832386259651937,0,5.97246012665994,"small",-0.344036247476215,-0.526399699356613,"low_prod","Cool temperate and moist","Cool and moist",0,"ok",0.328194193633034,0.806813367024301,0.542806880507662
"FWB_0979","FWB_0979_2010","Removal Reach","lotic",33.2137185,-108.233482,0.0240672251824192,0.0109358284386003,0.0124281438975267,0.0145453026235974,15,20.4,1,9,"lotic",33.2137185,-108.233482,-0.339677367570161,5.61668121001921,5.65491402917287,773.0514722,37.1046195000364,111,80,411,-4.3428059215206,0,0,2.88082690593643,0,0.076970300352521,"small",-1.25005209903626,0.514211085570269,"high_prod","Cool temperate and xeric","Cool temperate and dry/xeric",0,"ok",0.312424983174419,0.539245239283988,0.411141819943955
"FWB_0983","FWB_0983_2009","San Francisco","lotic",33.4369203,-108.9307902,0.0378173832588762,0.021038592332871,0.005574695590379,0.0141851947335116,7,17.7142857142857,1,11,"lotic",33.4369203,-108.9307902,0.235072122179483,6.46814914244173,5.10636392936618,1177.268869,15.8370997657829,127,63,426,-4.96184512992682,1,0,4.76685535300251,0,1.09091944111433,"small",-0.857532926374984,1.64172313437615,"low_prod","Warm temperate and mesic","Warm temperate",0,"ok",0.357458900669741,0.717878211923122,0.448049342917383
"FWB_0984","FWB_0984_2013","Shoecraft","lentic",48.1259769,-122.3070729,0.012073537421025,0.0476499802961465,0.0276349739183521,0.052121396147245,5,6,5,10,"lentic",48.1259769,-122.3070729,-0.891598119283784,-1.41386089759826,3.78377589242996,430.9694953,38.768945859632,99,236,944,0.420682073913025,0,0,0.573806056714326,0,4.69059539734853,"small",-0.448171197587767,0.195430604729043,"low_prod","Cool temperate and moist","Cool and moist",0,"ok",0.797842828377913,0.653507627094573,0.715310128430698
"FWB_0988","FWB_0988_2012","Sunday","lentic",48.2292,-122.2576,0.108201773378478,0.0210415862117173,0.132511722437545,0.00884961083684705,4,4.5,4,10,"lentic",48.2292,-122.2576,-2.04022082852655,-3.65459131050788,3.78377589242996,430.9694953,30.3870107021119,100,210,1022,0.654406352243515,29,0,-3.38110067996303,0,4.07601102528405,"small",-0.914094537729439,-0.637080690464669,"low_prod","Cool temperate and moist","Cool and moist",0,"ok",0.162805936633309,0.062602768606245,0.110460748969797
"FWB_0989","FWB_0989_2016","SW01","lotic",42.565194,-109.062622,0.0116631448383053,0.117403027660894,0.0302918919093433,0.0667660083506959,3,9.66666666666667,5,7,"lotic",42.565194,-109.062622,-0.297059234264378,5.9728701960537,4.66124760303927,2746.448248,229.665180758715,11,10,363,-6.90775527898214,1,0,1.60843941410051,0,-11.5129254649702,"small",-1.22094648915944,0.985875793204324,"low_prod","Cold and mesic","Cold and wet/mesic",0,"ok",0.909634378920025,0.687898750867423,0.814460104863229
"FWB_0990","FWB_0990_2016","SW02","lotic",42.373322,-108.879355,0.103499627320471,0.0233094560515893,0.0117388196610145,0.0493315433427607,4,7.25,4,8,"lotic",42.373322,-108.879355,2.17906060670855,5.34705248343816,4.66124760303927,2746.448248,263.38455075925,31,92,299,-6.90775527898214,4,0,4.18558602145194,0,-4.70942020736189,"large",0.470093744407746,0.157169291806669,"low_prod","Cool temperate and dry","Cool temperate and dry/xeric",0,"ok",0.183815350066043,0.807782055261587,0.386636222298838
"FWB_0991","FWB_0991_2016","SW03","lotic",42.571843,-107.966105,0.0665933499365463,0.00895576966893199,0.0468827834662751,0.0216998027433852,7,7.71428571428571,1,8,"lotic",42.571843,-107.966105,0.911479174876933,7.44205326479408,4.40216667893561,1224.723714,308.020751511867,57,33,239,-6.90775527898214,4,0,6.27747399024494,0,-2.38585801218787,"small",-0.395587780807818,2.9313649288825,"low_prod","Cool temperate and dry","Cool temperate and dry/xeric",0,"ok",0.118542343255613,0.31640397282552,0.212691386943242
"FWB_0992","FWB_0992_2016","SW04","lotic",42.488328,-107.1476,0.0387535046073504,0.00965914878621127,0.0213263700017023,0.0302110037675051,9,7.55555555555556,2,8,"lotic",42.488328,-107.1476,3.33123975923835,5.31634243706123,4.40216667893561,1224.723714,223.655159320809,68,77,252,-6.90775527898214,3,0,7.02538809002203,0,-4.19903863333677,"large",1.25696248596255,0.116503112857498,"low_prod","Cool temperate and dry","Cool temperate and dry/xeric",0,"ok",0.199517029312337,0.58619602742652,0.398900867618451
"FWB_0993","FWB_0993_2007","Tularosa","lotic",33.7336042,-108.700877,0.0276062597313653,0.0450121863421378,0.0436196091445138,0.0457264141141038,6,4.66666666666667,3,9,"lotic",33.7336042,-108.700877,0.758466646680588,5.35939310256472,5.10636392936618,1177.268869,34.0067750450226,95,18,403,-5.52146091786225,0,0,3.59478880537921,0,-1.28731818203729,"small",-0.500086091890445,0.173510713749996,"low_prod","Cool temperate and xeric","Cool temperate and dry/xeric",0,"ok",0.619845077607104,0.511790144053148,0.560237691824712
"FWB_0996","FWB_0996_2008","Whatcom","lentic",48.7595,-122.4151,0.0330941851466279,0.0225698256895461,0.0196175204678875,0.0372110372890272,3,9,6,10,"lentic",48.7595,-122.4151,2.92530980925744,-3.04958840599397,4.45799609535193,747.3964739,5.90346090759253,96,128,1127,3.55657587884167,7,21,3.19208041294418,730,5.62320855091239,"large",1.10010612338873,-0.412300525599228,"low_prod","Cool temperate and moist","Cool and moist",0,"ok",0.405465315030422,0.654794679959998,0.531420552719481
"FWB_0997","FWB_0997_2016","Woody Island","lentic",59.763778,-154.275106,0.0416003983947093,0.0918988868231339,0.00860940256319194,0.0705427003460215,3,18.3333333333333,3,7,"lentic",59.763778,-154.275106,7.87649423805212,-5.54880408390628,3.49154818771327,1059.017136,72.798651679182,14,2,692,-1.12701176318981,0,0,8.99976377590827,0,-0.729790418258784,"large",3.10848743794785,-1.34084831921153,"low_prod","Cold and mesic","Cold and wet/mesic",0,"ok",0.688384860437072,0.891229642084597,0.763886794249838
"FWB_1003","FWB_1003_2017","Las Cañas","lotic",-33.194559,-58.359482,0.0284128973078452,0.0168027179252157,0.0193416575282192,0.0216663564985968,32,4.9375,1,14,"lotic",-32.256664,-58.096143,5.51700299607792,5.58985564476142,5.71853515804337,1717.320013,36.0440755503111,184,207,1174,0.0825012215117436,8,5,11.663653150259,53,4.68751494958874,"large",2.74970670350228,0.478688728365191,"high_prod","Hot and dry","Hot and dry",127523.004359035,"check",0.371613165907556,0.52834444712267,0.446154664956948
"FWB_1008","FWB_1008_2019","Mongu_Nalusa","lentic",-15.2536489,23.059019,0.0304171191728669,0.019082589315314,0.0197171419433691,0.0331645138682352,15,5.33333333333333,2,13,"lentic",-15.2536489,23.059019,-0.462035459596559,-2.51868407123712,5.86411483077716,2654.552539,23.1160429480362,228,43,980,0.971914635622152,1,0,-1.12698089946857,0,4.31038306569032,"large",-0.273924887122987,-0.215050623154044,"high_prod","Hot and mesic","Hot and moist",0,"ok",0.38550912516728,0.627145904553118,0.510318489511072
"FWB_1012","FWB_1012_2019","Senanga","lotic",-16.164732,23.259378,0.0363345016240738,0.0343634323758129,0.0353612319813006,0.0165565937209835,18,4.5,2,13,"lotic",-16.164732,23.259378,5.61096152747342,5.26742850395373,4.91378252103985,921.3780193,22.3737417700455,229,76,779,-0.175544572514931,2,7,11.0952052894944,0,2.21702829395642,"large",2.81387470306658,0.0517313853113087,"low_prod","Hot and mesic","Hot and moist",0,"ok",0.486059923276796,0.318899982752072,0.415281251125298
