"FWB_id","site_year_code","sp_site","collection_site_id","fish_family","fish_scientific_name","fish_name_level","waterbody_type","collection_decimal_longitude","collection_decimal_latitude","sp_site_mean_N","sp_site_var_N","sp_site_mean_C","sp_site_var_C","sp_site_mean_length","sp_site_var_length","sp_site_num_ind","sp_site_body_size_range","VarTot"
"FWB_0001","FWB_0001_2012","Ambassis macleayi_4-Mile Hole","4-Mile Hole","Ambassidae","Ambassis macleayi","species","lotic",132.21865,-12.57082,0.656436835158009,0.0491665127722967,0.109576833324146,0.00288483688891869,28.8888888888889,48.8611111111111,9,21,0.0520513496612154
"FWB_0001","FWB_0001_2012","Amniataba percoides_4-Mile Hole","4-Mile Hole","Terapontidae","Amniataba percoides","species","lotic",132.21865,-12.57082,0.767586769159096,0.000326281159438691,0.704095694834904,0.000655265721785192,118,309,3,33,0.000981546881223883
"FWB_0001","FWB_0001_2012","Craterocephalus stercusmuscarum_4-Mile Hole","4-Mile Hole","Atherinidae","Craterocephalus stercusmuscarum","species","lotic",132.21865,-12.57082,0.725890985324948,0.0203689053556543,0.428835235102806,0.115722033603939,26.3333333333333,50.6666666666667,6,20,0.136090938959594
"FWB_0001","FWB_0001_2012","Denariusa australis_4-Mile Hole","4-Mile Hole","Ambassidae","Denariusa australis","species","lotic",132.21865,-12.57082,0.244758909853249,0.0449357554421634,0.901686786836448,0.00538042513512955,26,3,3,3,0.050316180577293
"FWB_0001","FWB_0001_2012","Glossamia aprion_4-Mile Hole","4-Mile Hole","Apogonidae","Glossamia aprion","species","lotic",132.21865,-12.57082,0.605607966457023,0.0117780773732872,0.679923929221101,0.0129236941133274,64,140.666666666667,4,25,0.0247017714866146
"FWB_0001","FWB_0001_2012","Lates calcarifer_4-Mile Hole","4-Mile Hole","Latidae","Lates calcarifer","species","lotic",132.21865,-12.57082,0.799945647954034,0.0407421694692127,0.882310787718428,0.0085088838440977,433.111111111111,24289.1111111111,9,515,0.0492510533133104
"FWB_0001","FWB_0001_2012","Megalops cyprinoides_4-Mile Hole","4-Mile Hole","Megalopidae","Megalops cyprinoides","species","lotic",132.21865,-12.57082,0.48893547635686,0.0223402637482271,0.775232897855686,0.0075399143327473,283.333333333333,1433.33333333333,3,70,0.0298801780809744
"FWB_0001","FWB_0001_2012","Melanotaenia nigrans_4-Mile Hole","4-Mile Hole","Melanotaeniidae","Melanotaenia nigrans","species","lotic",132.21865,-12.57082,0.608141160027952,7.9110794667931e-05,0.525095088473623,0.00524774457751418,37,8,2,4,0.00532685537218211
"FWB_0001","FWB_0001_2012","Melanotaenia_4-Mile Hole","4-Mile Hole","Melanotaeniidae","Melanotaenia sp.","genus","lotic",132.21865,-12.57082,0.472309573724668,0.0124748095951767,0.667572763353729,0.0483851516290433,32.875,140.410714285714,8,33,0.06085996122422
"FWB_0001","FWB_0001_2012","Nematalosa erebi_4-Mile Hole","4-Mile Hole","Dorosomatidae","Nematalosa erebi","species","lotic",132.21865,-12.57082,0.477812718378756,0.283481873617087,0.129857780717711,0.00145766067792261,121.5,8064.5,2,127,0.28493953429501
"FWB_0001","FWB_0001_2012","Neosilurus ater_4-Mile Hole","4-Mile Hole","Plotosidae","Neosilurus ater","species","lotic",132.21865,-12.57082,0.471558350803634,0.0139212626620001,0.649264097899785,0.00676753365381684,294.2,943.2,5,70,0.020688796315817
"FWB_0001","FWB_0001_2012","Oxyeleotris lineolata_4-Mile Hole","4-Mile Hole","Butidae","Oxyeleotris lineolata","species","lotic",132.21865,-12.57082,0.664220824598183,0.00796799121902737,0.892074582437572,0.0238123052123524,276.5,2105.66666666667,4,95,0.0317802964313798
"FWB_0001","FWB_0001_2012","Planiliza alata_4-Mile Hole","4-Mile Hole","Mugilidae","Planiliza alata","species","lotic",132.21865,-12.57082,0.357337526205451,0.00309888153451501,0.536183231354391,0.005458569686565,318.2,1768.7,5,85,0.00855745122108001
"FWB_0001","FWB_0001_2012","Toxotes chatareus_4-Mile Hole","4-Mile Hole","Toxotidae","Toxotes chatareus","species","lotic",132.21865,-12.57082,0.473969252271139,NA,0.954688275177774,NA,215,NA,1,0,NA
"FWB_0003","FWB_0003_2018","Ambassis_Baitpool","Baitpool","Ambassidae","Ambassis sp.","genus","lentic",123.684752,-17.783672,0.554370765300455,0.153789271546087,0.542310231023102,0.0211274973041859,23,103,3,20,0.174916768850273
"FWB_0003","FWB_0003_2018","Leiopotherapon unicolor_Baitpool","Baitpool","Terapontidae","Leiopotherapon unicolor","species","lentic",123.684752,-17.783672,0.36967677440853,0.0754657699904764,0.855181518151815,0.0215105360040955,38,61,5,20,0.0969763059945719
"FWB_0003","FWB_0003_2018","Nematalosa erebi_Baitpool","Baitpool","Dorosomatidae","Nematalosa erebi","species","lentic",123.684752,-17.783672,0.567277574141953,0.0272283225373837,0.276778877887789,0.0271619871690139,30.2,53.2,5,18,0.0543903097063976
"FWB_0003","FWB_0003_2018","Neosilurus hyrtlii_Baitpool","Baitpool","Plotosidae","Neosilurus hyrtlii","species","lentic",123.684752,-17.783672,0.379273575474842,0.00623675258308319,0.380726072607261,0.000454709233299567,58.2,16.2,5,10,0.00669146181638276
"FWB_0003","FWB_0003_2018","Toxotes kimberleyensis_Baitpool","Baitpool","Toxotidae","Toxotes kimberleyensis","species","lentic",123.684752,-17.783672,0.373742085971343,0.00439077233058271,0.680712871287129,0.00518589332200546,24.6,18.8,5,11,0.00957666565258817
"FWB_0006","FWB_0006_2021","Amniataba percoides_Big Sand","Big Sand","Terapontidae","Amniataba percoides","species","lotic",125.857705,-18.202529,0.163801820020223,2.74903502622755e-05,0.275653282345443,3.24970620624852e-06,70,18,2,6,3.0740056468524e-05
"FWB_0006","FWB_0006_2021","Glossogobius giuris_Big Sand","Big Sand","Gobiidae","Glossogobius giuris","species","lotic",125.857705,-18.202529,0.239635995955511,0.0119136589440366,0.202641455987536,0.00495887489273524,77.3333333333333,21.3333333333333,3,8,0.0168725338367718
"FWB_0006","FWB_0006_2021","Hannia greenwayi_Big Sand","Big Sand","Terapontidae","Hannia greenwayi","species","lotic",125.857705,-18.202529,0.429726996966633,0.000817894718547082,0.258285532186106,0.00155503519634927,104.5,60.5,2,11,0.00237292991489635
"FWB_0006","FWB_0006_2021","Hephaestus jenkinsi_Big Sand","Big Sand","Terapontidae","Hephaestus jenkinsi","species","lotic",125.857705,-18.202529,0.418997865408381,0.108684095624464,0.29746476878408,0.00445187935098613,104,1411.2,6,84,0.11313597497545
"FWB_0006","FWB_0006_2021","Leiopotherapon unicolor_Big Sand","Big Sand","Terapontidae","Leiopotherapon unicolor","species","lotic",125.857705,-18.202529,0.489158521514437,0.0358974370625281,0.440903618723886,0.033450764325634,67.6666666666667,176.333333333333,3,23,0.0693482013881621
"FWB_0006","FWB_0006_2021","Megalops cyprinoides_Big Sand","Big Sand","Megalopidae","Megalops cyprinoides","species","lotic",125.857705,-18.202529,0.797438490057297,0.0633719595473816,0.82302953048651,0.00984549271842395,149,93,3,18,0.0732174522658056
"FWB_0006","FWB_0006_2021","Nematalosa erebi_Big Sand","Big Sand","Dorosomatidae","Nematalosa erebi","species","lotic",125.857705,-18.202529,0.155712841253792,0.0187101368621855,0.198852772466539,0.0297089946767555,99.3333333333333,36.3333333333333,3,12,0.0484191315389411
"FWB_0006","FWB_0006_2021","Neoarius graeffei_Big Sand","Big Sand","Ariidae","Neoarius graeffei","species","lotic",125.857705,-18.202529,0.762105381417818,0.0520858265396007,0.64365129948304,0.0864237866337989,209.333333333333,5077.06666666667,6,153,0.1385096131734
"FWB_0006","FWB_0006_2021","Neosilurus hyrtlii_Big Sand","Big Sand","Plotosidae","Neosilurus hyrtlii","species","lotic",125.857705,-18.202529,0.32063813054713,0.0276760047902882,0.440655760923447,0.00957467634543518,161.333333333333,170.333333333333,3,26,0.0372506811357233
"FWB_0007","FWB_0007_2002","Amniataba percoides_Bilanoo","Bilanoo","Terapontidae","Amniataba percoides","species","lotic",116.144841,-21.295131,0.49825479930192,0.000255840940032716,0.498,0.00896699999999996,71,NA,3,NA,0.00922284094003268
"FWB_0007","FWB_0007_2002","Glossogobius giuris_Bilanoo","Bilanoo","Gobiidae","Glossogobius giuris","species","lotic",116.144841,-21.295131,0.125,0.00921655564997306,0.266,0.0772533333333333,47,1069,4,NA,0.0864698889833064
"FWB_0007","FWB_0007_2002","Hypseleotris compressa_Bilanoo","Bilanoo","Eleotridae","Hypseleotris compressa","species","lotic",116.144841,-21.295131,0.272251308900524,NA,0.57,NA,52,NA,1,0,NA
"FWB_0007","FWB_0007_2002","Leiopotherapon aheneus_Bilanoo","Bilanoo","Terapontidae","Leiopotherapon aheneus","species","lotic",116.144841,-21.295131,0.958115183246073,0.00214495216688138,0.470666666666667,0.00484433333333333,56,2,3,NA,0.00698928550021471
"FWB_0007","FWB_0007_2002","Leiopotherapon unicolor_Bilanoo","Bilanoo","Terapontidae","Leiopotherapon unicolor","species","lotic",116.144841,-21.295131,0.412739965095986,0.0397078844695412,0.888,0.017508,101,32,3,NA,0.0572158844695412
"FWB_0007","FWB_0007_2002","Melanotaenia australis_Bilanoo","Bilanoo","Melanotaeniidae","Melanotaenia australis","species","lotic",116.144841,-21.295131,0.253926701570681,0.0061881527370412,0.603333333333333,0.0128213333333333,28.6666666666667,49.3333333333333,3,14,0.0190094860703745
"FWB_0007","FWB_0007_2002","Nematalosa erebi_Bilanoo","Bilanoo","Dorosomatidae","Nematalosa erebi","species","lotic",116.144841,-21.295131,0.265270506108203,0.00880823807826908,0.222333333333333,0.0169923333333333,190,6728,3,NA,0.0258005714116024
"FWB_0007","FWB_0007_2002","Neoarius graeffei_Bilanoo","Bilanoo","Ariidae","Neoarius graeffei","species","lotic",116.144841,-21.295131,0.584424083769634,0.0261157634567766,0.715,0.00768666666666665,211.75,2951.58333333333,4,121,0.0338024301234433
"FWB_0008","FWB_0008_2011","Carassius auratus_Booligar","Booligar","Cyprinidae","Carassius auratus","species","lentic",148.079656,-28.924847,0.692248532685691,0.026322029210009,0.494097165551385,0.00408067546420348,92.3333333333333,276.333333333333,3,33,0.0304027046742125
"FWB_0008","FWB_0008_2011","Cyprinus carpio_Booligar","Booligar","Cyprinidae","Cyprinus carpio","species","lentic",148.079656,-28.924847,0.444785613091624,0.0215769299873998,0.74274289444846,0.0262224595521692,214.380952380952,7720.64761904762,21,308,0.047799389539569
"FWB_0008","FWB_0008_2011","Eleotridae_Booligar","Booligar","Eleotridae","Eleotridae sp.","family","lentic",148.079656,-28.924847,0.807650273224044,NA,0.608699200261139,NA,26,NA,1,0,NA
"FWB_0008","FWB_0008_2011","Gambusia affinis_Booligar","Booligar","Poeciliidae","Gambusia affinis","species","lentic",148.079656,-28.924847,0.86645415907711,0.0104363700881961,0.353027582830096,0.0715897798707237,32.125,782.982142857143,8,86,0.0820261499589198
"FWB_0008","FWB_0008_2011","Leiopotherapon unicolor_Booligar","Booligar","Terapontidae","Leiopotherapon unicolor","species","lentic",148.079656,-28.924847,0.804209674155029,0.00989795924636887,0.587508840650672,0.0037220991790767,82.3333333333333,76.3333333333333,3,17,0.0136200584254456
"FWB_0008","FWB_0008_2011","Macquaria ambigua_Booligar","Booligar","Percichthyidae","Macquaria ambigua","species","lentic",148.079656,-28.924847,0.917202995345072,0.0027835012958619,0.586121538545237,0.00404590422868996,158.833333333333,4871.76666666667,6,193,0.00682940552455187
"FWB_0008","FWB_0008_2011","Nematalosa erebi_Booligar","Booligar","Dorosomatidae","Nematalosa erebi","species","lentic",148.079656,-28.924847,0.577926631020232,0.0624999334192555,0.351979867008534,0.0207873362647804,116.806451612903,721.494623655914,31,135,0.0832872696840359
"FWB_0008","FWB_0008_2011","Neosilurus hyrtlii_Booligar","Booligar","Plotosidae","Neosilurus hyrtlii","species","lentic",148.079656,-28.924847,0.841489577008703,0.00351409780522492,0.531309504379522,0.00487076331925587,122.666666666667,201.333333333333,3,28,0.00838486112448079
"FWB_0010","FWB_0010_2014","Ambassis agassizii_brisbane_02","brisbane_02","Ambassidae","Ambassis agassizii","species","lotic",152.270016,-26.787199,0.455825617283951,0.00178798308661026,0.88887381275441,0.00953960921923012,NA,NA,2,NA,0.0113275923058404
"FWB_0010","FWB_0010_2014","Craterocephalus fulvus_brisbane_02","brisbane_02","Atherinidae","Craterocephalus fulvus","species","lotic",152.270016,-26.787199,0.452546296296296,0.00337592044848345,0.468928086838535,0.00167110052304162,NA,NA,3,NA,0.00504702097152507
"FWB_0010","FWB_0010_2014","Craterocephalus marjoriae_brisbane_02","brisbane_02","Atherinidae","Craterocephalus marjoriae","species","lotic",152.270016,-26.787199,0.369212962962963,0.149166386840802,0.413975576662144,0.146850372535988,NA,NA,3,NA,0.29601675937679
"FWB_0010","FWB_0010_2014","Gambusia holbrooki_brisbane_02","brisbane_02","Poeciliidae","Gambusia holbrooki","species","lotic",152.270016,-26.787199,0.385673868312757,0.00350531510376974,0.774943464495703,0.0447711547112102,NA,NA,3,NA,0.0482764698149799
"FWB_0010","FWB_0010_2014","Melanotaenia duboulayi_brisbane_02","brisbane_02","Melanotaeniidae","Melanotaenia duboulayi","species","lotic",152.270016,-26.787199,0.498456790123457,0.152086994884545,0.2082315694256,0.0146236131541626,NA,NA,3,NA,0.166710608038708
"FWB_0010","FWB_0010_2014","Mogurnda adspersa_brisbane_02","brisbane_02","Eleotridae","Mogurnda adspersa","species","lotic",152.270016,-26.787199,0.223765432098765,0.00027967702141442,0.556897331524197,0.0191080369706911,NA,NA,3,NA,0.0193877139921056
"FWB_0010","FWB_0010_2014","Retropinna semoni_brisbane_02","brisbane_02","Retropinnidae","Retropinna semoni","species","lotic",152.270016,-26.787199,0.867798353909465,0.00698319338070925,0.453414744459521,0.0372951757801592,NA,NA,3,NA,0.0442783691608685
"FWB_0010","FWB_0010_2014","Tandanus tandanus_brisbane_02","brisbane_02","Plotosidae","Tandanus tandanus","species","lotic",152.270016,-26.787199,1,NA,0.346675712347355,NA,NA,NA,1,NA,NA
"FWB_0017","FWB_0017_2008","Leiopotherapon unicolor_Bulimba Lynd Crossing","Bulimba Lynd Crossing","Terapontidae","Leiopotherapon unicolor","species","lotic",143.4108,-16.7125,0.637920489296636,0.111901635664787,0.744540831588394,0.137532236382871,93,1092,3,66,0.249433872047658
"FWB_0017","FWB_0017_2008","Melanotaenia_Bulimba Lynd Crossing","Bulimba Lynd Crossing","Melanotaeniidae","Melanotaenia sp.","genus","lotic",143.4108,-16.7125,0.347400611620795,0.105516019975872,0.262538637949945,0.132535867342768,45.6666666666667,492.333333333333,3,43,0.238051887318639
"FWB_0018","FWB_0018_2021","Amniataba percoides_Bullhole","Bullhole","Terapontidae","Amniataba percoides","species","lotic",124.51391,-18.264193,0.626461401160196,0.106577791158685,0.201918540651046,0.00541574596220712,69.8,143.7,5,30,0.111993537120892
"FWB_0018","FWB_0018_2021","Glossamia aprion_Bullhole","Bullhole","Apogonidae","Glossamia aprion","species","lotic",124.51391,-18.264193,0.125055778670237,0.0106133543047195,0.20046390941972,0.0140378068476646,16,18,2,6,0.0246511611523842
"FWB_0018","FWB_0018_2021","Hannia greenwayi_Bullhole","Bullhole","Terapontidae","Hannia greenwayi","species","lotic",124.51391,-18.264193,0.585676037483266,NA,0.647821984588772,NA,77,NA,1,0,NA
"FWB_0018","FWB_0018_2021","Hephaestus jenkinsi_Bullhole","Bullhole","Terapontidae","Hephaestus jenkinsi","species","lotic",124.51391,-18.264193,0.667930983192027,0.0791958486266284,0.198105047963516,0.0284767852149626,138.333333333333,4648.26666666667,6,146,0.107672633841591
"FWB_0018","FWB_0018_2021","Leiopotherapon unicolor_Bullhole","Bullhole","Terapontidae","Leiopotherapon unicolor","species","lotic",124.51391,-18.264193,0.374237691506768,0.0055280536760226,0.714551554227604,0.0240318629751224,77.3333333333333,37.3333333333333,3,12,0.029559916651145
"FWB_0018","FWB_0018_2021","Melanotaenia australis_Bullhole","Bullhole","Melanotaeniidae","Melanotaenia australis","species","lotic",124.51391,-18.264193,0.302915365164361,0.000802074545060773,0.388583110551974,0.00186242727276616,38.3333333333333,9.33333333333333,3,6,0.00266450181782694
"FWB_0018","FWB_0018_2021","Nematalosa erebi_Bullhole","Bullhole","Dorosomatidae","Nematalosa erebi","species","lotic",124.51391,-18.264193,0.140041648073777,0.0184596949617765,0.36889972217854,0.00760789595353147,131,1443,3,72,0.026067590915308
"FWB_0018","FWB_0018_2021","Neoarius graeffei_Bullhole","Bullhole","Ariidae","Neoarius graeffei","species","lotic",124.51391,-18.264193,0.574619465516386,0.00405780630468613,0.837352134332792,0.0195815595778627,295.333333333333,7891.25,9,301,0.0236393658825488
"FWB_0018","FWB_0018_2021","Neosilurus hyrtlii_Bullhole","Bullhole","Plotosidae","Neosilurus hyrtlii","species","lotic",124.51391,-18.264193,0.406366205562993,0.0100690497292524,0.610971326728521,0.00741507074527666,130,81,3,18,0.017484120474529
"FWB_0019","FWB_0019_2018","Hephaestus jenkinsi_Bullock Crossing","Bullock Crossing","Terapontidae","Hephaestus jenkinsi","species","lotic",125.385156,-18.440485,0.31825331691971,0.0385729815506137,0.19291522572203,0.0163750896195543,138.5,662.7,6,47,0.054948071170168
"FWB_0019","FWB_0019_2018","Neoarius graeffei_Bullock Crossing","Bullock Crossing","Ariidae","Neoarius graeffei","species","lotic",125.385156,-18.440485,0.632494414808736,0.0521380629986924,0.550118910386225,0.0655165205322324,263,3344.11764705882,18,150,0.117654583530925
"FWB_0020","FWB_0020_2008","Hephaestus carbo_Bushy Creek","Bushy Creek","Terapontidae","Hephaestus carbo","species","lotic",145.3166667,-16.5666667,0.85968514715948,0.0292506427020915,0.122172302356743,0.0112140367025046,109,2503,3,100,0.0404646794045961
"FWB_0020","FWB_0020_2008","Leiopotherapon unicolor_Bushy Creek","Bushy Creek","Terapontidae","Leiopotherapon unicolor","species","lotic",145.3166667,-16.5666667,0.193094531903567,0.0435012542583281,0.616576022700402,0.0473476998495197,69.3333333333333,83.8666666666667,6,27,0.0908489541078478
"FWB_0020","FWB_0020_2008","Melanotaenia_Bushy Creek","Bushy Creek","Melanotaeniidae","Melanotaenia sp.","genus","lotic",145.3166667,-16.5666667,0.678530686744239,0.00243202104828202,0.162318383647303,0.0019885507474636,68.5,283.9,6,44,0.00442057179574562
"FWB_0020","FWB_0020_2008","Mogurnda_Bushy Creek","Bushy Creek","Eleotridae","Mogurnda sp.","genus","lotic",145.3166667,-16.5666667,0.68932998707126,0.06454012832821,0.253461548566774,0.00422968106643543,105.333333333333,1164.33333333333,3,68,0.0687698093946454
"FWB_0032","FWB_0032_1995","Melanotaenia eachamensis_Dirran Creek, forest edge","Dirran Creek, forest edge","Melanotaeniidae","Melanotaenia eachamensis","species","lotic",145.5333333,-17.4666667,0.589260808926081,0.0593735940085237,0.858839050131926,0.0167995210281187,43.3333333333333,16.6666666666667,6,10,0.0761731150366424
"FWB_0032","FWB_0032_1995","Melanotaenia_Dirran Creek, forest edge","Dirran Creek, forest edge","Melanotaeniidae","Melanotaenia sp.","genus","lotic",145.5333333,-17.4666667,0.166413084823127,0.0166687380512578,0.762532981530343,0.00660442816930172,22938.05,699180331.076667,4,45830.8,0.0232731662205595
"FWB_0032","FWB_0032_1995","Mogurnda adspersa_Dirran Creek, forest edge","Dirran Creek, forest edge","Eleotridae","Mogurnda adspersa","species","lotic",145.5333333,-17.4666667,0.705819703309243,0.0447274822288947,0.353562005277045,0.165401939557647,40,0,5,0,0.210129421786542
"FWB_0033","FWB_0033_1995","Melanotaenia eachamensis_Dirran Creek, pasture crossing","Dirran Creek, pasture crossing","Melanotaeniidae","Melanotaenia eachamensis","species","lotic",145.5333333,-17.4666667,0.778863499699339,0.0263351385762361,0.748318385650225,0.0218796591813343,41.25,26.7857142857143,8,10,0.0482147977575704
"FWB_0033","FWB_0033_1995","Melanotaenia_Dirran Creek, pasture crossing","Dirran Creek, pasture crossing","Melanotaeniidae","Melanotaenia sp.","genus","lotic",145.5333333,-17.4666667,0.193425536179595,0.0354026000918196,0.715994020926756,0.10682566175337,15272.4666666667,696431465.813333,3,45708.8,0.142228261845189
"FWB_0033","FWB_0033_1995","Mogurnda adspersa_Dirran Creek, pasture crossing","Dirran Creek, pasture crossing","Eleotridae","Mogurnda adspersa","species","lotic",145.5333333,-17.4666667,0.612748045700542,0.228720021087884,0.35949177877429,0.181233954701147,38.3333333333333,8.33333333333333,3,5,0.409953975789032
"FWB_0036","FWB_0036_2008","Amniataba percoides_Emu Creek @ Petford","Emu Creek @ Petford","Terapontidae","Amniataba percoides","species","lotic",144.9483333,-17.335,0.562989608313349,0.0137137100870862,0.465904728153333,0.0328834358955185,NA,NA,3,NA,0.0465971459826048
"FWB_0036","FWB_0036_2008","Hephaestus fuliginosus_Emu Creek @ Petford","Emu Creek @ Petford","Terapontidae","Hephaestus fuliginosus","species","lotic",144.9483333,-17.335,0.572501998401279,0.0149450128146883,0.487079531023892,0.0457339277333197,NA,NA,3,NA,0.060678940548008
"FWB_0036","FWB_0036_2008","Leiopotherapon unicolor_Emu Creek @ Petford","Emu Creek @ Petford","Terapontidae","Leiopotherapon unicolor","species","lotic",144.9483333,-17.335,0.489848121502798,0.0240995309268173,0.79734798145359,0.0108075476886891,63.3333333333333,34.3333333333333,3,11,0.0349070786155064
"FWB_0036","FWB_0036_2008","Melanotaenia_Emu Creek @ Petford","Emu Creek @ Petford","Melanotaeniidae","Melanotaenia sp.","genus","lotic",144.9483333,-17.335,0.233093525179856,0.057956339964,0.647175216325566,0.0662543712947842,NA,NA,3,NA,0.124210711258784
"FWB_0036","FWB_0036_2008","Mogurnda_Emu Creek @ Petford","Emu Creek @ Petford","Eleotridae","Mogurnda sp.","genus","lotic",144.9483333,-17.335,0.41806554756195,0.0186160328332059,0.558961637281829,0.145257734935915,61.6666666666667,241.333333333333,3,30,0.163873767769121
"FWB_0036","FWB_0036_2008","Nematalosa erebi_Emu Creek @ Petford","Emu Creek @ Petford","Dorosomatidae","Nematalosa erebi","species","lotic",144.9483333,-17.335,0.336770583533173,0.0071975417268104,0.3655828238977,0.00640921197160127,96.3333333333333,522.333333333333,3,41,0.0136067536984117
"FWB_0036","FWB_0036_2008","Neosilurus hyrtlii_Emu Creek @ Petford","Emu Creek @ Petford","Plotosidae","Neosilurus hyrtlii","species","lotic",144.9483333,-17.335,0.482014388489209,0.0212664400853418,0.471958890759281,0.00464590949213004,NA,NA,2,NA,0.0259123495774718
"FWB_0036","FWB_0036_2008","Oxyeleotris lineolata_Emu Creek @ Petford","Emu Creek @ Petford","Butidae","Oxyeleotris lineolata","species","lotic",144.9483333,-17.335,0.566786570743405,0.000207747471087878,0.130902808540799,0.0342710905677383,48.5,144.5,2,17,0.0344788380388261
"FWB_0036","FWB_0036_2008","Strongylura krefftii_Emu Creek @ Petford","Emu Creek @ Petford","Belonidae","Strongylura krefftii","species","lotic",144.9483333,-17.335,0.915987210231815,0.00664862833953461,0.973627477038481,0.00103405092599879,NA,NA,3,NA,0.0076826792655334
"FWB_0036","FWB_0036_2008","Toxotes_Emu Creek @ Petford","Emu Creek @ Petford","Toxotidae","Toxotes sp.","genus","lotic",144.9483333,-17.335,0.371462829736211,0.00178372409985681,0.737367472903931,0.0016140203598215,NA,NA,3,NA,0.00339774445967831
"FWB_0044","FWB_0044_2011","Carassius auratus_Gidi Gidi","Gidi Gidi","Cyprinidae","Carassius auratus","species","lentic",150.047162,-28.403415,0.632911392405063,0.00395209682141305,0.480974264705882,0.00040005271410035,146.666666666667,408.333333333333,3,35,0.0043521495355134
"FWB_0044","FWB_0044_2011","Cyprinus carpio_Gidi Gidi","Gidi Gidi","Cyprinidae","Cyprinus carpio","species","lentic",150.047162,-28.403415,0.397123130034522,0.0275465350542594,0.813414522058823,0.0164876015822411,204.85,2384.55526315789,20,200,0.0440341366365005
"FWB_0044","FWB_0044_2011","Eleotridae_Gidi Gidi","Gidi Gidi","Eleotridae","Eleotridae sp.","family","lentic",150.047162,-28.403415,0.626623376623377,0.00829271736052825,0.317244944852941,0.0128208703848612,26,21.7142857142857,8,14,0.0211135877453895
"FWB_0044","FWB_0044_2011","Gambusia affinis_Gidi Gidi","Gidi Gidi","Poeciliidae","Gambusia affinis","species","lentic",150.047162,-28.403415,0.6401681501139,0.0472852397062964,0.497124474789916,0.00454870792526569,24.5714285714286,13.952380952381,7,10,0.051833947631562
"FWB_0044","FWB_0044_2011","Leiopotherapon unicolor_Gidi Gidi","Gidi Gidi","Terapontidae","Leiopotherapon unicolor","species","lentic",150.047162,-28.403415,0.931612691106362,3.45918936221423e-06,0.599172794117647,0.00249134948096886,157,1058,2,46,0.00249480867033108
"FWB_0044","FWB_0044_2011","Macquaria ambigua_Gidi Gidi","Gidi Gidi","Percichthyidae","Macquaria ambigua","species","lentic",150.047162,-28.403415,0.742858407415369,0.00950183542529508,0.615405825791855,0.027121987238405,200.192307692308,7729.84153846154,26,312,0.0366238226637001
"FWB_0044","FWB_0044_2011","Nematalosa erebi_Gidi Gidi","Gidi Gidi","Dorosomatidae","Nematalosa erebi","species","lentic",150.047162,-28.403415,0.639772042303688,0.0219634200832886,0.212732843137255,0.0159639687549716,144.266666666667,3259.37471264368,30,184,0.0379273888382602
"FWB_0045","FWB_0045_2008","Amniataba percoides_Hodgkinson River","Hodgkinson River","Terapontidae","Amniataba percoides","species","lotic",144.8166667,-16.7166667,0.776773019393732,0.0401793087763156,0.212228893517951,0.0374895643025071,52,111,3,21,0.0776688730788227
"FWB_0045","FWB_0045_2008","Leiopotherapon unicolor_Hodgkinson River","Hodgkinson River","Terapontidae","Leiopotherapon unicolor","species","lotic",144.8166667,-16.7166667,0.246488085082182,0.047966287332395,0.588163215292244,0.139709138419596,66.6666666666667,154.333333333333,3,22,0.187675425751991
"FWB_0045","FWB_0045_2008","Melanotaenia_Hodgkinson River","Hodgkinson River","Melanotaeniidae","Melanotaenia sp.","genus","lotic",144.8166667,-16.7166667,0.367115964283683,0.0391070064913467,0.511661152636523,0.0174625793951699,55,28,3,10,0.0565695858865165
"FWB_0045","FWB_0045_2008","Oxyeleotris lineolata_Hodgkinson River","Hodgkinson River","Butidae","Oxyeleotris lineolata","species","lotic",144.8166667,-16.7166667,0.436842404595348,0.0025619490247066,0.366417514193522,0.0160474400330485,95,3601,3,109,0.0186093890577551
"FWB_0045","FWB_0045_2008","Toxotes_Hodgkinson River","Hodgkinson River","Toxotidae","Toxotes sp.","genus","lotic",144.8166667,-16.7166667,0.200136495478587,0.0801092336449011,0.672589143487317,0.00646515886531262,66,2,2,2,0.0865743925102138
"FWB_0046","FWB_0046_2002","Amniataba percoides_Hooley_Ck","Hooley_Ck","Terapontidae","Amniataba percoides","species","lotic",117.999111,-21.884789,0.695377128953771,0.0876770561386684,0.562469850458273,0.033851538944307,64.5,560.333333333333,6,NA,0.121528595082975
"FWB_0046","FWB_0046_2002","Glossogobius giuris_Hooley_Ck","Hooley_Ck","Gobiidae","Glossogobius giuris","species","lotic",117.999111,-21.884789,0.109489051094891,0.0159838030795461,0.490593342981187,0.00174527014338441,136,108,4,18,0.0177290732229305
"FWB_0046","FWB_0046_2002","Leiopotherapon aheneus_Hooley_Ck","Hooley_Ck","Terapontidae","Leiopotherapon aheneus","species","lotic",117.999111,-21.884789,0.159124087591241,5.11481698545452e-06,0.351664254703329,0.00306776604723538,56,0.8,6,2,0.00307288086422084
"FWB_0046","FWB_0046_2002","Leiopotherapon unicolor_Hooley_Ck","Hooley_Ck","Terapontidae","Leiopotherapon unicolor","species","lotic",117.999111,-21.884789,0.287226277372263,0.0466494143077872,0.471599131693198,0.111948470948881,73.125,862.696428571429,8,69,0.158597885256669
"FWB_0046","FWB_0046_2002","Melanotaenia australis_Hooley_Ck","Hooley_Ck","Melanotaeniidae","Melanotaenia australis","species","lotic",117.999111,-21.884789,0.231143552311436,0.000827463725646901,0.462132175590931,0.0183702946644299,49,5.33333333333333,6,NA,0.0191977583900768
"FWB_0046","FWB_0046_2002","Nematalosa erebi_Hooley_Ck","Hooley_Ck","Dorosomatidae","Nematalosa erebi","species","lotic",117.999111,-21.884789,0.267153284671533,0.0253088721946946,0.308248914616498,0.0390689193217462,144.2,2671.73333333333,10,122,0.0643777915164407
"FWB_0056","FWB_0056_2014","Ambassis agassizii_mary_07","mary_07","Ambassidae","Ambassis agassizii","species","lotic",152.71395,-26.727109,0.121368449633451,0.0212460638952193,0.534139519578809,0.0766116700400553,NA,NA,3,NA,0.0978577339352746
"FWB_0056","FWB_0056_2014","Anguilla reinhardtii_mary_07","mary_07","Anguillidae","Anguilla reinhardtii","species","lotic",152.71395,-26.727109,0.924337044076387,0.0162667634094681,0.728940440934518,0.00465751336605697,NA,NA,3,NA,0.0209242767755251
"FWB_0056","FWB_0056_2014","Craterocephalus marjoriae_mary_07","mary_07","Atherinidae","Craterocephalus marjoriae","species","lotic",152.71395,-26.727109,0.350891483392162,0.0213737748125516,0.349045738729845,0.225957927820207,NA,NA,3,NA,0.247331702632758
"FWB_0056","FWB_0056_2014","Hypseleotris galii_mary_07","mary_07","Eleotridae","Hypseleotris galii","species","lotic",152.71395,-26.727109,0.173590370169246,0.0712083096778163,0.683530766699572,0.000226956605913187,NA,NA,3,NA,0.0714352662837294
"FWB_0056","FWB_0056_2014","Hypseleotris klunzingeri_mary_07","mary_07","Eleotridae","Hypseleotris klunzingeri","species","lotic",152.71395,-26.727109,0.318852384831206,0.0755601138629943,0.465037841395195,0.00160343552897555,NA,NA,3,NA,0.0771635493919699
"FWB_0056","FWB_0056_2014","Philypnodon grandiceps_mary_07","mary_07","Eleotridae","Philypnodon grandiceps","species","lotic",152.71395,-26.727109,0.295682867227803,NA,1,NA,NA,NA,1,NA,NA
"FWB_0056","FWB_0056_2014","Pseudomugil signifer_mary_07","mary_07","Pseudomugilidae","Pseudomugil signifer","species","lotic",152.71395,-26.727109,0.670558421576613,0.0281064279924834,0.455083909180651,0.127512317659177,NA,NA,3,NA,0.15561874565166
"FWB_0056","FWB_0056_2014","Retropinna semoni_mary_07","mary_07","Retropinnidae","Retropinna semoni","species","lotic",152.71395,-26.727109,0.703412073490814,0.00228606719599488,0.303060217176702,0.00262864840001987,NA,NA,3,NA,0.00491471559601475
"FWB_0056","FWB_0056_2014","Tandanus tandanus_mary_07","mary_07","Plotosidae","Tandanus tandanus","species","lotic",152.71395,-26.727109,0.404289980993755,NA,0.64634748272458,NA,NA,NA,1,NA,NA
"FWB_0057","FWB_0057_2014","Ambassis agassizii_mary_08","mary_08","Ambassidae","Ambassis agassizii","species","lotic",152.691161,-26.623691,0.649019888396051,0.0730790680389954,0.551518495166036,0.00753739628206982,NA,NA,3,NA,0.0806164643210652
"FWB_0057","FWB_0057_2014","Anguilla reinhardtii_mary_08","mary_08","Anguillidae","Anguilla reinhardtii","species","lotic",152.691161,-26.623691,0.946201173272285,NA,0.811633039092056,NA,NA,NA,1,NA,NA
"FWB_0057","FWB_0057_2014","Craterocephalus marjoriae_mary_08","mary_08","Atherinidae","Craterocephalus marjoriae","species","lotic",152.691161,-26.623691,0.659989507321028,0.000497774088004514,0.471863177805801,0.000531185000294191,NA,NA,3,NA,0.0010289590882987
"FWB_0057","FWB_0057_2014","Gambusia holbrooki_mary_08","mary_08","Poeciliidae","Gambusia holbrooki","species","lotic",152.691161,-26.623691,0.443506462536367,0.0145271378526318,0.474385245901639,0.0395909766792187,NA,NA,3,NA,0.0541181145318505
"FWB_0057","FWB_0057_2014","Hypseleotris galii_mary_08","mary_08","Eleotridae","Hypseleotris galii","species","lotic",152.691161,-26.623691,0.610387752182,0.0160161950219138,0.361312526271543,0.0135716226026969,NA,NA,3,NA,0.0295878176246107
"FWB_0057","FWB_0057_2014","Hypseleotris klunzingeri_mary_08","mary_08","Eleotridae","Hypseleotris klunzingeri","species","lotic",152.691161,-26.623691,0.526207850431631,0.0204809780767102,0.494430432955023,0.00422241128567166,NA,NA,3,NA,0.0247033893623819
"FWB_0057","FWB_0057_2014","Melanotaenia duboulayi_mary_08","mary_08","Melanotaeniidae","Melanotaenia duboulayi","species","lotic",152.691161,-26.623691,0.44775122812038,0.00260778810528954,0.500446616225305,0.0169192130516759,NA,NA,3,NA,0.0195270011569654
"FWB_0057","FWB_0057_2014","Philypnodon grandiceps_mary_08","mary_08","Eleotridae","Philypnodon grandiceps","species","lotic",152.691161,-26.623691,0.423236514522821,NA,0,NA,NA,NA,1,NA,NA
"FWB_0057","FWB_0057_2014","Pseudomugil signifer_mary_08","mary_08","Pseudomugilidae","Pseudomugil signifer","species","lotic",152.691161,-26.623691,0.699527829446273,0.0100646477127631,0.543584489281211,0.007248964228694,NA,NA,3,NA,0.0173136119414571
"FWB_0057","FWB_0057_2014","Retropinna semoni_mary_08","mary_08","Retropinnidae","Retropinna semoni","species","lotic",152.691161,-26.623691,0.649973768302571,0.31747639353662,0.66051912568306,0.0877843658447153,NA,NA,3,NA,0.405260759381335
"FWB_0057","FWB_0057_2014","Tandanus tandanus_mary_08","mary_08","Plotosidae","Tandanus tandanus","species","lotic",152.691161,-26.623691,0.717460771688844,0.00246278170856869,0.183532997057587,0.0523419966312793,NA,NA,3,NA,0.054804778339848
"FWB_0062","FWB_0062_2008","Hephaestus carbo_McLeod River","McLeod River","Terapontidae","Hephaestus carbo","species","lotic",145,-16.5,1,NA,0.775463405312441,NA,182,NA,1,0,NA
"FWB_0062","FWB_0062_2008","Leiopotherapon unicolor_McLeod River","McLeod River","Terapontidae","Leiopotherapon unicolor","species","lotic",145,-16.5,0.440397350993377,0.0713737940244296,0.589241352952417,0.0611146303634175,98,969.2,6,83,0.132488424387847
"FWB_0062","FWB_0062_2008","Melanotaenia_McLeod River","McLeod River","Melanotaeniidae","Melanotaenia sp.","genus","lotic",145,-16.5,0.313728581940502,0.0972641597219467,0.432193133320594,0.0426514585303517,75,415.2,6,51,0.139915618252298
"FWB_0062","FWB_0062_2008","Oxyeleotris lineolata_McLeod River","McLeod River","Butidae","Oxyeleotris lineolata","species","lotic",145,-16.5,0.231682960159781,0.132485171994717,0.222307153321868,0.0542001778221569,149,1459,3,73,0.186685349816874
"FWB_0064","FWB_0064_2008","Amniataba percoides_Mitchell River @ Cooktown Crossing","Mitchell River @ Cooktown Crossing","Terapontidae","Amniataba percoides","species","lotic",144.89,-16.566,0.604455311056778,0.00683975163842376,0.572512454865396,0.0326939774032474,62.3333333333333,4.33333333333333,3,4,0.0395337290416712
"FWB_0064","FWB_0064_2008","Glossamia aprion_Mitchell River @ Cooktown Crossing","Mitchell River @ Cooktown Crossing","Apogonidae","Glossamia aprion","species","lotic",144.89,-16.566,0.80421986778955,0.0481698041266804,0.787238904885964,0.0043971384015423,80,844,3,58,0.0525669425282227
"FWB_0064","FWB_0064_2008","Hephaestus fuliginosus_Mitchell River @ Cooktown Crossing","Mitchell River @ Cooktown Crossing","Terapontidae","Hephaestus fuliginosus","species","lotic",144.89,-16.566,0.753056234718826,0.0408182107418722,0.161067690479455,0.021826532848383,74.6666666666667,281.333333333333,3,30,0.0626447435902552
"FWB_0064","FWB_0064_2008","Leiopotherapon unicolor_Mitchell River @ Cooktown Crossing","Mitchell River @ Cooktown Crossing","Terapontidae","Leiopotherapon unicolor","species","lotic",144.89,-16.566,0.4253192067373,0.0859943802698808,0.87461949814891,0.0132654603121852,71.2,683.2,5,68,0.099259840582066
"FWB_0064","FWB_0064_2008","Melanotaenia_Mitchell River @ Cooktown Crossing","Mitchell River @ Cooktown Crossing","Melanotaeniidae","Melanotaenia sp.","genus","lotic",144.89,-16.566,0.510567780494431,0.0587967787771312,0.677718360071301,0.0155312221782084,65,185.5,5,35,0.0743280009553396
"FWB_0064","FWB_0064_2008","Oxyeleotris lineolata_Mitchell River @ Cooktown Crossing","Mitchell River @ Cooktown Crossing","Butidae","Oxyeleotris lineolata","species","lotic",144.89,-16.566,0.716761749524586,0.0325645079643841,0.645934457699164,0.0333646825988395,171.4,800.8,5,70,0.0659291905632235
"FWB_0068","FWB_0068_2019","Hephaestus jenkinsi_Mungungudha","Mungungudha","Terapontidae","Hephaestus jenkinsi","species","lotic",125.195568,-18.504371,0.360320172108327,0.0632603306543022,0.172459279651296,0.012854283079032,184.666666666667,286.75,9,38,0.0761146137333342
"FWB_0068","FWB_0068_2019","Lates calcarifer_Mungungudha","Mungungudha","Latidae","Lates calcarifer","species","lotic",125.195568,-18.504371,0.659510250569476,0.083189575214948,0.310030970406056,0.0514879833071951,532,3307.5,5,105,0.134677558522143
"FWB_0068","FWB_0068_2019","Neoarius graeffei_Mungungudha","Mungungudha","Ariidae","Neoarius graeffei","species","lotic",125.195568,-18.504371,0.691438876233865,0.038171680174968,0.696948841477403,0.0406097047799389,246.666666666667,43.75,9,15,0.0787813849549069
"FWB_0073","FWB_0073_2009","Ambassis_OCD","OCD","Ambassidae","Ambassis sp.","genus","lentic",140.57383,-18.97382,0.950290416263311,0.00124314185602138,0.17912356420269,0.0101701570693119,50,14.4,6,9,0.0114132989253333
"FWB_0073","FWB_0073_2009","Anodontiglanis dahli_OCD","OCD","Plotosidae","Anodontiglanis dahli","species","lentic",140.57383,-18.97382,0.757373346240723,0.00020094231440239,0.760247539448745,0.000252939052908221,128.333333333333,108.333333333333,3,20,0.00045388136731061
"FWB_0073","FWB_0073_2009","Leiopotherapon unicolor_OCD","OCD","Terapontidae","Leiopotherapon unicolor","species","lentic",140.57383,-18.97382,0.384801548886738,NA,0.776118380489142,NA,67,NA,1,0,NA
"FWB_0073","FWB_0073_2009","Melanotaenia_OCD","OCD","Melanotaeniidae","Melanotaenia sp.","genus","lentic",140.57383,-18.97382,0.794385285575992,0.00240295607957724,0.708889954556873,0.00545569964746899,59.1666666666667,26.9666666666667,6,15,0.00785865572704623
"FWB_0073","FWB_0073_2009","Nematalosa erebi_OCD","OCD","Dorosomatidae","Nematalosa erebi","species","lentic",140.57383,-18.97382,0.637967086156825,0.106255387424208,0.337130917311777,0.066740258498488,96,1392,10,128,0.172995645922696
"FWB_0073","FWB_0073_2009","Neoarius graeffei_OCD","OCD","Ariidae","Neoarius graeffei","species","lentic",140.57383,-18.97382,0.947886414972572,0.000609924133163526,0.828069694686123,0.00262908903110648,311.666666666667,258.333333333333,3,30,0.00323901316427001
"FWB_0073","FWB_0073_2009","Neosilurus hyrtlii_OCD","OCD","Plotosidae","Neosilurus hyrtlii","species","lentic",140.57383,-18.97382,0.685709099709584,0.0326107032108582,0.667089127902994,0.00522299440468615,127.375,3057.41071428571,8,146,0.0378336976155443
"FWB_0073","FWB_0073_2009","Oxyeleotris lineolata_OCD","OCD","Butidae","Oxyeleotris lineolata","species","lentic",140.57383,-18.97382,0.600887383026783,0.0450522924204698,0.636466397204905,0.037933751901214,76.8,89.2,6,NA,0.0829860443216838
"FWB_0073","FWB_0073_2009","Parambassis_OCD","OCD","Ambassidae","Parambassis sp.","genus","lentic",140.57383,-18.97382,0.593901258470474,0.0317953672717708,0.565715557991368,0.0199342949654265,53.75,15.5833333333333,4,9,0.0517296622371973
"FWB_0073","FWB_0073_2009","Scortum hillii_OCD","OCD","Terapontidae","Scortum hillii","species","lentic",140.57383,-18.97382,0.642078089706357,0.00821499862398232,0.767794752346373,0.0137368114141893,72.5,70.7,6,23,0.0219518100381716
"FWB_0073","FWB_0073_2009","Toxotes chatareus_OCD","OCD","Toxotidae","Toxotes chatareus","species","lentic",140.57383,-18.97382,0.835882542755728,0.00518129540585024,0.828572081021214,0.00312666635938459,68,61,3,14,0.00830796176523483
"FWB_0077","FWB_0077_2008","Lates calcarifer_Palmer River @ Drumduff","Palmer River @ Drumduff","Latidae","Lates calcarifer","species","lotic",143.0333333,-16.0333333,0.602077687443541,0.0658633349802119,0.761284305888622,0.0284770160956234,356.5,10905.9,6,255,0.0943403510758352
"FWB_0077","FWB_0077_2008","Leiopotherapon unicolor_Palmer River @ Drumduff","Palmer River @ Drumduff","Terapontidae","Leiopotherapon unicolor","species","lotic",143.0333333,-16.0333333,0.566882079077201,0.0241085261245219,0.597761790567546,0.129856198174953,93.6666666666667,377.333333333333,3,38,0.153964724299475
"FWB_0077","FWB_0077_2008","Melanotaenia_Palmer River @ Drumduff","Palmer River @ Drumduff","Melanotaeniidae","Melanotaenia sp.","genus","lotic",143.0333333,-16.0333333,0.335070530192481,0.00547704092094134,0.459152677857714,0.00210483571575992,52,NA,3,NA,0.00758187663670126
"FWB_0077","FWB_0077_2008","Nematalosa erebi_Palmer River @ Drumduff","Palmer River @ Drumduff","Dorosomatidae","Nematalosa erebi","species","lotic",143.0333333,-16.0333333,0.414485243753536,0.0277491245575973,0.120954664839557,0.0260272260285487,174,5952,7,177,0.0537763505861461
"FWB_0077","FWB_0077_2008","Neoarius graeffei_Palmer River @ Drumduff","Palmer River @ Drumduff","Ariidae","Neoarius graeffei","species","lotic",143.0333333,-16.0333333,0.438260023625877,0.15600894039654,0.832160937916334,0.00694569098251907,185,NA,3,NA,0.162954631379059
"FWB_0077","FWB_0077_2008","Oxyeleotris lineolata_Palmer River @ Drumduff","Palmer River @ Drumduff","Butidae","Oxyeleotris lineolata","species","lotic",143.0333333,-16.0333333,0.505802237509555,0.0029157239558049,0.653930189181988,0.0213598415166082,243.666666666667,14009.3333333333,3,226,0.0242755654724131
"FWB_0077","FWB_0077_2008","Scortum hillii_Palmer River @ Drumduff","Palmer River @ Drumduff","Terapontidae","Scortum hillii","species","lotic",143.0333333,-16.0333333,0.709089013967062,0.00434155806415909,0.331135091926459,0.00032105091306651,226,8,2,4,0.0046626089772256
"FWB_0077","FWB_0077_2008","Toxotes_Palmer River @ Drumduff","Palmer River @ Drumduff","Toxotidae","Toxotes sp.","genus","lotic",143.0333333,-16.0333333,0.270377319157807,0.0107388099425806,0.456434852118305,0.00148746869810308,NA,NA,3,NA,0.0122262786406837
"FWB_0080","FWB_0080_2009","Ambassis_RKW","RKW","Ambassidae","Ambassis sp.","genus","lentic",141.8482333,-20.2426167,0.58021875,0.0196543917410714,0.523085382562919,0.0234544224210826,87.5,5085.42857142857,8,199,0.043108814162154
"FWB_0080","FWB_0080_2009","Amniataba percoides_RKW","RKW","Terapontidae","Amniataba percoides","species","lentic",141.8482333,-20.2426167,0.3905,0.001775578125,0.0841325929665153,0.00383805800997106,62,3,3,3,0.00561363613497106
"FWB_0080","FWB_0080_2009","Anodontiglanis dahli_RKW","RKW","Plotosidae","Anodontiglanis dahli","species","lentic",141.8482333,-20.2426167,0.314125,NA,0.488353645345064,NA,161,NA,1,0,NA
"FWB_0080","FWB_0080_2009","Brachirus selheimi_RKW","RKW","Soleidae","Brachirus selheimi","species","lentic",141.8482333,-20.2426167,0.568375,NA,0.611379534145814,NA,63,NA,1,0,NA
"FWB_0080","FWB_0080_2009","Glossamia aprion_RKW","RKW","Apogonidae","Glossamia aprion","species","lentic",141.8482333,-20.2426167,0.49125,NA,0.54676570274753,NA,124,NA,1,0,NA
"FWB_0080","FWB_0080_2009","Lates calcarifer_RKW","RKW","Latidae","Lates calcarifer","species","lentic",141.8482333,-20.2426167,0.817583333333333,0.00371141666666666,0.731797312564602,0.0114911840225119,452.166666666667,3819.36666666667,6,176,0.0152026006891785
"FWB_0080","FWB_0080_2009","Leiopotherapon unicolor_RKW","RKW","Terapontidae","Leiopotherapon unicolor","species","lentic",141.8482333,-20.2426167,0.41146875,0.00936895182291667,0.400645417177472,0.0978408305953297,79.5,89.6666666666667,4,23,0.107209782418246
"FWB_0080","FWB_0080_2009","Melanotaenia_RKW","RKW","Melanotaeniidae","Melanotaenia sp.","genus","lentic",141.8482333,-20.2426167,0.518333333333333,0.00617089583333334,0.566741184106151,0.0251060709537899,63.6666666666667,342.333333333333,3,37,0.0312769667871232
"FWB_0080","FWB_0080_2009","Nematalosa erebi_RKW","RKW","Dorosomatidae","Nematalosa erebi","species","lentic",141.8482333,-20.2426167,0.283486111111111,0.0313817868923611,0.207783466743588,0.0202212837572636,133.666666666667,3785.25,9,192,0.0516030706496247
"FWB_0080","FWB_0080_2009","Neoarius graeffei_RKW","RKW","Ariidae","Neoarius graeffei","species","lentic",141.8482333,-20.2426167,0.834770833333333,0.0225712276041667,0.8489579577414,0.00993747589917004,323.333333333333,16595.8666666667,6,349,0.0325087035033367
"FWB_0080","FWB_0080_2009","Oxyeleotris lineolata_RKW","RKW","Butidae","Oxyeleotris lineolata","species","lentic",141.8482333,-20.2426167,0.685333333333333,0.0119653604166667,0.716689502656186,0.0039794892419307,188.333333333333,4232.26666666667,6,167,0.0159448496585974
"FWB_0080","FWB_0080_2009","Scortum hillii_RKW","RKW","Terapontidae","Scortum hillii","species","lentic",141.8482333,-20.2426167,0.5028125,0.00411330729166667,0.595153962645129,0.0349281041667467,215.25,3044.91666666667,4,133,0.0390414114584134
"FWB_0080","FWB_0080_2009","Tandanus tandanus_RKW","RKW","Plotosidae","Tandanus tandanus","species","lentic",141.8482333,-20.2426167,0.482583333333333,0.0281174114583333,0.714429941587943,0.00506801863892683,NA,NA,3,NA,0.0331854300972602
"FWB_0080","FWB_0080_2009","Toxotes chatareus_RKW","RKW","Toxotidae","Toxotes chatareus","species","lentic",141.8482333,-20.2426167,0.60940625,0.0171544830729167,0.686107305112858,0.00834981944380575,79.5,181.666666666667,4,29,0.0255043025167224
"FWB_0083","FWB_0083_2009","Ambassis_SDD","SDD","Ambassidae","Ambassis sp.","genus","lentic",141.0884333,-20.0456,0.549071230071669,0.0072804464906572,0.527928539122569,0.0201574808655866,52.25,30.9166666666667,4,13,0.0274379273562439
"FWB_0083","FWB_0083_2009","Leiopotherapon unicolor_SDD","SDD","Terapontidae","Leiopotherapon unicolor","species","lentic",141.0884333,-20.0456,0.708839159475404,0.060692891759611,0.502248856726469,0.038389321561599,81.8333333333333,511.766666666667,6,50,0.09908221332121
"FWB_0083","FWB_0083_2009","Melanotaenia_SDD","SDD","Melanotaeniidae","Melanotaenia sp.","genus","lentic",141.0884333,-20.0456,0.62120325678904,0.0249107306276942,0.421905623398161,0.0499368009260878,49.3333333333333,75.0666666666667,6,24,0.0748475315537821
"FWB_0083","FWB_0083_2009","Nematalosa erebi_SDD","SDD","Dorosomatidae","Nematalosa erebi","species","lentic",141.0884333,-20.0456,0.655477548632441,0.0502033829855186,0.166201819186894,0.0146050454311838,81,474.4,6,59,0.0648084284167024
"FWB_0083","FWB_0083_2009","Neoarius graeffei_SDD","SDD","Ariidae","Neoarius graeffei","species","lentic",141.0884333,-20.0456,0.620740090683048,NA,0.774837931554349,NA,253,NA,1,0,NA
"FWB_0083","FWB_0083_2009","Neosilurus ater_SDD","SDD","Plotosidae","Neosilurus ater","species","lentic",141.0884333,-20.0456,0.670176978206816,0.0116473209967986,0.503568018493392,0.00791198363434424,90,4489,3,122,0.0195593046311428
"FWB_0083","FWB_0083_2009","Neosilurus hyrtlii_SDD","SDD","Plotosidae","Neosilurus hyrtlii","species","lentic",141.0884333,-20.0456,0.732192482082785,NA,0.230589476858134,NA,110,NA,1,0,NA
"FWB_0083","FWB_0083_2009","Scortum hillii_SDD","SDD","Terapontidae","Scortum hillii","species","lentic",141.0884333,-20.0456,0.348837209302326,0.106163327765414,0.82036785768129,0.0263186111573078,88.6666666666667,20.3333333333333,3,9,0.132481938922722
"FWB_0083","FWB_0083_2009","Toxotes chatareus_SDD","SDD","Toxotidae","Toxotes chatareus","species","lentic",141.0884333,-20.0456,0.586660816147433,0.015077238170706,0.676516407859691,0.0325257449107894,57.6666666666667,110.333333333333,3,21,0.0476029830814954
"FWB_0084","FWB_0084_2009","Ambassidae_Shovel Waterhole","Shovel Waterhole","Ambassidae","Ambassidae","family","lotic",141.750016,-15.703217,0.408823034180839,0.0143054167010072,0.540061451193571,0.0358148653241133,30.75,9.58333333333333,4,7,0.0501202820251205
"FWB_0084","FWB_0084_2009","Ambassis_Shovel Waterhole","Shovel Waterhole","Ambassidae","Ambassis sp.","genus","lotic",141.750016,-15.703217,0.641101195487456,0.00364383977748066,0.626683999054597,0.00108396786143803,37,2,2,2,0.00472780763891869
"FWB_0084","FWB_0084_2009","Anodontiglanis dahli_Shovel Waterhole","Shovel Waterhole","Plotosidae","Anodontiglanis dahli","species","lotic",141.750016,-15.703217,0.315653589268676,0.00634248420521736,0.46730481367683,0.0715401657635603,117.666666666667,569.333333333333,3,46,0.0778826499687776
"FWB_0084","FWB_0084_2009","Leiopotherapon unicolor_Shovel Waterhole","Shovel Waterhole","Terapontidae","Leiopotherapon unicolor","species","lotic",141.750016,-15.703217,0.606120559016669,0.00681139384532252,0.766160482155519,0.0622684068081006,98.25,682.916666666667,4,56,0.0690798006534231
"FWB_0084","FWB_0084_2009","Melanotaenia_Shovel Waterhole","Shovel Waterhole","Melanotaeniidae","Melanotaenia sp.","genus","lotic",141.750016,-15.703217,0.414169052028961,0.00671104804570536,0.839237177972111,0.00976168371260392,57,342.571428571429,8,57,0.0164727317583093
"FWB_0084","FWB_0084_2009","Nematalosa erebi_Shovel Waterhole","Shovel Waterhole","Dorosomatidae","Nematalosa erebi","species","lotic",141.750016,-15.703217,0.0215524499073918,0.000697697739217205,0.159261010005515,0.0269942371048399,130,349,3,37,0.0276919348440571
"FWB_0084","FWB_0084_2009","Neosilurus hyrtlii_Shovel Waterhole","Shovel Waterhole","Plotosidae","Neosilurus hyrtlii","species","lotic",141.750016,-15.703217,0.229036874894763,0.00094996546005415,0.511906168754432,0.00731173805723485,119.75,1537.58333333333,4,87,0.008261703517289
"FWB_0084","FWB_0084_2009","Oxyeleotris lineolata_Shovel Waterhole","Shovel Waterhole","Butidae","Oxyeleotris lineolata","species","lotic",141.750016,-15.703217,0.356659370264354,0.0161506635868434,0.557811392105885,0.0129632559781349,96.8,8329.7,5,208,0.0291139195649783
"FWB_0084","FWB_0084_2009","Oxyeleotris selheimi_Shovel Waterhole","Shovel Waterhole","Butidae","Oxyeleotris selheimi","species","lotic",141.750016,-15.703217,0.433557838019869,0.0323103564404407,0.791172299692744,0.0130604019127062,177.3,8447.56666666667,10,259,0.0453707583531469
"FWB_0084","FWB_0084_2009","Porochilus rendahli_Shovel Waterhole","Shovel Waterhole","Plotosidae","Porochilus rendahli","species","lotic",141.750016,-15.703217,0.251669753606107,0.00272550730749241,0.79319309855826,0.0235036458959741,95.3333333333333,1332.33333333333,3,68,0.0262291532034665
"FWB_0084","FWB_0084_2009","Strongylura krefftii_Shovel Waterhole","Shovel Waterhole","Belonidae","Strongylura krefftii","species","lotic",141.750016,-15.703217,0.897289105910086,0.0210990555294991,0.882120066178209,5.65599453583464e-07,356,128,2,16,0.0210996211289527
"FWB_0084","FWB_0084_2009","Tandanus tandanus_Shovel Waterhole","Shovel Waterhole","Plotosidae","Tandanus tandanus","species","lotic",141.750016,-15.703217,0.442442610989504,0.00294554193523286,0.827345781139211,0.0100991902235814,163.666666666667,292.333333333333,3,31,0.0130447321588142
"FWB_0084","FWB_0084_2009","Toxotes_Shovel Waterhole","Shovel Waterhole","Toxotidae","Toxotes sp.","genus","lotic",141.750016,-15.703217,0.273446708200034,0.0196390332073675,0.893949420940676,0.00251876519332803,71.6,194.8,5,38,0.0221577984006955
"FWB_0088","FWB_0088_2009","Ambassis_SWD","SWD","Ambassidae","Ambassis sp.","genus","lentic",140.78655,-19.37131,0.774931693989071,0.0141725835659968,0.477781824804225,0.114203929095168,90.1428571428571,6254.47619047619,7,223,0.128376512661165
"FWB_0088","FWB_0088_2009","Anodontiglanis dahli_SWD","SWD","Plotosidae","Anodontiglanis dahli","species","lentic",140.78655,-19.37131,0.772858118657299,0.00305991117741309,0.496812966672737,0.0154118465382164,115.2,55.7,7,NA,0.0184717577156295
"FWB_0088","FWB_0088_2009","Glossamia aprion_SWD","SWD","Apogonidae","Glossamia aprion","species","lentic",140.78655,-19.37131,0.815829918032787,NA,0.340466217446731,NA,90,NA,1,0,NA
"FWB_0088","FWB_0088_2009","Gobiidae_SWD","SWD","Gobiidae","Gobiidae","family","lentic",140.78655,-19.37131,0.54755806010929,0.133429603478319,0.560417046075396,0.0600027380997273,82,2548,4,NA,0.193432341578046
"FWB_0088","FWB_0088_2009","Leiopotherapon unicolor_SWD","SWD","Terapontidae","Leiopotherapon unicolor","species","lentic",140.78655,-19.37131,0.77301668618267,0.00516845816643418,0.668717641855504,0.0885242926795102,72.5714285714286,350.952380952381,7,46,0.0936927508459443
"FWB_0088","FWB_0088_2009","Melanotaenia_SWD","SWD","Melanotaeniidae","Melanotaenia sp.","genus","lentic",140.78655,-19.37131,0.751954310868245,0.00172836428909545,0.63265140937696,0.0103773782973523,47.2222222222222,20.6944444444444,9,16,0.0121057425864477
"FWB_0088","FWB_0088_2009","Nematalosa erebi_SWD","SWD","Dorosomatidae","Nematalosa erebi","species","lentic",140.78655,-19.37131,0.704072745901639,0.00266134017743907,0.253141504279731,0.0120462218621983,107.1,4798.1,10,181,0.0147075620396374
"FWB_0088","FWB_0088_2009","Neoarius graeffei_SWD","SWD","Ariidae","Neoarius graeffei","species","lentic",140.78655,-19.37131,0.755987448770492,0.00957340902728955,0.819181387725369,0.0172023298032238,250.25,5871.35714285714,8,229,0.0267757388305133
"FWB_0088","FWB_0088_2009","Neosilurus hyrtlii_SWD","SWD","Plotosidae","Neosilurus hyrtlii","species","lentic",140.78655,-19.37131,0.727019906323185,0.00116309721435717,0.71161901293025,0.0141279014175313,91,59.6666666666667,7,20,0.0152909986318884
"FWB_0088","FWB_0088_2009","Oxyeleotris lineolata_SWD","SWD","Butidae","Oxyeleotris lineolata","species","lentic",140.78655,-19.37131,0.737002884031573,0.00674769136563239,0.751553046399158,0.0106126690596747,235.375,18270.8392857143,9,NA,0.017360360425307
"FWB_0088","FWB_0088_2009","Parambassis_SWD","SWD","Ambassidae","Parambassis sp.","genus","lentic",140.78655,-19.37131,0.753159153005464,0.00398711260600496,0.530231287561464,0.10301931628919,51.3333333333333,620.333333333333,3,45,0.107006428895195
"FWB_0088","FWB_0088_2009","Scortum hillii_SWD","SWD","Terapontidae","Scortum hillii","species","lentic",140.78655,-19.37131,0.7408518735363,0.00586047199755713,0.594141061997555,0.0279984749374089,100.666666666667,3407.46666666667,7,NA,0.033858946934966
"FWB_0088","FWB_0088_2009","Toxotes chatareus_SWD","SWD","Toxotidae","Toxotes chatareus","species","lentic",140.78655,-19.37131,0.762056010928962,0.000244707071491756,0.759588417410308,0.00871821312144662,51.8,58.7,5,20,0.00896292019293837
"FWB_0089","FWB_0089_2011","Carassius auratus_Talwood","Talwood","Cyprinidae","Carassius auratus","species","lentic",149.489341,-28.497575,0.205530334296327,0.0120112592061665,0.734872761545711,0.000301469014080757,111,181,3,26,0.0123127282202473
"FWB_0089","FWB_0089_2011","Cyprinus carpio_Talwood","Talwood","Cyprinidae","Cyprinus carpio","species","lentic",149.489341,-28.497575,0.184084075231413,0.00789161762741711,0.82071720299807,0.0068991345271587,182.952380952381,3491.64761904762,21,258,0.0147907521545758
"FWB_0089","FWB_0089_2011","Eleotridae_Talwood","Talwood","Eleotridae","Eleotridae sp.","family","lentic",149.489341,-28.497575,0.677156417664053,0.00137461209290727,0.502042098649073,0.00264234506892322,23,7,3,5,0.0040169571618305
"FWB_0089","FWB_0089_2011","Gambusia affinis_Talwood","Talwood","Poeciliidae","Gambusia affinis","species","lentic",149.489341,-28.497575,0.556593066446554,0.0120243374174683,0.807445805843544,0.0741542353744845,24,2,2,2,0.0861785727919529
"FWB_0089","FWB_0089_2011","Leiopotherapon unicolor_Talwood","Talwood","Terapontidae","Leiopotherapon unicolor","species","lentic",149.489341,-28.497575,0.437439812904113,0.00111882137108682,0.785862393967955,8.42482284686875e-05,176,169,3,23,0.0012030695995555
"FWB_0089","FWB_0089_2011","Macquaria ambigua_Talwood","Talwood","Percichthyidae","Macquaria ambigua","species","lentic",149.489341,-28.497575,0.519931755203113,0.0109513821892673,0.585707553520937,0.0530964929993908,205.035714285714,9291.66534391534,28,341,0.0640478751886581
"FWB_0089","FWB_0089_2011","Nematalosa erebi_Talwood","Talwood","Dorosomatidae","Nematalosa erebi","species","lentic",149.489341,-28.497575,0.516285983285184,0.0553085319462568,0.269168237511781,0.0160529627306096,136.741935483871,5103.7311827957,32,NA,0.0713614946768664
"FWB_0090","FWB_0090_2008","Hephaestus fuliginosus_Tate River @ Ootan","Tate River @ Ootan","Terapontidae","Hephaestus fuliginosus","species","lotic",144.62,-17.475,0.224616040955631,0.000227507018136494,0.428455404607206,0.0166291488457562,NA,NA,2,NA,0.0168566558638927
"FWB_0090","FWB_0090_2008","Leiopotherapon unicolor_Tate River @ Ootan","Tate River @ Ootan","Terapontidae","Leiopotherapon unicolor","species","lotic",144.62,-17.475,0.743067406143345,0.0498355791612793,0.573205847607797,0.120560114383526,95.75,1822.91666666667,4,97,0.170395693544805
"FWB_0090","FWB_0090_2008","Melanotaenia_Tate River @ Ootan","Tate River @ Ootan","Melanotaeniidae","Melanotaenia sp.","genus","lotic",144.62,-17.475,0.0693970420932878,0.0067353604390655,0.301338846229572,0.0237454363990474,NA,NA,3,NA,0.0304807968381129
"FWB_0090","FWB_0090_2008","Neosilurus hyrtlii_Tate River @ Ootan","Tate River @ Ootan","Plotosidae","Neosilurus hyrtlii","species","lotic",144.62,-17.475,0.224900455062571,0.0051064101892082,0.149684977357747,0.0228487287159396,NA,NA,3,NA,0.0279551389051478
"FWB_0095","FWB_0095_2008","Amniataba percoides_Walsh River @ Rookwood","Walsh River @ Rookwood","Terapontidae","Amniataba percoides","species","lotic",144.2866667,-16.9816667,0.764399509803922,0.0577186311680003,0.360581526943502,0.0228900359344295,81.6666666666667,433.333333333333,3,40,0.0806086671024298
"FWB_0095","FWB_0095_2008","Gobiidae_Walsh River @ Rookwood","Walsh River @ Rookwood","Gobiidae","Gobiidae","family","lotic",144.2866667,-16.9816667,0.370251225490196,0.0165154656186923,0.566553495255506,0.037060732671493,78.6666666666667,289.333333333333,3,34,0.0535761982901853
"FWB_0095","FWB_0095_2008","Hephaestus fuliginosus_Walsh River @ Rookwood","Walsh River @ Rookwood","Terapontidae","Hephaestus fuliginosus","species","lotic",144.2866667,-16.9816667,0.653186274509804,0.104077049880154,0.453817358753374,0.00345580113807101,NA,NA,3,NA,0.107532851018225
"FWB_0095","FWB_0095_2008","Leiopotherapon unicolor_Walsh River @ Rookwood","Walsh River @ Rookwood","Terapontidae","Leiopotherapon unicolor","species","lotic",144.2866667,-16.9816667,0.319699754901961,0.00241613333063006,0.551492992078001,0.257954584699435,63,147,3,24,0.260370718030065
"FWB_0095","FWB_0095_2008","Melanotaenia_Walsh River @ Rookwood","Walsh River @ Rookwood","Melanotaeniidae","Melanotaenia sp.","genus","lotic",144.2866667,-16.9816667,0.0399816176470589,0.00319705949935122,0.425568033429094,0.0431622739166487,55.5,112.5,2,15,0.0463593334159999
"FWB_0098","FWB_0098_1996","Craterocephalus_Wright's Creek","Wright's Creek","Atherinidae","Craterocephalus sp.","genus","lotic",145.61667,-17.26667,1,NA,0.681222707423581,NA,39,NA,1,0,NA
"FWB_0098","FWB_0098_1996","Melanotaenia eachamensis_Wright's Creek","Wright's Creek","Melanotaeniidae","Melanotaenia eachamensis","species","lotic",145.61667,-17.26667,0.487335359675785,0.0273144255941902,0.86514867955916,0.00226846012586177,46.5475714285714,82.9613412857143,7,27.667,0.029582885720052
"FWB_0098","FWB_0098_1996","Melanotaenia_Wright's Creek","Wright's Creek","Melanotaeniidae","Melanotaenia sp.","genus","lotic",145.61667,-17.26667,0.443971631205674,0.0597575574669283,0.908539543910723,0.00762461800104103,49.8333333333333,189.583333333333,3,27.5,0.0673821754679693
"FWB_0098","FWB_0098_1996","Mogurnda adspersa_Wright's Creek","Wright's Creek","Eleotridae","Mogurnda adspersa","species","lotic",145.61667,-17.26667,0.603191489361702,0.0507276629277535,0.554221251819505,0.0249018826801478,42.375,234.229166666667,4,33,0.0756295456079013
"FWB_0098","FWB_0098_1996","Poecilia reticulata_Wright's Creek","Wright's Creek","Poeciliidae","Poecilia reticulata","species","lotic",145.61667,-17.26667,0.285106382978723,0.076432104354241,0.321870451237263,0.068826686710356,11466,523799560.666667,4,45781,0.145258791064597
"FWB_0101","FWB_0101_2021","Cyprinus carpio_furthteich","furthteich","Cyprinidae","Cyprinus carpio","species","lentic",15.2595931,48.8197842,0.34468085106383,0.0430861292327834,0.876240027748873,0.0101587088462319,NA,NA,15,NA,0.0532448380790154
"FWB_0101","FWB_0101_2021","Pseudorasbora parva_furthteich","furthteich","Gobionidae","Pseudorasbora parva","species","lentic",15.2595931,48.8197842,0.627558257345491,0.0252793919740825,0.650502948317724,0.0625175460727657,NA,NA,15,NA,0.0877969380468482
"FWB_0102","FWB_0102_2022","Cyprinus carpio_gopfridsteich","gopfridsteich","Cyprinidae","Cyprinus carpio","species","lentic",15.2041411,48.8632911,0.586734693877551,0.0099437839596033,0.173352174309417,0.00737629087277569,NA,NA,14,NA,0.017320074832379
"FWB_0102","FWB_0102_2022","Pseudorasbora parva_gopfridsteich","gopfridsteich","Gobionidae","Pseudorasbora parva","species","lentic",15.2041411,48.8632911,0.558931264813618,0.0544369621615905,0.282855963061676,0.0718728799748118,57.1764705882353,259.029411764706,17,59,0.126309842136402
"FWB_0103","FWB_0103_2014","Esox lucius_Lake Lunz","Lake Lunz","Esocidae","Esox lucius","species","lentic",16.061,47.854,0.696183390794169,0.0203872651008863,0.541440701177759,0.00274804244478754,383.933333333333,8842.49523809524,15,413,0.0231353075456739
"FWB_0103","FWB_0103_2014","Perca fluviatilis_Lake Lunz","Lake Lunz","Percidae","Perca fluviatilis","species","lentic",16.061,47.854,0.616736224520656,0.0234879910309224,0.534043184515658,0.0124353050389963,149.333333333333,7393.52941176471,18,228,0.0359232960699187
"FWB_0103","FWB_0103_2014","Phoxinus phoxinus_Lake Lunz","Lake Lunz","Leuciscidae","Phoxinus phoxinus","species","lentic",16.061,47.854,0.349947831609508,0.0114883915271572,0.391147117228157,0.00528183098829332,62.4375,14.1291666666667,16,15,0.0167702225154505
"FWB_0103","FWB_0103_2014","Rutilus rutilus_Lake Lunz","Lake Lunz","Leuciscidae","Rutilus rutilus","species","lentic",16.061,47.854,0.303244750169083,0.0291798522191796,0.371019147929583,0.0615315104074726,134,10446.4761904762,22,280,0.0907113626266522
"FWB_0103","FWB_0103_2014","Salmo trutta_Lake Lunz","Lake Lunz","Salmonidae","Salmo trutta","species","lentic",16.061,47.854,0.66902558519325,0.00166480519438186,0.629519309778143,0.0031274496333441,313,648,2,36,0.00479225482772596
"FWB_0103","FWB_0103_2014","Salvelinus alpinus_Lake Lunz","Lake Lunz","Salmonidae","Salvelinus alpinus","species","lentic",16.061,47.854,0.438970543760963,0.00164135418862763,0.233429197480142,0.000765879775699583,NA,NA,6,NA,0.00240723396432722
"FWB_0103","FWB_0103_2014","Squalius cephalus_Lake Lunz","Lake Lunz","Leuciscidae","Squalius cephalus","species","lentic",16.061,47.854,0.248521139539104,0.0536994765520838,0.882100794302931,0.0113359353601753,323.4,7412.3,5,229,0.0650354119122591
"FWB_0104","FWB_0104_2022","Cyprinus carpio_ob_kiebitzteich","ob_kiebitzteich","Cyprinidae","Cyprinus carpio","species","lentic",15.2703219,48.8138217,0.618553459119497,0.0366261082574717,0.648472775564409,0.0183363680546265,NA,NA,15,NA,0.0549624763120982
"FWB_0104","FWB_0104_2022","Pseudorasbora parva_ob_kiebitzteich","ob_kiebitzteich","Gobionidae","Pseudorasbora parva","species","lentic",15.2703219,48.8138217,0.493867924528302,0.0815807290342268,0.463346613545817,0.129396358787956,46.7142857142857,26.5274725274725,15,NA,0.210977087822183
"FWB_0105","FWB_0105_2022","Cyprinus carpio_unterer_kiebitzteich","unterer_kiebitzteich","Cyprinidae","Cyprinus carpio","species","lentic",15.2687342,48.8148389,0.639285714285714,0.0461347997185947,0.505623354869586,0.0413043907806947,NA,NA,28,NA,0.0874391904992894
"FWB_0105","FWB_0105_2022","Pseudorasbora parva_unterer_kiebitzteich","unterer_kiebitzteich","Gobionidae","Pseudorasbora parva","species","lentic",15.2687342,48.8148389,0.320925297113752,0.0145503641318917,0.729615821040687,0.0223481588462597,55.9333333333333,4124.47816091954,31,NA,0.0368985229781514
"FWB_0107","FWB_0107_2013","Carassius gibelio_Belgian Pond 1","Belgian Pond 1","Cyprinidae","Carassius gibelio","species","lentic",4.181906,51.038233,0.70481791893349,0.00481355222071302,0.678493068113321,0.00659317915368586,121.6,2842.82857142857,15,165,0.0114067313743989
"FWB_0107","FWB_0107_2013","Pseudorasbora parva_Belgian Pond 1","Belgian Pond 1","Gobionidae","Pseudorasbora parva","species","lentic",4.181906,51.038233,0.825552614811548,0.00417922235575416,0.501989150090416,0.0118682338560106,60,168,12,40,0.0160474562117647
"FWB_0107","FWB_0107_2013","Pungitius pungitius_Belgian Pond 1","Belgian Pond 1","Gasterosteidae","Pungitius pungitius","species","lentic",4.181906,51.038233,0.470269078076753,0.0929357553035589,0.334792043399638,0.123008131800496,52.6,10.9333333333333,10,12,0.215943887104055
"FWB_0107","FWB_0107_2013","Rhodeus amarus_Belgian Pond 1","Belgian Pond 1","Acheilognathidae","Rhodeus amarus","species","lentic",4.181906,51.038233,0.600352889280988,0.00191817857958057,0.80370705244123,0.00181203518100078,67,6,4,5,0.00373021376058136
"FWB_0108","FWB_0108_2013","Blicca bjoerkna_Belgian Pond 2","Belgian Pond 2","Leuciscidae","Blicca bjoerkna","species","lentic",5.336256,50.984264,0.712881712881713,0.0106419881428656,0.459151707145372,0.0018880872813126,55.5,24.7,6,14,0.0125300754241782
"FWB_0108","FWB_0108_2013","Carassius gibelio_Belgian Pond 2","Belgian Pond 2","Cyprinidae","Carassius gibelio","species","lentic",5.336256,50.984264,0.585959985959986,0.00381418601846822,0.337888067581838,0.00129617293710875,85.6,226.711111111111,10,50,0.00511035895557697
"FWB_0108","FWB_0108_2013","Cyprinus carpio_Belgian Pond 2","Belgian Pond 2","Cyprinidae","Cyprinus carpio","species","lentic",5.336256,50.984264,0.545682695682696,0.0383416518814904,0.512375923970433,0.013592067479747,70.3,73.3444444444444,10,27,0.0519337193612374
"FWB_0108","FWB_0108_2013","Gasterosteus aculeatus_Belgian Pond 2","Belgian Pond 2","Gasterosteidae","Gasterosteus aculeatus","species","lentic",5.336256,50.984264,0.185222885222885,0.0509821007890506,0.105269271383316,0.0108078865052524,48.4,9.6,10,10,0.061789987294303
"FWB_0108","FWB_0108_2013","Leucaspius delineatus_Belgian Pond 2","Belgian Pond 2","Leuciscidae","Leucaspius delineatus","species","lentic",5.336256,50.984264,0.911740961740962,0.00640848702449265,0.250760295670539,0.00305804258332723,58.5,119.388888888889,10,35,0.00946652960781987
"FWB_0108","FWB_0108_2013","Pseudorasbora parva_Belgian Pond 2","Belgian Pond 2","Gobionidae","Pseudorasbora parva","species","lentic",5.336256,50.984264,0.663022113022113,0.00296126139404483,0.422196409714889,0.00235189878781325,72.1,51.2111111111111,10,23,0.00531316018185808
"FWB_0108","FWB_0108_2013","Rhodeus amarus_Belgian Pond 2","Belgian Pond 2","Acheilognathidae","Rhodeus amarus","species","lentic",5.336256,50.984264,0.54977184977185,0.00220665204870189,0.437148891235481,0.00685331560132773,51.8,189.511111111111,10,35,0.00905996765002962
"FWB_0108","FWB_0108_2013","Rutilus rutilus_Belgian Pond 2","Belgian Pond 2","Leuciscidae","Rutilus rutilus","species","lentic",5.336256,50.984264,0.649979524979525,0.0184201569197102,0.656300598380852,0.0446377987921282,97.6666666666667,1956.78787878788,12,107,0.0630579557118384
"FWB_0108","FWB_0108_2013","Scardinius erythrophthalmus_Belgian Pond 2","Belgian Pond 2","Leuciscidae","Scardinius erythrophthalmus","species","lentic",5.336256,50.984264,0.572744822744823,0.0107237006587656,0.693249358877659,0.0191244297439987,92.7857142857143,1692.64285714286,14,139,0.0298481304027643
"FWB_0109","FWB_0109_2013","Carassius gibelio_Belgian Pond 3","Belgian Pond 3","Cyprinidae","Carassius gibelio","species","lentic",4.177956,51.035481,0.363979416809605,0.0073908717257693,0.591551187023311,0.116734861875341,222.666666666667,3466.33333333333,6,NA,0.12412573360111
"FWB_0109","FWB_0109_2013","Gasterosteus aculeatus_Belgian Pond 3","Belgian Pond 3","Gasterosteidae","Gasterosteus aculeatus","species","lentic",4.177956,51.035481,0.299466361730513,0.0220645596389148,0.282379059691339,0.0125472050993497,42.8888888888889,20.3611111111111,9,12,0.0346117647382645
"FWB_0109","FWB_0109_2013","Pseudorasbora parva_Belgian Pond 3","Belgian Pond 3","Gobionidae","Pseudorasbora parva","species","lentic",4.177956,51.035481,0.4021269296741,0.0121312820754227,0.453238801160168,0.0043704235990889,73.6,46.9333333333333,10,20,0.0165017056745116
"FWB_0109","FWB_0109_2013","Pungitius pungitius_Belgian Pond 3","Belgian Pond 3","Gasterosteidae","Pungitius pungitius","species","lentic",4.177956,51.035481,0.535184391080618,0.01098554811802,0.614445697711892,0.0418255841969043,43.75,18.5,8,12,0.0528111323149243
"FWB_0109","FWB_0109_2013","Rhodeus amarus_Belgian Pond 3","Belgian Pond 3","Acheilognathidae","Rhodeus amarus","species","lentic",4.177956,51.035481,0.471029159519726,0.0635320449388542,0.623735095069288,0.00687862972845936,63.8,49.7333333333333,10,18,0.0704106746673136
"FWB_0109","FWB_0109_2013","Scardinius erythrophthalmus_Belgian Pond 3","Belgian Pond 3","Leuciscidae","Scardinius erythrophthalmus","species","lentic",4.177956,51.035481,0.466454300416565,0.00955857997898194,0.872450623820266,0.00392509843272668,166.5,24.5,7,NA,0.0134836784117086
"FWB_0113","FWB_0113_2015","Acestrorhynchus lacustris_cp-02","cp-02","Acestrorhynchidae","Acestrorhynchus lacustris","species","lotic",-43.99679,-18.685274,0.357013548573076,0.0153149101945735,0.470511933586994,0.0104307202686901,NA,NA,5,NA,0.0257456304632636
"FWB_0113","FWB_0113_2015","Brycon orthotaenia_cp-02","cp-02","Bryconidae","Brycon orthotaenia","species","lotic",-43.99679,-18.685274,0.209397520899395,NA,0.415513663092356,NA,NA,NA,1,NA,NA
"FWB_0113","FWB_0113_2015","Cichlasoma sanctifranciscense_cp-02","cp-02","Cichlidae","Cichlasoma sanctifranciscense","species","lotic",-43.99679,-18.685274,0.156168924762179,0.000141655492041787,0.452741265997925,0.00176411590848606,NA,NA,4,NA,0.00190577140052784
"FWB_0113","FWB_0113_2015","Eigenmannia microstomus_cp-02","cp-02","Sternopygidae","Eigenmannia microstomus","species","lotic",-43.99679,-18.685274,0.248198328048429,0.000315932551219005,0.238931165686614,0.0583375289741502,NA,NA,2,NA,0.0586534615253692
"FWB_0113","FWB_0113_2015","Hoplias intermedius_cp-02","cp-02","Erythrinidae","Hoplias intermedius","species","lotic",-43.99679,-18.685274,0.300393965600077,0.0270539727803118,0.389859333563934,0.00262558575951647,NA,NA,3,NA,0.0296795585398282
"FWB_0113","FWB_0113_2015","Hypostomus francisci_cp-02","cp-02","Loricariidae","Hypostomus francisci","species","lotic",-43.99679,-18.685274,0.185894109733833,0.00123860575361125,0.121930127983397,0.0204640611059191,NA,NA,3,NA,0.0217026668595304
"FWB_0113","FWB_0113_2015","Hypostomus margaritifer_cp-02","cp-02","Loricariidae","Hypostomus margaritifer","species","lotic",-43.99679,-18.685274,0.171442298452964,0.00406207842399799,0.142799492678427,0.0296796620259768,NA,NA,3,NA,0.0337417404499748
"FWB_0113","FWB_0113_2015","Leporinus amblyrhynchus_cp-02","cp-02","Anostomidae","Leporinus amblyrhynchus","species","lotic",-43.99679,-18.685274,0.183914672816374,NA,0.303528190937392,NA,NA,NA,1,NA,NA
"FWB_0113","FWB_0113_2015","Leporinus taeniatus_cp-02","cp-02","Anostomidae","Leporinus taeniatus","species","lotic",-43.99679,-18.685274,0.238174854836717,0.0138465258763056,0.367705193457528,0.00599666407812037,NA,NA,7,NA,0.019843189954426
"FWB_0113","FWB_0113_2015","Megaleporinus reinhardti_cp-02","cp-02","Anostomidae","Megaleporinus reinhardti","species","lotic",-43.99679,-18.685274,0.156575381954454,0.000507253430520507,0.285869941196818,0.00599861376346469,NA,NA,5,NA,0.0065058671939852
"FWB_0113","FWB_0113_2015","Myleus micans_cp-02","cp-02","Serrasalmidae","Myleus micans","species","lotic",-43.99679,-18.685274,0.709138080138368,0.183291400063537,0.740689496137438,0.178229665310302,NA,NA,3,NA,0.361521065373839
"FWB_0113","FWB_0113_2015","Piabarchus stramineus_cp-02","cp-02","Characidae","Piabarchus stramineus","species","lotic",-43.99679,-18.685274,0.385736523493802,0.0957204676923177,0.378986509858181,0.0365413048807201,NA,NA,10,NA,0.132261772573038
"FWB_0113","FWB_0113_2015","Piabina argentea_cp-02","cp-02","Characidae","Piabina argentea","species","lotic",-43.99679,-18.685274,0.149876044969732,0.000776568247146555,0.212383258388101,0.000969365769864395,NA,NA,5,NA,0.00174593401701095
"FWB_0113","FWB_0113_2015","Pimelodus fur_cp-02","cp-02","Pimelodidae","Pimelodus fur","species","lotic",-43.99679,-18.685274,0.357355626020948,0.0117159517690532,0.408163265306122,0.0247198123543515,NA,NA,6,NA,0.0364357641234047
"FWB_0113","FWB_0113_2015","Psalidodon fasciatus_cp-02","cp-02","Characidae","Psalidodon fasciatus","species","lotic",-43.99679,-18.685274,0.177861055059095,0.00181568147013274,0.334335005188516,0.0117648110358355,NA,NA,4,NA,0.0135804925059682
"FWB_0113","FWB_0113_2015","Steindachnerina elegans_cp-02","cp-02","Curimatidae","Steindachnerina elegans","species","lotic",-43.99679,-18.685274,0.0500048044585376,0.00483743077888763,0.37668626772743,0.000729491123407961,NA,NA,3,NA,0.00556692190229559
"FWB_0116","FWB_0116_2011","Acentronichthys leptos_Ilha_Grande_RJ_Rio_Andorinha_downstream","Ilha_Grande_RJ_Rio_Andorinha_downstream","Heptapteridae","Acentronichthys leptos","species","lotic",-44.11928,-23.11175,0.52707136997539,NA,0,NA,66,NA,1,0,NA
"FWB_0116","FWB_0116_2011","Bryconamericus microcephalus_Ilha_Grande_RJ_Rio_Andorinha_downstream","Ilha_Grande_RJ_Rio_Andorinha_downstream","Characidae","Bryconamericus microcephalus","species","lotic",-44.11928,-23.11175,0.57427536231884,0.0104492054249231,0.486760011607661,0.110839368253215,52.4166666666667,154.810606060606,12,36,0.121288573678139
"FWB_0116","FWB_0116_2011","Gymnotus pantherinus_Ilha_Grande_RJ_Rio_Andorinha_downstream","Ilha_Grande_RJ_Rio_Andorinha_downstream","Gymnotidae","Gymnotus pantherinus","species","lotic",-44.11928,-23.11175,0.839075745146294,0.00621842251131312,0.162652350551364,0.000354381454150915,168,1458,3,NA,0.00657280396546403
"FWB_0116","FWB_0116_2011","Phalloceros anisophallos_Ilha_Grande_RJ_Rio_Andorinha_downstream","Ilha_Grande_RJ_Rio_Andorinha_downstream","Poeciliidae","Phalloceros anisophallos","species","lotic",-44.11928,-23.11175,0.503691550451189,0.216695794842529,0.21094022054556,0.0213969450394428,18.8,0.7,5,2,0.238092739881972
"FWB_0117","FWB_0117_2015","Astyanax lacustris_jb-01","jb-01","Characidae","Astyanax lacustris","species","lotic",-43.904997,-19.464286,0.553646677471637,0.0776180144568284,0.782521008403361,0.0125166244168736,NA,NA,5,NA,0.090134638873702
"FWB_0117","FWB_0117_2015","Eigenmannia microstomus_jb-01","jb-01","Sternopygidae","Eigenmannia microstomus","species","lotic",-43.904997,-19.464286,0.514721772015127,0.00930232931459654,0.645912910618793,0.014014715217092,NA,NA,11,NA,0.0233170445316885
"FWB_0117","FWB_0117_2015","Harttia longipinna_jb-01","jb-01","Loricariidae","Harttia longipinna","species","lotic",-43.904997,-19.464286,0.216666666666667,0.00404045727323061,0.0305162064825931,0.000375221397082246,NA,NA,5,NA,0.00441567867031285
"FWB_0117","FWB_0117_2015","Harttia torrenticola_jb-01","jb-01","Loricariidae","Harttia torrenticola","species","lotic",-43.904997,-19.464286,0.125040518638574,0.00659319352542365,0.172509003601441,0.0112795202114459,NA,NA,5,NA,0.0178727137368696
"FWB_0117","FWB_0117_2015","Hoplias intermedius_jb-01","jb-01","Erythrinidae","Hoplias intermedius","species","lotic",-43.904997,-19.464286,0.664586709886548,0.0122002437977223,0.719759903961585,0.0150468345801706,NA,NA,5,NA,0.0272470783778929
"FWB_0117","FWB_0117_2015","Hoplosternum littorale_jb-01","jb-01","Callichthyidae","Hoplosternum littorale","species","lotic",-43.904997,-19.464286,0.379929767693139,NA,0.850900360144058,NA,NA,NA,1,NA,NA
"FWB_0117","FWB_0117_2015","Hypostomus auroguttatus_jb-01","jb-01","Loricariidae","Hypostomus auroguttatus","species","lotic",-43.904997,-19.464286,0.415676211057086,0.000941300096910059,0.160824329731893,0.00543366926602575,NA,NA,3,NA,0.00637496936293581
"FWB_0117","FWB_0117_2015","Hypostomus francisci_jb-01","jb-01","Loricariidae","Hypostomus francisci","species","lotic",-43.904997,-19.464286,0.515018908698001,0.00116104725029267,0.696950780312125,0.00106744450481273,NA,NA,5,NA,0.0022284917551054
"FWB_0117","FWB_0117_2015","Lepidocharax burnsi_jb-01","jb-01","Characidae","Lepidocharax burnsi","species","lotic",-43.904997,-19.464286,0.572582387898433,0.0056763361956873,0.759783913565426,0.00153627597497582,NA,NA,5,NA,0.00721261217066312
"FWB_0117","FWB_0117_2015","Megaleporinus obtusidens_jb-01","jb-01","Anostomidae","Megaleporinus obtusidens","species","lotic",-43.904997,-19.464286,0.499864937871421,NA,0.420288115246098,NA,NA,NA,1,NA,NA
"FWB_0117","FWB_0117_2015","Phalloceros uai_jb-01","jb-01","Poeciliidae","Phalloceros uai","species","lotic",-43.904997,-19.464286,0.451242571582928,0.00100052507135454,0.654261704681873,0.00298140624797338,NA,NA,5,NA,0.00398193131932792
"FWB_0117","FWB_0117_2015","Phenacorhamdia tenebrosa_jb-01","jb-01","Heptapteridae","Phenacorhamdia tenebrosa","species","lotic",-43.904997,-19.464286,0.367936250675311,0.00267183135198431,0.422617046818728,0.0124582289098112,NA,NA,5,NA,0.0151300602617955
"FWB_0117","FWB_0117_2015","Piabarchus stramineus_jb-01","jb-01","Characidae","Piabarchus stramineus","species","lotic",-43.904997,-19.464286,0.495515937331172,0.00323623198113596,0.64499399759904,0.00591803155836164,NA,NA,5,NA,0.0091542635394976
"FWB_0117","FWB_0117_2015","Piabina argentea_jb-01","jb-01","Characidae","Piabina argentea","species","lotic",-43.904997,-19.464286,0.443258899093583,0.00710282159290843,0.768494064292384,0.00898552258038069,NA,NA,9,NA,0.0160883441732891
"FWB_0117","FWB_0117_2015","Psalidodon bockmanni_jb-01","jb-01","Characidae","Psalidodon bockmanni","species","lotic",-43.904997,-19.464286,0.259751485683414,0.0175307176957803,0.564129651860744,0.0369305566164041,NA,NA,5,NA,0.0544612743121844
"FWB_0117","FWB_0117_2015","Psalidodon fasciatus_jb-01","jb-01","Characidae","Psalidodon fasciatus","species","lotic",-43.904997,-19.464286,0.257270844588511,0.00812393534899635,0.77046818727491,0.021289093788776,NA,NA,6,NA,0.0294130291377724
"FWB_0117","FWB_0117_2015","Steindachnerina elegans_jb-01","jb-01","Curimatidae","Steindachnerina elegans","species","lotic",-43.904997,-19.464286,0.229200432198811,0.00515026388869605,0.639825930372149,0.0517108428005056,NA,NA,8,NA,0.0568611066892016
"FWB_0131","FWB_0131_2016","Characidium fasciatum_rv-01","rv-01","Crenuchidae","Characidium fasciatum","species","lotic",-43.567074,-20.31188,0.570699354121814,0.0138217597553009,0.120190409845582,0.00694874138842959,NA,NA,11,NA,0.0207705011437305
"FWB_0131","FWB_0131_2016","Neoplecostomus franciscoensis_rv-01","rv-01","Loricariidae","Neoplecostomus franciscoensis","species","lotic",-43.567074,-20.31188,0.533613445378151,0.100480412550695,0.240051085568327,0.0259144438155707,NA,NA,10,NA,0.126394856366266
"FWB_0131","FWB_0131_2016","Oligosarcus argenteus_rv-01","rv-01","Characidae","Oligosarcus argenteus","species","lotic",-43.567074,-20.31188,0.539056531703591,0.108341185283058,0.374840357598978,0.0179421149838495,NA,NA,4,NA,0.126283300266908
"FWB_0131","FWB_0131_2016","Psalidodon fasciatus_rv-01","rv-01","Characidae","Psalidodon fasciatus","species","lotic",-43.567074,-20.31188,0.219786096256685,0.0137315208047244,0.624444444444444,0.0441695871235661,NA,NA,5,NA,0.0579011079282905
"FWB_0131","FWB_0131_2016","Psalidodon rivularis_rv-01","rv-01","Characidae","Psalidodon rivularis","species","lotic",-43.567074,-20.31188,0.444881588999236,0.0484768222635027,0.494546615581098,0.0254713210933123,NA,NA,10,NA,0.073948143356815
"FWB_0131","FWB_0131_2016","Rhamdia quelen_rv-01","rv-01","Heptapteridae","Rhamdia quelen","species","lotic",-43.567074,-20.31188,0.572498090145149,0.0187581157888532,0.386079182630907,0.00155154471862976,NA,NA,5,NA,0.020309660507483
"FWB_0132","FWB_0132_2016","Apareiodon hasemani_rv-02","rv-02","Parodontidae","Apareiodon hasemani","species","lotic",-43.829288,-20.019649,0.292642731018246,0.0654646262353389,0.704102197889391,0.00196618819902028,NA,NA,5,NA,0.0674308144343592
"FWB_0132","FWB_0132_2016","Astyanax lacustris_rv-02","rv-02","Characidae","Astyanax lacustris","species","lotic",-43.829288,-20.019649,0.628278072068537,0.0455981991994762,0.327091433256632,0.0308144672185358,NA,NA,6,NA,0.076412666418012
"FWB_0132","FWB_0132_2016","Cichlasoma sanctifranciscense_rv-02","rv-02","Cichlidae","Cichlasoma sanctifranciscense","species","lotic",-43.829288,-20.019649,0.25956444967628,NA,0.437276838847893,NA,NA,NA,1,NA,NA
"FWB_0132","FWB_0132_2016","Hemigrammus marginatus_rv-02","rv-02","Characidae","Hemigrammus marginatus","species","lotic",-43.829288,-20.019649,0.524965666078085,0.0706895571283653,0.385007537887804,0.0150663376539619,NA,NA,4,NA,0.0857558947823271
"FWB_0132","FWB_0132_2016","Hoplias intermedius_rv-02","rv-02","Erythrinidae","Hoplias intermedius","species","lotic",-43.829288,-20.019649,0.455169707671179,0.0883172900507475,0.520378745801264,0.00835343120907688,NA,NA,3,NA,0.0966707212598244
"FWB_0132","FWB_0132_2016","Hoplias malabaricus_rv-02","rv-02","Erythrinidae","Hoplias malabaricus","species","lotic",-43.829288,-20.019649,0.624779281930547,0.00898925803551233,0.606887249067682,0.0089307082827308,NA,NA,10,NA,0.0179199663182431
"FWB_0132","FWB_0132_2016","Hypostomus francisci_rv-02","rv-02","Loricariidae","Hypostomus francisci","species","lotic",-43.829288,-20.019649,0.397815708586751,0.118695168675059,0.675606337115502,0.0346218607272966,NA,NA,3,NA,0.153317029402355
"FWB_0132","FWB_0132_2016","Hypostomus lima_rv-02","rv-02","Loricariidae","Hypostomus lima","species","lotic",-43.829288,-20.019649,0.53411097436995,0.0667979650555351,0.76477462076129,0.0147887761914098,NA,NA,11,NA,0.0815867412469449
"FWB_0132","FWB_0132_2016","Knodus moenkhausii_rv-02","rv-02","Characidae","Knodus moenkhausii","species","lotic",-43.829288,-20.019649,0.598862075730822,0.00886270353571168,0.64928985162263,0.00507330506725352,NA,NA,5,NA,0.0139360086029652
"FWB_0132","FWB_0132_2016","Lepidocharax burnsi_rv-02","rv-02","Characidae","Lepidocharax burnsi","species","lotic",-43.829288,-20.019649,0.367912497547577,0.0705746199486935,0.520391970165833,0.0100362276656322,NA,NA,4,NA,0.0806108476143256
"FWB_0132","FWB_0132_2016","Phalloceros uai_rv-02","rv-02","Poeciliidae","Phalloceros uai","species","lotic",-43.829288,-20.019649,0.511738931397554,0.108969235340701,0.568541881562591,0.00849465898628145,NA,NA,3,NA,0.117463894326983
"FWB_0132","FWB_0132_2016","Piabina argentea_rv-02","rv-02","Characidae","Piabina argentea","species","lotic",-43.829288,-20.019649,0.45393648925138,0.0532957558078107,0.681561079561556,0.0181498442923373,NA,NA,7,NA,0.071445600100148
"FWB_0132","FWB_0132_2016","Poecilia reticulata_rv-02","rv-02","Poeciliidae","Poecilia reticulata","species","lotic",-43.829288,-20.019649,0.703485710548689,0.101416099701627,0.925123647808723,0.00574436890491813,NA,NA,3,NA,0.107160468606545
"FWB_0132","FWB_0132_2016","Psalidodon fasciatus_rv-02","rv-02","Characidae","Psalidodon fasciatus","species","lotic",-43.829288,-20.019649,0.490386501863842,0.0399873107198089,0.605517204898305,0.00370155955813828,NA,NA,6,NA,0.0436888702779472
"FWB_0132","FWB_0132_2016","Rhamdia quelen_rv-02","rv-02","Heptapteridae","Rhamdia quelen","species","lotic",-43.829288,-20.019649,0.656767795673034,0.0355625053952256,0.621194087987708,0.00133186816382648,NA,NA,11,NA,0.0368943735590521
"FWB_0132","FWB_0132_2016","Serrapinnus heterodon_rv-02","rv-02","Characidae","Serrapinnus heterodon","species","lotic",-43.829288,-20.019649,0.338574511617478,0.0191696651539907,0.494383423447932,0.0756028448555381,NA,NA,7,NA,0.0947725100095287
"FWB_0132","FWB_0132_2016","Steindachnerina elegans_rv-02","rv-02","Curimatidae","Steindachnerina elegans","species","lotic",-43.829288,-20.019649,0.394349617422013,0.0149719341190556,0.764024438625724,4.99761989768918e-05,NA,NA,2,NA,0.0150219103180325
"FWB_0150","FWB_0150_2021","Cottus cognatus_Blackbrook 24-culverts","Blackbrook 24-culverts","Cottidae","Cottus cognatus","species","lotic",-67.74977,47.8123,0.359111111111111,0.0177461728395061,0.415353805073431,0.0578110526243863,74,76.6666666666667,10,31,0.0755572254638924
"FWB_0150","FWB_0150_2021","Salvelinus fontinalis_Blackbrook 24-culverts","Blackbrook 24-culverts","Salmonidae","Salvelinus fontinalis","species","lotic",-67.74977,47.8123,0.35018315018315,0.104576441782791,0.787819656978536,0.0202199280210616,71.9230769230769,1000.91025641026,13,82,0.124796369803853
"FWB_0151","FWB_0151_2007","Rhinichthys atratulus_BLR","BLR","Leuciscidae","Rhinichthys atratulus","species","lotic",-65.78,45.33,0.478614097968937,0.109151703829316,0.168376837683768,0.0622815386849215,53.4,124.3,5,28,0.171433242514237
"FWB_0151","FWB_0151_2007","Salvelinus fontinalis_BLR","BLR","Salmonidae","Salvelinus fontinalis","species","lotic",-65.78,45.33,0.332616487455197,0.0519633683477287,0.716171617161716,0.0397216589345703,73,1117,5,83,0.091685027282299
"FWB_0153","FWB_0153_2018","Catostomus commersonii_bw","bw","Catostomidae","Catostomus commersonii","species","lotic",-80.475411,42.6698465,0.602527191298784,0.0121194806913227,0.242597898758357,0.0679881756124974,205,6175,3,155,0.0801076563038201
"FWB_0153","FWB_0153_2018","Etheostoma nigrum_bw","bw","Percidae","Etheostoma nigrum","species","lotic",-80.475411,42.6698465,0.960220729366603,0.00233045578965596,0.159598853868195,0.0148790513487848,50.2,33.2,5,13,0.0172095071384407
"FWB_0153","FWB_0153_2018","Rhinichthys atratulus_bw","bw","Leuciscidae","Rhinichthys atratulus","species","lotic",-80.475411,42.6698465,0.267834293026232,0.0116209262172382,0.62997453040433,0.0091774432004602,71,19,3,8,0.0207983694176984
"FWB_0153","FWB_0153_2018","Semotilus atromaculatus_bw","bw","Leuciscidae","Semotilus atromaculatus","species","lotic",-80.475411,42.6698465,0.0182341650671785,0.000664969551394227,0.958333333333333,0.00347222222222223,135,98,2,14,0.00413719177361645
"FWB_0154","FWB_0154_2006","Rhinichthys atratulus_CAT","CAT","Leuciscidae","Rhinichthys atratulus","species","lotic",-66.19,46.86,0.80378021978022,0.0281471899529042,0.289520841449162,0.0749997002802495,64.4,55.3,5,19,0.103146890233154
"FWB_0154","FWB_0154_2006","Salvelinus fontinalis_CAT","CAT","Salmonidae","Salvelinus fontinalis","species","lotic",-66.19,46.86,0.375531135531135,0.11694323551906,0.96792624334502,0.00236593965531062,104,4693,3,122,0.11930917517437
"FWB_0155","FWB_0155_2014","Catostomus commersonii_Catamaran Brook","Catamaran Brook","Catostomidae","Catostomus commersonii","species","lotic",-66.001731,46.887595,0.751794871794872,0.00854437869822487,0.422745098039216,0.0405003203895937,86.2,90.7,5,25,0.0490446990878186
"FWB_0155","FWB_0155_2014","Cottus cognatus_Catamaran Brook","Catamaran Brook","Cottidae","Cottus cognatus","species","lotic",-66.001731,46.887595,0.573333333333333,0.000355555555555557,0.44640522875817,0.026165150155923,44,18,2,6,0.0265207057114785
"FWB_0155","FWB_0155_2014","Petromyzon marinus_Catamaran Brook","Catamaran Brook","Petromyzontidae","Petromyzon marinus","species","lotic",-66.001731,46.887595,0.145454545454545,0.00224954929784983,0.508169934640523,0.0137395078617149,115.25,1170.88953488372,44,167,0.0159890571595647
"FWB_0155","FWB_0155_2014","Rhinichthys atratulus_Catamaran Brook","Catamaran Brook","Leuciscidae","Rhinichthys atratulus","species","lotic",-66.001731,46.887595,0.632721257237386,0.00155058372745718,0.592156862745098,0.0513352414313583,51.3548387096774,108.836559139785,31,37,0.0528858251588155
"FWB_0155","FWB_0155_2014","Salmo salar_Catamaran Brook","Catamaran Brook","Salmonidae","Salmo salar","species","lotic",-66.001731,46.887595,0.682643874643875,0.00959552872578514,0.544371822803195,0.0280704434235128,72.2666666666667,667.972727272727,45,80,0.0376659721492979
"FWB_0155","FWB_0155_2014","Salvelinus fontinalis_Catamaran Brook","Catamaran Brook","Salmonidae","Salvelinus fontinalis","species","lotic",-66.001731,46.887595,0.667179487179487,0.0068544128236436,0.527866904337493,0.0496606126440805,66.9545454545455,534.997835497836,22,91,0.0565150254677241
"FWB_0155","FWB_0155_2014","Semotilus atromaculatus_Catamaran Brook","Catamaran Brook","Leuciscidae","Semotilus atromaculatus","species","lotic",-66.001731,46.887595,0.758803418803419,0.0128460398860399,0.548148148148148,0.0784974440030188,62.6666666666667,77.0666666666667,6,26,0.0913434838890587
"FWB_0156","FWB_0156_2021","Cottus cognatus_CherryBrook 20-culverts","CherryBrook 20-culverts","Cottidae","Cottus cognatus","species","lotic",-67.931555,47.62245,0.355753490611459,0.0827399106475791,0.722545959070413,0.0175000519014714,64.7,143.788888888889,10,38,0.10023996254905
"FWB_0156","FWB_0156_2021","Salvelinus fontinalis_CherryBrook 20-culverts","CherryBrook 20-culverts","Salmonidae","Salvelinus fontinalis","species","lotic",-67.931555,47.62245,0.481102551757342,0.0844257575134433,0.48877904960111,0.0395005949484293,87.7,1438.53684210526,20,128,0.123926352461873
"FWB_0157","FWB_0157_2021","Cottus cognatus_CherryBrook 21-culverts","CherryBrook 21-culverts","Cottidae","Cottus cognatus","species","lotic",-67.931485,47.62246,0.381211372064277,0.0450540878107148,0.678769541099345,0.028793068532518,66.4,99.3777777777778,10,30,0.0738471563432328
"FWB_0157","FWB_0157_2021","Salvelinus fontinalis_CherryBrook 21-culverts","CherryBrook 21-culverts","Salmonidae","Salvelinus fontinalis","species","lotic",-67.931485,47.62246,0.543224660074165,0.103043758782404,0.516546898638427,0.0878621999807237,101.1875,2267.7625,16,137,0.190905958763128
"FWB_0158","FWB_0158_2021","Cottus cognatus_CherryBrook 22-culverts","CherryBrook 22-culverts","Cottidae","Cottus cognatus","species","lotic",-67.954117,47.646641,0.309903201787044,0.0451347733893285,0.140441042464006,0.0187592027961476,50.5,86.5,10,33,0.0638939761854761
"FWB_0158","FWB_0158_2021","Salvelinus fontinalis_CherryBrook 22-culverts","CherryBrook 22-culverts","Salmonidae","Salvelinus fontinalis","species","lotic",-67.954117,47.646641,0.558383537534691,0.100724969719214,0.408767831403151,0.051656397548009,66.1818181818182,285.363636363636,11,44,0.152381367267223
"FWB_0159","FWB_0159_2007","Rhinichthys atratulus_CLB","CLB","Leuciscidae","Rhinichthys atratulus","species","lotic",-65.54,46.06,0.70112130479103,0.0611778739994658,0.11786870768325,0.0118040654583704,53.2,24.7,5,13,0.0729819394578362
"FWB_0159","FWB_0159_2007","Salvelinus fontinalis_CLB","CLB","Salmonidae","Salvelinus fontinalis","species","lotic",-65.54,46.06,0.118586476384642,0.026395846603648,0.90481797664606,0.0238781342880276,117,156,3,24,0.0502739808916757
"FWB_0161","FWB_0161_2007","Rhinichthys atratulus_COB","COB","Leuciscidae","Rhinichthys atratulus","species","lotic",-66.64,45.92,0.76,0.0450355231866826,0.353670108847334,0.0629424899997188,60.2,55.7,5,18,0.107978013186401
"FWB_0161","FWB_0161_2007","Salvelinus fontinalis_COB","COB","Salmonidae","Salvelinus fontinalis","species","lotic",-66.64,45.92,0.543965517241379,0.255798900118906,0.928086333612429,0.00616973190322282,104,3097,3,109,0.261968632022129
"FWB_0164","FWB_0164_2018","Catostomus commersonii_de","de","Catostomidae","Catostomus commersonii","species","lotic",-80.4676,42.65916,0.49591542527631,0.00325783426211987,0.195235436441466,0.0540075784759564,125.666666666667,2081.33333333333,3,80,0.0572654127380762
"FWB_0164","FWB_0164_2018","Etheostoma nigrum_de","de","Percidae","Etheostoma nigrum","species","lotic",-80.4676,42.65916,0.945619093384591,0.00499937152099538,0.263167690303369,0.0594811589223907,54.6666666666667,2.33333333333333,3,3,0.0644805304433861
"FWB_0164","FWB_0164_2018","Pimephales notatus_de","de","Leuciscidae","Pimephales notatus","species","lotic",-80.4676,42.65916,0.583773826685888,0.00146553375725069,0.912990880327564,0.00888931391037122,68.6666666666667,137.333333333333,3,22,0.0103548476676219
"FWB_0164","FWB_0164_2018","Rhinichthys atratulus_de","de","Leuciscidae","Rhinichthys atratulus","species","lotic",-80.4676,42.65916,0.538603235623899,0.00059382221687521,0.529592406476829,0.00128106566706604,66.6,134.68,3,20.2,0.00187488788394125
"FWB_0164","FWB_0164_2018","Semotilus atromaculatus_de","de","Leuciscidae","Semotilus atromaculatus","species","lotic",-80.4676,42.65916,0.179216722729457,0.0287404699606664,0.706141820212172,0.029918380980597,101.8,795.733333333333,10,81,0.0586588509412634
"FWB_0166","FWB_0166_2018","Catostomus commersonii_ep2","ep2","Catostomidae","Catostomus commersonii","species","lotic",-81.1202777,42.8258333,0.491874030615686,0.00134367448771686,0.220090175107476,0.00422740550264277,149.666666666667,5776.33333333333,3,135,0.00557107999035962
"FWB_0166","FWB_0166_2018","Culaea inconstans_ep2","ep2","Gasterosteidae","Culaea inconstans","species","lotic",-81.1202777,42.8258333,0.873086519657428,0.0128261834246167,0.112718884345182,0.0236302557384571,34.6666666666667,6.33333333333333,3,5,0.0364564391630739
"FWB_0166","FWB_0166_2018","Luxilus cornutus_ep2","ep2","Leuciscidae","Luxilus cornutus","species","lotic",-81.1202777,42.8258333,0.449254838492144,0.00173543573076726,0.455803711859075,0.00265217605984381,61.6666666666667,281.333333333333,3,30,0.00438761179061107
"FWB_0166","FWB_0166_2018","Pimephales notatus_ep2","ep2","Leuciscidae","Pimephales notatus","species","lotic",-81.1202777,42.8258333,0.717782723042687,0.000884082178346401,0.146377267484534,0.0100397706018937,48,52,3,14,0.0109238527802401
"FWB_0166","FWB_0166_2018","Rhinichthys atratulus_ep2","ep2","Leuciscidae","Rhinichthys atratulus","species","lotic",-81.1202777,42.8258333,0.643199136826489,0.00099595159584931,0.332599349900388,0.00089375585685169,70,93,3,18,0.001889707452701
"FWB_0166","FWB_0166_2018","Semotilus atromaculatus_ep2","ep2","Leuciscidae","Semotilus atromaculatus","species","lotic",-81.1202777,42.8258333,0.3322273922719,0.024548168404092,0.821201635734508,0.0099819328085273,90.8,962.622222222222,10,111,0.0345301012126193
"FWB_0169","FWB_0169_2015","Esox lucius_Fishing Lake","Fishing Lake","Esocidae","Esox lucius","species","lentic",-103.533,51.833,0.509262422654975,0.0222603305141426,0.637324558123302,0.00635570915310654,496.176470588235,28805.4044117647,18,NA,0.0286160396672491
"FWB_0169","FWB_0169_2015","Perca flavescens_Fishing Lake","Fishing Lake","Percidae","Perca flavescens","species","lentic",-103.533,51.833,0.149014918574194,0.018773480431688,0.458155710118914,0.165126047522435,155.5,84.5,3,NA,0.183899527954123
"FWB_0169","FWB_0169_2015","Sander vitreus_Fishing Lake","Fishing Lake","Percidae","Sander vitreus","species","lentic",-103.533,51.833,0.840134950461223,0.00741622246130129,0.669777877496074,0.00992957115248887,441.75,1254.61842105263,20,159,0.0173457936137902
"FWB_0170","FWB_0170_2020","Catostomus commersonii_Five Fingers River 10-sediment_traps","Five Fingers River 10-sediment_traps","Catostomidae","Catostomus commersonii","species","lotic",-67.373425,47.568169,0.780569758948137,0.0323648421880511,0.696632816675575,0.0397348085679165,44.6,18.3,5,9,0.0720996507559676
"FWB_0170","FWB_0170_2020","Cottus cognatus_Five Fingers River 10-sediment_traps","Five Fingers River 10-sediment_traps","Cottidae","Cottus cognatus","species","lotic",-67.373425,47.568169,0.449141709276844,0.0129767733401773,0.130144307856761,0.008416982299337,46.75,30.9166666666667,4,11,0.0213937556395143
"FWB_0170","FWB_0170_2020","Rhinichthys atratulus_Five Fingers River 10-sediment_traps","Five Fingers River 10-sediment_traps","Leuciscidae","Rhinichthys atratulus","species","lotic",-67.373425,47.568169,0.43608473338203,0.0417377429153632,0.668002850525566,0.011818121309783,37.3333333333333,206.75,9,44,0.0535558642251461
"FWB_0171","FWB_0171_2020","Catostomus commersonii_Five Fingers River 11-sediment_traps","Five Fingers River 11-sediment_traps","Catostomidae","Catostomus commersonii","species","lotic",-67.3729,47.5675,0.565134099616858,0.0452385379610466,0.794589249134703,0.0186329902564081,60,100,3,20,0.0638715282174546
"FWB_0171","FWB_0171_2020","Cottus cognatus_Five Fingers River 11-sediment_traps","Five Fingers River 11-sediment_traps","Cottidae","Cottus cognatus","species","lotic",-67.3729,47.5675,0.748786717752235,0.0503676373975792,0.140178003814367,0.00659565023162855,71.7,133.344444444444,10,38,0.0569632876292077
"FWB_0171","FWB_0171_2020","Rhinichthys atratulus_Five Fingers River 11-sediment_traps","Five Fingers River 11-sediment_traps","Leuciscidae","Rhinichthys atratulus","species","lotic",-67.3729,47.5675,0.592432950191571,0.0203887608487512,0.317334180970544,0.0194222416958359,56.5,135.142857142857,8,34,0.039811002544587
"FWB_0171","FWB_0171_2020","Salmo salar_Five Fingers River 11-sediment_traps","Five Fingers River 11-sediment_traps","Salmonidae","Salmo salar","species","lotic",-67.3729,47.5675,0.442255062944718,0.115952558429915,0.51672569854388,0.0613982522900052,139.142857142857,361.476190476191,7,58,0.17735081071992
"FWB_0171","FWB_0171_2020","Salvelinus fontinalis_Five Fingers River 11-sediment_traps","Five Fingers River 11-sediment_traps","Salmonidae","Salvelinus fontinalis","species","lotic",-67.3729,47.5675,0.391656023839932,0.0821081169835592,0.559581832309105,0.00135746491869707,81.3333333333333,0.333333333333333,3,1,0.0834655819022563
"FWB_0172","FWB_0172_2020","Cottus cognatus_Five Fingers River 12-sediment_traps","Five Fingers River 12-sediment_traps","Cottidae","Cottus cognatus","species","lotic",-67.376062,47.573836,0.520151828847481,0.0435046980354839,0.235763718598442,0.0139918883018136,70.4444444444444,27.0277777777778,9,16,0.0574965863372975
"FWB_0172","FWB_0172_2020","Salmo salar_Five Fingers River 12-sediment_traps","Five Fingers River 12-sediment_traps","Salmonidae","Salmo salar","species","lotic",-67.376062,47.573836,0.580248447204969,0.0835574587743099,0.550833742030407,0.0644006909405869,115.4,321.822222222222,10,63,0.147958149714897
"FWB_0173","FWB_0173_2020","Cottus cognatus_Five Fingers River 1-sediment_traps","Five Fingers River 1-sediment_traps","Cottidae","Cottus cognatus","species","lotic",-67.378867,47.486034,0.966514459665144,0.00263374000558192,0.250019677292405,0.0509244563886617,53.3333333333333,489.333333333333,3,44,0.0535581963942436
"FWB_0173","FWB_0173_2020","Salvelinus fontinalis_Five Fingers River 1-sediment_traps","Five Fingers River 1-sediment_traps","Salmonidae","Salvelinus fontinalis","species","lotic",-67.378867,47.486034,0.428642590286426,0.0746735893406199,0.758677685950413,0.023148230491796,94.2,370.177777777778,10,61,0.0978218198324159
"FWB_0174","FWB_0174_2020","Rhinichthys atratulus_Five Fingers River 2-sediment_traps","Five Fingers River 2-sediment_traps","Leuciscidae","Rhinichthys atratulus","species","lotic",-67.367072,47.513543,0.892857142857143,0.0046838882742514,0.0954386522568338,0.0140042259941989,51.125,159.729166666667,4,26.5,0.0186881142684503
"FWB_0174","FWB_0174_2020","Salvelinus fontinalis_Five Fingers River 2-sediment_traps","Five Fingers River 2-sediment_traps","Salmonidae","Salvelinus fontinalis","species","lotic",-67.367072,47.513543,0.372706526700137,0.112710149948168,0.607120152574698,0.0643776555179202,99.3,1023.34444444444,10,83,0.177087805466089
"FWB_0175","FWB_0175_2020","Cottus cognatus_Five Fingers River 3-sediment_traps","Five Fingers River 3-sediment_traps","Cottidae","Cottus cognatus","species","lotic",-67.358251,47.545667,0.596473141616929,0.0526595509607001,0.18808519188266,0.018213924476318,99.4,14609.6,10,401,0.0708734754370181
"FWB_0175","FWB_0175_2020","Rhinichthys atratulus_Five Fingers River 3-sediment_traps","Five Fingers River 3-sediment_traps","Leuciscidae","Rhinichthys atratulus","species","lotic",-67.358251,47.545667,0.641128594682583,0.02893801115943,0.577335744424352,0.0448270980944063,50.3,173.788888888889,10,31,0.0737651092538363
"FWB_0175","FWB_0175_2020","Salvelinus fontinalis_Five Fingers River 3-sediment_traps","Five Fingers River 3-sediment_traps","Salmonidae","Salvelinus fontinalis","species","lotic",-67.358251,47.545667,0.40491047205643,0.126927132201963,0.841872614024513,0.0298410260031184,69.25,25.5833333333333,4,10,0.156768158205082
"FWB_0176","FWB_0176_2020","Cottus cognatus_Five Fingers River 4-sediment_traps","Five Fingers River 4-sediment_traps","Cottidae","Cottus cognatus","species","lotic",-67.353338,47.535488,0.286225306994127,0.0214550231444992,0.177487636003957,0.0154308566859175,69.3,65.3444444444444,10,26,0.0368858798304167
"FWB_0176","FWB_0176_2020","Rhinichthys atratulus_Five Fingers River 4-sediment_traps","Five Fingers River 4-sediment_traps","Leuciscidae","Rhinichthys atratulus","species","lotic",-67.353338,47.535488,0.390282968499733,0.0596543374291855,0.463303659742829,0.0609913699063027,60.7,78.4555555555555,10,19,0.120645707335488
"FWB_0176","FWB_0176_2020","Salvelinus fontinalis_Five Fingers River 4-sediment_traps","Five Fingers River 4-sediment_traps","Salmonidae","Salvelinus fontinalis","species","lotic",-67.353338,47.535488,0.159263214095035,0.0150916818243191,0.82702274975272,0.0318878810717017,108,1228.25,10,NA,0.0469795628960208
"FWB_0177","FWB_0177_2020","Cottus cognatus_Five Fingers River 5-sediment_traps","Five Fingers River 5-sediment_traps","Cottidae","Cottus cognatus","species","lotic",-67.341241,47.530931,0.504434589800443,0.0898712759888468,0.169495733126455,0.0105433633132266,70.6,80.7111111111111,10,31,0.100414639302073
"FWB_0177","FWB_0177_2020","Rhinichthys atratulus_Five Fingers River 5-sediment_traps","Five Fingers River 5-sediment_traps","Leuciscidae","Rhinichthys atratulus","species","lotic",-67.341241,47.530931,0.521988174427199,0.0385450506725721,0.676299456943367,0.000955371614322068,65.25,82.9166666666667,4,22,0.0395004222868942
"FWB_0177","FWB_0177_2020","Salvelinus fontinalis_Five Fingers River 5-sediment_traps","Five Fingers River 5-sediment_traps","Salmonidae","Salvelinus fontinalis","species","lotic",-67.341241,47.530931,0.332076866223208,0.0610067833527895,0.72822342901474,0.0252343683220909,83.4444444444444,575.277777777778,10,NA,0.0862411516748804
"FWB_0178","FWB_0178_2020","Cottus cognatus_Five Fingers River 6-sediment_traps","Five Fingers River 6-sediment_traps","Cottidae","Cottus cognatus","species","lotic",-67.339994,47.52918,0.79169776119403,0.0156339048693101,0.193448275862069,0.0452716225539848,75.2,46.8444444444444,10,22,0.0609055274232949
"FWB_0178","FWB_0178_2020","Salvelinus fontinalis_Five Fingers River 6-sediment_traps","Five Fingers River 6-sediment_traps","Salmonidae","Salvelinus fontinalis","species","lotic",-67.339994,47.52918,0.28554104477612,0.0544123675775353,0.778,0.0428727945861042,69.4,26.4888888888889,10,18,0.0972851621636394
"FWB_0179","FWB_0179_2020","Catostomus commersonii_Five Fingers River 7-fishway","Five Fingers River 7-fishway","Catostomidae","Catostomus commersonii","species","lotic",-67.377902,47.55207,0.15400641025641,0.025469038618077,0.879510719592443,0.00548127713875207,85.875,116.125,8,27,0.0309503157568291
"FWB_0179","FWB_0179_2020","Chrosomus eos_Five Fingers River 7-fishway","Five Fingers River 7-fishway","Leuciscidae","Chrosomus eos","species","lotic",-67.377902,47.55207,0.757478632478632,0.0150039062182937,0.751454043727447,0.0164993242847766,54,6.75,10,NA,0.0315032305030703
"FWB_0179","FWB_0179_2020","Rhinichthys atratulus_Five Fingers River 7-fishway","Five Fingers River 7-fishway","Leuciscidae","Rhinichthys atratulus","species","lotic",-67.377902,47.55207,0.769088319088319,0.00918176394672121,0.27113847024694,0.0285986853464813,71,7.71428571428571,15,10,0.0377804492932025
"FWB_0179","FWB_0179_2020","Salvelinus fontinalis_Five Fingers River 7-fishway","Five Fingers River 7-fishway","Salmonidae","Salvelinus fontinalis","species","lotic",-67.377902,47.55207,0.566324786324786,0.0735161971087897,0.500297176820208,0.0839943077681696,106.3,637.122222222222,10,79,0.157510504876959
"FWB_0180","FWB_0180_2020","Cottus cognatus_Five Fingers River 8-fishway","Five Fingers River 8-fishway","Cottidae","Cottus cognatus","species","lotic",-67.375189,47.549892,0.82706317926669,0.0311085053846664,0.383878181237355,0.156401102286301,72.6666666666667,50.3333333333333,3,14,0.187509607670967
"FWB_0180","FWB_0180_2020","Salvelinus fontinalis_Five Fingers River 8-fishway","Five Fingers River 8-fishway","Salmonidae","Salvelinus fontinalis","species","lotic",-67.375189,47.549892,0.3450376209244,0.0514881861599397,0.796587157917155,0.0156183414865143,92,724.909090909091,12,72,0.067106527646454
"FWB_0181","FWB_0181_2020","Rhinichthys atratulus_Five Fingers River 9-fishway","Five Fingers River 9-fishway","Leuciscidae","Rhinichthys atratulus","species","lotic",-67.377881,47.536839,0.757801152016028,0.0264101246943121,0.172163638673612,0.0192452900344385,59.2,39.2888888888889,10,21,0.0456554147287506
"FWB_0181","FWB_0181_2020","Salvelinus fontinalis_Five Fingers River 9-fishway","Five Fingers River 9-fishway","Salmonidae","Salvelinus fontinalis","species","lotic",-67.377881,47.536839,0.276383671424994,0.0182205940564059,0.854440350654301,0.00737196821036248,181.3,4872.45555555556,10,230,0.0255925622667684
"FWB_0184","FWB_0184_2018","Rhinichthys atratulus_hc","hc","Leuciscidae","Rhinichthys atratulus","species","lotic",-81.179537,42.668601,0.909614277489925,0.00855006796105884,0.0629629629629632,0.0067078189300412,58.3333333333333,149.333333333333,3,24,0.0152578868911
"FWB_0184","FWB_0184_2018","Semotilus atromaculatus_hc","hc","Leuciscidae","Semotilus atromaculatus","species","lotic",-81.179537,42.668601,0.488543465745538,0.0317504439335065,0.756481481481482,0.0131573719313183,97.7333333333333,471.926436781609,30,88,0.0449078158648248
"FWB_0188","FWB_0188_2018","Catostomus commersonii_ht","ht","Catostomidae","Catostomus commersonii","species","lotic",-80.82142,42.853727,0.548788662261802,0.0238317017487003,0.359555411675839,0.108758638154029,49,13,3,7,0.13259033990273
"FWB_0188","FWB_0188_2018","Culaea inconstans_ht","ht","Gasterosteidae","Culaea inconstans","species","lotic",-80.82142,42.853727,0.717466245331801,0.15965064505382,0.17125283263192,0.0586550653689126,39,32,2,8,0.218305710422733
"FWB_0188","FWB_0188_2018","Etheostoma nigrum_ht","ht","Percidae","Etheostoma nigrum","species","lotic",-80.82142,42.853727,0.634013214593507,0.0026427371438385,0.425596201575483,0.0755341962413367,51.3333333333333,9.33333333333333,3,6,0.0781769333851752
"FWB_0188","FWB_0188_2018","Semotilus atromaculatus_ht","ht","Leuciscidae","Semotilus atromaculatus","species","lotic",-80.82142,42.853727,0.344872163171502,0.0667372293356614,0.875903744469623,0.00996753868185102,114.333333333333,400.666666666667,6,54,0.0767047680175124
"FWB_0191","FWB_0191_2018","Catostomus commersonii_jw","jw","Catostomidae","Catostomus commersonii","species","lotic",-81.0625,42.75722,0.744649138496393,0.0427131492030586,0.681188283130031,0.0655453266443935,90.3333333333333,2232.33333333333,3,89,0.108258475847452
"FWB_0191","FWB_0191_2018","Etheostoma nigrum_jw","jw","Percidae","Etheostoma nigrum","species","lotic",-81.0625,42.75722,0.328849937399392,0.0259938416369846,0.848693054518297,0.0190796471233256,46.4,203.8,5,29,0.0450734887603101
"FWB_0191","FWB_0191_2018","Luxilus cornutus_jw","jw","Leuciscidae","Luxilus cornutus","species","lotic",-81.0625,42.75722,0.905502891551899,0.00715410995324342,0.403783918347025,0.0418187849759013,87,18,3,NA,0.0489728949291447
"FWB_0191","FWB_0191_2018","Pimephales notatus_jw","jw","Leuciscidae","Pimephales notatus","species","lotic",-81.0625,42.75722,0.847791092827759,0.0185963330378584,0.293087710563439,0.0577546877930443,64,156,3,24,0.0763510208309027
"FWB_0191","FWB_0191_2018","Semotilus atromaculatus_jw","jw","Leuciscidae","Semotilus atromaculatus","species","lotic",-81.0625,42.75722,0.225183330352352,0.0208151229638896,0.683968135424446,0.0672868498795204,122.777777777778,1627.19444444444,10,NA,0.08810197284341
"FWB_0193","FWB_0193_2018","Catostomus commersonii_kc","kc","Catostomidae","Catostomus commersonii","species","lotic",-81.1471,42.82718,0.578271028037383,0.355710651585291,0.220112878399179,0.00876164672204312,65,NA,2,NA,0.364472298307334
"FWB_0193","FWB_0193_2018","Etheostoma nigrum_kc","kc","Percidae","Etheostoma nigrum","species","lotic",-81.1471,42.82718,0.821591181404265,0.00978239531699023,0.417136993329912,0.157120739977692,57.6666666666667,12.3333333333333,3,7,0.166903135294682
"FWB_0193","FWB_0193_2018","Hypentelium nigricans_kc","kc","Catostomidae","Hypentelium nigricans","species","lotic",-81.1471,42.82718,0.628324946081955,0.0110259041770528,0.434752864716949,0.0175918274473505,159.333333333333,8080.33333333333,3,179,0.0286177316244033
"FWB_0193","FWB_0193_2018","Luxilus cornutus_kc","kc","Leuciscidae","Luxilus cornutus","species","lotic",-81.1471,42.82718,0.321770908219506,0.00209652212892334,0.126389601505045,0.0283684265163235,79.3333333333333,366.333333333333,3,37,0.0304649486452468
"FWB_0193","FWB_0193_2018","Pimephales notatus_kc","kc","Leuciscidae","Pimephales notatus","species","lotic",-81.1471,42.82718,0.63503474718428,0.0338581007479702,0.498375235163331,0.0165461793258447,54,67,3,16,0.0504042800738149
"FWB_0193","FWB_0193_2018","Semotilus atromaculatus_kc","kc","Leuciscidae","Semotilus atromaculatus","species","lotic",-81.1471,42.82718,0.140366642703091,0.0152585611208131,0.772874978621515,0.0499423340329769,89.1111111111111,2934.11111111111,9,181,0.0652008951537901
"FWB_0203","FWB_0203_2018","Perca flavescens_lef","lef","Percidae","Perca flavescens","species","lotic",-80.5669,42.65954,0.454397128405939,0.256238865692873,0.375891216464535,0.296208970451959,104.666666666667,324.333333333333,3,33,0.552447836144832
"FWB_0203","FWB_0203_2018","Rhinichthys atratulus_lef","lef","Leuciscidae","Rhinichthys atratulus","species","lotic",-80.5669,42.65954,0.877957252406591,0.00424460332257669,0.0640940830576996,5.64679873595362e-05,NA,NA,3,NA,0.00430107130993623
"FWB_0204","FWB_0204_2018","Rhinichthys atratulus_lest","lest","Leuciscidae","Rhinichthys atratulus","species","lotic",-81.23,42.68,0.799487179487179,0.101813214990138,0.251778511184452,0.0664846139912853,58.6666666666667,66.3333333333333,3,15,0.168297828981423
"FWB_0204","FWB_0204_2018","Semotilus atromaculatus_lest","lest","Leuciscidae","Semotilus atromaculatus","species","lotic",-81.23,42.68,0.309855769230769,0.103306506234151,0.78528602860286,0.0272748089676169,124.375,857.410714285714,8,91,0.130581315201767
"FWB_0205","FWB_0205_2021","Cottus cognatus_MacDougal Brook 17-culverts","MacDougal Brook 17-culverts","Cottidae","Cottus cognatus","species","lotic",-67.714379,47.837775,0.278489035365699,0.0684691419982875,0.601340897369778,0.0581887838466185,57.1428571428571,207.142857142857,7,34,0.126657925844906
"FWB_0205","FWB_0205_2021","Salmo salar_MacDougal Brook 17-culverts","MacDougal Brook 17-culverts","Salmonidae","Salmo salar","species","lotic",-67.714379,47.837775,0.555146406388642,0.0439886661556075,0.337785800240674,0.0399389878771136,97,22.2222222222222,10,14,0.0839276540327211
"FWB_0205","FWB_0205_2021","Salvelinus fontinalis_MacDougal Brook 17-culverts","MacDougal Brook 17-culverts","Salmonidae","Salvelinus fontinalis","species","lotic",-67.714379,47.837775,0.381509794553273,0.148891617227412,0.713227807090624,0.0543007105693096,83.5384615384615,1256.60256410256,13,97,0.203192327796722
"FWB_0206","FWB_0206_2021","Cottus cognatus_MacDougal Brook 18-culverts","MacDougal Brook 18-culverts","Cottidae","Cottus cognatus","species","lotic",-67.714467,47.837821,0.313916759568934,0.0912314339169709,0.625434187405501,0.0789094894153747,50.6666666666667,26.75,9,18,0.170140923332346
"FWB_0206","FWB_0206_2021","Salvelinus fontinalis_MacDougal Brook 18-culverts","MacDougal Brook 18-culverts","Salmonidae","Salvelinus fontinalis","species","lotic",-67.714467,47.837821,0.593079874090104,0.129165832290582,0.550894576293187,0.02709379371731,104.470588235294,1872.51470588235,17,123,0.156259626007892
"FWB_0211","FWB_0211_2015","Ameiurus nebulosus_Nashwaak River","Nashwaak River","Ictaluridae","Ameiurus nebulosus","species","lotic",-66.644247,46.263664,0.81276150627615,NA,0.271129141311697,NA,62,NA,1,0,NA
"FWB_0211","FWB_0211_2015","Anguilla rostrata_Nashwaak River","Nashwaak River","Anguillidae","Anguilla rostrata","species","lotic",-66.644247,46.263664,0.768828451882845,0.00977335636436493,0.604935767410412,0.0220383391673955,142.4,9316.04444444444,10,261,0.0318116955317604
"FWB_0211","FWB_0211_2015","Catostomus commersonii_Nashwaak River","Nashwaak River","Catostomidae","Catostomus commersonii","species","lotic",-66.644247,46.263664,0.750563244287094,0.0143136600711311,0.31658605086597,0.0608992542614981,61.7692307692308,286.025641025641,13,51,0.0752129143326291
"FWB_0211","FWB_0211_2015","Gasterosteus aculeatus_Nashwaak River","Nashwaak River","Gasterosteidae","Gasterosteus aculeatus","species","lotic",-66.644247,46.263664,0.888673042438733,0.00694390604406185,0.178209214720371,0.0108080411681743,34.4285714285714,113.952380952381,7,27,0.0177519472122362
"FWB_0211","FWB_0211_2015","Petromyzon marinus_Nashwaak River","Nashwaak River","Petromyzontidae","Petromyzon marinus","species","lotic",-66.644247,46.263664,0.245248563931636,0.00647620696725381,0.373076173777518,0.0219753405730732,116.898305084746,487.713617767388,59,98,0.028451547540327
"FWB_0211","FWB_0211_2015","Rhinichthys atratulus_Nashwaak River","Nashwaak River","Leuciscidae","Rhinichthys atratulus","species","lotic",-66.644247,46.263664,0.661251307531381,0.0066569289933339,0.684055949966193,0.0266384986626957,34.65625,190.039314516129,32,56,0.0332954276560296
"FWB_0211","FWB_0211_2015","Salmo salar_Nashwaak River","Nashwaak River","Salmonidae","Salmo salar","species","lotic",-66.644247,46.263664,0.651804393305439,0.00211438297023611,0.628718728870859,0.0113939318004136,55.375,1110.26785714286,8,104,0.0135083147706497
"FWB_0212","FWB_0212_2015","Esox lucius_Newburn Lake","Newburn Lake","Esocidae","Esox lucius","species","lentic",-103.177,51.693,0.523523337463858,0.0241031850278447,0.650272749814034,0.0306168595042327,526.05,3986.68157894737,20,306,0.0547200445320774
"FWB_0212","FWB_0212_2015","Perca flavescens_Newburn Lake","Newburn Lake","Percidae","Perca flavescens","species","lentic",-103.177,51.693,0.0833849648905409,0.00285618325694011,0.437060914125134,0.0298894525606719,178.166666666667,64.6969696969697,12,28,0.032745635817612
"FWB_0212","FWB_0212_2015","Sander vitreus_Newburn Lake","Newburn Lake","Percidae","Sander vitreus","species","lentic",-103.177,51.693,0.55567029234935,0.0139352219853175,0.222359974653553,0.023639476823302,463,8992.5,9,308,0.0375746988086195
"FWB_0213","FWB_0213_2022","Ammocrypta pellucida_Nicolet - site 10","Nicolet - site 10","Percidae","Ammocrypta pellucida","species","lotic",-72.641292,46.234548,0.640758951084216,0.0571017081272511,0.712282064560677,0.0597247293850871,52.5833333333333,72.8416666666667,6,22.5,0.116826437512338
"FWB_0213","FWB_0213_2022","Etheostoma_Nicolet - site 10","Nicolet - site 10","Percidae","Etheostoma sp.","genus","lotic",-72.641292,46.234548,0.237708018154312,0.017759431911032,0.6528568962541,0.0180431426596305,45.5833333333333,29.2416666666667,6,14.5,0.0358025745706625
"FWB_0213","FWB_0213_2022","Neogobius melanostomus_Nicolet - site 10","Nicolet - site 10","Gobiidae","Neogobius melanostomus","species","lotic",-72.641292,46.234548,0.170259707513868,0.0126793754858811,0.496677023994476,0.0956063801532645,15300,558333049.2,6,45765,0.108285755639146
"FWB_0214","FWB_0214_2022","Etheostoma_Nicolet - site 11","Nicolet - site 11","Percidae","Etheostoma sp.","genus","lotic",-72.651916,46.24927,0.297382478632478,0.0698148182390971,0.720025194583165,0.00832150416854601,46.6666666666667,61.0666666666667,6,21,0.0781363224076431
"FWB_0214","FWB_0214_2022","Neogobius melanostomus_Nicolet - site 11","Nicolet - site 11","Gobiidae","Neogobius melanostomus","species","lotic",-72.651916,46.24927,0.421287393162393,0.0457296982086645,0.582141089665722,0.0494038422010927,66.8333333333333,194.69696969697,12,44,0.0951335404097573
"FWB_0214","FWB_0214_2022","Notropis hudsonius_Nicolet - site 11","Nicolet - site 11","Leuciscidae","Notropis hudsonius","species","lotic",-72.651916,46.24927,0.559081196581196,0.042549254876178,0.70259144283979,0.0246468543208412,73.5,371.9,6,40,0.0671961091970192
"FWB_0214","FWB_0214_2022","Perca flavescens_Nicolet - site 11","Nicolet - site 11","Percidae","Perca flavescens","species","lotic",-72.651916,46.24927,0.623023504273504,0.0725976913488932,0.617672200476898,0.0371759135087347,71,257.6,6,43,0.109773604857628
"FWB_0215","FWB_0215_2022","Etheostoma_Nicolet - site 7","Nicolet - site 7","Percidae","Etheostoma sp.","genus","lotic",-72.618709,46.224836,0.541155631893937,0.004383750151543,0.653559835005248,0.0425206238054122,49.2857142857143,40.9047619047619,7,17,0.0469043739569552
"FWB_0215","FWB_0215_2022","Neogobius melanostomus_Nicolet - site 7","Nicolet - site 7","Gobiidae","Neogobius melanostomus","species","lotic",-72.618709,46.224836,0.316550817208341,0.0309205291025048,0.449085938834786,0.0352887912028861,63.9,164.322222222222,10,39,0.0662093203053908
"FWB_0215","FWB_0215_2022","Perca flavescens_Nicolet - site 7","Nicolet - site 7","Percidae","Perca flavescens","species","lotic",-72.618709,46.224836,0.635731730227316,0.0392401290770897,0.619710689674811,0.0353449856050869,121.5,3994.27272727273,12,168,0.0745851146821767
"FWB_0216","FWB_0216_2022","Ammocrypta pellucida_Nicolet - site 9","Nicolet - site 9","Percidae","Ammocrypta pellucida","species","lotic",-72.629703,46.230452,0.76551724137931,0.0346277499598846,0.943865206106199,0.00211415263227437,55.5,4.7,6,6,0.036741902592159
"FWB_0216","FWB_0216_2022","Etheostoma_Nicolet - site 9","Nicolet - site 9","Percidae","Etheostoma sp.","genus","lotic",-72.629703,46.230452,0.419607843137255,0.00536218896875389,0.891359816990013,0.00301600008365421,44.5,39.5,6,17,0.0083781890524081
"FWB_0216","FWB_0216_2022","Neogobius melanostomus_Nicolet - site 9","Nicolet - site 9","Gobiidae","Neogobius melanostomus","species","lotic",-72.629703,46.230452,0.331561866125761,0.0270679410324667,0.778408341032071,0.00308202254970961,46.6,78.0444444444444,10,31,0.0301499635821763
"FWB_0216","FWB_0216_2022","Perca flavescens_Nicolet - site 9","Nicolet - site 9","Percidae","Perca flavescens","species","lotic",-72.629703,46.230452,0.212981744421906,0.034457117700546,0.606396550965642,0.0911042262818403,56,11.6,6,9,0.125561343982386
"FWB_0216","FWB_0216_2022","Pimephales notatus_Nicolet - site 9","Nicolet - site 9","Leuciscidae","Pimephales notatus","species","lotic",-72.629703,46.230452,0.224340770791075,0.0150586918687178,0.655228542519027,0.010303652579227,57.5,23.1,6,12,0.0253623444479448
"FWB_0217","FWB_0217_2022","Cyprinella spiloptera_Nicolet - site A","Nicolet - site A","Leuciscidae","Cyprinella spiloptera","species","lotic",-72.6074,46.21854,0.451969484664487,0.124588283741805,0.326086956521739,0.0185002054738226,59.6666666666667,10.5666666666667,6,7.5,0.143088489215627
"FWB_0217","FWB_0217_2022","Etheostoma_Nicolet - site A","Nicolet - site A","Percidae","Etheostoma sp.","genus","lotic",-72.6074,46.21854,0.64479215319944,0.0568349614660591,0.45192186515438,0.0519550268426237,43,62,6,22,0.108789988308683
"FWB_0217","FWB_0217_2022","Neogobius melanostomus_Nicolet - site A","Nicolet - site A","Gobiidae","Neogobius melanostomus","species","lotic",-72.6074,46.21854,0.698785614198972,0.0398873283723261,0.38843100189036,0.045057052635842,57.8,397.288888888889,10,58,0.0849443810081681
"FWB_0217","FWB_0217_2022","Perca flavescens_Nicolet - site A","Nicolet - site A","Percidae","Perca flavescens","species","lotic",-72.6074,46.21854,0.807916861279776,0.0286375879859328,0.584120982986768,0.054379555143489,102.25,1146.56818181818,12,103,0.0830171431294218
"FWB_0218","FWB_0218_2022","Ammocrypta pellucida_Nicolet - site C","Nicolet - site C","Percidae","Ammocrypta pellucida","species","lotic",-72.567,46.1888,0.756871218668972,0.028582324418126,0.800628778718258,0.0341252556917458,46.6,180.8,5,33,0.0627075801098718
"FWB_0218","FWB_0218_2022","Cyprinella spiloptera_Nicolet - site C","Nicolet - site C","Leuciscidae","Cyprinella spiloptera","species","lotic",-72.567,46.1888,0.194641313742438,0.0274112743519773,0.25378476420798,0.0342054394535104,61.2,80.7,5,25,0.0616167138054877
"FWB_0218","FWB_0218_2022","Etheostoma_Nicolet - site C","Nicolet - site C","Percidae","Etheostoma sp.","genus","lotic",-72.567,46.1888,0.354868913857678,0.0168210947505034,0.655421201128577,0.0694559445010618,48.1666666666667,43.3666666666667,6,15,0.0862770392515652
"FWB_0218","FWB_0218_2022","Perca flavescens_Nicolet - site C","Nicolet - site C","Percidae","Perca flavescens","species","lotic",-72.567,46.1888,0.555819648516278,0.00954480350462794,0.776944780330512,0.0266831596067233,129.166666666667,29.3666666666667,6,17,0.0362279631113512
"FWB_0218","FWB_0218_2022","Percina caprodes_Nicolet - site C","Nicolet - site C","Percidae","Percina caprodes","species","lotic",-72.567,46.1888,0.451238836070297,0.0017545612529249,0.706731156791616,0.00632588860344667,69.3333333333333,14.2666666666667,6,10,0.00808044985637157
"FWB_0218","FWB_0218_2022","Percina copelandi_Nicolet - site C","Nicolet - site C","Percidae","Percina copelandi","species","lotic",-72.567,46.1888,0.369922212618842,0.0209602181004879,0.482128174123337,0.00373449875644984,30.4,7.3,5,6,0.0246947168569377
"FWB_0218","FWB_0218_2022","Pimephales notatus_Nicolet - site C","Nicolet - site C","Leuciscidae","Pimephales notatus","species","lotic",-72.567,46.1888,0.27247191011236,0.00806199011092524,0.654252317613865,0.00770401995918679,63.3333333333333,79.0666666666667,6,20,0.015766010070112
"FWB_0219","FWB_0219_2022","Ammocrypta pellucida_Nicolet - site GL","Nicolet - site GL","Percidae","Ammocrypta pellucida","species","lotic",-72.624696,46.227356,0.752667922159448,0.0417858911929901,0.89450521815667,0.0037160225035778,48.5,89.5,6,20,0.0455019136965679
"FWB_0219","FWB_0219_2022","Etheostoma_Nicolet - site GL","Nicolet - site GL","Percidae","Etheostoma sp.","genus","lotic",-72.624696,46.227356,0.331842435655995,0.0531114601546549,0.528542688293725,0.111115235998667,45.6666666666667,8.66666666666667,6,8,0.164226696153322
"FWB_0219","FWB_0219_2022","Neogobius melanostomus_Nicolet - site GL","Nicolet - site GL","Gobiidae","Neogobius melanostomus","species","lotic",-72.624696,46.227356,0.398095835948943,0.0151965891953537,0.500314346787376,0.0150164681669274,41.5,6.5,9,8,0.030213057362281
"FWB_0219","FWB_0219_2022","Percina caprodes_Nicolet - site GL","Nicolet - site GL","Percidae","Percina caprodes","species","lotic",-72.624696,46.227356,0.384416195856874,0.0219654269562103,0.67351942663146,0.0584054528578713,68.8333333333333,12.5666666666667,6,9,0.0803708798140815
"FWB_0221","FWB_0221_2019","Alosa pseudoharengus_northwest_miramichi","northwest_miramichi","Alosidae","Alosa pseudoharengus","species","lotic",-65.652223,46.962445,0.596351575456053,0.000988926590638988,0.698481657012463,0.000865053825622725,246.583333333333,113.557971014493,24,38,0.00185398041626171
"FWB_0221","FWB_0221_2019","Anguilla rostrata_northwest_miramichi","northwest_miramichi","Anguillidae","Anguilla rostrata","species","lotic",-65.652223,46.962445,0.49879767827529,0.0238791746796338,0.621928207828682,0.0427684443779085,505.695652173913,17533.8577075099,24,NA,0.0666476190575423
"FWB_0221","FWB_0221_2019","Apeltes quadracus_northwest_miramichi","northwest_miramichi","Gasterosteidae","Apeltes quadracus","species","lotic",-65.652223,46.962445,0.609452736318408,0.0175870361167755,0.586549311667795,0.00674444496461073,39.5,25.5,14,17,0.0243314810813862
"FWB_0221","FWB_0221_2019","Catostomus commersonii_northwest_miramichi","northwest_miramichi","Catostomidae","Catostomus commersonii","species","lotic",-65.652223,46.962445,0.332622601279318,0.0192700280528042,0.456194989844279,0.0232275521660439,156.6,2632.36470588235,35,181,0.0424975802188481
"FWB_0221","FWB_0221_2019","Couesius plumbeus_northwest_miramichi","northwest_miramichi","Leuciscidae","Couesius plumbeus","species","lotic",-65.652223,46.962445,0.316156061796282,0.0119225698049568,0.441562040963388,0.0157728426495563,50.4210526315789,319.257309941521,19,63,0.0276954124545131
"FWB_0221","FWB_0221_2019","Fundulus diaphanus_northwest_miramichi","northwest_miramichi","Fundulidae","Fundulus diaphanus","species","lotic",-65.652223,46.962445,0.440022111663903,0.012209928797142,0.585844401536871,0.00689388106700675,79.3703703703704,5104.78062678063,27,260,0.0191038098641487
"FWB_0221","FWB_0221_2019","Fundulus heteroclitus_northwest_miramichi","northwest_miramichi","Fundulidae","Fundulus heteroclitus","species","lotic",-65.652223,46.962445,0.503283582089552,0.0112083364273162,0.631068983675619,0.00219477505552242,54.2,633.2,5,58,0.0134031114828386
"FWB_0221","FWB_0221_2019","Gasterosteus aculeatus_northwest_miramichi","northwest_miramichi","Gasterosteidae","Gasterosteus aculeatus","species","lotic",-65.652223,46.962445,0.557213930348259,NA,0.604528699315429,NA,50,NA,1,0,NA
"FWB_0221","FWB_0221_2019","Luxilus cornutus_northwest_miramichi","northwest_miramichi","Leuciscidae","Luxilus cornutus","species","lotic",-65.652223,46.962445,0.319110330699444,0.0107024287401156,0.430071554688226,0.00490251946251341,62.7058823529412,2653.47058823529,17,220,0.015604948202629
"FWB_0221","FWB_0221_2019","Morone saxatilis_northwest_miramichi","northwest_miramichi","Moronidae","Morone saxatilis","species","lotic",-65.652223,46.962445,0.733401955738549,0.00220510320002566,0.82529825134826,0.00341161664850576,475.655172413793,8325.87684729064,29,419,0.00561671984853142
"FWB_0221","FWB_0221_2019","Osmerus mordax_northwest_miramichi","northwest_miramichi","Osmeridae","Osmerus mordax","species","lotic",-65.652223,46.962445,0.697161252560726,0.00454797517630849,0.695613790539913,0.00106823547439733,136.558823529412,254.557040998217,34,57,0.00561621065070582
"FWB_0221","FWB_0221_2019","Perca flavescens_northwest_miramichi","northwest_miramichi","Percidae","Perca flavescens","species","lotic",-65.652223,46.962445,0.560045924225029,0.0158271406077153,0.488151658767773,0.0444017587113604,165.307692307692,4848.23076923077,13,228,0.0602288993190758
"FWB_0221","FWB_0221_2019","Rhinichthys atratulus_northwest_miramichi","northwest_miramichi","Leuciscidae","Rhinichthys atratulus","species","lotic",-65.652223,46.962445,0.359203980099502,NA,0.62085308056872,NA,76,NA,1,0,NA
"FWB_0221","FWB_0221_2019","Salmo salar_northwest_miramichi","northwest_miramichi","Salmonidae","Salmo salar","species","lotic",-65.652223,46.962445,0.190499117316643,0.0152820654064107,0.422964548404084,0.00910924681868246,96.3225806451613,1214.09095716552,62,99,0.0243913122250932
"FWB_0221","FWB_0221_2019","Semotilus corporalis_northwest_miramichi","northwest_miramichi","Leuciscidae","Semotilus corporalis","species","lotic",-65.652223,46.962445,0.391243781094527,0.00155701316524069,0.421853607161664,0.00289035777847966,119.9,751.211111111111,10,93,0.00444737094372034
"FWB_0223","FWB_0223_2018","Etheostoma nigrum_pf","pf","Percidae","Etheostoma nigrum","species","lotic",-80.995833,42.841388,0.752830332041638,0.00216579204153045,0.767283950617285,0.00487274805669869,50,1,3,2,0.00703854009822914
"FWB_0223","FWB_0223_2018","Pimephales notatus_pf","pf","Leuciscidae","Pimephales notatus","species","lotic",-80.995833,42.841388,0.825621153407796,0.0230790985800568,0.185061728395062,0.0258999085505259,50.6666666666667,66.3333333333333,3,15,0.0489790071305827
"FWB_0223","FWB_0223_2018","Semotilus atromaculatus_pf","pf","Leuciscidae","Semotilus atromaculatus","species","lotic",-80.995833,42.841388,0.337570794830881,0.0207195623233559,0.745441595441596,0.0253592451901093,97.7692307692308,910.025641025641,13,99,0.0460788075134652
"FWB_0225","FWB_0225_2018","Catostomus commersonii_pvtf","pvtf","Catostomidae","Catostomus commersonii","species","lotic",-81.05527,42.7097,0.761996572407883,0.14925850750777,0.148893974065599,0.0451470832089678,60.6666666666667,154.333333333333,3,22,0.194405590716738
"FWB_0225","FWB_0225_2018","Etheostoma nigrum_pvtf","pvtf","Percidae","Etheostoma nigrum","species","lotic",-81.05527,42.7097,0.461868037703513,0.00171975916814807,0.649885583524028,0.104662222664412,55.6666666666667,12.3333333333333,3,7,0.10638198183256
"FWB_0225","FWB_0225_2018","Rhinichthys atratulus_pvtf","pvtf","Leuciscidae","Rhinichthys atratulus","species","lotic",-81.05527,42.7097,0.268958868894601,5.94762128191063e-05,0.366285278413425,0.0167477094886255,64.3333333333333,329.333333333333,3,34,0.0168071857014446
"FWB_0225","FWB_0225_2018","Semotilus atromaculatus_pvtf","pvtf","Leuciscidae","Semotilus atromaculatus","species","lotic",-81.05527,42.7097,0.49246866966581,0.185042523408581,0.775629290617849,0.00463224023644825,62.75,295.071428571429,8,52,0.189674763645029
"FWB_0227","FWB_0227_2021","Cottus cognatus_Ruisseau Blais 14-culverts","Ruisseau Blais 14-culverts","Cottidae","Cottus cognatus","species","lotic",-67.22151,48.351446,0.304267161410018,0.0868004087958735,0.215718283582089,0.0153560047825239,38,27.3333333333333,7,15,0.102156413578397
"FWB_0227","FWB_0227_2021","Salvelinus fontinalis_Ruisseau Blais 14-culverts","Ruisseau Blais 14-culverts","Salmonidae","Salvelinus fontinalis","species","lotic",-67.22151,48.351446,0.60482374768089,0.0798741406863443,0.631696428571429,0.0617520184301374,165.857142857143,2342.14285714286,7,136,0.141626159116482
"FWB_0229","FWB_0229_2018","Catostomus commersonii_sc","sc","Catostomidae","Catostomus commersonii","species","lotic",-81.4682,42.61735,0.988484848484849,7.94995408631769e-05,0.718514626029077,0.00191365049104121,37.6666666666667,9.33333333333333,3,6,0.00199315003190438
"FWB_0229","FWB_0229_2018","Etheostoma nigrum_sc","sc","Percidae","Etheostoma nigrum","species","lotic",-81.4682,42.61735,0.612171717171717,0.287747482399755,0.665323757809307,0.331995834688571,53.3333333333333,1.33333333333333,3,2,0.619743317088326
"FWB_0229","FWB_0229_2018","Luxilus cornutus_sc","sc","Leuciscidae","Luxilus cornutus","species","lotic",-81.4682,42.61735,0.60040404040404,0.00175358891949801,0.85011969405033,0.00234881976519003,59,9,3,6,0.00410240868468804
"FWB_0229","FWB_0229_2018","Pimephales notatus_sc","sc","Leuciscidae","Pimephales notatus","species","lotic",-81.4682,42.61735,0.91040404040404,0.000570485154576064,0.738716646231097,0.000308330981834032,48,3,3,3,0.000878816136410095
"FWB_0229","FWB_0229_2018","Semotilus atromaculatus_sc","sc","Leuciscidae","Semotilus atromaculatus","species","lotic",-81.4682,42.61735,0.632015151515152,0.00443275711662075,0.754650551760378,0.0107091326560231,67,198.888888888889,10,46,0.0151418897726439
"FWB_0233","FWB_0233_2007","Rhinichthys atratulus_SMB","SMB","Leuciscidae","Rhinichthys atratulus","species","lotic",-65.88,45.78,0.6238846945779,0.08577152684906,0.367332713754647,0.157165958700129,65.1666666666667,46.9666666666667,6,18,0.242937485549189
"FWB_0233","FWB_0233_2007","Salvelinus fontinalis_SMB","SMB","Salmonidae","Salvelinus fontinalis","species","lotic",-65.88,45.78,0.0896819949668267,0.0216357043451199,0.67859355638166,0.0549506841853118,63.3333333333333,12.3333333333333,3,7,0.0765863885304317
"FWB_0235","FWB_0235_2013","Esox lucius_Stoney Lake","Stoney Lake","Esocidae","Esox lucius","species","lentic",-103.364,51.788,0.516143984220907,0.0321220929411165,0.460592435863528,0.0456129973758985,504.75,25140.7236842105,20,640,0.0777350903170151
"FWB_0235","FWB_0235_2013","Perca flavescens_Stoney Lake","Stoney Lake","Percidae","Perca flavescens","species","lentic",-103.364,51.788,0.230374753451676,0.01261865247482,0.213303358899762,0.0422926377597142,66.6666666666667,1887.46666666667,6,113,0.0549112902345342
"FWB_0235","FWB_0235_2013","Sander vitreus_Stoney Lake","Stoney Lake","Percidae","Sander vitreus","species","lentic",-103.364,51.788,0.717389875082183,0.0333256307453881,0.418980869258573,0.0780040773143154,406.233333333333,33287.3574712644,30,570,0.111329708059703
"FWB_0241","FWB_0241_2018","Catostomus commersonii_wa","wa","Catostomidae","Catostomus commersonii","species","lotic",-80.6831,42.82023,0.68725278676735,0.00674181272270014,0.0954773869346733,0.00880850192582367,132.75,90.25,4,20,0.0155503146485238
"FWB_0241","FWB_0241_2018","Etheostoma nigrum_wa","wa","Percidae","Etheostoma nigrum","species","lotic",-80.6831,42.82023,0.909025530384754,0.00625898553147603,0.228951776425989,0.0253644601669894,54.3333333333333,36.3333333333333,3,12,0.0316234456984655
"FWB_0241","FWB_0241_2018","Semotilus atromaculatus_wa","wa","Leuciscidae","Semotilus atromaculatus","species","lotic",-80.6831,42.82023,0.132026848855328,0.0104694816149189,0.807164477357548,0.0095148630519565,98.7777777777778,1975.44444444444,9,160,0.0199843446668754
"FWB_0242","FWB_0242_2006","Rhinichthys atratulus_WAC","WAC","Leuciscidae","Rhinichthys atratulus","species","lotic",-66.08,46.14,0.704333823426451,0.0676223063352421,0.349768917329833,0.025468070064289,55.2222222222222,86.1944444444445,9,26,0.0930903763995312
"FWB_0242","FWB_0242_2006","Salvelinus fontinalis_WAC","WAC","Salmonidae","Salvelinus fontinalis","species","lotic",-66.08,46.14,0.477840789750053,0.175179768087884,0.858068750512757,0.0588751004641052,127.666666666667,2206.33333333333,3,93,0.234054868551989
"FWB_0243","FWB_0243_2018","Catostomus commersonii_wh","wh","Catostomidae","Catostomus commersonii","species","lotic",-80.5602,43.30021,0.694458107886539,0.0708098914234204,0.493556138051551,0.014657935811308,116,5443,3,143,0.0854678272347284
"FWB_0243","FWB_0243_2018","Etheostoma nigrum_wh","wh","Percidae","Etheostoma nigrum","species","lotic",-80.5602,43.30021,0.616002623380882,0.00115466502979571,0.623197903014417,0.000236078355254229,50.3333333333333,10.3333333333333,3,6,0.00139074338504994
"FWB_0243","FWB_0243_2018","Rhinichthys atratulus_wh","wh","Leuciscidae","Rhinichthys atratulus","species","lotic",-80.5602,43.30021,0.501557632398754,0.0222512346899216,0.446046308431629,0.00395528761121485,55.6666666666667,4.33333333333333,3,4,0.0262065223011364
"FWB_0243","FWB_0243_2018","Rhinichthys cataractae_wh","wh","Cyprinidae","Rhinichthys cataractae","species","lotic",-80.5602,43.30021,0.822552877520905,0.0236876401645355,0.0322739187418085,0.00208321166190572,92.5,84.5,2,13,0.0257708518264412
"FWB_0243","FWB_0243_2018","Semotilus atromaculatus_wh","wh","Leuciscidae","Semotilus atromaculatus","species","lotic",-80.5602,43.30021,0.280127889818003,0.0318709767278985,0.794935405354802,0.0271346045482293,87.4285714285714,523.952380952381,7,65,0.0590055812761278
"FWB_0244","FWB_0244_2013","Esox lucius_Whitesand Lake","Whitesand Lake","Esocidae","Esox lucius","species","lentic",-103.345,51.764,0.579197803873723,0.0528086771946329,0.603652733118971,0.0259130116520714,455.24,26812.8566666667,25,535,0.0787216888467043
"FWB_0244","FWB_0244_2013","Perca flavescens_Whitesand Lake","Whitesand Lake","Percidae","Perca flavescens","species","lentic",-103.345,51.764,0.377241334233861,0.0462765602064814,0.54876741693462,0.0723055508647056,120.428571428571,13447.619047619,7,244,0.118582111071187
"FWB_0244","FWB_0244_2013","Sander vitreus_Whitesand Lake","Whitesand Lake","Percidae","Sander vitreus","species","lentic",-103.345,51.764,0.786905892250095,0.0127978139087733,0.456328873215089,0.0235207650249532,437.806451612903,7496.09462365592,31,492,0.0363185789337265
"FWB_0252","FWB_0252_2019","Basilichthys microlepidotus_imperial01","imperial01","Atherinopsidae","Basilichthys microlepidotus","species","lotic",-72.433866,-38.63686,0.783990659055527,0.00142540561313043,0.827887351584732,0.00902503137960164,70.3333333333333,46.3333333333333,3,13,0.0104504369927321
"FWB_0252","FWB_0252_2019","Galaxias maculatus_imperial01","imperial01","Galaxiidae","Galaxias maculatus","species","lotic",-72.433866,-38.63686,0.841670991177997,0.00203847693708685,0.589544696300657,0.0345672525520554,60.95,130.997368421053,20,48,0.0366057294891422
"FWB_0252","FWB_0252_2019","Geotria australis_imperial01","imperial01","Geotriidae","Geotria australis","species","lotic",-72.433866,-38.63686,0.0719166234215534,0.0128115555700379,0.0266247996598305,0.00177261285536271,87.3333333333333,22.3333333333333,3,9,0.0145841684254006
"FWB_0252","FWB_0252_2019","Oncorhynchus mykiss_imperial01","imperial01","Salmonidae","Oncorhynchus mykiss","species","lotic",-72.433866,-38.63686,0.677088738972496,0.0307282057420714,0.90808883655513,0.00642634265003965,84.6666666666667,90.3333333333333,3,19,0.037154548392111
"FWB_0252","FWB_0252_2019","Percichthys trucha_imperial01","imperial01","Percichthyidae","Percichthys trucha","species","lotic",-72.433866,-38.63686,0.76712506486767,0.00252724711438173,0.730154057501717,3.77443945939167e-06,46,8,2,4,0.00253102155384112
"FWB_0252","FWB_0252_2019","Percilia gillissi_imperial01","imperial01","Perciliidae","Percilia gillissi","species","lotic",-72.433866,-38.63686,0.768465663380038,0.00107129837763725,0.917181827102345,0.002743054619769,38.3333333333333,302.333333333333,3,33,0.00381435299740625
"FWB_0252","FWB_0252_2019","Trichomycterus areolatus_imperial01","imperial01","Trichomycteridae","Trichomycterus areolatus","species","lotic",-72.433866,-38.63686,0.840728247708009,0.0201416359372771,0.703398423445524,0.0136371107483734,47,469,3,38,0.0337787466856505
"FWB_0254","FWB_0254_2019","Basilichthys microlepidotus_imperial03","imperial03","Atherinopsidae","Basilichthys microlepidotus","species","lotic",-72.938739,-38.781169,0.400834851887952,0.0131045209390698,0.876392148351127,0.0171195341150181,53.4285714285714,356.952380952381,7,45,0.0302240550540878
"FWB_0254","FWB_0254_2019","Galaxias maculatus_imperial03","imperial03","Galaxiidae","Galaxias maculatus","species","lotic",-72.938739,-38.781169,0.208884603975082,0.0124319010541002,0.565440129142532,0.0314715903137091,53.25,69.1447368421053,20,30,0.0439034913678093
"FWB_0254","FWB_0254_2019","Gambusia holbrooki_imperial03","imperial03","Poeciliidae","Gambusia holbrooki","species","lotic",-72.938739,-38.781169,0.281110946306734,0.00270826306169533,0.746272908555693,0.0305470823309728,27,38,4,15,0.0332553453926681
"FWB_0254","FWB_0254_2019","Oncorhynchus mykiss_imperial03","imperial03","Salmonidae","Oncorhynchus mykiss","species","lotic",-72.938739,-38.781169,0.882131909423514,0.0133506138862829,0.748456936663185,0.00356667272997995,44,7,3,5,0.0169172866162628
"FWB_0254","FWB_0254_2019","Percichthys trucha_imperial03","imperial03","Percichthyidae","Percichthys trucha","species","lotic",-72.938739,-38.781169,0.0995253633936518,0.000813823667959945,0.68459785395499,0.00326505047101917,48.5,84.5,2,13,0.00407887413897912
"FWB_0254","FWB_0254_2019","Percilia gillissi_imperial03","imperial03","Perciliidae","Percilia gillissi","species","lotic",-72.938739,-38.781169,0.182141797686147,0.0203330869041005,0.761418668692432,0.00244558254474868,31.3333333333333,27.4666666666667,6,12,0.0227786694488492
"FWB_0254","FWB_0254_2019","Trichomycterus areolatus_imperial03","imperial03","Trichomycteridae","Trichomycterus areolatus","species","lotic",-72.938739,-38.781169,0.189706318599822,0.0220657973971547,0.715522425853828,0.00550558855011289,46.6666666666667,207.866666666667,6,39,0.0275713859472675
"FWB_0255","FWB_0255_2018","Oncorhynchus mykiss_Lago_Chungará","Lago_Chungará","Salmonidae","Oncorhynchus mykiss","species","lentic",-69.174814,-18.235698,0.880493437600037,0.00256194223355844,0.25725067691936,0.0109568987714835,606.351351351351,13274.0940392447,74,500,0.013518841005042
"FWB_0255","FWB_0255_2018","Orestias chungarensis_Lago_Chungará","Lago_Chungará","Cyprinodontidae","Orestias chungarensis","species","lentic",-69.174814,-18.235698,0.569676093787769,0.0509827028668473,0.495213437627321,0.0378436118120297,71.8131868131868,100.953601953602,91,58,0.088826314678877
"FWB_0257","FWB_0257_2019","Galaxias maculatus_maullin01","maullin01","Galaxiidae","Galaxias maculatus","species","lotic",-73.034405,-41.210828,0.320261548913043,0.052757089660602,0.352010936673135,0.0863164034625697,51.15,34.5552631578947,20,22,0.139073493123172
"FWB_0257","FWB_0257_2019","Odontesthes mauleanum_maullin01","maullin01","Atherinopsidae","Odontesthes mauleanum","species","lotic",-73.034405,-41.210828,0.95018115942029,0.00187297549425014,0.60998412418416,0.00936110241844429,44.3333333333333,4.33333333333333,3,4,0.0112340779126944
"FWB_0263","FWB_0263_2007","Oncorhynchus mykiss_Río_Chungara_CH05","Río_Chungara_CH05","Salmonidae","Oncorhynchus mykiss","species","lotic",-69.132427,-18.310797,0.371467475879241,0.0414480834733195,0.505725182841216,0.0402373463034213,NA,NA,34,NA,0.0816854297767408
"FWB_0263","FWB_0263_2007","Orestias chungarensis_Río_Chungara_CH05","Río_Chungara_CH05","Cyprinodontidae","Orestias chungarensis","species","lotic",-69.132427,-18.310797,0.819966583124478,0.00969447919229782,0.57304108150676,0.00565118619273166,NA,NA,19,NA,0.0153456653850295
"FWB_0267","FWB_0267_2019","Basilichthys microlepidotus_valdivia03","valdivia03","Atherinopsidae","Basilichthys microlepidotus","species","lotic",-73.004671,-39.785397,0.319143932267168,0.000427509922116159,0.655584490740741,0.0167736233683771,76.5,337.9,6,50,0.0172011332904932
"FWB_0267","FWB_0267_2019","Cheirodon australe_valdivia03","valdivia03","Characidae","Cheirodon australe","species","lotic",-73.004671,-39.785397,0.354387851095283,NA,0.511111111111111,NA,50,NA,1,0,NA
"FWB_0267","FWB_0267_2019","Galaxias maculatus_valdivia03","valdivia03","Galaxiidae","Galaxias maculatus","species","lotic",-73.004671,-39.785397,0.30299466917529,0.00402627972445627,0.452155671296296,0.0690979535937354,56.5,112.818181818182,12,33,0.0731242333181916
"FWB_0267","FWB_0267_2019","Geotria australis_valdivia03","valdivia03","Geotriidae","Geotria australis","species","lotic",-73.004671,-39.785397,0,NA,0.210677083333333,NA,88,NA,1,0,NA
"FWB_0267","FWB_0267_2019","Oncorhynchus mykiss_valdivia03","valdivia03","Salmonidae","Oncorhynchus mykiss","species","lotic",-73.004671,-39.785397,0.712589033732025,0.0813534369701539,0.804926215277778,0.0328559649432147,61.5,1272.33333333333,4,72,0.114209401913369
"FWB_0267","FWB_0267_2019","Percichthys trucha_valdivia03","valdivia03","Percichthyidae","Percichthys trucha","species","lotic",-73.004671,-39.785397,0.295435201361824,0.000493739088369309,0.727083333333333,0.00451651867525077,41.6666666666667,33.3333333333333,3,10,0.00501025776362008
"FWB_0267","FWB_0267_2019","Percilia gillissi_valdivia03","valdivia03","Perciliidae","Percilia gillissi","species","lotic",-73.004671,-39.785397,0.353335125207186,4.15458992514774e-05,0.75228587962963,0.00237607853893389,32,21,3,9,0.00241762443818537
"FWB_0267","FWB_0267_2019","Trichomycterus areolatus_valdivia03","valdivia03","Trichomycteridae","Trichomycterus areolatus","species","lotic",-73.004671,-39.785397,0.303453836849886,0.000663877703273094,0.838932291666667,0.0199899774245274,29.6666666666667,45.8666666666667,6,17,0.0206538551278005
"FWB_0268","FWB_0268_2019","Basilichthys microlepidotus_valdivia05","valdivia05","Atherinopsidae","Basilichthys microlepidotus","species","lotic",-72.459847,-39.771736,0.165211880275401,0.00483285782534279,0.582853129210745,0.0294676763692989,65.8333333333333,197.366666666667,6,40,0.0343005341946417
"FWB_0268","FWB_0268_2019","Galaxias maculatus_valdivia05","valdivia05","Galaxiidae","Galaxias maculatus","species","lotic",-72.459847,-39.771736,0.128873908910207,0.00478697177804111,0.186028210200396,0.02985360075452,53.45,124.892105263158,20,35,0.0346405725325611
"FWB_0268","FWB_0268_2019","Galaxias platei_valdivia05","valdivia05","Galaxiidae","Galaxias platei","species","lotic",-72.459847,-39.771736,0.0392360210872008,NA,0.0971015739227658,NA,38,NA,1,0,NA
"FWB_0268","FWB_0268_2019","Oncorhynchus mykiss_valdivia05","valdivia05","Salmonidae","Oncorhynchus mykiss","species","lotic",-72.459847,-39.771736,0.582317863624579,0.17974821515239,0.777830337432986,0.0744354484121537,51.1666666666667,243.766666666667,6,42,0.254183663564544
"FWB_0268","FWB_0268_2019","Percilia gillissi_valdivia05","valdivia05","Perciliidae","Percilia gillissi","species","lotic",-72.459847,-39.771736,0.156958488174459,0.00344032045899205,0.563401278633067,0.014872894198875,56.8333333333333,111.766666666667,6,26,0.0183132146578671
"FWB_0268","FWB_0268_2019","Trichomycterus areolatus_valdivia05","valdivia05","Trichomycteridae","Trichomycterus areolatus","species","lotic",-72.459847,-39.771736,0.135442053409386,0.0148543864347078,0.614156704222929,0.0246442004105287,48.2,312.2,5,36,0.0394985868452365
"FWB_0269","FWB_0269_2009","Galaxias maculatus_alta","alta","Galaxiidae","Galaxias maculatus","species","lentic",-72.7085739,-45.5347339,0.396867895933316,0.0172361680705381,0.581268827019626,0.014192816928137,NA,NA,5,NA,0.0314289849986751
"FWB_0269","FWB_0269_2009","Galaxias platei_alta","alta","Galaxiidae","Galaxias platei","species","lentic",-72.7085739,-45.5347339,0.418666329881283,0.135584429720115,0.483036665145291,0.106388977826736,111.466666666667,63.0933333333334,6,NA,0.241973407546851
"FWB_0270","FWB_0270_2009","Galaxias platei_barroso","barroso","Galaxiidae","Galaxias platei","species","lentic",-72.2450823,-45.7395523,0.148924406915963,0.0174903383987788,0.303486340533672,0.103406910010063,79.6,452.148571428571,12,NA,0.120897248408842
"FWB_0270","FWB_0270_2009","Salmo trutta_barroso","barroso","Salmonidae","Salmo trutta","species","lentic",-72.2450823,-45.7395523,0.363088057901086,0.15048123584012,0.586404066073698,0.00215113082831075,NA,NA,5,NA,0.152632366668431
"FWB_0272","FWB_0272_2009","Aplochiton taeniatus_caro","caro","Galaxiidae","Aplochiton taeniatus","species","lentic",-72.5489798,-45.8041109,0.545452468529392,0.0658569948625008,0.780957772678104,0.00115776784997965,112.609668283846,2124.39607543509,13,124.57750349,0.0670147627124805
"FWB_0272","FWB_0272_2009","Aplochiton zebra_caro","caro","Galaxiidae","Aplochiton zebra","species","lentic",-72.5489798,-45.8041109,0.343777843777844,0.0158347820955483,0.892610724142463,0.0051364952383433,67.642025305,77.8562152444693,8,25.94776357,0.0209712773338916
"FWB_0272","FWB_0272_2009","Galaxias platei_caro","caro","Galaxiidae","Galaxias platei","species","lentic",-72.5489798,-45.8041109,0.573210573210573,NA,0.846366145354186,NA,NA,NA,1,NA,NA
"FWB_0272","FWB_0272_2009","Oncorhynchus mykiss_caro","caro","Salmonidae","Oncorhynchus mykiss","species","lentic",-72.5489798,-45.8041109,0.743589743589744,0.0675916339712004,0.93049897051737,0.00364549142696191,NA,NA,3,NA,0.0712371253981623
"FWB_0272","FWB_0272_2009","Salmo trutta_caro","caro","Salmonidae","Salmo trutta","species","lentic",-72.5489798,-45.8041109,0.565530994102423,0.097953980172148,0.730619754801645,0.107968112964414,NA,NA,7,NA,0.205922093136562
"FWB_0273","FWB_0273_2009","Galaxias platei_castor","castor","Galaxiidae","Galaxias platei","species","lentic",-71.7815498,-45.6002737,0.47789331792798,0.071527362298311,0.670327138688373,0.0671911321206487,90.7181818181818,237.699636363636,18,NA,0.13871849441896
"FWB_0273","FWB_0273_2009","Oncorhynchus mykiss_castor","castor","Salmonidae","Oncorhynchus mykiss","species","lentic",-71.7815498,-45.6002737,0.686424032351242,0.0739351933895815,0.481970682093551,0.0604217453372001,NA,NA,9,NA,0.134356938726782
"FWB_0275","FWB_0275_2009","Oncorhynchus mykiss_chacano","chacano","Salmonidae","Oncorhynchus mykiss","species","lentic",-72.1933467,-46.172833,0.770937912813739,0.0244168474249148,0.210403726708074,0.0421452027615158,NA,NA,5,NA,0.0665620501864306
"FWB_0275","FWB_0275_2009","Salmo trutta_chacano","chacano","Salmonidae","Salmo trutta","species","lentic",-72.1933467,-46.172833,0.493262879788639,0.143797529627581,0.63598602484472,0.0963355319876848,NA,NA,10,NA,0.240133061615266
"FWB_0276","FWB_0276_2007","Galaxias platei_frio","frio","Galaxiidae","Galaxias platei","species","lentic",-71.9438005,-45.6675335,0.244260640203198,0.0441464105200275,0.321745160706748,0.0774798076466275,NA,NA,7,NA,0.121626218166655
"FWB_0276","FWB_0276_2007","Oncorhynchus mykiss_frio","frio","Salmonidae","Oncorhynchus mykiss","species","lentic",-71.9438005,-45.6675335,0.580123090950536,0.0456177840092195,0.629047820056684,0.0953109960248654,NA,NA,7,NA,0.140928780034085
"FWB_0277","FWB_0277_2009","Galaxias platei_monreal2","monreal2","Galaxiidae","Galaxias platei","species","lentic",-72.0208877,-45.8725212,0.487836777399948,0.122090963535614,0.462501572920599,0.0623499423456415,NA,NA,6,NA,0.184440905881255
"FWB_0277","FWB_0277_2009","Oncorhynchus mykiss_monreal2","monreal2","Salmonidae","Oncorhynchus mykiss","species","lentic",-72.0208877,-45.8725212,0.560783416165315,0.0918969672673318,0.796102302755757,0.0209830551349734,NA,NA,8,NA,0.112880022402305
"FWB_0277","FWB_0277_2009","Salmo trutta_monreal2","monreal2","Salmonidae","Salmo trutta","species","lentic",-72.0208877,-45.8725212,0.379852594974689,0.0470096348437839,0.678694883011717,0.0247214389857935,NA,NA,17,NA,0.0717310738295773
"FWB_0278","FWB_0278_2007","Aplochiton taeniatus_palos","palos","Galaxiidae","Aplochiton taeniatus","species","lentic",-72.7027331,-45.3209332,0.449955277280859,0.179511743647347,0.400849797256492,0.0947882656709963,193.2975,2943.90269166667,4,119.45,0.274300009318343
"FWB_0278","FWB_0278_2007","Galaxias platei_palos","palos","Galaxiidae","Galaxias platei","species","lentic",-72.7027331,-45.3209332,0.452280858676208,0.123344168658788,0.793568285738935,0.0425848631593372,NA,NA,4,NA,0.165929031818125
"FWB_0278","FWB_0278_2007","Salmo trutta_palos","palos","Salmonidae","Salmo trutta","species","lentic",-72.7027331,-45.3209332,0.467710196779964,0.00917539519736134,0.498058838754206,0.0147715500134805,NA,NA,4,NA,0.0239469452108418
"FWB_0279","FWB_0279_2009","Galaxias platei_pollux","pollux","Galaxiidae","Galaxias platei","species","lentic",-71.8626781,-45.6762901,0.313427636760162,0.0121928526818851,0.721887884452867,0.0165974870710703,67.7909090909091,249.202909090909,17,NA,0.0287903397529554
"FWB_0279","FWB_0279_2009","Oncorhynchus mykiss_pollux","pollux","Salmonidae","Oncorhynchus mykiss","species","lentic",-71.8626781,-45.6762901,0.408454557157569,0.116230679127852,0.687921745755333,0.0993309146064911,NA,NA,16,NA,0.215561593734343
"FWB_0282","FWB_0282_2009","Galaxias platei_rengifo","rengifo","Galaxiidae","Galaxias platei","species","lentic",-72.5113244,-45.6175874,0.443725943033102,0.147078321434364,0.622399824830304,0.0526097364836199,NA,NA,4,NA,0.199688057917984
"FWB_0282","FWB_0282_2009","Salmo trutta_rengifo","rengifo","Salmonidae","Salmo trutta","species","lentic",-72.5113244,-45.6175874,0.538818321785989,0.0661533933800307,0.592785198160718,0.112498293949546,NA,NA,8,NA,0.178651687329577
"FWB_0283","FWB_0283_2007","Galaxias platei_thompson","thompson","Galaxiidae","Galaxias platei","species","lentic",-71.792894,-45.646731,0.480732544830217,0.0832473944833092,0.396510228640193,0.0828861871057999,NA,NA,8,NA,0.166133581589109
"FWB_0283","FWB_0283_2007","Oncorhynchus mykiss_thompson","thompson","Salmonidae","Oncorhynchus mykiss","species","lentic",-71.792894,-45.646731,0.319407350883886,0.127817766120044,0.795159780719347,0.0266529622963015,NA,NA,6,NA,0.154470728416346
"FWB_0295","FWB_0295_2022","Carassius gibelio_vytopa","vytopa","Cyprinidae","Carassius gibelio","species","lentic",17.0642639,48.87061,0.611751152073733,0.0493193739514536,0.298757530120482,0.0299925228020516,96.25,48.3333333333333,16,30,0.0793118967535053
"FWB_0295","FWB_0295_2022","Cyprinus carpio_vytopa","vytopa","Cyprinidae","Cyprinus carpio","species","lentic",17.0642639,48.87061,0.804147465437788,0.0140098182873566,0.643072289156627,0.0193091643683166,271.25,1439.58333333333,4,80,0.0333189826556732
"FWB_0295","FWB_0295_2022","Pseudorasbora parva_vytopa","vytopa","Gobionidae","Pseudorasbora parva","species","lentic",17.0642639,48.87061,0.427547363031234,0.0935676473156033,0.643239625167336,0.0731921158529703,35.7142857142857,70.2380952380953,9,NA,0.166759763168574
"FWB_0300","FWB_0300_2008","Anguilla anguilla_Batts_Bridge_Stream_Site_A_Cackle_Street","Batts_Bridge_Stream_Site_A_Cackle_Street","Anguillidae","Anguilla anguilla","species","lotic",0.075281,51.017806,0.809553543552919,0.0182728999867339,0.510428347163041,0.0209889283375148,456.25,8578.91666666667,4,212,0.0392618283242486
"FWB_0300","FWB_0300_2008","Cottus gobio_Batts_Bridge_Stream_Site_A_Cackle_Street","Batts_Bridge_Stream_Site_A_Cackle_Street","Cottidae","Cottus gobio","species","lotic",0.075281,51.017806,0.895046310750338,0.0112141264172186,0.474564551095163,0.00582788315452362,57.6666666666667,49.0666666666667,6,20,0.0170420095717422
"FWB_0300","FWB_0300_2008","Gobio gobio_Batts_Bridge_Stream_Site_A_Cackle_Street","Batts_Bridge_Stream_Site_A_Cackle_Street","Gobionidae","Gobio gobio","species","lotic",0.075281,51.017806,0.757571027162036,0.00627368055373469,0.344247589145548,0.000812755080665429,87.6666666666667,74.3333333333333,3,17,0.00708643563440011
"FWB_0300","FWB_0300_2008","Lampetra planeri_Batts_Bridge_Stream_Site_A_Cackle_Street","Batts_Bridge_Stream_Site_A_Cackle_Street","Petromyzontidae","Lampetra planeri","species","lotic",0.075281,51.017806,0.0941825372047039,0.00325352243693122,0.695877251999701,0.0319853264087809,114.166666666667,126.166666666667,6,31,0.0352388488457121
"FWB_0300","FWB_0300_2008","Lepomis gibbosus_Batts_Bridge_Stream_Site_A_Cackle_Street","Batts_Bridge_Stream_Site_A_Cackle_Street","Centrarchidae","Lepomis gibbosus","species","lotic",0.075281,51.017806,0.747133177510948,0.00655383828292188,0.417718795269816,0.0132077399247443,75.4054054054054,312.192192192192,37,78,0.0197615782076662
"FWB_0300","FWB_0300_2008","Salmo trutta_Batts_Bridge_Stream_Site_A_Cackle_Street","Batts_Bridge_Stream_Site_A_Cackle_Street","Salmonidae","Salmo trutta","species","lotic",0.075281,51.017806,0.640989146204845,0.00547527359106742,0.37160138780787,0.135148314616418,117,3838.5,17,198,0.140623588207486
"FWB_0301","FWB_0301_2008","Anguilla anguilla_Batts_Bridge_Stream_Site_B_Old_Forge_Lane","Batts_Bridge_Stream_Site_B_Old_Forge_Lane","Anguillidae","Anguilla anguilla","species","lotic",0.078184,51.013064,0.592036303208488,0.00102962730195946,0.542902311382468,0.00398666474636303,440.5,2380.5,2,69,0.00501629204832249
"FWB_0301","FWB_0301_2008","Cottus gobio_Batts_Bridge_Stream_Site_B_Old_Forge_Lane","Batts_Bridge_Stream_Site_B_Old_Forge_Lane","Cottidae","Cottus gobio","species","lotic",0.078184,51.013064,0.574864715156163,0.00367724565520427,0.375454281145515,0.0185393193426944,132.166666666667,12279.7666666667,6,227,0.0222165649978987
"FWB_0301","FWB_0301_2008","Gobio gobio_Batts_Bridge_Stream_Site_B_Old_Forge_Lane","Batts_Bridge_Stream_Site_B_Old_Forge_Lane","Gobionidae","Gobio gobio","species","lotic",0.078184,51.013064,0.614470152115557,NA,0.45202791103358,NA,143,NA,1,0,NA
"FWB_0301","FWB_0301_2008","Lampetra planeri_Batts_Bridge_Stream_Site_B_Old_Forge_Lane","Batts_Bridge_Stream_Site_B_Old_Forge_Lane","Petromyzontidae","Lampetra planeri","species","lotic",0.078184,51.013064,0.0938258979930973,0.00414501930241752,0.607373891554005,0.00521902310558304,106.5,261.1,6,43,0.00936404240800056
"FWB_0301","FWB_0301_2008","Lepomis gibbosus_Batts_Bridge_Stream_Site_B_Old_Forge_Lane","Batts_Bridge_Stream_Site_B_Old_Forge_Lane","Centrarchidae","Lepomis gibbosus","species","lotic",0.078184,51.013064,0.587236510227815,0.0101454232866013,0.392629210853818,0.0205511418616198,78.7317073170732,136.051219512195,41,69,0.0306965651482211
"FWB_0301","FWB_0301_2008","Perca fluviatilis_Batts_Bridge_Stream_Site_B_Old_Forge_Lane","Batts_Bridge_Stream_Site_B_Old_Forge_Lane","Percidae","Perca fluviatilis","species","lotic",0.078184,51.013064,0.57931739741787,0.0116496320844738,0.444863248395739,0.0156548956390631,146.857142857143,1760.47619047619,7,111,0.0273045277235369
"FWB_0301","FWB_0301_2008","Rutilus rutilus_Batts_Bridge_Stream_Site_B_Old_Forge_Lane","Batts_Bridge_Stream_Site_B_Old_Forge_Lane","Leuciscidae","Rutilus rutilus","species","lotic",0.078184,51.013064,0.885295496186459,0.0168353861091081,0.415321994475941,0.0320362273304794,109,13,3,7,0.0488716134395874
"FWB_0301","FWB_0301_2008","Salmo trutta_Batts_Bridge_Stream_Site_B_Old_Forge_Lane","Batts_Bridge_Stream_Site_B_Old_Forge_Lane","Salmonidae","Salmo trutta","species","lotic",0.078184,51.013064,0.425518249813714,0.0151483179680279,0.713132758235563,0.0314678448835349,201.731707317073,4046.1012195122,41,256,0.0466161628515628
"FWB_0302","FWB_0302_2008","Anguilla anguilla_Batts_Bridge_Stream_Site_C_Batts_Bridge","Batts_Bridge_Stream_Site_C_Batts_Bridge","Anguillidae","Anguilla anguilla","species","lotic",0.066774,50.993945,0.747683174051549,0.0367623976062149,0.379228284888662,0.0262177642412987,494.5,26797.6666666667,4,340,0.0629801618475136
"FWB_0302","FWB_0302_2008","Cottus gobio_Batts_Bridge_Stream_Site_C_Batts_Bridge","Batts_Bridge_Stream_Site_C_Batts_Bridge","Cottidae","Cottus gobio","species","lotic",0.066774,50.993945,0.623226180133218,0.00406642205131186,0.278316051900958,0.0120637740104127,58.8333333333333,36.1666666666667,6,16,0.0161301960617246
"FWB_0302","FWB_0302_2008","Lampetra planeri_Batts_Bridge_Stream_Site_C_Batts_Bridge","Batts_Bridge_Stream_Site_C_Batts_Bridge","Petromyzontidae","Lampetra planeri","species","lotic",0.066774,50.993945,0.178081861183512,0.0233135678211014,0.725083574140178,0.0498143241525998,100.333333333333,67.4666666666667,6,21,0.0731278919737012
"FWB_0302","FWB_0302_2008","Perca fluviatilis_Batts_Bridge_Stream_Site_C_Batts_Bridge","Batts_Bridge_Stream_Site_C_Batts_Bridge","Percidae","Perca fluviatilis","species","lotic",0.066774,50.993945,0.672265662708756,0.0084023590740826,0.500934897161312,0.00619424809046973,159.333333333333,329.333333333333,3,34,0.0145966071645523
"FWB_0302","FWB_0302_2008","Salmo trutta_Batts_Bridge_Stream_Site_C_Batts_Bridge","Batts_Bridge_Stream_Site_C_Batts_Bridge","Salmonidae","Salmo trutta","species","lotic",0.066774,50.993945,0.521174823824694,0.0106974769259618,0.660558671879427,0.0307625654477423,198.733333333333,2772.47816091954,30,245,0.041460042373704
"FWB_0308","FWB_0308_2006","Abramis brama_Hucks Farm Middle Lake","Hucks Farm Middle Lake","Leuciscidae","Abramis brama","species","lentic",-2.345661,52.219124,0.759131462968935,0.00278449624290877,0.473182957393483,0.0137280335341277,264.857142857143,1693.80952380952,7,109,0.0165125297770365
"FWB_0308","FWB_0308_2006","Cyprinus carpio_Hucks Farm Middle Lake","Hucks Farm Middle Lake","Cyprinidae","Cyprinus carpio","species","lentic",-2.345661,52.219124,0.47050831870245,0.0219413066488805,0.423294346978557,0.098822778193046,168.166666666667,18478.5428571428,36,424,0.120764084841926
"FWB_0308","FWB_0308_2006","Gobio gobio_Hucks Farm Middle Lake","Hucks Farm Middle Lake","Gobionidae","Gobio gobio","species","lentic",-2.345661,52.219124,0.685628291948834,0.00344753820873445,0.547017543859649,0.00759284908176875,94.08,172.66,25,50,0.0110403872905032
"FWB_0308","FWB_0308_2006","Pseudorasbora parva_Hucks Farm Middle Lake","Hucks Farm Middle Lake","Gobionidae","Pseudorasbora parva","species","lentic",-2.345661,52.219124,0.41227354286045,0.01051415543704,0.431309041835358,0.0216385596310641,72.4705882352941,320.974117647059,52,NA,0.0321527150681041
"FWB_0308","FWB_0308_2006","Rutilus rutilus_Hucks Farm Middle Lake","Hucks Farm Middle Lake","Leuciscidae","Rutilus rutilus","species","lentic",-2.345661,52.219124,0.36099396208409,0.0601795974835962,0.401283697047497,0.0803585756217673,145.975609756098,4515.9743902439,41,194,0.140538173105364
"FWB_0308","FWB_0308_2006","Scardinius erythrophthalmus_Hucks Farm Middle Lake","Hucks Farm Middle Lake","Leuciscidae","Scardinius erythrophthalmus","species","lentic",-2.345661,52.219124,0.787617569601204,0.00913624523913744,0.541940789473684,0.0123933635907823,115.46875,2598.19254032258,32,139,0.0215296088299197
"FWB_0309","FWB_0309_2006","Abramis brama_Hucks Farm Top  Lake","Hucks Farm Top  Lake","Leuciscidae","Abramis brama","species","lentic",-2.34395,52.219607,0.667069776370093,0.00710314292896742,0.270519782777347,0.00874616774588485,126.3,5912.01034482759,30,239,0.0158493106748523
"FWB_0309","FWB_0309_2006","Carassius carassius_Hucks Farm Top  Lake","Hucks Farm Top  Lake","Cyprinidae","Carassius carassius","species","lentic",-2.34395,52.219607,0.699093003167291,0.00796224892742189,0.317558831135247,0.0118357001613679,132.633333333333,969.895402298851,30,119,0.0197979490887898
"FWB_0309","FWB_0309_2006","Cyprinus carpio_Hucks Farm Top  Lake","Hucks Farm Top  Lake","Cyprinidae","Cyprinus carpio","species","lentic",-2.34395,52.219607,0.428443528649583,0.0337467272544626,0.457816136539954,0.022477801189198,159.433333333333,7835.9091954023,32,NA,0.0562245284436606
"FWB_0309","FWB_0309_2006","Gobio gobio_Hucks Farm Top  Lake","Hucks Farm Top  Lake","Gobionidae","Gobio gobio","species","lentic",-2.34395,52.219607,0.730238026682023,0.00590776468358686,0.434781484354797,0.00607829786095384,85,145.724137931034,30,42,0.0119860625445407
"FWB_0309","FWB_0309_2006","Rutilus rutilus_Hucks Farm Top  Lake","Hucks Farm Top  Lake","Leuciscidae","Rutilus rutilus","species","lentic",-2.34395,52.219607,0.662713345314098,0.0567611356004456,0.408951071399909,0.0954179386640284,119.896551724138,2962.31034482759,29,180,0.152179074264474
"FWB_0309","FWB_0309_2006","Scardinius erythrophthalmus_Hucks Farm Top  Lake","Hucks Farm Top  Lake","Leuciscidae","Scardinius erythrophthalmus","species","lentic",-2.34395,52.219607,0.417376907572704,0.0414047252263751,0.655314197051978,0.0626486275796861,108.833333333333,516.833333333333,30,86,0.104053352806061
"FWB_0311","FWB_0311_2008","Anguilla anguilla_Millstream_Frome_River","Millstream_Frome_River","Anguillidae","Anguilla anguilla","species","lotic",-2.179381,50.678097,0.615841584158416,0.0153881225060113,0.221268086566047,0.00102568772775012,379.1625,7092.64414556962,80,460,0.0164138102337615
"FWB_0311","FWB_0311_2008","Esox lucius_Millstream_Frome_River","Millstream_Frome_River","Esocidae","Esox lucius","species","lotic",-2.179381,50.678097,0.564343339095814,0.0658339040986712,0.161443391127188,0.00104126414300014,279.454545454545,51217.0727272727,12,NA,0.0668751682416713
"FWB_0311","FWB_0311_2008","Leuciscus leuciscus_Millstream_Frome_River","Millstream_Frome_River","Leuciscidae","Leuciscus leuciscus","species","lotic",-2.179381,50.678097,0.327466079941327,0.0103696378034562,0.140278297506687,0.00193030095926895,116.888888888889,715.861111111111,9,89,0.0122999387627251
"FWB_0311","FWB_0311_2008","Phoxinus phoxinus_Millstream_Frome_River","Millstream_Frome_River","Leuciscidae","Phoxinus phoxinus","species","lotic",-2.179381,50.678097,0.468521137828069,0.0029923530733442,0.128489459897717,0.00149914218863436,54.8,10.7,5,8,0.00449149526197856
"FWB_0311","FWB_0311_2008","Salmo salar_Millstream_Frome_River","Millstream_Frome_River","Salmonidae","Salmo salar","species","lotic",-2.179381,50.678097,0.139064099460139,0.00407441862553899,0.104691382164252,0.00219230417727393,74.2972972972973,67.3258258258258,37,38,0.00626672280281293
"FWB_0311","FWB_0311_2008","Salmo trutta_Millstream_Frome_River","Millstream_Frome_River","Salmonidae","Salmo trutta","species","lotic",-2.179381,50.678097,0.393951141145861,0.0257721812034622,0.251322883317395,0.0306473346231655,153.8,6716.02727272727,45,288,0.0564195158266277
"FWB_0312","FWB_0312_2005","Abramis brama_River Cam West","River Cam West","Leuciscidae","Abramis brama","species","lotic",0.185005,52.247102,0.60347581933485,0.030892195774107,0.412188315779998,0.0539408007370172,89.1904761904762,312.661904761905,21,67,0.0848329965111242
"FWB_0312","FWB_0312_2005","Alburnus alburnus_River Cam West","River Cam West","Leuciscidae","Alburnus alburnus","species","lotic",0.185005,52.247102,0,NA,0.589792060491493,NA,NA,NA,1,NA,NA
"FWB_0312","FWB_0312_2005","Esox lucius_River Cam West","River Cam West","Esocidae","Esox lucius","species","lotic",0.185005,52.247102,0.888952897322942,0.00400456122771562,0.406049149338374,0.00458188757187116,227.4,1452.8,5,96,0.00858644879958679
"FWB_0312","FWB_0312_2005","Gymnocephalus cernua_River Cam West","River Cam West","Percidae","Gymnocephalus cernua","species","lotic",0.185005,52.247102,0.821585903083701,NA,0.744801512287334,NA,58,NA,1,0,NA
"FWB_0312","FWB_0312_2005","Perca fluviatilis_River Cam West","River Cam West","Percidae","Perca fluviatilis","species","lotic",0.185005,52.247102,0.79238162718339,0.0122354050572962,0.317408489431174,0.0445949339413843,90.7272727272727,1344.01818181818,11,92,0.0568303389986805
"FWB_0312","FWB_0312_2005","Rhodeus amarus_River Cam West","River Cam West","Acheilognathidae","Rhodeus amarus","species","lotic",0.185005,52.247102,0.518961884696418,0.00258844594965743,0.351442426234898,0.0059471800848853,62.0869565217391,26.901185770751,23,25,0.00853562603454273
"FWB_0312","FWB_0312_2005","Rutilus rutilus_River Cam West","River Cam West","Leuciscidae","Rutilus rutilus","species","lotic",0.185005,52.247102,0.67829931898427,0.022744727355988,0.389901823281907,0.03377702999011,103.354838709677,1383.23655913979,31,134,0.056521757346098
"FWB_0312","FWB_0312_2005","Scardinius erythrophthalmus_River Cam West","River Cam West","Leuciscidae","Scardinius erythrophthalmus","species","lotic",0.185005,52.247102,0.357590647238224,0.0188689880364621,0.742438563327032,0.0264821299033584,85.875,920.125,8,97,0.0453511179398205
"FWB_0319","FWB_0319_2013","Barbatula barbatula_001_Aulne","001_Aulne","Nemacheilidae","Barbatula barbatula","species","lotic",-3.6805324,48.336464,0.507745912623962,0.0127562280891997,0.320575329107752,0.0828342169842112,96.8,18.7,5,10,0.0955904450734109
"FWB_0319","FWB_0319_2013","Cottus gobio_001_Aulne","001_Aulne","Cottidae","Cottus gobio","species","lotic",-3.6805324,48.336464,0.41645671401769,0.0616274391159827,0.307606045831302,0.0281095532949286,55.8,178.2,5,31,0.0897369924109113
"FWB_0319","FWB_0319_2013","Gobio gobio_001_Aulne","001_Aulne","Gobionidae","Gobio gobio","species","lotic",-3.6805324,48.336464,0.513052800857679,0.0105682029366911,0.505119453924914,0.0135780942856239,123.4,37.3,5,16,0.024146297222315
"FWB_0319","FWB_0319_2013","Phoxinus phoxinus_001_Aulne","001_Aulne","Leuciscidae","Phoxinus phoxinus","species","lotic",-3.6805324,48.336464,0.117287590458322,0.00721757862457735,0.669137006338371,0.0447791280894005,62.4,20.8,5,12,0.0519967067139778
"FWB_0319","FWB_0319_2013","Salmo trutta_001_Aulne","001_Aulne","Salmonidae","Salmo trutta","species","lotic",-3.6805324,48.336464,0.86411149825784,0.0114738762881221,0.418868844466114,0.0252168972051307,186,1163.5,5,83,0.0366907734932528
"FWB_0320","FWB_0320_2013","Anguilla anguilla_002_Sarre","002_Sarre","Anguillidae","Anguilla anguilla","species","lotic",-3.129124,48.0078219,0.703323574995695,0.0284796449858664,0.260238907849829,0.00979683643503252,547.6,10635.3,5,254,0.0382764814208989
"FWB_0320","FWB_0320_2013","Barbatula barbatula_002_Sarre","002_Sarre","Nemacheilidae","Barbatula barbatula","species","lotic",-3.129124,48.0078219,0.412949888066127,0.0062629155086555,0.266993742889647,0.0856441507655776,97.25,188.25,4,30,0.0919070662742331
"FWB_0320","FWB_0320_2013","Cottus gobio_002_Sarre","002_Sarre","Cottidae","Cottus gobio","species","lotic",-3.129124,48.0078219,0.429791630790425,0.00218543803048338,0.484072810011376,0.0320016022965388,84.4,9.3,5,7,0.0341870403270222
"FWB_0320","FWB_0320_2013","Esox lucius_002_Sarre","002_Sarre","Esocidae","Esox lucius","species","lotic",-3.129124,48.0078219,0.610297916307904,NA,0.401592718998862,NA,389,NA,1,0,NA
"FWB_0320","FWB_0320_2013","Gobio gobio_002_Sarre","002_Sarre","Gobionidae","Gobio gobio","species","lotic",-3.129124,48.0078219,0.237945582917169,0.0205200065394968,0.279294653014789,0.0763190256967121,128.5,193.666666666667,4,29,0.0968390322362089
"FWB_0320","FWB_0320_2013","Perca fluviatilis_002_Sarre","002_Sarre","Percidae","Perca fluviatilis","species","lotic",-3.129124,48.0078219,0.175305665576029,NA,0.200796359499431,NA,186,NA,1,0,NA
"FWB_0320","FWB_0320_2013","Phoxinus phoxinus_002_Sarre","002_Sarre","Leuciscidae","Phoxinus phoxinus","species","lotic",-3.129124,48.0078219,0.12784570346134,0.00597653722731325,0.172411831626849,0.00112905767361555,74.6,10.3,5,8,0.00710559490092881
"FWB_0320","FWB_0320_2013","Rutilus rutilus_002_Sarre","002_Sarre","Leuciscidae","Rutilus rutilus","species","lotic",-3.129124,48.0078219,0.26445095000287,0.0109265328023091,0.228858551384148,0.0528752465030114,140.666666666667,226.333333333333,3,30,0.0638017793053206
"FWB_0320","FWB_0320_2013","Salmo trutta_002_Sarre","002_Sarre","Salmonidae","Salmo trutta","species","lotic",-3.129124,48.0078219,0.400938522472877,0.0330661610428487,0.656001137656428,0.0613032928617559,190.25,331.583333333333,4,42,0.0943694539046046
"FWB_0321","FWB_0321_2013","Anguilla anguilla_003_Grande Vallée","003_Grande Vallée","Anguillidae","Anguilla anguilla","species","lotic",-1.831727,49.638944,0.865596529284165,0.00790353894438669,0.469744525547445,0.11374646025361,366.2,849.7,5,80,0.121649999197996
"FWB_0321","FWB_0321_2013","Cottus gobio_003_Grande Vallée","003_Grande Vallée","Cottidae","Cottus gobio","species","lotic",-1.831727,49.638944,0.337874186550976,0.0472252059796443,0.945474452554744,0.00322845183547338,67.6,40.8,5,16,0.0504536578151177
"FWB_0321","FWB_0321_2013","Salmo trutta_003_Grande Vallée","003_Grande Vallée","Salmonidae","Salmo trutta","species","lotic",-1.831727,49.638944,0.555835140997831,0.0131752062149153,0.8642700729927,0.020368366721722,228.4,321.8,5,36,0.0335435729366373
"FWB_0322","FWB_0322_2014","Alburnus alburnus_004_Couesnon","004_Couesnon","Leuciscidae","Alburnus alburnus","species","lotic",-1.5039129,48.3780983,0.171505640019617,0.0171529680788143,0.794388197859416,0.00464387090825097,147.8,231.2,5,38,0.0217968389870652
"FWB_0322","FWB_0322_2014","Anguilla anguilla_004_Couesnon","004_Couesnon","Anguillidae","Anguilla anguilla","species","lotic",-1.5039129,48.3780983,0.809073075036783,0.0286782255579707,0.365229968180503,0.0266821461805768,467.8,3480.7,5,133,0.0553603717385476
"FWB_0322","FWB_0322_2014","Barbatula barbatula_004_Couesnon","004_Couesnon","Nemacheilidae","Barbatula barbatula","species","lotic",-1.5039129,48.3780983,0.578273663560569,0.00127315652765194,0.401330633497252,0.0136845758824331,68.8,25.2,5,13,0.014957732410085
"FWB_0322","FWB_0322_2014","Cottus gobio_004_Couesnon","004_Couesnon","Cottidae","Cottus gobio","species","lotic",-1.5039129,48.3780983,0.561598822952428,0.0621330114748669,0.430141741394273,0.0148891513899975,53.8,25.7,5,11,0.0770221628648644
"FWB_0322","FWB_0322_2014","Gobio gobio_004_Couesnon","004_Couesnon","Gobionidae","Gobio gobio","species","lotic",-1.5039129,48.3780983,0.44737616478666,0.00617653524780753,0.452068267283772,0.029669582470668,110.8,224.7,5,33,0.0358461177184755
"FWB_0322","FWB_0322_2014","Phoxinus phoxinus_004_Couesnon","004_Couesnon","Leuciscidae","Phoxinus phoxinus","species","lotic",-1.5039129,48.3780983,0.481902893575282,0.0216640336873825,0.206942435637836,0.0153725312737195,58.2,19.7,5,11,0.037036564961102
"FWB_0322","FWB_0322_2014","Rutilus rutilus_004_Couesnon","004_Couesnon","Leuciscidae","Rutilus rutilus","species","lotic",-1.5039129,48.3780983,0.819568415890142,0.0210219443269198,0.297599074341915,0.0332667327651785,227.4,420.8,5,48,0.0542886770920983
"FWB_0322","FWB_0322_2014","Salmo salar_004_Couesnon","004_Couesnon","Salmonidae","Salmo salar","species","lotic",-1.5039129,48.3780983,0.730848455125061,0.0250544314749102,0.2706971362453,0.0448431906385898,123.4,238.3,5,35,0.0698976221135
"FWB_0322","FWB_0322_2014","Squalius cephalus_004_Couesnon","004_Couesnon","Leuciscidae","Squalius cephalus","species","lotic",-1.5039129,48.3780983,0.339087788131437,0.0303064133650798,0.815099797512294,0.0157587716153053,298.6,303.3,5,47,0.0460651849803851
"FWB_0329","FWB_0329_2013","Alburnoides bipunctatus_011_Gartempe","011_Gartempe","Leuciscidae","Alburnoides bipunctatus","species","lotic",0.859382,46.7569367,0.409596641175589,0.0022861049464896,0.818267446838875,0.0162780969158266,77.2,31.7,5,15,0.0185642018623162
"FWB_0329","FWB_0329_2013","Alburnus alburnus_011_Gartempe","011_Gartempe","Leuciscidae","Alburnus alburnus","species","lotic",0.859382,46.7569367,0.396561203578748,0.00513237670758855,0.786071071785357,0.0095864705336866,84,225,3,30,0.0147188472412751
"FWB_0329","FWB_0329_2013","Anguilla anguilla_011_Gartempe","011_Gartempe","Anguillidae","Anguilla anguilla","species","lotic",0.859382,46.7569367,0.808704453441296,0.00168316220526895,0.517589553303839,0.00834527898790166,684.75,15576.9166666667,4,271,0.0100284411931706
"FWB_0329","FWB_0329_2013","Barbus barbus_011_Gartempe","011_Gartempe","Cyprinidae","Barbus barbus","species","lotic",0.859382,46.7569367,0.639586144849303,0.0155397882446047,0.482232053660625,0.0814178583755945,332.8,53744.7,5,512,0.0969576466201992
"FWB_0329","FWB_0329_2013","Chondrostoma nasus_011_Gartempe","011_Gartempe","Leuciscidae","Chondrostoma nasus","species","lotic",0.859382,46.7569367,0.0641775378617485,NA,0.755102040816326,NA,87,NA,1,0,NA
"FWB_0329","FWB_0329_2013","Esox lucius_011_Gartempe","011_Gartempe","Esocidae","Esox lucius","species","lotic",0.859382,46.7569367,0.820212925476083,NA,0.762380476666191,NA,758,NA,1,0,NA
"FWB_0329","FWB_0329_2013","Gobio gobio_011_Gartempe","011_Gartempe","Gobionidae","Gobio gobio","species","lotic",0.859382,46.7569367,0.36536212325686,0.00679326563188263,0.596660482374768,0.0185053727898638,88.4,194.3,5,32,0.0252986384217465
"FWB_0329","FWB_0329_2013","Phoxinus phoxinus_011_Gartempe","011_Gartempe","Leuciscidae","Phoxinus phoxinus","species","lotic",0.859382,46.7569367,0.286219823061928,0.00201722469560305,0.52410446696161,0.00654923783224054,48.2,269.2,5,40,0.00856646252784359
"FWB_0329","FWB_0329_2013","Rhodeus amarus_011_Gartempe","011_Gartempe","Acheilognathidae","Rhodeus amarus","species","lotic",0.859382,46.7569367,0.163555255660519,0.0563575634267997,0.315149136577708,0.0774432995630165,56.75,184.25,4,28,0.133800862989816
"FWB_0329","FWB_0329_2013","Rutilus rutilus_011_Gartempe","011_Gartempe","Leuciscidae","Rutilus rutilus","species","lotic",0.859382,46.7569367,0.230019493177388,0.0161541975828028,0.676266590552305,0.0275534227439465,114.6,272.8,5,44,0.0437076203267494
"FWB_0329","FWB_0329_2013","Silurus glanis_011_Gartempe","011_Gartempe","Siluridae","Silurus glanis","species","lotic",0.859382,46.7569367,0.871345029239766,0.00950898629474285,0.404709576138148,0.0410699557532316,782.4,53948.8,5,540,0.0505789420479745
"FWB_0329","FWB_0329_2013","Squalius cephalus_011_Gartempe","011_Gartempe","Leuciscidae","Squalius cephalus","species","lotic",0.859382,46.7569367,0.377747788274104,0.000264914027728623,0.806136720422435,0.00321227224324126,232.4,890.3,5,77,0.00347718627096989
"FWB_0330","FWB_0330_2013","Alburnoides bipunctatus_012_l’Anglin","012_l’Anglin","Leuciscidae","Alburnoides bipunctatus","species","lotic",0.9072097,46.6664803,0.295437121305799,0.00588668558350897,0.383338704479536,0.021257574692253,88.2,138.2,5,30,0.027144260275762
"FWB_0330","FWB_0330_2013","Barbatula barbatula_012_l’Anglin","012_l’Anglin","Nemacheilidae","Barbatula barbatula","species","lotic",0.9072097,46.6664803,0.248843823420304,0.00104813076061709,0.368804382855301,0.0270697771609585,64,167.333333333333,5,NA,0.0281179079215756
"FWB_0330","FWB_0330_2013","Barbus barbus_012_l’Anglin","012_l’Anglin","Cyprinidae","Barbus barbus","species","lotic",0.9072097,46.6664803,0.704896747866947,0.00708143810550189,0.757331614566548,0.0212895929896693,496.25,5639.58333333333,4,165,0.0283710310951712
"FWB_0330","FWB_0330_2013","Chondrostoma nasus_012_l’Anglin","012_l’Anglin","Leuciscidae","Chondrostoma nasus","species","lotic",0.9072097,46.6664803,0.229833889781955,0.0611404804008214,0.586099473627672,0.0930061202679085,335.8,4845.7,6,NA,0.15414660066873
"FWB_0330","FWB_0330_2013","Gobio gobio_012_l’Anglin","012_l’Anglin","Gobionidae","Gobio gobio","species","lotic",0.9072097,46.6664803,0.330258439470756,0.00117210558375392,0.557041572671608,0.0105137979951206,111.4,107.3,5,24,0.0116859035788745
"FWB_0330","FWB_0330_2013","Phoxinus phoxinus_012_l’Anglin","012_l’Anglin","Leuciscidae","Phoxinus phoxinus","species","lotic",0.9072097,46.6664803,0.192852726598244,0.00453537086765817,0.240895907186594,0.0297406276441384,66,19.5,5,10,0.0342759985117966
"FWB_0330","FWB_0330_2013","Rutilus rutilus_012_l’Anglin","012_l’Anglin","Leuciscidae","Rutilus rutilus","species","lotic",0.9072097,46.6664803,0.282634681175549,0.00755268382069408,0.136883660973252,0.018003511722202,127.2,186.2,6,NA,0.0255561955428961
"FWB_0330","FWB_0330_2013","Sander lucioperca_012_l’Anglin","012_l’Anglin","Percidae","Sander lucioperca","species","lotic",0.9072097,46.6664803,1,NA,0.820657428295198,NA,679,NA,1,0,NA
"FWB_0330","FWB_0330_2013","Squalius cephalus_012_l’Anglin","012_l’Anglin","Leuciscidae","Squalius cephalus","species","lotic",0.9072097,46.6664803,0.415061209348337,0.00657765496894942,0.688301643570738,0.0248189873532095,251.4,6631.8,5,205,0.031396642322159
"FWB_0331","FWB_0331_2014","Gobio gobio_013_Bléou","013_Bléou","Gobionidae","Gobio gobio","species","lotic",1.3771011,44.7059497,0.513198900091659,0.0360256737694713,0.689948836441657,0.00863723803460829,128,208.5,5,30,0.0446629118040796
"FWB_0331","FWB_0331_2014","Phoxinus phoxinus_013_Bléou","013_Bléou","Leuciscidae","Phoxinus phoxinus","species","lotic",1.3771011,44.7059497,0.609440879926673,0.122199547837863,0.587852780986961,0.0613421370824021,77.8,171.2,5,31,0.183541684920266
"FWB_0331","FWB_0331_2014","Salmo trutta_013_Bléou","013_Bléou","Salmonidae","Salmo trutta","species","lotic",1.3771011,44.7059497,0.857745187901008,0.00927644396575266,0.120812015184024,0.00577063344298204,79.6,18.8,5,10,0.0150470774087347
"FWB_0332","FWB_0332_2014","Barbatula barbatula_014_Nahon","014_Nahon","Nemacheilidae","Barbatula barbatula","species","lotic",1.4573622,47.0077488,0.173914858096828,0.0139765322560417,0.723791397030833,0.00920054892467595,97,37.5,5,16,0.0231770811807176
"FWB_0332","FWB_0332_2014","Cottus gobio_014_Nahon","014_Nahon","Cottidae","Cottus gobio","species","lotic",1.4573622,47.0077488,0.353839732888147,0.00907036996134347,0.896764370003807,0.00188173196008943,88.8,29.2,5,14,0.0109521019214329
"FWB_0332","FWB_0332_2014","Gobio gobio_014_Nahon","014_Nahon","Gobionidae","Gobio gobio","species","lotic",1.4573622,47.0077488,0.265233722871453,0.00365620932633966,0.85999238675295,0.000123016103596965,140.4,62.3,5,19,0.00377922542993663
"FWB_0332","FWB_0332_2014","Phoxinus phoxinus_014_Nahon","014_Nahon","Leuciscidae","Phoxinus phoxinus","species","lotic",1.4573622,47.0077488,0.0593071786310519,0.00151053003614818,0.838903692424819,0.00355203836937407,74.4,16.3,5,8,0.00506256840552225
"FWB_0332","FWB_0332_2014","Pungitius laevis_014_Nahon","014_Nahon","Gasterosteidae","Pungitius laevis","species","lotic",1.4573622,47.0077488,0.758973288814691,0.041582546801709,0.384507042253521,0.0636835364184614,37.8,10.7,5,9,0.10526608322017
"FWB_0332","FWB_0332_2014","Rutilus rutilus_014_Nahon","014_Nahon","Leuciscidae","Rutilus rutilus","species","lotic",1.4573622,47.0077488,0.211936560934892,0.0167423847062857,0.838789493719071,0.00608047248500931,177,139,5,32,0.022822857191295
"FWB_0332","FWB_0332_2014","Squalius cephalus_014_Nahon","014_Nahon","Leuciscidae","Squalius cephalus","species","lotic",1.4573622,47.0077488,0.377337228714524,0.0327850692305763,0.954015987818805,0.00185938054483549,361.8,5838.7,5,175,0.0346444497754118
"FWB_0333","FWB_0333_2014","Barbatula barbatula_015_Vendinelle","015_Vendinelle","Nemacheilidae","Barbatula barbatula","species","lotic",1.8041326,43.5397629,0.492312312312312,0.00618198604009414,0.342999234889059,0.00477338930097428,66.6,27.3,5,11,0.0109553753410684
"FWB_0333","FWB_0333_2014","Cyprinus carpio_015_Vendinelle","015_Vendinelle","Cyprinidae","Cyprinus carpio","species","lotic",1.8041326,43.5397629,0.666066066066066,0.00906719782845909,0.534429992348891,0.0042459230182485,491.8,2625.7,5,122,0.0133131208467076
"FWB_0333","FWB_0333_2014","Gobio gobio_015_Vendinelle","015_Vendinelle","Gobionidae","Gobio gobio","species","lotic",1.8041326,43.5397629,0.522672672672673,0.0239455784613442,0.630068859984698,0.0216629535565365,88.4,284.3,5,41,0.0456085320178808
"FWB_0333","FWB_0333_2014","Rhodeus amarus_015_Vendinelle","015_Vendinelle","Acheilognathidae","Rhodeus amarus","species","lotic",1.8041326,43.5397629,0.880720720720721,0.0134892843293744,0.205776587605203,0.0362105692729807,39.4,224.8,5,33,0.0496998536023551
"FWB_0333","FWB_0333_2014","Rutilus rutilus_015_Vendinelle","015_Vendinelle","Leuciscidae","Rutilus rutilus","species","lotic",1.8041326,43.5397629,0.30996996996997,0.00278222591961331,0.677276205049732,0.0512228530501115,132,486.5,5,51,0.0540050789697248
"FWB_0333","FWB_0333_2014","Squalius cephalus_015_Vendinelle","015_Vendinelle","Leuciscidae","Squalius cephalus","species","lotic",1.8041326,43.5397629,0.0952852852852853,0.00443120598075554,0.88335883703137,0.019692174560032,179.4,554.8,5,56,0.0241233805407875
"FWB_0334","FWB_0334_2013","Alburnoides bipunctatus_017_l’Indre","017_l’Indre","Leuciscidae","Alburnoides bipunctatus","species","lotic",1.8254107,46.7451568,0.366476091476092,0.0076702169445153,0.63080459770115,0.0183738935130136,92.8,53.2,5,20,0.0260441104575289
"FWB_0334","FWB_0334_2013","Barbus barbus_017_l’Indre","017_l’Indre","Cyprinidae","Barbus barbus","species","lotic",1.8254107,46.7451568,0.634680353430353,0.0204855892144743,0.341163793103448,0.0172783929515128,229.75,10780.25,4,220,0.0377639821659872
"FWB_0334","FWB_0334_2013","Cottus gobio_017_l’Indre","017_l’Indre","Cottidae","Cottus gobio","species","lotic",1.8254107,46.7451568,0.685550935550935,0.00381367619218451,0.396264367816092,0.0533855198837363,71.4,24.8,5,10,0.0571991960759208
"FWB_0334","FWB_0334_2013","Gobio gobio_017_l’Indre","017_l’Indre","Gobionidae","Gobio gobio","species","lotic",1.8254107,46.7451568,0.511746361746362,0.0350835788010944,0.577298850574713,0.00533743724402167,118.6,47.3,5,19,0.040421016045116
"FWB_0334","FWB_0334_2013","Perca fluviatilis_017_l’Indre","017_l’Indre","Percidae","Perca fluviatilis","species","lotic",1.8254107,46.7451568,0.829885654885655,0.00669690710621063,0.152758620689655,0.0101537769190117,163.2,89.7,5,23,0.0168506840252223
"FWB_0334","FWB_0334_2013","Phoxinus phoxinus_017_l’Indre","017_l’Indre","Leuciscidae","Phoxinus phoxinus","species","lotic",1.8254107,46.7451568,0.191787941787942,0.0308904428576986,0.467528735632184,0.0460374141233981,73.4,3.3,5,4,0.0769278569810967
"FWB_0334","FWB_0334_2013","Rutilus rutilus_017_l’Indre","017_l’Indre","Leuciscidae","Rutilus rutilus","species","lotic",1.8254107,46.7451568,0.757016632016632,0.0368401545636473,0.545,0.0363847024045448,208.2,192.2,5,33,0.0732248569681921
"FWB_0334","FWB_0334_2013","Squalius cephalus_017_l’Indre","017_l’Indre","Leuciscidae","Squalius cephalus","species","lotic",1.8254107,46.7451568,0.287785862785863,0.0476108494949451,0.893045977011495,0.00528803342581582,301.2,1300.7,5,85,0.0528988829207609
"FWB_0335","FWB_0335_2010","Anguilla anguilla_024_Mauldre, Beynes","024_Mauldre, Beynes","Anguillidae","Anguilla anguilla","species","lotic",1.8796234,48.8434477,0.87872741069672,0.00433793772036168,0.395183665883415,0.037196047605119,593.705882352941,4036.34558823529,17,260,0.0415339853254807
"FWB_0335","FWB_0335_2010","Barbatula barbatula_024_Mauldre, Beynes","024_Mauldre, Beynes","Nemacheilidae","Barbatula barbatula","species","lotic",1.8796234,48.8434477,0.679210463449594,0.0132594797732506,0.565244865718799,0.0114404999686643,88.1,11.2526315789474,20,11,0.024699979741915
"FWB_0335","FWB_0335_2010","Carassius carassius_024_Mauldre, Beynes","024_Mauldre, Beynes","Cyprinidae","Carassius carassius","species","lotic",1.8796234,48.8434477,0.459119684663163,0.108745990748175,0.740972692394493,0.0143209571513069,202.5,12575,4,235,0.123066947899481
"FWB_0335","FWB_0335_2010","Cyprinus carpio_024_Mauldre, Beynes","024_Mauldre, Beynes","Cyprinidae","Cyprinus carpio","species","lotic",1.8796234,48.8434477,0.506808408982322,0.105958300927557,0.76596705032724,0.0231773219608814,594,8712,2,132,0.129135622888438
"FWB_0335","FWB_0335_2010","Gasterosteus aculeatus_024_Mauldre, Beynes","024_Mauldre, Beynes","Gasterosteidae","Gasterosteus aculeatus","species","lotic",1.8796234,48.8434477,0.789514154323937,0.00731194780109447,0.395142180094787,0.0150472435379718,51.5,18.6666666666667,16,14,0.0223591913390663
"FWB_0335","FWB_0335_2010","Gobio gobio_024_Mauldre, Beynes","024_Mauldre, Beynes","Gobionidae","Gobio gobio","species","lotic",1.8796234,48.8434477,0.661311514572384,0.00407077048781281,0.609061160009027,0.0494804535921569,111.75,310.066666666667,16,60,0.0535512240799697
"FWB_0335","FWB_0335_2010","Perca fluviatilis_024_Mauldre, Beynes","024_Mauldre, Beynes","Percidae","Perca fluviatilis","species","lotic",1.8796234,48.8434477,0.740922121356904,NA,0,NA,91,NA,1,0,NA
"FWB_0335","FWB_0335_2010","Pungitius laevis_024_Mauldre, Beynes","024_Mauldre, Beynes","Gasterosteidae","Pungitius laevis","species","lotic",1.8796234,48.8434477,0.918276696129957,0.00525824335380061,0.562457684495599,0.0302312226373745,44.5,16.6666666666667,16,13,0.0354894659911751
"FWB_0335","FWB_0335_2010","Rutilus rutilus_024_Mauldre, Beynes","024_Mauldre, Beynes","Leuciscidae","Rutilus rutilus","species","lotic",1.8796234,48.8434477,0.682543000477783,0.0318295243372234,0.511058451816746,0.02165445190727,76,914.666666666667,4,58,0.0534839762444934
"FWB_0335","FWB_0335_2010","Squalius cephalus_024_Mauldre, Beynes","024_Mauldre, Beynes","Leuciscidae","Squalius cephalus","species","lotic",1.8796234,48.8434477,0.417784556580543,0.0324822170199919,0.769421731507039,0.0205926531737465,138.846153846154,13596.3076923077,13,442,0.0530748701937384
"FWB_0336","FWB_0336_2009","Barbatula barbatula_026_Ru des Vaux, Auffargis","026_Ru des Vaux, Auffargis","Nemacheilidae","Barbatula barbatula","species","lotic",1.9117367,48.6991596,0.40026202552946,0.0134907854147535,0.662019804256909,0.0520942012004823,101.823529411765,192.779411764706,17,51,0.0655849866152357
"FWB_0336","FWB_0336_2009","Perca fluviatilis_026_Ru des Vaux, Auffargis","026_Ru des Vaux, Auffargis","Percidae","Perca fluviatilis","species","lotic",1.9117367,48.6991596,0.593574692573467,0.00609549008848736,0.26201052795238,0.0270992574657804,146.681818181818,367.84632034632,22,74,0.0331947475542678
"FWB_0336","FWB_0336_2009","Rutilus rutilus_026_Ru des Vaux, Auffargis","026_Ru des Vaux, Auffargis","Leuciscidae","Rutilus rutilus","species","lotic",1.9117367,48.6991596,0.590225275847977,0.055877528095001,0.581068287319814,0.0274771806237927,151.1875,262.429166666667,16,52,0.0833547087187937
"FWB_0337","FWB_0337_2014","Anguilla anguilla_027_Créquoise","027_Créquoise","Anguillidae","Anguilla anguilla","species","lotic",1.9173593,50.4359279,0.877543497493365,0.0188423769234589,0.527615334632878,0.16338853092992,500,1400,4,90,0.182230907853379
"FWB_0337","FWB_0337_2014","Cottus gobio_027_Créquoise","027_Créquoise","Cottidae","Cottus gobio","species","lotic",1.9173593,50.4359279,0.292362135063403,0.0443198168587013,0.555815464587394,0.111864608757955,76.2,143.7,5,27,0.156184425616656
"FWB_0337","FWB_0337_2014","Salmo salar_027_Créquoise","027_Créquoise","Salmonidae","Salmo salar","species","lotic",1.9173593,50.4359279,0.280153347095252,0.0124212521200976,0.244119558154646,0.0345646924810883,105,65.5,5,19,0.0469859446011859
"FWB_0337","FWB_0337_2014","Salmo trutta_027_Créquoise","027_Créquoise","Salmonidae","Salmo trutta","species","lotic",1.9173593,50.4359279,0.582306104393984,0.0302432297542691,0.676348278102664,0.053022455785699,253.6,434.3,5,51,0.0832656855399681
"FWB_0338","FWB_0338_2009","Barbatula barbatula_029_Aulne, La-Celle-lès-Bordes","029_Aulne, La-Celle-lès-Bordes","Nemacheilidae","Barbatula barbatula","species","lotic",1.9496198,48.63875,0.117260061919505,0.0307601134392163,0.385315139701107,0.00598886393660849,112.666666666667,92.3333333333333,3,19,0.0367489773758248
"FWB_0338","FWB_0338_2009","Perca fluviatilis_029_Aulne, La-Celle-lès-Bordes","029_Aulne, La-Celle-lès-Bordes","Percidae","Perca fluviatilis","species","lotic",1.9496198,48.63875,0.822626418988648,0.0286390189528639,0.412280701754387,0.273084025854109,171.666666666667,21.3333333333333,3,8,0.301723044806972
"FWB_0339","FWB_0339_2009","Barbatula barbatula_031_Rémarde, Saint-Arnoult-en-Yveline, aval","031_Rémarde, Saint-Arnoult-en-Yveline, aval","Nemacheilidae","Barbatula barbatula","species","lotic",1.9643203,48.5744238,0.197753435772605,0.0172673165942083,0.723842221033232,0.0174723135859321,97.4761904761905,44.3619047619048,21,28,0.0347396301801404
"FWB_0339","FWB_0339_2009","Gasterosteus aculeatus_031_Rémarde, Saint-Arnoult-en-Yveline, aval","031_Rémarde, Saint-Arnoult-en-Yveline, aval","Gasterosteidae","Gasterosteus aculeatus","species","lotic",1.9643203,48.5744238,0.806389776357828,0.0209672830180975,0.236079900124844,0.0560120600653678,67.4,4.3,5,5,0.0769793430834653
"FWB_0340","FWB_0340_2009","Barbatula barbatula_033_Yvette, Maincourt-sur-Yvette","033_Yvette, Maincourt-sur-Yvette","Nemacheilidae","Barbatula barbatula","species","lotic",1.9724565,48.7166572,0.769664065151001,0.0150536643926194,0.239752252252252,0.0193089098388929,100,42.5,5,16,0.0343625742315123
"FWB_0340","FWB_0340_2009","Gobio gobio_033_Yvette, Maincourt-sur-Yvette","033_Yvette, Maincourt-sur-Yvette","Gobionidae","Gobio gobio","species","lotic",1.9724565,48.7166572,0.553387625834181,0.0393278515149705,0.548916103603604,0.0603744790888477,114.818181818182,120.363636363636,12,NA,0.0997023306038181
"FWB_0340","FWB_0340_2009","Squalius cephalus_033_Yvette, Maincourt-sur-Yvette","033_Yvette, Maincourt-sur-Yvette","Leuciscidae","Squalius cephalus","species","lotic",1.9724565,48.7166572,0.435442823210044,0.125945688615605,0.298845720720721,0.0664100809001569,283.5,2243.66666666667,4,102,0.192355769515761
"FWB_0341","FWB_0341_2009","Barbatula barbatula_036_Aulne, Bullion","036_Aulne, Bullion","Nemacheilidae","Barbatula barbatula","species","lotic",1.9956741,48.6033552,0.546828325426111,0.0507326165678773,0.393444541995903,0.0547756775552151,84.9333333333333,77.6505747126437,30,33,0.105508294123092
"FWB_0341","FWB_0341_2009","Cottus gobio_036_Aulne, Bullion","036_Aulne, Bullion","Cottidae","Cottus gobio","species","lotic",1.9956741,48.6033552,0.909225092250923,0.00727911812592028,0.519315188762072,0.0439021067260916,63.8,1713.7,5,98,0.0511812248520118
"FWB_0341","FWB_0341_2009","Gobio gobio_036_Aulne, Bullion","036_Aulne, Bullion","Gobionidae","Gobio gobio","species","lotic",1.9956741,48.6033552,0.637020860004518,0.0322838497822221,0.742882227517873,0.0494878621845657,119.428571428571,117.285714285714,7,32,0.0817717119667878
"FWB_0342","FWB_0342_2009","Barbatula barbatula_037_Orge, Dourdan","037_Orge, Dourdan","Nemacheilidae","Barbatula barbatula","species","lotic",2.0113725,48.5273541,0.160382513661202,0.00826208448650068,0.464455569461827,0.0150761338162125,80.2,58.4842105263158,20,30,0.0233382183027132
"FWB_0342","FWB_0342_2009","Gasterosteus aculeatus_037_Orge, Dourdan","037_Orge, Dourdan","Gasterosteidae","Gasterosteus aculeatus","species","lotic",2.0113725,48.5273541,0.675846994535519,0.0333504135686345,0.227284105131414,0.0259884381414803,39.8,6.7,5,7,0.0593388517101148
"FWB_0342","FWB_0342_2009","Gobio gobio_037_Orge, Dourdan","037_Orge, Dourdan","Gobionidae","Gobio gobio","species","lotic",2.0113725,48.5273541,0.261256830601093,0.0128362639331465,0.762143155134394,0.0145352296607175,114.266666666667,49.6380952380952,15,24,0.027371493593864
"FWB_0342","FWB_0342_2009","Perca fluviatilis_037_Orge, Dourdan","037_Orge, Dourdan","Percidae","Perca fluviatilis","species","lotic",2.0113725,48.5273541,0.55129781420765,0.0927996444106025,0.431655640979796,0.000811026618193946,156.75,2400.91666666667,4,101,0.0936106710287965
"FWB_0342","FWB_0342_2009","Rhodeus amarus_037_Orge, Dourdan","037_Orge, Dourdan","Acheilognathidae","Rhodeus amarus","species","lotic",2.0113725,48.5273541,0.0913479052823315,0.00362576766500445,0.536086775135586,0.00560630078463364,56,28,3,10,0.00923206844963809
"FWB_0342","FWB_0342_2009","Rutilus rutilus_037_Orge, Dourdan","037_Orge, Dourdan","Leuciscidae","Rutilus rutilus","species","lotic",2.0113725,48.5273541,0.480072859744991,0.00501553246339594,0.265891888670362,0.0253090003876287,169.733333333333,242.638095238095,15,54,0.0303245328510247
"FWB_0342","FWB_0342_2009","Squalius cephalus_037_Orge, Dourdan","037_Orge, Dourdan","Leuciscidae","Squalius cephalus","species","lotic",2.0113725,48.5273541,0.278551912568306,0.0409847055915541,0.647309136420526,0.0250715555308482,232.8,4453.06666666667,10,221,0.0660562611224023
"FWB_0343","FWB_0343_2013","Phoxinus phoxinus_040_l’Aude","040_l’Aude","Leuciscidae","Phoxinus phoxinus","species","lotic",2.0743202,42.5551044,0.18326359832636,0.0277405393277214,0.601980198019802,0.141856110384717,91.4,157.3,5,28,0.169596649712439
"FWB_0343","FWB_0343_2013","Salmo trutta_040_l’Aude","040_l’Aude","Salmonidae","Salmo trutta","species","lotic",2.0743202,42.5551044,0.881649731022116,0.0124431523629217,0.659405940594059,0.00451631895509421,169.6,134.8,5,28,0.0169594713180159
"FWB_0346","FWB_0346_2010","Anguilla anguilla_043_Yvette, Saint-Rémy-lès-Chevreuse","043_Yvette, Saint-Rémy-lès-Chevreuse","Anguillidae","Anguilla anguilla","species","lotic",2.088831,48.7046548,0.782508335470634,0.0111406236504833,0.628117682988904,0.000656722222159472,485,26450,2,230,0.0117973458726427
"FWB_0346","FWB_0346_2010","Barbatula barbatula_043_Yvette, Saint-Rémy-lès-Chevreuse","043_Yvette, Saint-Rémy-lès-Chevreuse","Nemacheilidae","Barbatula barbatula","species","lotic",2.088831,48.7046548,0.56600250064119,0.00282715140776874,0.49787488547287,0.00363073988406427,81.9375,36.1958333333333,16,21,0.00645789129183301
"FWB_0346","FWB_0346_2010","Blicca bjoerkna_043_Yvette, Saint-Rémy-lès-Chevreuse","043_Yvette, Saint-Rémy-lès-Chevreuse","Leuciscidae","Blicca bjoerkna","species","lotic",2.088831,48.7046548,0.601372146704283,0.00100845759110802,0.77036886219417,0.00194828974390711,93.6666666666667,106.666666666667,6,31,0.00295674733501514
"FWB_0346","FWB_0346_2010","Cottus gobio_043_Yvette, Saint-Rémy-lès-Chevreuse","043_Yvette, Saint-Rémy-lès-Chevreuse","Cottidae","Cottus gobio","species","lotic",2.088831,48.7046548,0.662109942720356,0.00421635343335826,0.67096949336591,0.00431036727317402,101.733333333333,175.352380952381,15,46,0.00852672070653228
"FWB_0346","FWB_0346_2010","Gobio gobio_043_Yvette, Saint-Rémy-lès-Chevreuse","043_Yvette, Saint-Rémy-lès-Chevreuse","Gobionidae","Gobio gobio","species","lotic",2.088831,48.7046548,0.523820210310336,0.00185476541631483,0.67259874783671,0.00473313751504725,121,148.666666666667,16,37,0.00658790293136208
"FWB_0346","FWB_0346_2010","Perca fluviatilis_043_Yvette, Saint-Rémy-lès-Chevreuse","043_Yvette, Saint-Rémy-lès-Chevreuse","Percidae","Perca fluviatilis","species","lotic",2.088831,48.7046548,0.746986406770967,0.0204361087801256,0.616970375648987,0.00128618465465086,159.25,1274.25,4,87,0.0217222934347764
"FWB_0346","FWB_0346_2010","Pungitius laevis_043_Yvette, Saint-Rémy-lès-Chevreuse","043_Yvette, Saint-Rémy-lès-Chevreuse","Gasterosteidae","Pungitius laevis","species","lotic",2.088831,48.7046548,0.78468196973583,0.017386659088655,0.633299399368828,0.00159548658566649,46.2,8.58947368421053,20,11,0.0189821456743215
"FWB_0346","FWB_0346_2010","Rhodeus amarus_043_Yvette, Saint-Rémy-lès-Chevreuse","043_Yvette, Saint-Rémy-lès-Chevreuse","Acheilognathidae","Rhodeus amarus","species","lotic",2.088831,48.7046548,0.392041915509471,0.00969732073978097,0.508224138683265,0.00436258444972368,40.2857142857143,9.9047619047619,7,9,0.0140599051895046
"FWB_0346","FWB_0346_2010","Rutilus rutilus_043_Yvette, Saint-Rémy-lès-Chevreuse","043_Yvette, Saint-Rémy-lès-Chevreuse","Leuciscidae","Rutilus rutilus","species","lotic",2.088831,48.7046548,0.585534752500641,0.0296960270570177,0.554948911523439,0.0227486714170109,129.526315789474,806.152046783626,19,91,0.0524446984740287
"FWB_0346","FWB_0346_2010","Squalius cephalus_043_Yvette, Saint-Rémy-lès-Chevreuse","043_Yvette, Saint-Rémy-lès-Chevreuse","Leuciscidae","Squalius cephalus","species","lotic",2.088831,48.7046548,0.354793769964327,0.0297006278210003,0.504201641786901,0.0397059994911373,209.5,2873.59523809524,22,181,0.0694066273121376
"FWB_0348","FWB_0348_2009","Barbatula barbatula_045_Prédecelle, St-Maurice-Montcouronne","045_Prédecelle, St-Maurice-Montcouronne","Nemacheilidae","Barbatula barbatula","species","lotic",2.1059272,48.5765282,0.721211377122979,0.015391616580696,0.480213732300294,0.0390817576726534,89.8,57.25,25,32,0.0544733742533494
"FWB_0348","FWB_0348_2009","Cottus gobio_045_Prédecelle, St-Maurice-Montcouronne","045_Prédecelle, St-Maurice-Montcouronne","Cottidae","Cottus gobio","species","lotic",2.1059272,48.5765282,0.894925312052384,0.000942981109100035,0.518728292813252,0.0342014007231523,101.4,255.8,5,41,0.0351443818322523
"FWB_0348","FWB_0348_2009","Gobio gobio_045_Prédecelle, St-Maurice-Montcouronne","045_Prédecelle, St-Maurice-Montcouronne","Gobionidae","Gobio gobio","species","lotic",2.1059272,48.5765282,0.656998158379374,0.00496969232876174,0.739353459791611,0.0157155005905642,126,74.4444444444444,10,28,0.0206851929193259
"FWB_0348","FWB_0348_2009","Lepomis gibbosus_045_Prédecelle, St-Maurice-Montcouronne","045_Prédecelle, St-Maurice-Montcouronne","Centrarchidae","Lepomis gibbosus","species","lotic",2.1059272,48.5765282,0.5036627788009,0.00415087651687289,0.695752070531659,0.0128011829223438,61.6,83.3,5,21,0.0169520594392167
"FWB_0348","FWB_0348_2009","Leuciscus leuciscus_045_Prédecelle, St-Maurice-Montcouronne","045_Prédecelle, St-Maurice-Montcouronne","Leuciscidae","Leuciscus leuciscus","species","lotic",2.1059272,48.5765282,0.529926335174954,0.00747413857245784,0.476489446967673,0.00386297721014387,119.5,60.5,2,11,0.0113371157826017
"FWB_0348","FWB_0348_2009","Squalius cephalus_045_Prédecelle, St-Maurice-Montcouronne","045_Prédecelle, St-Maurice-Montcouronne","Leuciscidae","Squalius cephalus","species","lotic",2.1059272,48.5765282,0.14682832003274,0.00504318604020422,0.767886721880844,0.0280728782604543,217.6,935.6,10,103,0.0331160643006586
"FWB_0349","FWB_0349_2009","Barbatula barbatula_046_Prédecelle, Briis-ss-Forge","046_Prédecelle, Briis-ss-Forge","Nemacheilidae","Barbatula barbatula","species","lotic",2.1172739,48.6209589,0.498908069883528,0.0703617899284015,0.376837363679469,0.0410263256336476,108.375,58.2678571428571,8,24,0.111388115562049
"FWB_0349","FWB_0349_2009","Gasterosteus aculeatus_046_Prédecelle, Briis-ss-Forge","046_Prédecelle, Briis-ss-Forge","Gasterosteidae","Gasterosteus aculeatus","species","lotic",2.1172739,48.6209589,0.917221297836938,0.00519845598434114,0.30567409514778,0.00731192748487051,49.3333333333333,420.333333333333,3,36,0.0125103834692117
"FWB_0349","FWB_0349_2009","Phoxinus phoxinus_046_Prédecelle, Briis-ss-Forge","046_Prédecelle, Briis-ss-Forge","Leuciscidae","Phoxinus phoxinus","species","lotic",2.1172739,48.6209589,0.257348863006101,0.0195781615088317,0.687055476529161,0.0251214209438361,84.5833333333333,46.0833333333333,12,22,0.0446995824526678
"FWB_0353","FWB_0353_2010","Abramis brama_052_Orge, Breuillet","052_Orge, Breuillet","Leuciscidae","Abramis brama","species","lotic",2.1866277,48.5693986,0.825008108984755,0.00268682779988278,0.322613118575819,0.00086713595653587,459,338,2,26,0.00355396375641865
"FWB_0353","FWB_0353_2010","Anguilla anguilla_052_Orge, Breuillet","052_Orge, Breuillet","Anguillidae","Anguilla anguilla","species","lotic",2.1866277,48.5693986,0.858457671099578,0.00345359766957826,0.213547737628484,0.00242659186690562,491.25,8456.25,4,225,0.00588018953648388
"FWB_0353","FWB_0353_2010","Barbatula barbatula_052_Orge, Breuillet","052_Orge, Breuillet","Nemacheilidae","Barbatula barbatula","species","lotic",2.1866277,48.5693986,0.447670018380366,0.00271796657364808,0.216582482662805,0.00157710006539732,85.9444444444444,121.232026143791,18,35,0.0042950666390454
"FWB_0353","FWB_0353_2010","Cottus gobio_052_Orge, Breuillet","052_Orge, Breuillet","Cottidae","Cottus gobio","species","lotic",2.1866277,48.5693986,0.515182514533796,0.00322005574561653,0.239173140095043,0.00256980536720352,88.0769230769231,373.076923076923,13,74,0.00578986111282005
"FWB_0353","FWB_0353_2010","Esox lucius_052_Orge, Breuillet","052_Orge, Breuillet","Esocidae","Esox lucius","species","lotic",2.1866277,48.5693986,1,NA,0.434778001483522,NA,546,NA,1,0,NA
"FWB_0353","FWB_0353_2010","Gasterosteus aculeatus_052_Orge, Breuillet","052_Orge, Breuillet","Gasterosteidae","Gasterosteus aculeatus","species","lotic",2.1866277,48.5693986,0.668585793058709,0.000268927390945853,0.105912896047473,0.00136457035720584,50.5,0.5,2,1,0.00163349774815169
"FWB_0353","FWB_0353_2010","Gobio gobio_052_Orge, Breuillet","052_Orge, Breuillet","Gobionidae","Gobio gobio","species","lotic",2.1866277,48.5693986,0.494419110492072,0.00368712242070742,0.195824944367913,0.00136662662525602,80.6470588235294,129.492647058824,17,39,0.00505374904596343
"FWB_0353","FWB_0353_2010","Leuciscus leuciscus_052_Orge, Breuillet","052_Orge, Breuillet","Leuciscidae","Leuciscus leuciscus","species","lotic",2.1866277,48.5693986,0.547133473889069,0.00275670866029351,0.270954752569673,0.00472107755141383,179.625,3039.125,8,145,0.00747778621170734
"FWB_0353","FWB_0353_2010","Perca fluviatilis_052_Orge, Breuillet","052_Orge, Breuillet","Percidae","Perca fluviatilis","species","lotic",2.1866277,48.5693986,0.669234511839118,0.0139762517114978,0.214429525121482,0.00657967894389337,136.5,1039.34615384615,14,119,0.0205559306553911
"FWB_0353","FWB_0353_2010","Pungitius laevis_052_Orge, Breuillet","052_Orge, Breuillet","Gasterosteidae","Pungitius laevis","species","lotic",2.1866277,48.5693986,0.799676888145912,0.00336351538504189,0.153450819605318,0.00549752401919098,45.4230769230769,14.6538461538462,26,14,0.00886103940423286
"FWB_0353","FWB_0353_2010","Rutilus rutilus_052_Orge, Breuillet","052_Orge, Breuillet","Leuciscidae","Rutilus rutilus","species","lotic",2.1866277,48.5693986,0.332077235694797,0.0294570544788304,0.479713767460995,0.0940019703435397,100.705882352941,357.220588235294,17,54,0.12345902482237
"FWB_0353","FWB_0353_2010","Squalius cephalus_052_Orge, Breuillet","052_Orge, Breuillet","Leuciscidae","Squalius cephalus","species","lotic",2.1866277,48.5693986,0.646042815439507,0.0184907235634209,0.472060329907103,0.0203726826439227,376.833333333333,7198.56666666667,6,229,0.0388634062073436
"FWB_0354","FWB_0354_2009","Barbatula barbatula_053_Yvette, Villebon-sur-Yvette","053_Yvette, Villebon-sur-Yvette","Nemacheilidae","Barbatula barbatula","species","lotic",2.2346486,48.7008578,0.386411668918685,0.0330378330477197,0.447984186089275,0.0170386276154563,79.3333333333333,29.7647058823529,18,24,0.0500764606631759
"FWB_0354","FWB_0354_2009","Gobio gobio_053_Yvette, Villebon-sur-Yvette","053_Yvette, Villebon-sur-Yvette","Gobionidae","Gobio gobio","species","lotic",2.2346486,48.7008578,0.257873401933271,0.0146179358742063,0.62640670252379,0.024301302626599,99.4,104.042105263158,20,48,0.0389192385008054
"FWB_0354","FWB_0354_2009","Perca fluviatilis_053_Yvette, Villebon-sur-Yvette","053_Yvette, Villebon-sur-Yvette","Percidae","Perca fluviatilis","species","lotic",2.2346486,48.7008578,1,NA,0.263756723210591,NA,176,NA,1,0,NA
"FWB_0354","FWB_0354_2009","Rutilus rutilus_053_Yvette, Villebon-sur-Yvette","053_Yvette, Villebon-sur-Yvette","Leuciscidae","Rutilus rutilus","species","lotic",2.2346486,48.7008578,0.514483941378235,0.0202618789823238,0.255750930906082,0.0254451360726497,199.05,741.102631578947,20,98,0.0457070150549735
"FWB_0355","FWB_0355_2009","Barbatula barbatula_054_Rouillon, Ballainvillier","054_Rouillon, Ballainvillier","Nemacheilidae","Barbatula barbatula","species","lotic",2.29522,48.6777192,0.257323403294967,0.0204215740146921,0.464378971692663,0.0577094769058316,95.3,177.596551724138,30,45,0.0781310509205237
"FWB_0355","FWB_0355_2009","Gasterosteus aculeatus_054_Rouillon, Ballainvillier","054_Rouillon, Ballainvillier","Gasterosteidae","Gasterosteus aculeatus","species","lotic",2.29522,48.6777192,0.773911081020086,0.032620963451679,0.363050259965338,0.0493926092350021,62.6,29.8,5,14,0.082013572686681
"FWB_0356","FWB_0356_2009","Barbatula barbatula_055_Orge, Viry-Châtillon","055_Orge, Viry-Châtillon","Nemacheilidae","Barbatula barbatula","species","lotic",2.3585448,48.6728894,0.460213092724131,0.0186700233013626,0.647809180576631,0.0428209126431663,76.75,55.5,24,32,0.0614909359445289
"FWB_0356","FWB_0356_2009","Blicca bjoerkna_055_Orge, Viry-Châtillon","055_Orge, Viry-Châtillon","Leuciscidae","Blicca bjoerkna","species","lotic",2.3585448,48.6728894,0.947910667434568,0.00145542606868072,0.659205867475974,0.00770915989109972,279.5,1099.5,6,78,0.00916458595978044
"FWB_0356","FWB_0356_2009","Perca fluviatilis_055_Orge, Viry-Châtillon","055_Orge, Viry-Châtillon","Percidae","Perca fluviatilis","species","lotic",2.3585448,48.6728894,0.712916746656428,0.0153180935956133,0.443538189175518,0.0422556277798909,137.166666666667,299.969696969697,12,65,0.0575737213755042
"FWB_0356","FWB_0356_2009","Rutilus rutilus_055_Orge, Viry-Châtillon","055_Orge, Viry-Châtillon","Leuciscidae","Rutilus rutilus","species","lotic",2.3585448,48.6728894,0.744694832907542,0.00631184048171887,0.409667911754407,0.0364980775917329,200.961538461538,1598.03846153846,26,150,0.0428099180734517
"FWB_0356","FWB_0356_2009","Squalius cephalus_055_Orge, Viry-Châtillon","055_Orge, Viry-Châtillon","Leuciscidae","Squalius cephalus","species","lotic",2.3585448,48.6728894,0.21343401377957,0.00909511482958926,0.703802056988703,0.0713348175554024,304.333333333333,1706.75,9,152,0.0804299323849917
"FWB_0357","FWB_0357_2014","Barbatula barbatula_056_Cère","056_Cère","Nemacheilidae","Barbatula barbatula","species","lotic",2.3697159,44.8772339,0.670385526599181,0.00366742372903212,0.235694673256452,0.0139283033593373,97.8,13.2,5,8,0.0175957270883694
"FWB_0357","FWB_0357_2014","Gobio gobio_056_Cère","056_Cère","Gobionidae","Gobio gobio","species","lotic",2.3697159,44.8772339,0.564204178332974,0.11842358063795,0.495167490389895,0.152891603270285,118.6,86.3,5,21,0.271315183908235
"FWB_0357","FWB_0357_2014","Leuciscus leuciscus_056_Cère","056_Cère","Leuciscidae","Leuciscus leuciscus","species","lotic",2.3697159,44.8772339,0.860219685548137,NA,0.465403624382208,NA,104,NA,1,0,NA
"FWB_0357","FWB_0357_2014","Phoxinus phoxinus_056_Cère","056_Cère","Leuciscidae","Phoxinus phoxinus","species","lotic",2.3697159,44.8772339,0.458324359250485,0.0695495325073018,0.273750686436024,0.022218475284232,75.2,47.7,5,19,0.0917680077915338
"FWB_0357","FWB_0357_2014","Salmo trutta_056_Cère","056_Cère","Salmonidae","Salmo trutta","species","lotic",2.3697159,44.8772339,0.863838035752746,0.013552122980785,0.664634816035145,0.0541151179976363,253.4,313.3,5,44,0.0676672409784213
"FWB_0357","FWB_0357_2014","Squalius cephalus_056_Cère","056_Cère","Leuciscidae","Squalius cephalus","species","lotic",2.3697159,44.8772339,0.348136980400603,0.0264302979448078,0.269302580999451,0.00858819296866349,149.6,123.3,5,27,0.0350184909134713
"FWB_0357","FWB_0357_2014","Thymallus thymallus_056_Cère","056_Cère","Salmonidae","Thymallus thymallus","species","lotic",2.3697159,44.8772339,0.842415105176251,0.00313772438164335,0.633717737506864,0.045305757679112,166.333333333333,576.333333333333,3,48,0.0484434820607553
"FWB_0359","FWB_0359_2013","Barbatula barbatula_058_petite Sauldre","058_petite Sauldre","Nemacheilidae","Barbatula barbatula","species","lotic",2.4696565,47.3044787,0.442571234735414,0.0116022476429988,0.546813123283712,0.00649002880794283,87.4,6.8,5,6,0.0180922764509416
"FWB_0359","FWB_0359_2013","Cottus gobio_058_petite Sauldre","058_petite Sauldre","Cottidae","Cottus gobio","species","lotic",2.4696565,47.3044787,0.527815468113976,0.00335302237885446,0.605116346292817,0.00635584755952372,63.4,4.3,5,5,0.00970886993837817
"FWB_0359","FWB_0359_2013","Gobio gobio_058_petite Sauldre","058_petite Sauldre","Gobionidae","Gobio gobio","species","lotic",2.4696565,47.3044787,0.531478968792402,0.00520253595105758,0.618586500939442,0.0545000402213702,86.4,58.3,5,18,0.0597025761724278
"FWB_0359","FWB_0359_2013","Lepomis gibbosus_058_petite Sauldre","058_petite Sauldre","Centrarchidae","Lepomis gibbosus","species","lotic",2.4696565,47.3044787,0.427985074626866,0.00638762406359715,0.575950281832635,0.00499730941906366,71.4,46.8,5,15,0.0113849334826608
"FWB_0359","FWB_0359_2013","Perca fluviatilis_058_petite Sauldre","058_petite Sauldre","Percidae","Perca fluviatilis","species","lotic",2.4696565,47.3044787,0.723824061510629,0.0125483888685351,0.67490485137544,0.000586585149128191,196.666666666667,985.333333333333,3,60,0.0131349740176633
"FWB_0359","FWB_0359_2013","Phoxinus phoxinus_058_petite Sauldre","058_petite Sauldre","Leuciscidae","Phoxinus phoxinus","species","lotic",2.4696565,47.3044787,0.201289009497965,0.0204521607225375,0.575343257696199,0.0301989839231705,70.8,33.2,5,12,0.0506511446457081
"FWB_0359","FWB_0359_2013","Rhodeus amarus_058_petite Sauldre","058_petite Sauldre","Acheilognathidae","Rhodeus amarus","species","lotic",2.4696565,47.3044787,0.333887381275441,0.0115135753098943,0.20075155369273,0.0218834856150687,64.2,20.2,5,11,0.033397060924963
"FWB_0359","FWB_0359_2013","Rutilus rutilus_058_petite Sauldre","058_petite Sauldre","Leuciscidae","Rutilus rutilus","species","lotic",2.4696565,47.3044787,0.563772048846676,0.00335289293019299,0.528891458303223,0.00381760023241706,174,193.5,5,33,0.00717049316261005
"FWB_0359","FWB_0359_2013","Salmo trutta_058_petite Sauldre","058_petite Sauldre","Salmonidae","Salmo trutta","species","lotic",2.4696565,47.3044787,1,NA,0.745772510478393,NA,318,NA,1,0,NA
"FWB_0359","FWB_0359_2013","Squalius cephalus_058_petite Sauldre","058_petite Sauldre","Leuciscidae","Squalius cephalus","species","lotic",2.4696565,47.3044787,0.519877883310719,0.0216274107368057,0.81887556005203,0.00216516931275099,317.6,1661.3,5,111,0.0237925800495567
"FWB_0360","FWB_0360_2014","Barbatula barbatula_059_Almont","059_Almont","Nemacheilidae","Barbatula barbatula","species","lotic",2.7356275,48.5590133,0.824816694867456,0.00616100567228738,0.590152943641315,0.107753202166545,83,16.5,5,9,0.113914207838832
"FWB_0360","FWB_0360_2014","Cottus gobio_059_Almont","059_Almont","Cottidae","Cottus gobio","species","lotic",2.7356275,48.5590133,0.811844331641286,0.0385866648597801,0.774020532160067,0.0208055087083927,77.2,40.7,5,15,0.0593921735681728
"FWB_0360","FWB_0360_2014","Phoxinus phoxinus_059_Almont","059_Almont","Leuciscidae","Phoxinus phoxinus","species","lotic",2.7356275,48.5590133,0.292836999435984,0.0447521559368467,0.130106851037083,0.0133147560025492,66.2,4.7,5,5,0.0580669119393959
"FWB_0361","FWB_0361_2013","Cottus gobio_061_Couze Chambon","061_Couze Chambon","Cottidae","Cottus gobio","species","lotic",2.8829685,45.5574074,0.385311398354877,0.135984070720698,0.784810690423163,0.0212409015828295,104,142.5,5,27,0.157224972303527
"FWB_0361","FWB_0361_2013","Salmo trutta_061_Couze Chambon","061_Couze Chambon","Salmonidae","Salmo trutta","species","lotic",2.8829685,45.5574074,0.323149236192715,0.0432612976231736,0.205567928730512,0.0206976403886885,209.4,712.8,5,56,0.0639589380118622
"FWB_0363","FWB_0363_2013","Cottus gobio_071_Vis","071_Vis","Cottidae","Cottus gobio","species","lotic",3.4905225,43.8972981,0.192082007776599,0.0325810880866889,0.209875163033352,0.0384401928449913,74,19.5,5,11,0.0710212809316802
"FWB_0363","FWB_0363_2013","Salmo trutta_071_Vis","071_Vis","Salmonidae","Salmo trutta","species","lotic",3.4905225,43.8972981,0.723082361258395,0.0270109072062181,0.896068567169741,0.0121658039772622,245.2,54.7,5,20,0.0391767111834803
"FWB_0366","FWB_0366_2013","Phoxinus phoxinus_074_Cure","074_Cure","Leuciscidae","Phoxinus phoxinus","species","lotic",3.7587245,47.4834104,0.167899686520376,0.0131580173150814,0.406210497389393,0.133885645877335,69.4,33.3,5,15,0.147043663192417
"FWB_0366","FWB_0366_2013","Salmo trutta_074_Cure","074_Cure","Salmonidae","Salmo trutta","species","lotic",3.7587245,47.4834104,0.907210031347962,0.0164277571957823,0.521022258862325,0.0943112238405942,139.2,3719.2,5,123,0.110738981036376
"FWB_0367","FWB_0367_2013","Alburnoides bipunctatus_075_Loire","075_Loire","Leuciscidae","Alburnoides bipunctatus","species","lotic",3.919868,44.8925975,0.428778280542986,0.00346787023197724,0.720791511327789,0.0248688191602568,99.8,15.7,5,11,0.028336689392234
"FWB_0367","FWB_0367_2013","Gobio gobio_075_Loire","075_Loire","Gobionidae","Gobio gobio","species","lotic",3.919868,44.8925975,0.252579185520362,0.0337899920149055,0.885202179523946,0.00628807980216412,106.8,361.7,5,41,0.0400780718170696
"FWB_0367","FWB_0367_2013","Phoxinus phoxinus_075_Loire","075_Loire","Leuciscidae","Phoxinus phoxinus","species","lotic",3.919868,44.8925975,0.10710407239819,0.00634747445793493,0.263034126756524,0.0532064588459952,56,9.5,5,7,0.0595539333039301
"FWB_0367","FWB_0367_2013","Salmo trutta_075_Loire","075_Loire","Salmonidae","Salmo trutta","species","lotic",3.919868,44.8925975,0.887013574660634,0.00798521221924204,0.725265271006596,0.0505250091515301,262.8,1051.2,5,80,0.0585102213707721
"FWB_0367","FWB_0367_2013","Squalius cephalus_075_Loire","075_Loire","Leuciscidae","Squalius cephalus","species","lotic",3.919868,44.8925975,0.191131221719457,0.00540515140967629,0.385058789790651,0.0077359789143485,52.4,16.3,5,11,0.0131411303240248
"FWB_0369","FWB_0369_2013","Anguilla anguilla_077_Galeizon","077_Galeizon","Anguillidae","Anguilla anguilla","species","lotic",4.0227447,44.157178,1,NA,0.437421888948402,NA,495,NA,1,0,NA
"FWB_0369","FWB_0369_2013","Barbus barbus_077_Galeizon","077_Galeizon","Cyprinidae","Barbus barbus","species","lotic",4.0227447,44.157178,0.308308157099698,0.0212579457733591,0.764077843242278,0.0151859120726681,172,884.5,5,75,0.0364438578460273
"FWB_0369","FWB_0369_2013","Gobio gobio_077_Galeizon","077_Galeizon","Gobionidae","Gobio gobio","species","lotic",4.0227447,44.157178,0.160309667673716,0.0093507412537308,0.863417246920193,0.0369940730034531,113.2,88.7,5,26,0.0463448142571839
"FWB_0369","FWB_0369_2013","Phoxinus phoxinus_077_Galeizon","077_Galeizon","Leuciscidae","Phoxinus phoxinus","species","lotic",4.0227447,44.157178,0.145015105740181,0.0178069858058524,0.397821817532583,0.0555315909008392,58.4,14.3,5,9,0.0733385767066917
"FWB_0369","FWB_0369_2013","Salmo trutta_077_Galeizon","077_Galeizon","Salmonidae","Salmo trutta","species","lotic",4.0227447,44.157178,0.630853474320242,0.0187026590780478,0.636850562399571,0.0309417704473602,218.6,3478.8,5,130,0.0496444295254081
"FWB_0369","FWB_0369_2013","Squalius cephalus_077_Galeizon","077_Galeizon","Leuciscidae","Squalius cephalus","species","lotic",4.0227447,44.157178,0.523036253776435,0.0100277328383275,0.598464559900018,0.00553208020311368,245.4,150.8,5,30,0.0155598130414412
"FWB_0369","FWB_0369_2013","Telestes souffia_077_Galeizon","077_Galeizon","Leuciscidae","Telestes souffia","species","lotic",4.0227447,44.157178,0.180438066465257,0.00712082980599849,0.524549187645063,0.0163584907061734,138.8,15.2,5,10,0.0234793205121719
"FWB_0370","FWB_0370_2013","Phoxinus phoxinus_078_Gagne","078_Gagne","Leuciscidae","Phoxinus phoxinus","species","lotic",4.0601018,44.9926005,0.28072546230441,0.0351013943493542,0.556221432199086,0.149144865011539,76.4,44.3,5,17,0.184246259360893
"FWB_0370","FWB_0370_2013","Salmo trutta_078_Gagne","078_Gagne","Salmonidae","Salmo trutta","species","lotic",4.0601018,44.9926005,0.870056899004268,0.00645018099629913,0.773844591163027,0.0598813284425611,233.2,544.2,5,59,0.0663315094388602
"FWB_0371","FWB_0371_2013","Alburnoides bipunctatus_079_l’Arconce","079_l’Arconce","Leuciscidae","Alburnoides bipunctatus","species","lotic",4.1554771,46.3568958,0.417156943303205,0.00590356960317712,0.670220298977184,0.00469849641676792,NA,NA,5,NA,0.010602066019945
"FWB_0371","FWB_0371_2013","Alburnus alburnus_079_l’Arconce","079_l’Arconce","Leuciscidae","Alburnus alburnus","species","lotic",4.1554771,46.3568958,0.399671322925226,0.00210549129728193,0.755743509047994,0.0159490775274368,NA,NA,5,NA,0.0180545688247187
"FWB_0371","FWB_0371_2013","Barbus barbus_079_l’Arconce","079_l’Arconce","Cyprinidae","Barbus barbus","species","lotic",4.1554771,46.3568958,0.397502054231717,0.041871695758999,0.516601101494886,0.02701763403925,220.666666666667,12036.3333333333,5,NA,0.068889329798249
"FWB_0371","FWB_0371_2013","Gobio gobio_079_l’Arconce","079_l’Arconce","Gobionidae","Gobio gobio","species","lotic",4.1554771,46.3568958,0.243319638455218,0.00611946479921193,0.868725413060582,0.0151484873170856,NA,NA,5,NA,0.0212679521162975
"FWB_0371","FWB_0371_2013","Perca fluviatilis_079_l’Arconce","079_l’Arconce","Percidae","Perca fluviatilis","species","lotic",4.1554771,46.3568958,0.608381265406738,NA,0.609362706530292,NA,202,NA,1,0,NA
"FWB_0371","FWB_0371_2013","Phoxinus phoxinus_079_l’Arconce","079_l’Arconce","Leuciscidae","Phoxinus phoxinus","species","lotic",4.1554771,46.3568958,0.286442070665571,0.00385494727190601,0.391817466561762,0.00600588709213151,NA,NA,5,NA,0.00986083436403752
"FWB_0371","FWB_0371_2013","Rhodeus amarus_079_l’Arconce","079_l’Arconce","Acheilognathidae","Rhodeus amarus","species","lotic",4.1554771,46.3568958,0.0594905505341001,0.00230580336495646,0.132336742722266,0.00949886517056335,NA,NA,5,NA,0.0118046685355198
"FWB_0371","FWB_0371_2013","Rutilus rutilus_079_l’Arconce","079_l’Arconce","Leuciscidae","Rutilus rutilus","species","lotic",4.1554771,46.3568958,0.20430566967954,0.00250115151756579,0.266522423288749,0.0127747043996036,118,113,5,24,0.0152758559171694
"FWB_0371","FWB_0371_2013","Silurus glanis_079_l’Arconce","079_l’Arconce","Siluridae","Silurus glanis","species","lotic",4.1554771,46.3568958,0.691865242399343,0.0639295410336584,0.827065302911094,0.0232308932978673,469,161817.5,5,905,0.0871604343315257
"FWB_0371","FWB_0371_2013","Squalius cephalus_079_l’Arconce","079_l’Arconce","Leuciscidae","Squalius cephalus","species","lotic",4.1554771,46.3568958,0.306951520131471,0.0142113323372194,0.829583005507475,0.00922489199543651,205.4,88.8,5,24,0.023436224332656
"FWB_0372","FWB_0372_2014","Barbatula barbatula_080_Furan","080_Furan","Nemacheilidae","Barbatula barbatula","species","lotic",4.2604946,45.5219521,0.736801269617351,0.0273555412722187,0.33805246137262,0.0448758819943838,70.6,10.8,5,9,0.0722314232666025
"FWB_0372","FWB_0372_2014","Gobio gobio_080_Furan","080_Furan","Gobionidae","Gobio gobio","species","lotic",4.2604946,45.5219521,0.889966496208781,0.0052295006122622,0.665325188645347,0.00569235550424273,103.2,39.2,5,12,0.0109218561165049
"FWB_0372","FWB_0372_2014","Phoxinus phoxinus_080_Furan","080_Furan","Leuciscidae","Phoxinus phoxinus","species","lotic",4.2604946,45.5219521,0.295327102803738,0.0382749370565973,0.674883219547251,0.0877394307541205,72.8,17.2,5,10,0.126014367810718
"FWB_0372","FWB_0372_2014","Squalius cephalus_080_Furan","080_Furan","Leuciscidae","Squalius cephalus","species","lotic",4.2604946,45.5219521,0.585787339093634,0.0110441492027376,0.0919151994250807,0.0065283562267651,150.2,1010.7,5,77,0.0175725054295027
"FWB_0373","FWB_0373_2013","Barbatula barbatula_085_Marne","085_Marne","Nemacheilidae","Barbatula barbatula","species","lotic",5.1509381,48.1431018,0.221736725663717,0.0149531075627496,0.491850400130655,0.0469949384559745,94.2,18.7,5,11,0.0619480460187241
"FWB_0373","FWB_0373_2013","Barbus barbus_085_Marne","085_Marne","Cyprinidae","Barbus barbus","species","lotic",5.1509381,48.1431018,0.666758849557522,0.0193153875474783,0.570863955577331,0.00640022870476907,474.2,3078.7,5,146,0.0257156162522474
"FWB_0373","FWB_0373_2013","Cottus gobio_085_Marne","085_Marne","Cottidae","Cottus gobio","species","lotic",5.1509381,48.1431018,0.433075221238938,0.0950921711640497,0.612967499591703,0.15502963914477,97.6,6.3,5,5,0.250121810308819
"FWB_0373","FWB_0373_2013","Gobio gobio_085_Marne","085_Marne","Gobionidae","Gobio gobio","species","lotic",5.1509381,48.1431018,0.134402654867257,0.00474415576787533,0.777788665686755,0.0163885515424195,109.4,453.8,5,51,0.0211327073102949
"FWB_0373","FWB_0373_2013","Leuciscus leuciscus_085_Marne","085_Marne","Leuciscidae","Leuciscus leuciscus","species","lotic",5.1509381,48.1431018,0.619579646017699,0.0074790355303861,0.432402417115793,0.00679129454863842,265.2,44.2,5,14,0.0142703300790245
"FWB_0373","FWB_0373_2013","Phoxinus phoxinus_085_Marne","085_Marne","Leuciscidae","Phoxinus phoxinus","species","lotic",5.1509381,48.1431018,0.346404867256637,0.0278822245281542,0.115008982524906,0.0147203009010478,78.4,40.3,5,15,0.042602525429202
"FWB_0373","FWB_0373_2013","Rutilus rutilus_085_Marne","085_Marne","Leuciscidae","Rutilus rutilus","species","lotic",5.1509381,48.1431018,0.404701327433628,0.0921442280865769,0.442430181283684,0.0215932814399908,197,1378.5,5,94,0.113737509526568
"FWB_0373","FWB_0373_2013","Salmo trutta_085_Marne","085_Marne","Salmonidae","Salmo trutta","species","lotic",5.1509381,48.1431018,0.909679203539823,0.00356590240523925,0.620708802874408,0.00108358433270975,333.2,207.2,5,31,0.004649486737949
"FWB_0373","FWB_0373_2013","Squalius cephalus_085_Marne","085_Marne","Leuciscidae","Squalius cephalus","species","lotic",5.1509381,48.1431018,0.218888274336283,0.0323336843217297,0.456312265229463,0.0144312716393968,332.75,1126.91666666667,4,76,0.0467649559611265
"FWB_0374","FWB_0374_2013","Cottus gobio_086_Marche","086_Marche","Cottidae","Cottus gobio","species","lotic",5.3157959,49.6119707,0.189132020423049,0.0254030290890654,0.234132581100141,0.0367040056218556,89.4,47.3,5,19,0.062107034710921
"FWB_0374","FWB_0374_2013","Salmo trutta_086_Marche","086_Marche","Salmonidae","Salmo trutta","species","lotic",5.3157959,49.6119707,0.688037928519329,0.0821252302966365,0.440691114245416,0.137293668847639,301,1137.5,5,71,0.219418899144275
"FWB_0374","FWB_0374_2013","Thymallus thymallus_086_Marche","086_Marche","Salmonidae","Thymallus thymallus","species","lotic",5.3157959,49.6119707,0.596207148067104,0.0288297339757965,0.222143864598025,0.0257223890499143,418.2,334.7,5,45,0.0545521230257108
"FWB_0377","FWB_0377_2013","Alburnus alburnus_092_Meuse","092_Meuse","Leuciscidae","Alburnus alburnus","species","lotic",5.540626,48.8702103,0.459427296392711,0.0260642126836314,0.775078911769127,0.075153722428438,122,758.5,5,70,0.101217935112069
"FWB_0377","FWB_0377_2013","Barbatula barbatula_092_Meuse","092_Meuse","Nemacheilidae","Barbatula barbatula","species","lotic",5.540626,48.8702103,0.490033469691335,0.00264271018063068,0.11014579888772,0.0161238783908034,81.6,46.8,5,18,0.018766588571434
"FWB_0377","FWB_0377_2013","Barbus barbus_092_Meuse","092_Meuse","Cyprinidae","Barbus barbus","species","lotic",5.540626,48.8702103,0.706830296268749,0.0599344219384669,0.281226514354427,0.0374586706295177,407.333333333333,79390.3333333333,3,491,0.0973930925679846
"FWB_0377","FWB_0377_2013","Esox lucius_092_Meuse","092_Meuse","Esocidae","Esox lucius","species","lotic",5.540626,48.8702103,0.66931944960952,0.019933430566606,0.586592514655043,0.0295403329719356,212,10690,5,246,0.0494737635385416
"FWB_0377","FWB_0377_2013","Gobio gobio_092_Meuse","092_Meuse","Gobionidae","Gobio gobio","species","lotic",5.540626,48.8702103,0.532986240238007,0.00607243385548966,0.523553284232677,0.0233558729259403,112.6,32.8,5,14,0.02942830678143
"FWB_0377","FWB_0377_2013","Perca fluviatilis_092_Meuse","092_Meuse","Percidae","Perca fluviatilis","species","lotic",5.540626,48.8702103,0.633134994421718,0.00121118627035949,0.4451124805852,0.0228546605615915,166,13,3,7,0.024065846831951
"FWB_0377","FWB_0377_2013","Phoxinus phoxinus_092_Meuse","092_Meuse","Leuciscidae","Phoxinus phoxinus","species","lotic",5.540626,48.8702103,0.431535886946821,0.0060649795504487,0.237336539906809,0.00589324001773151,65.8,16.7,5,9,0.0119582195681802
"FWB_0377","FWB_0377_2013","Rhodeus amarus_092_Meuse","092_Meuse","Acheilognathidae","Rhodeus amarus","species","lotic",5.540626,48.8702103,0.111156563778356,0.0049287858015819,0.43968134676086,0.0542843861028892,57,62,5,17,0.0592131719044711
"FWB_0377","FWB_0377_2013","Rutilus rutilus_092_Meuse","092_Meuse","Leuciscidae","Rutilus rutilus","species","lotic",5.540626,48.8702103,0.500991694558076,0.00056482380295593,0.423418006914174,0.0270907080543221,181.666666666667,32.3333333333333,3,11,0.027655531857278
"FWB_0377","FWB_0377_2013","Squalius cephalus_092_Meuse","092_Meuse","Leuciscidae","Squalius cephalus","species","lotic",5.540626,48.8702103,0.645872071402008,0.0357803149921011,0.941780650333183,0.00429625659702947,293.166666666667,8890.56666666667,6,248,0.0400765715891305
"FWB_0378","FWB_0378_2008","Cottus gobio_095_Bez","095_Bez","Cottidae","Cottus gobio","species","lotic",5.497978,44.691714,0.335895755620526,0.0222587697513569,0.373302633132601,0.0378900762836918,89.8571428571429,150.954703832753,42,57,0.0601488460350487
"FWB_0378","FWB_0378_2008","Salmo trutta_095_Bez","095_Bez","Salmonidae","Salmo trutta","species","lotic",5.497978,44.691714,0.334559935477367,0.133675277392136,0.600121451343555,0.0723007933947526,147.714285714286,4356.57142857143,7,192,0.205976070786889
"FWB_0379","FWB_0379_2013","Alburnoides bipunctatus_096_Vair","096_Vair","Leuciscidae","Alburnoides bipunctatus","species","lotic",5.7305377,48.404116,0.322732963691647,0.0115174370133465,0.560756170138281,0.0231495728233234,98.8,157.7,5,35,0.0346670098366699
"FWB_0379","FWB_0379_2013","Barbus barbus_096_Vair","096_Vair","Cyprinidae","Barbus barbus","species","lotic",5.7305377,48.404116,0.866320872831336,0.0163123009771082,0.825695781550849,0.00675693077677994,466.6,4212.8,5,168,0.0230692317538881
"FWB_0379","FWB_0379_2013","Chondrostoma nasus_096_Vair","096_Vair","Leuciscidae","Chondrostoma nasus","species","lotic",5.7305377,48.404116,0.105455195850474,0.00846132065545589,0.0689305093646069,0.00295787451879105,307,743.5,5,63,0.0114191951742469
"FWB_0379","FWB_0379_2013","Cottus gobio_096_Vair","096_Vair","Cottidae","Cottus gobio","species","lotic",5.7305377,48.404116,0.462564836344125,0.0165489954807342,0.800630141781901,0.03357199007095,78,80.5,5,22,0.0501209855516841
"FWB_0379","FWB_0379_2013","Gobio gobio_096_Vair","096_Vair","Gobionidae","Gobio gobio","species","lotic",5.7305377,48.404116,0.291933464496512,0.00296528573385934,0.607876772273762,0.016741697478817,112.6,152.3,5,30,0.0197069832126764
"FWB_0379","FWB_0379_2013","Phoxinus phoxinus_096_Vair","096_Vair","Leuciscidae","Phoxinus phoxinus","species","lotic",5.7305377,48.404116,0.125201216240386,0.0125775925556317,0.242744617538946,0.0210805172280514,63.6,20.3,5,11,0.0336581097836832
"FWB_0379","FWB_0379_2013","Rutilus rutilus_096_Vair","096_Vair","Leuciscidae","Rutilus rutilus","species","lotic",5.7305377,48.404116,0.166374530495439,0.00360114488877719,0.56828286364432,0.00596424717178729,108.2,96.7,5,23,0.00956539206056448
"FWB_0379","FWB_0379_2013","Squalius cephalus_096_Vair","096_Vair","Leuciscidae","Squalius cephalus","species","lotic",5.7305377,48.404116,0.514183509211232,0.022236106454272,0.641834412742867,0.00596203811532371,339.2,3071.7,5,139,0.0281981445695957
"FWB_0381","FWB_0381_2008","Cottus gobio_098_Archiane","098_Archiane","Cottidae","Cottus gobio","species","lotic",5.521828,44.726639,0.392347816734782,0.0591371282941669,0.382548552583364,0.0548286591981299,101.225,518.127564102564,40,95,0.113965787492297
"FWB_0381","FWB_0381_2008","Salmo trutta_098_Archiane","098_Archiane","Salmonidae","Salmo trutta","species","lotic",5.521828,44.726639,0.397222520972252,0.0550542526841196,0.649482411139612,0.0423250164049639,151.6875,3486.09583333333,16,230,0.0973792690890835
"FWB_0382","FWB_0382_2008","Cottus gobio_099_Nonnière","099_Nonnière","Cottidae","Cottus gobio","species","lotic",5.5454,44.7236,0.384151367553391,0.0505503385894808,0.310544074230283,0.0195887774333107,95.375,484.086538461538,40,83,0.0701391160227915
"FWB_0382","FWB_0382_2008","Salmo trutta_099_Nonnière","099_Nonnière","Salmonidae","Salmo trutta","species","lotic",5.5454,44.7236,0.578943424503559,0.0504829063944135,0.420339519190215,0.0561784683371017,127.25,2144.40789473684,20,131,0.106661374731515
"FWB_0383","FWB_0383_2008","Cottus gobio_100_Gats","100_Gats","Cottidae","Cottus gobio","species","lotic",5.556318,44.671343,0.493654725609756,0.0409243691601983,0.281660524604379,0.0137123890675163,95.15,185.823076923077,40,57,0.0546367582277145
"FWB_0383","FWB_0383_2008","Salmo trutta_100_Gats","100_Gats","Salmonidae","Salmo trutta","species","lotic",5.556318,44.671343,0.546036585365854,0.0391099170489057,0.569000650336007,0.0748736837668136,147.85,2100.66052631579,20,155,0.113983600815719
"FWB_0384","FWB_0384_2008","Cottus gobio_101_Borne","101_Borne","Cottidae","Cottus gobio","species","lotic",5.5852771,44.705901,0.405656398973231,0.0395151506114665,0.29426925409339,0.0438147889577555,99.8,338.625641025641,40,68,0.083329939569222
"FWB_0384","FWB_0384_2008","Salmo trutta_101_Borne","101_Borne","Salmonidae","Salmo trutta","species","lotic",5.5852771,44.705901,0.42982869715543,0.0720794060517472,0.41687602876202,0.0799635890942124,91.5714285714286,2384.72527472527,14,156,0.15204299514596
"FWB_0385","FWB_0385_2013","Barbatula barbatula_105_Fourches","105_Fourches","Nemacheilidae","Barbatula barbatula","species","lotic",6.1538647,47.6957119,0.182520414919444,0.0285751395241326,0.595851615476666,0.0312603290761933,79.6,80.3,5,19,0.0598354686003258
"FWB_0385","FWB_0385_2013","Cottus gobio_105_Fourches","105_Fourches","Cottidae","Cottus gobio","species","lotic",6.1538647,47.6957119,0.33520194217612,0.00901378721566983,0.456641404068608,0.0751659533601092,93.8,88.7,5,26,0.084179740575779
"FWB_0385","FWB_0385_2013","Salmo trutta_105_Fourches","105_Fourches","Salmonidae","Salmo trutta","species","lotic",6.1538647,47.6957119,0.64334583977047,0.00863808265393197,0.579976067012366,0.0748788911590027,218.8,858.2,5,80,0.0835169738129346
"FWB_0385","FWB_0385_2013","Squalius cephalus_105_Fourches","105_Fourches","Leuciscidae","Squalius cephalus","species","lotic",6.1538647,47.6957119,0.763793864489075,0.0273829510278498,0.661547666533706,0.0866980777185135,203,1244.66666666667,4,83,0.114081028746363
"FWB_0386","FWB_0386_2014","Barbatula barbatula_106_l’Altbach","106_l’Altbach","Nemacheilidae","Barbatula barbatula","species","lotic",6.3056867,49.4712134,0.497856285371291,0.000534902938807399,0.560492344641249,0.00429705627322495,100,25,3,10,0.00483195921203235
"FWB_0386","FWB_0386_2014","Carassius gibelio_106_l’Altbach","106_l’Altbach","Cyprinidae","Carassius gibelio","species","lotic",6.3056867,49.4712134,0.168238724061053,0.0131706503313284,0.827589312518763,0.0107564705380828,173,213.5,5,36,0.0239271208694111
"FWB_0386","FWB_0386_2014","Gasterosteus aculeatus_106_l’Altbach","106_l’Altbach","Gasterosteidae","Gasterosteus aculeatus","species","lotic",6.3056867,49.4712134,0.92697650488767,0.00321590870221228,0.290753527469228,0.0280253066969755,42.2,27.2,5,12,0.0312412153991877
"FWB_0386","FWB_0386_2014","Gobio gobio_106_l’Altbach","106_l’Altbach","Gobionidae","Gobio gobio","species","lotic",6.3056867,49.4712134,0.508626307665924,0.00694425894913914,0.823866706694686,0.00847381218489086,112.8,1303.2,5,74,0.01541807113403
"FWB_0386","FWB_0386_2014","Leuciscus leuciscus_106_l’Altbach","106_l’Altbach","Leuciscidae","Leuciscus leuciscus","species","lotic",6.3056867,49.4712134,0.22866289372892,0.0172122552134753,0.82792955068548,0.00809371723821204,111.666666666667,3670.33333333333,3,110,0.0253059724516873
"FWB_0386","FWB_0386_2014","Phoxinus phoxinus_106_l’Altbach","106_l’Altbach","Leuciscidae","Phoxinus phoxinus","species","lotic",6.3056867,49.4712134,0.486606070999829,0.00238816059535019,0.46664665265686,0.0414109457827324,76,88,5,26,0.0437991063780826
"FWB_0386","FWB_0386_2014","Rutilus rutilus_106_l’Altbach","106_l’Altbach","Leuciscidae","Rutilus rutilus","species","lotic",6.3056867,49.4712134,0.654090207511576,NA,0.882317622335635,NA,219,NA,1,0,NA
"FWB_0386","FWB_0386_2014","Squalius cephalus_106_l’Altbach","106_l’Altbach","Leuciscidae","Squalius cephalus","species","lotic",6.3056867,49.4712134,0.271102726805008,0.0279587651509632,0.826058240768538,0.0108736885859129,222.6,9836.3,5,245,0.0388324537368761
"FWB_0387","FWB_0387_2013","Alburnoides bipunctatus_107_Moselle","107_Moselle","Leuciscidae","Alburnoides bipunctatus","species","lotic",6.2445093,48.5460891,0.552019669827889,0.0296826230483865,0.44400374181478,0.0086658435140856,88.4,143.3,5,30,0.0383484665624721
"FWB_0387","FWB_0387_2013","Alburnus alburnus_107_Moselle","107_Moselle","Leuciscidae","Alburnus alburnus","species","lotic",6.2445093,48.5460891,0.410467158412364,0.030037386145474,0.468101028999065,0.00614058407663546,121,586,5,52,0.0361779702221094
"FWB_0387","FWB_0387_2013","Gobio gobio_107_Moselle","107_Moselle","Gobionidae","Gobio gobio","species","lotic",6.2445093,48.5460891,0.403371970495258,0.02465159993777,0.57066417212348,0.0172054769107451,111.2,132.7,5,28,0.0418570768485151
"FWB_0387","FWB_0387_2013","Leuciscus leuciscus_107_Moselle","107_Moselle","Leuciscidae","Leuciscus leuciscus","species","lotic",6.2445093,48.5460891,0.5033368458026,0.0522362906054463,0.453171188026193,0.0204049910698738,166.4,550.3,5,56,0.0726412816753201
"FWB_0387","FWB_0387_2013","Perca fluviatilis_107_Moselle","107_Moselle","Percidae","Perca fluviatilis","species","lotic",6.2445093,48.5460891,0.786582367404285,0.0158889946207526,0.390383536014967,0.0199507088533823,140.4,2477.8,5,110,0.0358397034741349
"FWB_0387","FWB_0387_2013","Rhodeus amarus_107_Moselle","107_Moselle","Acheilognathidae","Rhodeus amarus","species","lotic",6.2445093,48.5460891,0.193677555321391,0.0502770804039624,0.238241347053321,0.0231989471114257,71,64,5,20,0.0734760275153882
"FWB_0387","FWB_0387_2013","Rutilus rutilus_107_Moselle","107_Moselle","Leuciscidae","Rutilus rutilus","species","lotic",6.2445093,48.5460891,0.415665612925887,0.0416741832521962,0.295229186155285,0.039538853706068,158.2,160.7,5,33,0.0812130369582642
"FWB_0387","FWB_0387_2013","Squalius cephalus_107_Moselle","107_Moselle","Leuciscidae","Squalius cephalus","species","lotic",6.2445093,48.5460891,0.499051633298209,0.0259200615292825,0.621927034611787,0.0833270893913951,346.4,14057.8,5,262,0.109247150920678
"FWB_0388","FWB_0388_2014","Cottus gobio_108_Gélon","108_Gélon","Cottidae","Cottus gobio","species","lotic",6.14588,45.4857655,0.323279195668987,0.0117394722848774,0.549655537890831,0.0757393136145594,130.4,69.8,5,23,0.0874787858994368
"FWB_0388","FWB_0388_2014","Salmo trutta_108_Gélon","108_Gélon","Salmonidae","Salmo trutta","species","lotic",6.14588,45.4857655,0.628673627223511,0.0537229912310662,0.132882882882882,0.00325723179459266,296,880.666666666667,4,64,0.0569802230256588
"FWB_0388","FWB_0388_2014","Squalius cephalus_108_Gélon","108_Gélon","Leuciscidae","Squalius cephalus","species","lotic",6.14588,45.4857655,1,NA,0.693693693693692,NA,392,NA,1,0,NA
"FWB_0388","FWB_0388_2014","Thymallus thymallus_108_Gélon","108_Gélon","Salmonidae","Thymallus thymallus","species","lotic",6.14588,45.4857655,0.0966744006187161,0.0129311917523652,0.213743154919625,0.0351770455576682,334.666666666667,465.333333333333,3,40,0.0481082373100334
"FWB_0389","FWB_0389_2014","Barbatula barbatula_109_Doubs","109_Doubs","Nemacheilidae","Barbatula barbatula","species","lotic",6.9509218,47.2622141,0.40721963090651,0.00214895525122921,0.175892116182573,0.0127004677375849,86.5,39,4,15,0.0148494229888141
"FWB_0389","FWB_0389_2014","Cottus gobio_109_Doubs","109_Doubs","Cottidae","Cottus gobio","species","lotic",6.9509218,47.2622141,0.752626242141553,0.0169619475182174,0.215900414937759,0.0406128461975517,85.4,247.8,5,38,0.0575747937157692
"FWB_0389","FWB_0389_2014","Phoxinus phoxinus_109_Doubs","109_Doubs","Leuciscidae","Phoxinus phoxinus","species","lotic",6.9509218,47.2622141,0.0823362401135672,0.00392158902980786,0.166738589211618,0.0187886930321447,49.6,30.3,5,13,0.0227102820619526
"FWB_0389","FWB_0389_2014","Salmo trutta_109_Doubs","109_Doubs","Salmonidae","Salmo trutta","species","lotic",6.9509218,47.2622141,0.814844859054959,0.0234861654613837,0.568265560165975,0.158242225856993,386.6,2412.8,5,130,0.181728391318376
"FWB_0389","FWB_0389_2014","Telestes souffia_109_Doubs","109_Doubs","Leuciscidae","Telestes souffia","species","lotic",6.9509218,47.2622141,0.493611843439465,NA,0.643319502074689,NA,150,NA,1,0,NA
"FWB_0392","FWB_0392_2014","Alburnus alburnus_112_l’Ill","112_l’Ill","Leuciscidae","Alburnus alburnus","species","lotic",7.3966445,47.9647385,0.31007007007007,0.0214985836687538,0.598568872987477,0.071772875790848,106.6,106.3,5,22,0.0932714594596018
"FWB_0392","FWB_0392_2014","Barbatula barbatula_112_l’Ill","112_l’Ill","Nemacheilidae","Barbatula barbatula","species","lotic",7.3966445,47.9647385,0.19015015015015,0.0054358542726911,0.374311270125223,0.0388744531667525,67,14,5,8,0.0443103074394436
"FWB_0392","FWB_0392_2014","Barbus barbus_112_l’Ill","112_l’Ill","Cyprinidae","Barbus barbus","species","lotic",7.3966445,47.9647385,0.973373373373373,0.00141795449102756,0.714669051878354,0.00988533702849139,496.5,264.5,2,23,0.011303291519519
"FWB_0392","FWB_0392_2014","Chondrostoma nasus_112_l’Ill","112_l’Ill","Leuciscidae","Chondrostoma nasus","species","lotic",7.3966445,47.9647385,0.20024024024024,0.0163641198756314,0.608515205724508,0.145072590013473,344,20746,5,346,0.161436709889104
"FWB_0392","FWB_0392_2014","Gobio gobio_112_l’Ill","112_l’Ill","Gobionidae","Gobio gobio","species","lotic",7.3966445,47.9647385,0.384264264264264,0.00246409773136499,0.564078711985689,0.0143642397457766,99,1715.5,5,95,0.0168283374771416
"FWB_0392","FWB_0392_2014","Leuciscus leuciscus_112_l’Ill","112_l’Ill","Leuciscidae","Leuciscus leuciscus","species","lotic",7.3966445,47.9647385,0.464224224224224,0.00127154982810638,0.682289803220036,0.00318982594141727,123.8,1074.2,5,73,0.00446137576952365
"FWB_0392","FWB_0392_2014","Rutilus rutilus_112_l’Ill","112_l’Ill","Leuciscidae","Rutilus rutilus","species","lotic",7.3966445,47.9647385,0.566526526526527,0.0178866233600968,0.782826475849732,0.034639098057162,207.2,985.2,5,70,0.0525257214172588
"FWB_0392","FWB_0392_2014","Squalius cephalus_112_l’Ill","112_l’Ill","Leuciscidae","Squalius cephalus","species","lotic",7.3966445,47.9647385,0.537297297297297,0.00165930495059624,0.611019677996422,0.0114473776005582,325.2,20883.7,5,340,0.0131066825511544
"FWB_0395","FWB_0395_2015","Phoxinus phoxinus_Allos","Allos","Leuciscidae","Phoxinus phoxinus","species","lentic",6.708646,44.233642,0.298273155416013,0.0211937771928801,0.679271070615034,0.0850464315426618,NA,NA,10,NA,0.106240208735542
"FWB_0395","FWB_0395_2015","Salvelinus alpinus_Allos","Allos","Salmonidae","Salvelinus alpinus","species","lentic",6.708646,44.233642,0.412730127015841,0.0668522637850014,0.350987091875475,0.0590021758569815,NA,NA,66,NA,0.125854439641983
"FWB_0396","FWB_0396_2001","Coregonus lavaretus_Annecy","Annecy","Salmonidae","Coregonus lavaretus","species","lentic",6.167323,45.861525,0.761405925121509,0.0181538311137914,0.375083107676728,0.00809519535592021,432.938775510204,403.642006802721,49,85,0.0262490264697116
"FWB_0396","FWB_0396_2001","Esox lucius_Annecy","Annecy","Esocidae","Esox lucius","species","lentic",6.167323,45.861525,0.604369457062514,0.0217497283494779,0.572983339326381,0.0113224086165765,514.166666666667,14164.1666666667,6,310,0.0330721369660544
"FWB_0396","FWB_0396_2001","Perca fluviatilis_Annecy","Annecy","Percidae","Perca fluviatilis","species","lentic",6.167323,45.861525,0.582098204629029,0.0135598567113806,0.551393982979744,0.00256775602467881,255.933333333333,1828.35238095238,15,155,0.0161276127360594
"FWB_0396","FWB_0396_2001","Rutilus rutilus_Annecy","Annecy","Leuciscidae","Rutilus rutilus","species","lentic",6.167323,45.861525,0.327190136275146,0.0278321509289037,0.655181589356347,0.0351262674671706,288.5,3889.16666666667,10,170,0.0629584183960743
"FWB_0396","FWB_0396_2001","Salvelinus alpinus_Annecy","Annecy","Salmonidae","Salvelinus alpinus","species","lentic",6.167323,45.861525,0.715783401831423,0.00611458315640898,0.188309560909345,0.0102577529303692,289,1251.25,9,122,0.0163723360867782
"FWB_0396","FWB_0396_2001","Tinca tinca_Annecy","Annecy","Tincidae","Tinca tinca","species","lentic",6.167323,45.861525,0.319922128487995,0.00136944709626261,0.720052738822965,0.00154401261311421,380,1900,3,80,0.00291345970937682
"FWB_0398","FWB_0398_2015","Phoxinus phoxinus_Batailleres","Batailleres","Leuciscidae","Phoxinus phoxinus","species","lentic",6.5665101,45.1412285,0.254711246200608,0.0264474644543195,0.930893617021277,0.00312952467179719,83.4,192.8,5,33,0.0295769891261167
"FWB_0398","FWB_0398_2015","Salmo trutta_Batailleres","Batailleres","Salmonidae","Salmo trutta","species","lentic",6.5665101,45.1412285,0.685916919959473,0.0572598799592268,0.637872340425532,0.0222521684019919,256.166666666667,1732.56666666667,6,120,0.0795120483612187
"FWB_0398","FWB_0398_2015","Salvelinus alpinus_Batailleres","Batailleres","Salmonidae","Salvelinus alpinus","species","lentic",6.5665101,45.1412285,0.62488825317361,0.0200664013907963,0.663679599499374,0.0848146885734828,216.941176470588,981.933823529412,17,119,0.104881089964279
"FWB_0403","FWB_0403_2022","Abramis brama_BIR","BIR","Leuciscidae","Abramis brama","species","lentic",1.289764,43.530329,0.291859022089849,0.000589289083777757,0.164325949607977,0.00376836120715164,335,25.6,6,14,0.00435765029092939
"FWB_0403","FWB_0403_2022","Esox lucius_BIR","BIR","Esocidae","Esox lucius","species","lentic",1.289764,43.530329,0.875390915860015,0.00617858416069708,0.394938912993834,0.0289287607778014,389.25,5922.21428571429,8,221,0.0351073449384985
"FWB_0403","FWB_0403_2022","Lepomis gibbosus_BIR","BIR","Centrarchidae","Lepomis gibbosus","species","lentic",1.289764,43.530329,0.437006701414743,0.00835085883218862,0.272959960417142,0.0177657222380427,64,287.818181818182,12,66,0.0261165810702314
"FWB_0403","FWB_0403_2022","Micropterus salmoides_BIR","BIR","Centrarchidae","Micropterus salmoides","species","lentic",1.289764,43.530329,0.593422685529908,0.0290439606967135,0.34442795158712,0.0364056030773626,145.5,17050.3,6,281,0.0654495637740761
"FWB_0403","FWB_0403_2022","Perca fluviatilis_BIR","BIR","Percidae","Perca fluviatilis","species","lentic",1.289764,43.530329,0.755770662695458,0.065680992255145,0.276984851944888,0.00684436789709751,200,6575.2,6,244,0.0725253601522425
"FWB_0403","FWB_0403_2022","Rutilus rutilus_BIR","BIR","Leuciscidae","Rutilus rutilus","species","lentic",1.289764,43.530329,0.354165632497725,0.0117067554595034,0.516074192484332,0.0768965095409906,110.444444444444,697.527777777778,9,87,0.088603265000494
"FWB_0403","FWB_0403_2022","Scardinius erythrophthalmus_BIR","BIR","Leuciscidae","Scardinius erythrophthalmus","species","lentic",1.289764,43.530329,0.184959046909903,0.0225779184309142,0.817831859850585,0.0134069305998813,246.285714285714,10528.2380952381,7,266,0.0359848490307955
"FWB_0403","FWB_0403_2022","Tinca tinca_BIR","BIR","Tincidae","Tinca tinca","species","lentic",1.289764,43.530329,0.393819806403574,0.00107250357469774,0.150034254395981,0.00358895434056156,241.5,44700.5,2,299,0.0046614579152593
"FWB_0405","FWB_0405_2022","Ameiurus melas_BON","BON","Ictaluridae","Ameiurus melas","species","lentic",1.27367,43.453752,0.552917851909318,0.0129809560704386,0.309753701256903,0.00411261001276978,150,5912.5,9,185,0.0170935660832084
"FWB_0405","FWB_0405_2022","Cyprinus carpio_BON","BON","Cyprinidae","Cyprinus carpio","species","lentic",1.27367,43.453752,0.349642272217912,0.0440333351857191,0.367381508960938,0.0190802275410406,361.444444444444,29161.5277777778,9,487,0.0631135627267597
"FWB_0405","FWB_0405_2022","Gymnocephalus cernua_BON","BON","Percidae","Gymnocephalus cernua","species","lentic",1.27367,43.453752,0.466687354538402,0.0132551848577297,0.192844801300945,0.0220332576557998,60,16,5,10,0.0352884425135295
"FWB_0405","FWB_0405_2022","Lepomis gibbosus_BON","BON","Centrarchidae","Lepomis gibbosus","species","lentic",1.27367,43.453752,0.463649685371951,0.0243251681909394,0.528757439215819,0.0498921447974012,72.1111111111111,210.861111111111,9,47,0.0742173129883405
"FWB_0405","FWB_0405_2022","Micropterus salmoides_BON","BON","Centrarchidae","Micropterus salmoides","species","lentic",1.27367,43.453752,0.753555727954487,0.0630054130942053,0.229520276450859,0.011371607443497,186.166666666667,7730.33333333333,12,211,0.0743770205377022
"FWB_0405","FWB_0405_2022","Rutilus rutilus_BON","BON","Leuciscidae","Rutilus rutilus","species","lentic",1.27367,43.453752,0.275286613222998,0.034621324544064,0.355275490960012,0.0267800564366076,156.555555555556,1367.02777777778,9,104,0.0614013809806716
"FWB_0406","FWB_0406_2011","Abramis brama_briere_canal_breca","briere_canal_breca","Leuciscidae","Abramis brama","species","lentic",-2.295578,47.360951,0.740794479126024,0.0153122999908103,0.473722986247544,0.0288319425330355,104.1875,556.029166666667,16,80,0.0441442425238458
"FWB_0406","FWB_0406_2011","Ameiurus melas_briere_canal_breca","briere_canal_breca","Ictaluridae","Ameiurus melas","species","lentic",-2.295578,47.360951,0.553944935452679,0.0210004480901217,0.456027529317014,0.0285381387352159,138.695652173913,1506.40316205534,23,125,0.0495385868253376
"FWB_0406","FWB_0406_2011","Anguilla anguilla_briere_canal_breca","briere_canal_breca","Anguillidae","Anguilla anguilla","species","lentic",-2.295578,47.360951,0.37253388522282,0.0264220643062668,0.387045601532661,0.0257814942873029,447.04347826087,26490.0434782609,23,497,0.0522035585935698
"FWB_0406","FWB_0406_2011","Carassius gibelio_briere_canal_breca","briere_canal_breca","Cyprinidae","Carassius gibelio","species","lentic",-2.295578,47.360951,0.51345230623081,0.00718502981857465,0.53244090836984,0.0168236216828277,272,1622.81818181818,23,170,0.0240086515014023
"FWB_0406","FWB_0406_2011","Cyprinus carpio_briere_canal_breca","briere_canal_breca","Cyprinidae","Cyprinus carpio","species","lentic",-2.295578,47.360951,0.388607101053453,0.0153949450312015,0.830299506836133,0.000748943106817315,469.714285714286,601.904761904762,7,76,0.0161438881380188
"FWB_0406","FWB_0406_2011","Esox lucius_briere_canal_breca","briere_canal_breca","Esocidae","Esox lucius","species","lentic",-2.295578,47.360951,0.363220750139952,0.0572931657379215,0.346746146993862,0.0418207167397707,144.347826086957,491.328063241107,23,75,0.0991138824776922
"FWB_0406","FWB_0406_2011","Gambusia affinis_briere_canal_breca","briere_canal_breca","Poeciliidae","Gambusia affinis","species","lentic",-2.295578,47.360951,0.196325328982372,0.0106709840823368,0.546819585129998,0.0702895031595873,NA,NA,11,NA,0.0809604872419241
"FWB_0406","FWB_0406_2011","Lepomis gibbosus_briere_canal_breca","briere_canal_breca","Centrarchidae","Lepomis gibbosus","species","lentic",-2.295578,47.360951,0.830387283923391,0.00434612212387914,0.550439907747502,0.00843066047031372,98.1304347826087,151.391304347826,23,66,0.0127767825941929
"FWB_0406","FWB_0406_2011","Perca fluviatilis_briere_canal_breca","briere_canal_breca","Percidae","Perca fluviatilis","species","lentic",-2.295578,47.360951,0.621843821414637,0.00881984041053599,0.217202598131591,0.030480100419706,69.8571428571429,673.362637362637,14,74,0.039299940830242
"FWB_0406","FWB_0406_2011","Rutilus rutilus_briere_canal_breca","briere_canal_breca","Leuciscidae","Rutilus rutilus","species","lentic",-2.295578,47.360951,0.65255559890753,0.0308882529648833,0.477393922384099,0.0216884490471531,119.045454545455,385.188311688312,22,77,0.0525767020120364
"FWB_0406","FWB_0406_2011","Scardinius erythrophthalmus_briere_canal_breca","briere_canal_breca","Leuciscidae","Scardinius erythrophthalmus","species","lentic",-2.295578,47.360951,0.445605523418548,0.0157230728990345,0.431414660337527,0.00969180858071934,95.8260869565217,351.059288537549,23,72,0.0254148814797539
"FWB_0407","FWB_0407_2011","Abramis brama_briere_canal_brivet","briere_canal_brivet","Leuciscidae","Abramis brama","species","lentic",-2.233724,47.351064,0.340613265402397,0.0153505048239447,0.544976501305483,0.0184040230237668,134.12,5708.77666666667,25,251,0.0337545278477116
"FWB_0407","FWB_0407_2011","Ameiurus melas_briere_canal_brivet","briere_canal_brivet","Ictaluridae","Ameiurus melas","species","lentic",-2.233724,47.351064,0.3583700006004,0.00798507937096678,0.470045098504629,0.0137233011065405,126.181818181818,940.917748917749,22,102,0.0217083804775072
"FWB_0407","FWB_0407_2011","Anguilla anguilla_briere_canal_brivet","briere_canal_brivet","Anguillidae","Anguilla anguilla","species","lentic",-2.233724,47.351064,0.198361617379818,0.00706953005172513,0.701992280622091,0.0192267843988291,358.130434782609,8759.48221343874,23,320,0.0262963144505542
"FWB_0407","FWB_0407_2011","Carassius gibelio_briere_canal_brivet","briere_canal_brivet","Cyprinidae","Carassius gibelio","species","lentic",-2.233724,47.351064,0.309969208072803,0.00856308457970328,0.484334203655353,0.00601238675019939,338.727272727273,5500.81818181818,11,270,0.0145754713299027
"FWB_0407","FWB_0407_2011","Ctenopharyngodon idella_briere_canal_brivet","briere_canal_brivet","Xenocyprididae","Ctenopharyngodon idella","species","lentic",-2.233724,47.351064,0.299249929238607,0.000574092976714844,0.775620104438642,0.000249239036328556,424.5,961,4,62,0.0008233320130434
"FWB_0407","FWB_0407_2011","Esox lucius_briere_canal_brivet","briere_canal_brivet","Esocidae","Esox lucius","species","lentic",-2.233724,47.351064,0.388551832207304,0.00793809532177522,0.469979566352594,0.022688150809878,197.478260869565,21220.7154150198,23,596,0.0306262461316533
"FWB_0407","FWB_0407_2011","Gambusia affinis_briere_canal_brivet","briere_canal_brivet","Poeciliidae","Gambusia affinis","species","lentic",-2.233724,47.351064,0.269915400823977,0.000784731240514722,0.0963446475195825,0.0103121910981737,NA,NA,6,NA,0.0110969223386884
"FWB_0407","FWB_0407_2011","Lepomis gibbosus_briere_canal_brivet","briere_canal_brivet","Centrarchidae","Lepomis gibbosus","species","lentic",-2.233724,47.351064,0.39486497905873,0.00385121582684015,0.584527188103076,0.00581622261687407,87.0869565217391,33.1739130434783,23,20,0.00966743844371422
"FWB_0407","FWB_0407_2011","Perca fluviatilis_briere_canal_brivet","briere_canal_brivet","Percidae","Perca fluviatilis","species","lentic",-2.233724,47.351064,0.385743938107369,0.00478570580774627,0.519712793733682,0.0207307491164495,121.636363636364,456.337662337662,22,83,0.0255164549241957
"FWB_0407","FWB_0407_2011","Pungitius pungitius_briere_canal_brivet","briere_canal_brivet","Gasterosteidae","Pungitius pungitius","species","lentic",-2.233724,47.351064,0.622080250158371,0.108914719077169,0.230380455054084,0.025491434908126,NA,NA,7,NA,0.134406153985295
"FWB_0407","FWB_0407_2011","Rutilus rutilus_briere_canal_brivet","briere_canal_brivet","Leuciscidae","Rutilus rutilus","species","lentic",-2.233724,47.351064,0.434672224652412,0.00680709716849421,0.614573937811536,0.0160969507329153,117.409090909091,1629.49134199134,22,147,0.0229040479014095
"FWB_0407","FWB_0407_2011","Scardinius erythrophthalmus_briere_canal_brivet","briere_canal_brivet","Leuciscidae","Scardinius erythrophthalmus","species","lentic",-2.233724,47.351064,0.250004717426172,0.00880605671260083,0.689856396866841,0.0330038776990059,123.85,1695.08157894737,20,121,0.0418099344116067
"FWB_0407","FWB_0407_2011","Tinca tinca_briere_canal_brivet","briere_canal_brivet","Tincidae","Tinca tinca","species","lentic",-2.233724,47.351064,0.304607352894927,0.0024413824832649,0.470452567449956,0.0270352428477612,142.266666666667,6422.49523809524,15,338,0.0294766253310261
"FWB_0408","FWB_0408_2011","Abramis brama_briere_prairie","briere_prairie","Leuciscidae","Abramis brama","species","lentic",-2.26535,47.362775,0.569713209888429,0.0121206159644592,0.695005066133582,0.00729689132933244,93.3846153846154,1440.88615384615,26,170,0.0194175072937916
"FWB_0408","FWB_0408_2011","Ameiurus melas_briere_prairie","briere_prairie","Ictaluridae","Ameiurus melas","species","lentic",-2.26535,47.362775,0.392365456821026,0.000774398134103605,0.516909932360271,0.00010825984147509,147,0,2,0,0.000882657975578694
"FWB_0408","FWB_0408_2011","Anguilla anguilla_briere_prairie","briere_prairie","Anguillidae","Anguilla anguilla","species","lentic",-2.26535,47.362775,0.355833680990127,0.00962315882206881,0.426992603140699,0.0251699192117907,468.733333333333,44091.0666666667,15,613,0.0347930780338595
"FWB_0408","FWB_0408_2011","Carassius gibelio_briere_prairie","briere_prairie","Cyprinidae","Carassius gibelio","species","lentic",-2.26535,47.362775,0.37976637463496,0.0232051214041827,0.604758514299276,0.0224968579747365,281.15,9157.08157894737,20,337,0.0457019793789192
"FWB_0408","FWB_0408_2011","Cyprinus carpio_briere_prairie","briere_prairie","Cyprinidae","Cyprinus carpio","species","lentic",-2.26535,47.362775,0.335711305798915,0.00418140655942544,0.539765040939836,0.047204279951257,316.5,50059.3888888889,10,532,0.0513856865106824
"FWB_0408","FWB_0408_2011","Esox lucius_briere_prairie","briere_prairie","Esocidae","Esox lucius","species","lentic",-2.26535,47.362775,0.30636841024826,0.0398198982228804,0.594738002000373,0.0123188015839934,167.857142857143,12585.3285714286,21,433,0.0521386998068738
"FWB_0408","FWB_0408_2011","Lepomis gibbosus_briere_prairie","briere_prairie","Centrarchidae","Lepomis gibbosus","species","lentic",-2.26535,47.362775,0.648009085430863,0.0141528168470656,0.519263478501642,0.0174358863077713,91,587.2,6,70,0.0315887031548369
"FWB_0408","FWB_0408_2011","Rutilus rutilus_briere_prairie","briere_prairie","Leuciscidae","Rutilus rutilus","species","lentic",-2.26535,47.362775,0.443617021276596,0.0213868960449033,0.684543728491753,0.00461569008432829,101.3,579.168421052632,20,85,0.0260025861292316
"FWB_0408","FWB_0408_2011","Scardinius erythrophthalmus_briere_prairie","briere_prairie","Leuciscidae","Scardinius erythrophthalmus","species","lentic",-2.26535,47.362775,0.4592059518843,0.012762908436503,0.624937700249199,0.0216963259477868,89.55,804.260526315789,20,88,0.0344592343842898
"FWB_0409","FWB_0409_2011","Abramis brama_briere_roseliere","briere_roseliere","Leuciscidae","Abramis brama","species","lentic",-2.209878,47.359318,0.564398442303751,0.0127068702363764,0.533284727551804,0.0383830721644314,86.65,944.871052631579,20,74,0.0510899424008079
"FWB_0409","FWB_0409_2011","Ameiurus melas_briere_roseliere","briere_roseliere","Ictaluridae","Ameiurus melas","species","lentic",-2.209878,47.359318,0.378868620618979,0.00613937950166944,0.35841099294668,0.0385609676381513,127.571428571429,1209.55714285714,21,120,0.0447003471398207
"FWB_0409","FWB_0409_2011","Anguilla anguilla_briere_roseliere","briere_roseliere","Anguillidae","Anguilla anguilla","species","lentic",-2.209878,47.359318,0.347295015567202,0.00542208335000925,0.400613967766692,0.0326904616479239,431,24401.8,21,517,0.0381125449979331
"FWB_0409","FWB_0409_2011","Carassius gibelio_briere_roseliere","briere_roseliere","Cyprinidae","Carassius gibelio","species","lentic",-2.209878,47.359318,0.376930816672567,0.00365310162532058,0.429163468917882,0.0133678735358335,189,6709.6,11,235,0.0170209751611541
"FWB_0409","FWB_0409_2011","Cyprinus carpio_briere_roseliere","briere_roseliere","Cyprinidae","Cyprinus carpio","species","lentic",-2.209878,47.359318,0.392853201318051,0.00906897142344466,0.7375405868115,0.0103259611320176,535.153846153846,6272.64102564102,13,260,0.0193949325554623
"FWB_0409","FWB_0409_2011","Esox lucius_briere_roseliere","briere_roseliere","Esocidae","Esox lucius","species","lentic",-2.209878,47.359318,0.358046544560174,0.0123778610633548,0.499030210004884,0.0623612682134696,153.181818181818,1583.20346320346,22,217,0.0747391292768243
"FWB_0409","FWB_0409_2011","Gasterosteus aculeatus_briere_roseliere","briere_roseliere","Gasterosteidae","Gasterosteus aculeatus","species","lentic",-2.209878,47.359318,0.340882694541231,0.0199482144399209,0.340905602455871,0.00248197529875269,NA,NA,3,NA,0.0224301897386736
"FWB_0409","FWB_0409_2011","Lepomis gibbosus_briere_roseliere","briere_roseliere","Centrarchidae","Lepomis gibbosus","species","lentic",-2.209878,47.359318,0.453980779303591,0.00593710285839568,0.375944401807794,0.0117810738443573,66,113.764705882353,18,49,0.017718176702753
"FWB_0409","FWB_0409_2011","Rutilus rutilus_briere_roseliere","briere_roseliere","Leuciscidae","Rutilus rutilus","species","lentic",-2.209878,47.359318,0.434941370643251,0.00558935156005678,0.440150260532375,0.0134168980682737,110.315789473684,220.116959064327,19,67,0.0190062496283305
"FWB_0409","FWB_0409_2011","Scardinius erythrophthalmus_briere_roseliere","briere_roseliere","Leuciscidae","Scardinius erythrophthalmus","species","lentic",-2.209878,47.359318,0.440719580515133,0.00894811534692521,0.557783320542338,0.0393897997061362,100.25,1107.32608695652,24,113,0.0483379150530614
"FWB_0410","FWB_0410_2022","Cyprinus carpio_BVI","BVI","Cyprinidae","Cyprinus carpio","species","lentic",1.354537,43.519202,0.459932848349189,0.0065940214707414,0.479907621247113,0.067239206378112,429.8,44016.2,5,488,0.0738332278488534
"FWB_0410","FWB_0410_2022","Gymnocephalus cernua_BVI","BVI","Percidae","Gymnocephalus cernua","species","lentic",1.354537,43.519202,0.580442081701175,0.001189828829678,0.54140547674035,0.000175623303989692,89,1,3,2,0.00136545213366769
"FWB_0410","FWB_0410_2022","Lepomis gibbosus_BVI","BVI","Centrarchidae","Lepomis gibbosus","species","lentic",1.354537,43.519202,0.532118541316918,0.00397242713350032,0.522233219692804,0.00670322749408531,76.9166666666667,840.265151515152,12,80,0.0106756546275856
"FWB_0410","FWB_0410_2022","Micropterus salmoides_BVI","BVI","Centrarchidae","Micropterus salmoides","species","lentic",1.354537,43.519202,0.857342713246462,0.0124118571580523,0.442711033605128,0.0392311808053096,206.571428571429,11094.9523809524,7,299,0.0516430379633619
"FWB_0410","FWB_0410_2022","Perca fluviatilis_BVI","BVI","Percidae","Perca fluviatilis","species","lentic",1.354537,43.519202,0.614768275932238,0.00679342988833765,0.509572798256401,0.0349071359908567,150.636363636364,2678.45454545455,11,144,0.0417005658791943
"FWB_0410","FWB_0410_2022","Rutilus rutilus_BVI","BVI","Leuciscidae","Rutilus rutilus","species","lentic",1.354537,43.519202,0.0893156927012551,0.00195227371379344,0.890622299728205,0.00407702167816312,218.857142857143,50.8095238095238,7,16,0.00602929539195656
"FWB_0410","FWB_0410_2022","Tinca tinca_BVI","BVI","Tincidae","Tinca tinca","species","lentic",1.354537,43.519202,0.492830162283156,0.00199238869409288,0.301633124381392,0.00422550866748354,437.25,608.25,4,60,0.00621789736157642
"FWB_0411","FWB_0411_2010","Abramis brama_Candes","Candes","Leuciscidae","Abramis brama","species","lentic",1.978936,44.950435,0.366798941798942,0.00346480471046443,0.607165743149007,0.000522379016206962,450,2100,3,90,0.0039871837266714
"FWB_0411","FWB_0411_2010","Alburnus alburnus_Candes","Candes","Leuciscidae","Alburnus alburnus","species","lentic",1.978936,44.950435,0.460992063492064,0.00376360347379693,0.925986656112179,0.000972008480606875,124,80,5,20,0.0047356119544038
"FWB_0411","FWB_0411_2010","Esox lucius_Candes","Candes","Esocidae","Esox lucius","species","lentic",1.978936,44.950435,0.82037037037037,0.0342597152672798,0.939368238531418,0.00051328998450259,553.333333333333,13733.3333333333,3,220,0.0347730052517823
"FWB_0411","FWB_0411_2010","Gymnocephalus cernua_Candes","Candes","Percidae","Gymnocephalus cernua","species","lentic",1.978936,44.950435,0.266865079365079,0.0692867280013857,0.396302159900486,0.117866879643918,163.333333333333,233.333333333333,3,30,0.187153607645304
"FWB_0411","FWB_0411_2010","Perca fluviatilis_Candes","Candes","Percidae","Perca fluviatilis","species","lentic",1.978936,44.950435,0.750396825396825,0.00374986959482868,0.944582657971779,0.00169448375352083,288.888888888889,4786.11111111111,9,240,0.0054443533483495
"FWB_0411","FWB_0411_2010","Rutilus rutilus_Candes","Candes","Leuciscidae","Rutilus rutilus","species","lentic",1.978936,44.950435,0.563531746031746,0.00271967415438398,0.820547325568246,0.0023882947773177,146,230,5,40,0.00510796893170168
"FWB_0411","FWB_0411_2010","Sander lucioperca_Candes","Candes","Percidae","Sander lucioperca","species","lentic",1.978936,44.950435,0.873313492063492,0.00281929309789759,0.918766255795545,0.000730751506404613,524,4626.66666666667,10,210,0.00355004460430221
"FWB_0412","FWB_0412_2015","Phoxinus phoxinus_Cerces","Cerces","Leuciscidae","Phoxinus phoxinus","species","lentic",6.4741196,45.0712685,0.510126582278481,0.0300307999074223,0.0555984555984559,0.00653389186207716,96,33.5,5,16,0.0365646917694994
"FWB_0412","FWB_0412_2015","Salvelinus alpinus_Cerces","Cerces","Salmonidae","Salvelinus alpinus","species","lentic",6.4741196,45.0712685,0.279184247538678,0.0338909930460894,0.788529601029601,0.0260473480687095,210.25,4099.5,24,296,0.0599383411147989
"FWB_0413","FWB_0413_2015","Barbatula barbatula_Chenilly_brook","Chenilly_brook","Nemacheilidae","Barbatula barbatula","species","lotic",-0.88757,48.600016,0.736771787502763,0.0263781723968488,0.27947712059695,0.0111134700019656,81.9230769230769,260.576923076923,13,45,0.0374916423988144
"FWB_0413","FWB_0413_2015","Cottus gobio_Chenilly_brook","Chenilly_brook","Cottidae","Cottus gobio","species","lotic",-0.88757,48.600016,0.620523553667375,0.00551364437787351,0.387384094151213,0.0115242649500585,65,55.2631578947368,20,30,0.017037909327932
"FWB_0413","FWB_0413_2015","Lampetra planeri_Chenilly_brook","Chenilly_brook","Petromyzontidae","Lampetra planeri","species","lotic",-0.88757,48.600016,0.170511058353118,0.0170719212898726,0.467055991440799,0.0271061347093364,100.6,357.2,20,70,0.044178055999209
"FWB_0413","FWB_0413_2015","Phoxinus phoxinus_Chenilly_brook","Chenilly_brook","Leuciscidae","Phoxinus phoxinus","species","lotic",-0.88757,48.600016,0.60803448706735,0.0256327248031846,0.368865905848788,0.00934358118703238,73,116.888888888889,10,30,0.034976305990217
"FWB_0413","FWB_0413_2015","Salmo trutta_Chenilly_brook","Chenilly_brook","Salmonidae","Salmo trutta","species","lotic",-0.88757,48.600016,0.668530551043359,0.0084843998299255,0.542840584878745,0.095957726289222,79.5,101.666666666667,4,23,0.104442126119147
"FWB_0414","FWB_0414_2002","Abramis brama_Clairvaux","Clairvaux","Leuciscidae","Abramis brama","species","lentic",5.74962,46.56429,0.735675675675676,0.0211916781646511,0.213097072419106,0.0159784098855943,379,13515.5555555556,10,335,0.0371700880502455
"FWB_0414","FWB_0414_2002","Alburnus alburnus_Clairvaux","Clairvaux","Leuciscidae","Alburnus alburnus","species","lentic",5.74962,46.56429,0.417417417417417,0.0005956226496767,0.440164355418593,0.000433917931502221,158.666666666667,35.4666666666667,6,16,0.00102954058117892
"FWB_0414","FWB_0414_2002","Coregonus lavaretus_Clairvaux","Clairvaux","Salmonidae","Coregonus lavaretus","species","lentic",5.74962,46.56429,0.666816816816817,0.0386848519280951,0.12788906009245,0.00226419647195001,280.833333333333,4199.24242424242,12,165,0.0409490484000452
"FWB_0414","FWB_0414_2002","Esox lucius_Clairvaux","Clairvaux","Esocidae","Esox lucius","species","lentic",5.74962,46.56429,0.818018018018018,0.00643129616102589,0.345146379044684,0.00628441053083921,460,4825,3,125,0.0127157066918651
"FWB_0414","FWB_0414_2002","Gymnocephalus cernua_Clairvaux","Clairvaux","Percidae","Gymnocephalus cernua","species","lentic",5.74962,46.56429,0.837837837837838,0.0111857803749696,0.112018489984592,0.0175220975258843,96,1267.5,5,80,0.0287078779008539
"FWB_0414","FWB_0414_2002","Perca fluviatilis_Clairvaux","Clairvaux","Percidae","Perca fluviatilis","species","lentic",5.74962,46.56429,0.761981981981982,0.0157696074452831,0.295069337442219,0.00727786601751764,199,14793.3333333333,10,295,0.0230474734628007
"FWB_0414","FWB_0414_2002","Rutilus rutilus_Clairvaux","Clairvaux","Leuciscidae","Rutilus rutilus","species","lentic",5.74962,46.56429,0.548828828828829,0.00909969428888347,0.383513097072419,0.0238382888718477,175.8,4327.51111111111,10,205,0.0329379831607312
"FWB_0414","FWB_0414_2002","Scardinius erythrophthalmus_Clairvaux","Clairvaux","Leuciscidae","Scardinius erythrophthalmus","species","lentic",5.74962,46.56429,0.431081081081081,0.15477570234327,0.611517719568567,0.0740897966257712,226.875,11935.2678571429,8,225,0.228865498969041
"FWB_0414","FWB_0414_2002","Squalius cephalus_Clairvaux","Clairvaux","Leuciscidae","Squalius cephalus","species","lentic",5.74962,46.56429,0.635585585585586,0.0071084598111625,0.672573189522342,0.00928100044080301,488.75,3272.91666666667,4,125,0.0163894602519655
"FWB_0415","FWB_0415_2015","Barbatula barbatula_Douenne_brook","Douenne_brook","Nemacheilidae","Barbatula barbatula","species","lotic",-1.074531,48.609517,0.692500430144529,0.0107688738962288,0.581958183453237,0.0378917616356555,94.6875,124.895833333333,16,40,0.0486606355318843
"FWB_0415","FWB_0415_2015","Cottus gobio_Douenne_brook","Douenne_brook","Cottidae","Cottus gobio","species","lotic",-1.074531,48.609517,0.775120440467997,0.0139931636590956,0.359068534645967,0.0667361014633958,64.4736842105263,55.2631578947368,19,25,0.0807292651224913
"FWB_0415","FWB_0415_2015","Lampetra planeri_Douenne_brook","Douenne_brook","Petromyzontidae","Lampetra planeri","species","lotic",-1.074531,48.609517,0.205002354475314,0.0122702085775031,0.6548939795532,0.0191282750021111,115,108.333333333333,19,35,0.0313984835796143
"FWB_0415","FWB_0415_2015","Phoxinus phoxinus_Douenne_brook","Douenne_brook","Leuciscidae","Phoxinus phoxinus","species","lotic",-1.074531,48.609517,0.63198554714384,0.0173899663520865,0.481025179856115,0.0313414250613897,75.5,35.8333333333333,10,20,0.0487313914134763
"FWB_0415","FWB_0415_2015","Salmo trutta_Douenne_brook","Douenne_brook","Salmonidae","Salmo trutta","species","lotic",-1.074531,48.609517,0.78121128699243,0.063066390513682,0.640611510791367,0.0177259426271932,100.6,448.8,5,47,0.0807923331408751
"FWB_0417","FWB_0417_2010","Perca fluviatilis_Filheit","Filheit","Percidae","Perca fluviatilis","species","lentic",0.747653,43.06708,0.179394207384479,0.0208235950685931,0.248814444202741,0.072769517190397,181.2,815.2,5,68,0.0935931122589901
"FWB_0417","FWB_0417_2010","Sander lucioperca_Filheit","Filheit","Percidae","Sander lucioperca","species","lentic",0.747653,43.06708,0.753482202078267,0.0363756052844896,0.515746984748507,0.0750143114829508,436.666666666667,6725,9,260,0.11138991676744
"FWB_0417","FWB_0417_2010","Scardinius erythrophthalmus_Filheit","Filheit","Leuciscidae","Scardinius erythrophthalmus","species","lentic",0.747653,43.06708,0.138845898739775,0.00697232300147296,0.502980204481183,0.0432012838668795,111.8,122.2,5,25,0.0501736068683524
"FWB_0421","FWB_0421_2010","Abramis brama_Gouyre","Gouyre","Leuciscidae","Abramis brama","species","lentic",1.60547,44.047403,0.249484170124021,0.00438163193176545,0.857812900301519,0.00739297208968814,499.571428571429,1144.61904761905,7,90,0.0117746040214536
"FWB_0421","FWB_0421_2010","Ameiurus melas_Gouyre","Gouyre","Ictaluridae","Ameiurus melas","species","lentic",1.60547,44.047403,0.541504892063985,0.0140254414935685,0.191267761070493,0.0244439935973968,152.25,212.25,4,33,0.0384694350909653
"FWB_0421","FWB_0421_2010","Blicca bjoerkna_Gouyre","Gouyre","Leuciscidae","Blicca bjoerkna","species","lentic",1.60547,44.047403,0.309799658332039,0.00112147591451677,0.914250241412609,0.00278210963724387,124.8,29.2,5,14,0.00390358555176064
"FWB_0421","FWB_0421_2010","Carassius gibelio_Gouyre","Gouyre","Cyprinidae","Carassius gibelio","species","lentic",1.60547,44.047403,0.281099549619506,0.00683355217098132,0.718489906653791,0.012286011285821,421.666666666667,608.333333333333,3,45,0.0191195634568023
"FWB_0421","FWB_0421_2010","Cyprinus carpio_Gouyre","Gouyre","Cyprinidae","Cyprinus carpio","species","lentic",1.60547,44.047403,0,NA,0.84204717892123,NA,600,NA,1,0,NA
"FWB_0421","FWB_0421_2010","Esox lucius_Gouyre","Gouyre","Esocidae","Esox lucius","species","lentic",1.60547,44.047403,0.57863539887146,0.00568114979637393,0.781165218191015,0.0100973102034208,615.833333333333,3084.16666666667,6,125,0.0157784599997947
"FWB_0421","FWB_0421_2010","Lepomis gibbosus_Gouyre","Gouyre","Centrarchidae","Lepomis gibbosus","species","lentic",1.60547,44.047403,0.420406895480665,0.0108099904967885,0.771232813721433,0.00845430954959955,91.5,34.3,6,14,0.0192643000463881
"FWB_0421","FWB_0421_2010","Perca fluviatilis_Gouyre","Gouyre","Percidae","Perca fluviatilis","species","lentic",1.60547,44.047403,0.352741108867837,0.0247590808766795,0.773320457994206,0.0224036127780896,248.5,2345.16666666667,10,164,0.0471626936547691
"FWB_0421","FWB_0421_2010","Rutilus rutilus_Gouyre","Gouyre","Leuciscidae","Rutilus rutilus","species","lentic",1.60547,44.047403,0.235393694673086,0.0095193716267286,0.48717064422679,0.0749699614855208,169,2060.22222222222,10,125,0.0844893331122494
"FWB_0421","FWB_0421_2010","Sander lucioperca_Gouyre","Gouyre","Percidae","Sander lucioperca","species","lentic",1.60547,44.047403,0.880726820934928,0.0105672466879355,0.788049583193741,0.00399651648748641,627,671,7,84,0.0145637631754219
"FWB_0422","FWB_0422_2019","Alburnus alburnus_Hers_Launaguet","Hers_Launaguet","Leuciscidae","Alburnus alburnus","species","lotic",1.44714,43.66534,0.444064885496183,0.0130105224574825,0.321477892186554,0.0118411583027731,90.5333333333333,151.552380952381,15,50,0.0248516807602556
"FWB_0422","FWB_0422_2019","Barbatula barbatula_Hers_Launaguet","Hers_Launaguet","Nemacheilidae","Barbatula barbatula","species","lotic",1.44714,43.66534,0.795610687022901,0.00859992861721345,0.371007470220069,0.00257864556754754,52.6666666666667,27.4666666666667,6,15,0.011178574184761
"FWB_0422","FWB_0422_2019","Barbus barbus_Hers_Launaguet","Hers_Launaguet","Cyprinidae","Barbus barbus","species","lotic",1.44714,43.66534,0.625205152671756,0.0268662096765846,0.140950938824955,0.00510192007490835,176.25,3538.40789473684,20,227,0.031968129751493
"FWB_0422","FWB_0422_2019","Cyprinus carpio_Hers_Launaguet","Hers_Launaguet","Cyprinidae","Cyprinus carpio","species","lotic",1.44714,43.66534,0.849777353689568,0.0654469648961793,0.472239047042197,0.0125971387248494,139.666666666667,26622.3333333333,3,287,0.0780441036210287
"FWB_0422","FWB_0422_2019","Gobio gobio_Hers_Launaguet","Hers_Launaguet","Gobionidae","Gobio gobio","species","lotic",1.44714,43.66534,0.729747959989471,0.00846076161529336,0.285949998955701,0.00671091922881662,86.8965517241379,90.4532019704434,29,42,0.01517168084411
"FWB_0422","FWB_0422_2019","Lepomis gibbosus_Hers_Launaguet","Hers_Launaguet","Centrarchidae","Lepomis gibbosus","species","lotic",1.44714,43.66534,0.539885496183206,NA,0.294972743791642,NA,104,NA,1,0,NA
"FWB_0422","FWB_0422_2019","Oncorhynchus mykiss_Hers_Launaguet","Hers_Launaguet","Salmonidae","Oncorhynchus mykiss","species","lotic",1.44714,43.66534,0,NA,1,NA,297,NA,1,0,NA
"FWB_0422","FWB_0422_2019","Squalius cephalus_Hers_Launaguet","Hers_Launaguet","Leuciscidae","Squalius cephalus","species","lotic",1.44714,43.66534,0.419787690839695,0.0234170865597836,0.212961841308298,0.007097795888414,166.166666666667,3923.88405797101,24,231,0.0305148824481976
"FWB_0424","FWB_0424_2020","Abramis brama_Lac_de_Jouarres","Lac_de_Jouarres","Leuciscidae","Abramis brama","species","lentic",2.701901,43.271909,0.419121013276362,0.007849457390116,0.486417825364959,0.041954544033093,259.333333333333,18090.6666666667,6,335,0.049804001423209
"FWB_0424","FWB_0424_2020","Alburnus alburnus_Lac_de_Jouarres","Lac_de_Jouarres","Leuciscidae","Alburnus alburnus","species","lentic",2.701901,43.271909,0.310258660155654,0.0138147180092682,0.407149230426054,0.00292813836021082,116.625,870.839285714286,8,78,0.0167428563694791
"FWB_0424","FWB_0424_2020","Blicca bjoerkna_Lac_de_Jouarres","Lac_de_Jouarres","Leuciscidae","Blicca bjoerkna","species","lentic",2.701901,43.271909,0.400071214202147,0.0143565039376892,0.528440776265893,0.0280483753582663,209,12028.5,9,316,0.0424048792959555
"FWB_0424","FWB_0424_2020","Cyprinus carpio_Lac_de_Jouarres","Lac_de_Jouarres","Cyprinidae","Cyprinus carpio","species","lentic",2.701901,43.271909,0.417823897451549,NA,0.41475202617295,NA,209,NA,1,0,NA
"FWB_0424","FWB_0424_2020","Gymnocephalus cernua_Lac_de_Jouarres","Lac_de_Jouarres","Percidae","Gymnocephalus cernua","species","lentic",2.701901,43.271909,0.640088509079811,0.0156809113467949,0.496121149032146,0.00865813110230753,101,796.4,6,70,0.0243390424491024
"FWB_0424","FWB_0424_2020","Lepomis gibbosus_Lac_de_Jouarres","Lac_de_Jouarres","Centrarchidae","Lepomis gibbosus","species","lentic",2.701901,43.271909,0.536395544025637,0.0366961252144734,0.526470369544204,0.0421821791209971,60.25,528.25,4,51,0.0788783043354705
"FWB_0424","FWB_0424_2020","Perca fluviatilis_Lac_de_Jouarres","Lac_de_Jouarres","Percidae","Perca fluviatilis","species","lentic",2.701901,43.271909,0.378321815526149,0.0649128097093086,0.341459269409303,0.00356226729604751,153.571428571429,6893.28571428571,7,201,0.0684750770053561
"FWB_0424","FWB_0424_2020","Rutilus rutilus_Lac_de_Jouarres","Lac_de_Jouarres","Leuciscidae","Rutilus rutilus","species","lentic",2.701901,43.271909,0.28110352946306,0.0071426694751413,0.424869613247931,0.0126602672963279,189.214285714286,4928.02747252747,14,190,0.0198029367714692
"FWB_0424","FWB_0424_2020","Sander lucioperca_Lac_de_Jouarres","Lac_de_Jouarres","Percidae","Sander lucioperca","species","lentic",2.701901,43.271909,0.604489885887719,0.107910607455882,0.457200452739155,0.0660504459698305,369.222222222222,69212.6944444445,9,625,0.173961053425712
"FWB_0424","FWB_0424_2020","Scardinius erythrophthalmus_Lac_de_Jouarres","Lac_de_Jouarres","Leuciscidae","Scardinius erythrophthalmus","species","lentic",2.701901,43.271909,0.353387761330688,0.0817821682826637,0.51230574763923,0.01144762839885,154,10024,4,206,0.0932297966815137
"FWB_0424","FWB_0424_2020","Silurus glanis_Lac_de_Jouarres","Lac_de_Jouarres","Siluridae","Silurus glanis","species","lentic",2.701901,43.271909,0.601963477287756,0.00694456848181064,0.44945101246685,0.00131797949538442,521,9037,3,179,0.00826254797719506
"FWB_0425","FWB_0425_2020","Abramis brama_Lac_de_Laragou","Lac_de_Laragou","Leuciscidae","Abramis brama","species","lentic",1.660645,43.693865,0.620531113753468,0.00901678485080273,0.223416154981199,0.0232113376266433,174.666666666667,3755.33333333333,12,162,0.032228122477446
"FWB_0425","FWB_0425_2020","Lepomis gibbosus_Lac_de_Laragou","Lac_de_Laragou","Centrarchidae","Lepomis gibbosus","species","lentic",1.660645,43.693865,0.556599286563615,NA,0.282878766243039,NA,78,NA,1,0,NA
"FWB_0425","FWB_0425_2020","Perca fluviatilis_Lac_de_Laragou","Lac_de_Laragou","Percidae","Perca fluviatilis","species","lentic",1.660645,43.693865,0.575909631391201,0.001385436622785,0.405397686705698,0.0183368303692453,87.4,90.8,5,21,0.0197222669920303
"FWB_0425","FWB_0425_2020","Rutilus rutilus_Lac_de_Laragou","Lac_de_Laragou","Leuciscidae","Rutilus rutilus","species","lentic",1.660645,43.693865,0.537148236226714,0.00354639928590381,0.303477081250893,0.0464486129729013,148.5,3407.36363636364,12,167,0.0499950122588052
"FWB_0425","FWB_0425_2020","Sander lucioperca_Lac_de_Laragou","Lac_de_Laragou","Percidae","Sander lucioperca","species","lentic",1.660645,43.693865,0.874447086801427,0.010757665073869,0.107710981008139,0.00654100016353102,234.1,18842.9888888889,10,470,0.0172986652374
"FWB_0425","FWB_0425_2020","Scardinius erythrophthalmus_Lac_de_Laragou","Lac_de_Laragou","Leuciscidae","Scardinius erythrophthalmus","species","lentic",1.660645,43.693865,0.211296076099881,0.0341299803991153,0.870091389404541,0.0198662385547868,132.75,439.583333333333,4,51,0.0539962189539021
"FWB_0426","FWB_0426_2020","Abramis brama_Lac_de_Maury","Lac_de_Maury","Leuciscidae","Abramis brama","species","lentic",2.685979,44.66035,0.307104377104377,0.0113917995896111,0.577706495589415,0.0138133967391828,326.2,2467.7,5,132,0.0252051963287939
"FWB_0426","FWB_0426_2020","Alburnus alburnus_Lac_de_Maury","Lac_de_Maury","Leuciscidae","Alburnus alburnus","species","lentic",2.685979,44.66035,0.272188552188552,0.0142271962044689,0.895709703287891,0.0192190085395004,154.2,510.2,5,58,0.0334462047439693
"FWB_0426","FWB_0426_2020","Blicca bjoerkna_Lac_de_Maury","Lac_de_Maury","Leuciscidae","Blicca bjoerkna","species","lentic",2.685979,44.66035,0.324242424242424,NA,0.473536487570168,NA,350,NA,1,0,NA
"FWB_0426","FWB_0426_2020","Esox lucius_Lac_de_Maury","Lac_de_Maury","Esocidae","Esox lucius","species","lentic",2.685979,44.66035,0.847104377104377,0.00213409912820687,0.522654370489174,0.048396122626943,557,13020,5,270,0.0505302217551499
"FWB_0426","FWB_0426_2020","Lepomis gibbosus_Lac_de_Maury","Lac_de_Maury","Centrarchidae","Lepomis gibbosus","species","lentic",2.685979,44.66035,0.219191919191919,0.036021522747112,0.6685378241112,0.0674812144709988,95,73,3,17,0.103502737218111
"FWB_0426","FWB_0426_2020","Perca fluviatilis_Lac_de_Maury","Lac_de_Maury","Percidae","Perca fluviatilis","species","lentic",2.685979,44.66035,0.636496544391281,0.07911386145703,0.6242983159583,0.0286001113534105,191.052631578947,10121.9415204678,19,333,0.10771397281044
"FWB_0426","FWB_0426_2020","Rutilus rutilus_Lac_de_Maury","Lac_de_Maury","Leuciscidae","Rutilus rutilus","species","lentic",2.685979,44.66035,0.246181109339004,0.0151158172718316,0.679314565483476,0.0353682407938076,203.684210526316,7800.33918128655,19,307,0.0504840580656392
"FWB_0426","FWB_0426_2020","Sander lucioperca_Lac_de_Maury","Lac_de_Maury","Percidae","Sander lucioperca","species","lentic",2.685979,44.66035,0.765095398428732,0.0069872783200505,0.212643678160919,0.0807937579996858,273,56044,3,442,0.0877810363197363
"FWB_0426","FWB_0426_2020","Tinca tinca_Lac_de_Maury","Lac_de_Maury","Tincidae","Tinca tinca","species","lentic",2.685979,44.66035,0.258249158249158,NA,0.55252606255012,NA,495,NA,1,0,NA
"FWB_0427","FWB_0427_2016","Ameiurus melas_Lake Bourget","Lake Bourget","Ictaluridae","Ameiurus melas","species","lentic",5.869574,45.729665,0.572119381315349,0.00154035451619459,0.837372609744679,0.000176615490353788,44.5,0,7,0,0.00171697000654838
"FWB_0427","FWB_0427_2016","Coregonus lavaretus_Lake Bourget","Lake Bourget","Salmonidae","Coregonus lavaretus","species","lentic",5.869574,45.729665,0.69331507703483,0.00159148889319962,0.349509680353109,0.00266345899330494,379.68085106383,1017.65679925994,51,NA,0.00425494788650455
"FWB_0427","FWB_0427_2016","Esox lucius_Lake Bourget","Lake Bourget","Esocidae","Esox lucius","species","lentic",5.869574,45.729665,0.824686501106467,0.00544736011130021,0.784093773632468,0.0201087995848534,832,66920,5,500,0.0255561596961536
"FWB_0427","FWB_0427_2016","Perca fluviatilis_Lake Bourget","Lake Bourget","Percidae","Perca fluviatilis","species","lentic",5.869574,45.729665,0.569068971913432,0.0513466685989452,0.498497472569753,0.030902213917477,131.428571428571,4674.72527472527,19,NA,0.0822488825164222
"FWB_0427","FWB_0427_2016","Rutilus rutilus_Lake Bourget","Lake Bourget","Leuciscidae","Rutilus rutilus","species","lentic",5.869574,45.729665,0.468083838135473,0.00777300471527166,0.669546485780416,0.00823375456598682,110.909090909091,424.090909090909,11,45,0.0160067592812585
"FWB_0427","FWB_0427_2016","Salaria fluviatilis_Lake Bourget","Lake Bourget","Blenniidae","Salaria fluviatilis","species","lentic",5.869574,45.729665,0.50017758107259,0.000928100108142487,0.868099319384926,0.00109370767363646,46.8333333333333,171.766666666667,6,35,0.00202180778177895
"FWB_0427","FWB_0427_2016","Salmo trutta_Lake Bourget","Lake Bourget","Salmonidae","Salmo trutta","species","lentic",5.869574,45.729665,0.724894680763872,0.0271001908195186,0.597027980841946,0.00261086010993943,526.190476190476,38194.7619047619,25,NA,0.029711050929458
"FWB_0427","FWB_0427_2016","Salvelinus alpinus_Lake Bourget","Lake Bourget","Salmonidae","Salvelinus alpinus","species","lentic",5.869574,45.729665,0.872469469715597,0.00110528626503376,0.384484497101084,0.00212023893929105,377,1712.22222222222,10,140,0.0032255252043248
"FWB_0427","FWB_0427_2016","Silurus glanis_Lake Bourget","Lake Bourget","Siluridae","Silurus glanis","species","lentic",5.869574,45.729665,0.592861240881895,0.00122902676599849,0.754127804386186,0.00140892612562167,556.25,42239.5833333333,4,475,0.00263795289162016
"FWB_0428","FWB_0428_2017","Abramis brama_Lake Geneva","Lake Geneva","Leuciscidae","Abramis brama","species","lentic",6.529857,46.435708,0,NA,0.491525423728813,NA,300,NA,1,0,NA
"FWB_0428","FWB_0428_2017","Esox lucius_Lake Geneva","Lake Geneva","Esocidae","Esox lucius","species","lentic",6.529857,46.435708,0.55926267281106,0.00273651454338239,0.27909604519774,0.00576207347824699,294.285714285714,528.571428571429,7,60,0.00849858802162937
"FWB_0428","FWB_0428_2017","Perca fluviatilis_Lake Geneva","Lake Geneva","Percidae","Perca fluviatilis","species","lentic",6.529857,46.435708,0.559354838709678,0.0069938813735692,0.185499058380414,0.0598701096960218,150.5,1068.3,6,78,0.066863991069591
"FWB_0428","FWB_0428_2017","Rutilus rutilus_Lake Geneva","Lake Geneva","Leuciscidae","Rutilus rutilus","species","lentic",6.529857,46.435708,0.180903225806452,0.00273581685744017,0.460338983050847,0.055225892942641,225.2,3218.7,5,149,0.0579617098000812
"FWB_0428","FWB_0428_2017","Salmo trutta_Lake Geneva","Lake Geneva","Salmonidae","Salmo trutta","species","lentic",6.529857,46.435708,0.916774193548387,0.00419213319458896,0.270056497175141,0.00256988732484281,456.666666666667,426.666666666667,6,60,0.00676202051943176
"FWB_0428","FWB_0428_2017","Silurus glanis_Lake Geneva","Lake Geneva","Siluridae","Silurus glanis","species","lentic",6.529857,46.435708,0.561382488479263,0.0157255331557101,0.555528652138822,0.0505866242666013,711.142857142857,74766.7472527473,14,1215,0.0663121574223113
"FWB_0429","FWB_0429_2022","Ameiurus melas_LAM1","LAM1","Ictaluridae","Ameiurus melas","species","lentic",1.337336,43.506265,0.52908971075061,0.0519085234322883,0.569148936170213,0.0153061968713847,177.071428571429,5958.37912087912,14,214,0.067214720303673
"FWB_0429","FWB_0429_2022","Cyprinus carpio_LAM1","LAM1","Cyprinidae","Cyprinus carpio","species","lentic",1.337336,43.506265,0.401791851618841,0.0142537722526678,0.374605988967691,0.0103768734735565,634.333333333333,12082.75,9,371,0.0246306457262244
"FWB_0429","FWB_0429_2022","Esox lucius_LAM1","LAM1","Esocidae","Esox lucius","species","lentic",1.337336,43.506265,0.814171122994652,0.064131948589151,0.514095744680851,0.00681139236792249,562.5,25267.6666666667,4,350,0.0709433409570735
"FWB_0429","FWB_0429_2022","Gambusia affinis_LAM1","LAM1","Poeciliidae","Gambusia affinis","species","lentic",1.337336,43.506265,0.14633532557408,0.00192102701520583,0.770354609929078,0.0190032474473115,28.2,156.2,5,27,0.0209242744625173
"FWB_0429","FWB_0429_2022","Lepomis gibbosus_LAM1","LAM1","Centrarchidae","Lepomis gibbosus","species","lentic",1.337336,43.506265,0.120897556883716,0.000590610127025029,0.840868794326241,0.00832680340885412,77.125,395.267857142857,8,65,0.00891741353587915
"FWB_0429","FWB_0429_2022","Micropterus salmoides_LAM1","LAM1","Centrarchidae","Micropterus salmoides","species","lentic",1.337336,43.506265,0.615287826360491,0.00319195221946952,0.564539007092199,0.0111438685176802,312.5,40.5,2,9,0.0143358207371497
"FWB_0429","FWB_0429_2022","Perca fluviatilis_LAM1","LAM1","Percidae","Perca fluviatilis","species","lentic",1.337336,43.506265,0.531229247492223,0.101833159744957,0.643631796690307,0.012859396696328,186.166666666667,5513.42424242424,12,248,0.114692556441285
"FWB_0429","FWB_0429_2022","Rutilus rutilus_LAM1","LAM1","Leuciscidae","Rutilus rutilus","species","lentic",1.337336,43.506265,0.211352277096222,0.0134545854892725,0.479580378250591,0.10216532020827,169.583333333333,1831.7196969697,12,130,0.115619905697542
"FWB_0429","FWB_0429_2022","Sander lucioperca_LAM1","LAM1","Percidae","Sander lucioperca","species","lentic",1.337336,43.506265,0.705515361224704,0.0247560143775684,0.577304964539007,0.00601367721274919,365.25,50408.9166666667,4,453,0.0307696915903176
"FWB_0431","FWB_0431_2022","Abramis brama_LAV","LAV","Leuciscidae","Abramis brama","species","lentic",1.265891,43.386392,0.501712554340667,0.0183570496197783,0.570213774220725,0.0645880413203353,253.125,36872.6964285714,8,419,0.0829450909401136
"FWB_0431","FWB_0431_2022","Ameiurus melas_LAV","LAV","Ictaluridae","Ameiurus melas","species","lentic",1.265891,43.386392,0.499956088350239,0.019718581568909,0.494278292614434,0.0258182608465244,104.833333333333,409.366666666667,6,60,0.0455368424154335
"FWB_0431","FWB_0431_2022","Cyprinus carpio_LAV","LAV","Cyprinidae","Cyprinus carpio","species","lentic",1.265891,43.386392,0.286276511658543,0.0491992783140154,0.498973251895535,0.013203748976075,487.125,59490.4107142857,8,614,0.0624030272900904
"FWB_0431","FWB_0431_2022","Esox lucius_LAV","LAV","Esocidae","Esox lucius","species","lentic",1.265891,43.386392,0.761954946647346,NA,0.233466722830665,NA,272,NA,1,0,NA
"FWB_0431","FWB_0431_2022","Gambusia affinis_LAV","LAV","Poeciliidae","Gambusia affinis","species","lentic",1.265891,43.386392,0.398814385456462,0.0198440852404777,0.218112889637742,0.00978501057333412,28.6,11.3,5,8,0.0296290958138118
"FWB_0431","FWB_0431_2022","Lepomis gibbosus_LAV","LAV","Centrarchidae","Lepomis gibbosus","species","lentic",1.265891,43.386392,0.590989329469108,0.0243046162771143,0.561204717775906,0.0460428640059189,105.2,3034.84444444444,10,188,0.0703474802830333
"FWB_0431","FWB_0431_2022","Micropterus salmoides_LAV","LAV","Centrarchidae","Micropterus salmoides","species","lentic",1.265891,43.386392,0.870850349097616,0.00488252525919168,0.276103096040438,0.00638235627022058,220.5,4103.42857142857,8,227,0.0112648815294123
"FWB_0431","FWB_0431_2022","Perca fluviatilis_LAV","LAV","Percidae","Perca fluviatilis","species","lentic",1.265891,43.386392,0.624005207405054,0.0469770916795204,0.468729867684226,0.0432184400972397,188.588235294118,8583.50735294117,17,383,0.09019553177676
"FWB_0431","FWB_0431_2022","Rutilus rutilus_LAV","LAV","Leuciscidae","Rutilus rutilus","species","lentic",1.265891,43.386392,0.300037324902297,0.016517009247556,0.507134582982308,0.029765121786101,194.916666666667,10200.446969697,12,300,0.0462821310336569
"FWB_0431","FWB_0431_2022","Sander lucioperca_LAV","LAV","Percidae","Sander lucioperca","species","lentic",1.265891,43.386392,0.814517191410881,NA,0.313395113732098,NA,273,NA,1,0,NA
"FWB_0431","FWB_0431_2022","Scardinius erythrophthalmus_LAV","LAV","Leuciscidae","Scardinius erythrophthalmus","species","lentic",1.265891,43.386392,0.190571071005138,0.023514865396654,0.59113047598989,0.0638838162410017,181,343.428571428571,8,63,0.0873986816376557
"FWB_0431","FWB_0431_2022","Silurus glanis_LAV","LAV","Siluridae","Silurus glanis","species","lentic",1.265891,43.386392,0.775852983796601,0.0294412027666387,0.539490311710194,0.0673291960291532,584,380206.8,6,1612,0.0967703987957919
"FWB_0431","FWB_0431_2022","Squalius cephalus_LAV","LAV","Leuciscidae","Squalius cephalus","species","lentic",1.265891,43.386392,0.522592543801871,NA,0.708614153327717,NA,292,NA,1,0,NA
"FWB_0433","FWB_0433_2022","Abramis brama_LIN","LIN","Leuciscidae","Abramis brama","species","lentic",1.22705,43.343186,0.504109781843772,0.0498138108989137,0.542125587642713,0.0735453673805905,255.3,29910.6777777778,10,409,0.123359178279504
"FWB_0433","FWB_0433_2022","Cyprinus carpio_LIN","LIN","Cyprinidae","Cyprinus carpio","species","lentic",1.22705,43.343186,0.494252873563218,0.0807520598086112,0.477240504439967,0.0533773945405375,539.888888888889,28879.3611111111,9,439,0.134129454349149
"FWB_0433","FWB_0433_2022","Esox lucius_LIN","LIN","Esocidae","Esox lucius","species","lentic",1.22705,43.343186,0.123152709359606,NA,0.5329079919409,NA,341,NA,1,0,NA
"FWB_0433","FWB_0433_2022","Gymnocephalus cernua_LIN","LIN","Percidae","Gymnocephalus cernua","species","lentic",1.22705,43.343186,0.602568613652358,0.049951975354436,0.574252854264607,0.118613515286265,50.75,24.9166666666667,4,10,0.168565490640701
"FWB_0433","FWB_0433_2022","Lepomis gibbosus_LIN","LIN","Centrarchidae","Lepomis gibbosus","species","lentic",1.22705,43.343186,0.668106966924701,0.0711276473574862,0.399899261249161,0.0950198152368669,66.1,350.766666666667,10,54,0.166147462594353
"FWB_0433","FWB_0433_2022","Perca fluviatilis_LIN","LIN","Percidae","Perca fluviatilis","species","lentic",1.22705,43.343186,1,NA,0.0466756212222972,NA,323,NA,1,0,NA
"FWB_0433","FWB_0433_2022","Rutilus rutilus_LIN","LIN","Leuciscidae","Rutilus rutilus","species","lentic",1.22705,43.343186,0.442280084447572,0.0441864958169926,0.618032236400269,0.0454199512691359,173.8,4484.84444444444,10,195,0.0896064470861285
"FWB_0433","FWB_0433_2022","Scardinius erythrophthalmus_LIN","LIN","Leuciscidae","Scardinius erythrophthalmus","species","lentic",1.22705,43.343186,0.365886699507389,0.0362518331675827,0.698476326393553,0.049617841251109,146.125,382.696428571429,8,53,0.0858696744186917
"FWB_0436","FWB_0436_2014","Cottus gobio_Lou","Lou","Cottidae","Cottus gobio","species","lentic",6.5290091,45.2906442,0.83234126984127,0.0477017195767195,0.392565359477124,0.0892239963795976,81,175,3,25,0.136925715956317
"FWB_0436","FWB_0436_2014","Phoxinus phoxinus_Lou","Lou","Leuciscidae","Phoxinus phoxinus","species","lentic",6.5290091,45.2906442,0.227380952380952,0.00271754535147392,0.401960784313726,0.0192158664936563,71.4,61.8,5,18,0.0219334118451302
"FWB_0436","FWB_0436_2014","Salmo trutta_Lou","Lou","Salmonidae","Salmo trutta","species","lentic",6.5290091,45.2906442,0.760912698412698,0.0233087679516251,0.920751633986928,0.00364503235934897,345.5,14947.9,6,297,0.0269538003109741
"FWB_0436","FWB_0436_2014","Salvelinus alpinus_Lou","Lou","Salmonidae","Salvelinus alpinus","species","lentic",6.5290091,45.2906442,0.476286482334869,0.0476653934423232,0.275932953826692,0.0368010597660949,259.903225806452,4851.02365591398,31,284,0.0844664532084181
"FWB_0437","FWB_0437_2010","Gymnocephalus cernua_Mas_Chaban","Mas_Chaban","Percidae","Gymnocephalus cernua","species","lentic",0.64829,45.80643,0.822685291199145,0.0121222853213815,0.516829976410815,0.0444031210602993,83.3333333333333,133.333333333333,3,20,0.0565254063816809
"FWB_0437","FWB_0437_2010","Perca fluviatilis_Mas_Chaban","Mas_Chaban","Percidae","Perca fluviatilis","species","lentic",0.64829,45.80643,0.896038470345775,0.00813620315448489,0.0561150426419887,0.00302676307206441,143.333333333333,33.3333333333333,3,10,0.0111629662265493
"FWB_0437","FWB_0437_2010","Rutilus rutilus_Mas_Chaban","Mas_Chaban","Leuciscidae","Rutilus rutilus","species","lentic",0.64829,45.80643,0.557285703381421,0.00907226442281834,0.242605697695518,0.0248722935679589,116.666666666667,33.3333333333333,3,10,0.0339445579907772
"FWB_0437","FWB_0437_2010","Scardinius erythrophthalmus_Mas_Chaban","Mas_Chaban","Leuciscidae","Scardinius erythrophthalmus","species","lentic",0.64829,45.80643,0.144569116861308,0.0195546334656987,0.681137724550898,0.0846559775485403,116.666666666667,33.3333333333333,3,10,0.104210611014239
"FWB_0440","FWB_0440_2010","Esox lucius_Montdély","Montdély","Esocidae","Esox lucius","species","lentic",9.12378,43.05118,0.717711931969173,0.0154614150438459,0.784143855562027,0.0304684025821472,500,15000,4,250,0.0459298176259931
"FWB_0440","FWB_0440_2010","Perca fluviatilis_Montdély","Montdély","Percidae","Perca fluviatilis","species","lentic",9.12378,43.05118,0.65426521392506,0.0405704903663226,0.865579499126383,0.00649457156822602,305.8,4860.7,5,160,0.0470650619345487
"FWB_0440","FWB_0440_2010","Rutilus rutilus_Montdély","Montdély","Leuciscidae","Rutilus rutilus","species","lentic",9.12378,43.05118,0.195402604305076,0.0186134321168373,0.464705882352941,0.0691951219172074,145.5,138.722222222222,10,38,0.0878085540340447
"FWB_0442","FWB_0442_2022","Abramis brama_NEW","NEW","Leuciscidae","Abramis brama","species","lentic",1.3920236,43.4906696,0.55256031050707,0.0028980147419319,0.240691608669461,0.0150255232592944,200.222222222222,1943.44444444444,9,141,0.0179235380012263
"FWB_0442","FWB_0442_2022","Cyprinus carpio_NEW","NEW","Cyprinidae","Cyprinus carpio","species","lentic",1.3920236,43.4906696,0.526489198397544,0.00668104938559986,0.591917560656746,0.0236247321595888,860,1100,9,100,0.0303057815451886
"FWB_0442","FWB_0442_2022","Esox lucius_NEW","NEW","Esocidae","Esox lucius","species","lentic",1.3920236,43.4906696,0.89494177992437,0.00321548538662189,0.446841235052102,0.00731128303952775,596.333333333333,2650.33333333333,3,99,0.0105267684261496
"FWB_0442","FWB_0442_2022","Gambusia affinis_NEW","NEW","Poeciliidae","Gambusia affinis","species","lentic",1.3920236,43.4906696,0.533393238234303,0.00560627792327227,0.496227938631907,0.0476778945416716,37.5,124.333333333333,5,NA,0.0532841724649438
"FWB_0442","FWB_0442_2022","Lepomis gibbosus_NEW","NEW","Centrarchidae","Lepomis gibbosus","species","lentic",1.3920236,43.4906696,0.652214609307724,0.0187613240303606,0.571371810153677,0.0140727674897457,52.6666666666667,363.75,9,51,0.0328340915201063
"FWB_0442","FWB_0442_2022","Perca fluviatilis_NEW","NEW","Percidae","Perca fluviatilis","species","lentic",1.3920236,43.4906696,0.845527043999469,0.005557815689984,0.457628540567749,0.0162710467668977,205,8879.8,11,294,0.0218288624568817
"FWB_0442","FWB_0442_2022","Rutilus rutilus_NEW","NEW","Leuciscidae","Rutilus rutilus","species","lentic",1.3920236,43.4906696,0.386827875034098,0.0677462223832315,0.620651582815616,0.0207858903940812,155.142857142857,4931.51648351648,14,218,0.0885321127773127
"FWB_0442","FWB_0442_2022","Sander lucioperca_NEW","NEW","Percidae","Sander lucioperca","species","lentic",1.3920236,43.4906696,0.887968475045865,0.00448445937871266,0.498827238820318,0.0330419201643446,284.083333333333,9317.7196969697,12,270,0.0375263795430573
"FWB_0442","FWB_0442_2022","Scardinius erythrophthalmus_NEW","NEW","Leuciscidae","Scardinius erythrophthalmus","species","lentic",1.3920236,43.4906696,0.194456924632147,0.00839053616782998,0.863911639174068,0.009923621451551,108.875,223.553571428571,8,40,0.018314157619381
"FWB_0442","FWB_0442_2022","Silurus glanis_NEW","NEW","Siluridae","Silurus glanis","species","lentic",1.3920236,43.4906696,0.751446141749972,0.00686535281187747,0.532861345022494,0.00745072609241703,530.375,89009.6964285714,8,666,0.0143160789042945
"FWB_0448","FWB_0448_2007","Salmo trutta_Oriege_Station_Sympatry","Oriege_Station_Sympatry","Salmonidae","Salmo trutta","species","lotic",1.963692,42.653101,0.471154592747884,0.0483886431552785,0.657806330723416,0.0210322618898344,140.980392156863,2494.93960784314,51,180,0.069420905045113
"FWB_0448","FWB_0448_2007","Salvelinus fontinalis_Oriege_Station_Sympatry","Oriege_Station_Sympatry","Salmonidae","Salvelinus fontinalis","species","lotic",1.963692,42.653101,0.550952713720009,0.0318476959273392,0.405169510807736,0.0331152956772252,145.54,1987.23306122449,50,151,0.0649629916045643
"FWB_0449","FWB_0449_2013","Cottus gobio_Ornans","Ornans","Cottidae","Cottus gobio","species","lotic",6.125469,47.103186,0.250320512820513,0.00349143244575937,0.277582159624413,0.00516416426965549,61,108,3,18,0.00865559671541486
"FWB_0449","FWB_0449_2013","Oncorhynchus mykiss_Ornans","Ornans","Salmonidae","Oncorhynchus mykiss","species","lotic",6.125469,47.103186,0.351923076923077,NA,0.890845070422535,NA,NA,NA,1,NA,NA
"FWB_0449","FWB_0449_2013","Phoxinus phoxinus_Ornans","Ornans","Leuciscidae","Phoxinus phoxinus","species","lotic",6.125469,47.103186,0.145833333333333,0.0075132519723866,0.233568075117371,0.000987475616610444,40.3333333333333,24.3333333333333,3,9,0.00850072758899705
"FWB_0449","FWB_0449_2013","Salmo trutta_Ornans","Ornans","Salmonidae","Salmo trutta","species","lotic",6.125469,47.103186,0.450692307692308,0.0275633721646943,0.414647887323944,0.026554162120611,353.2,6081,25,300,0.0541175342853053
"FWB_0449","FWB_0449_2013","Thymallus thymallus_Ornans","Ornans","Salmonidae","Thymallus thymallus","species","lotic",6.125469,47.103186,0.243333333333333,0.0505109449845027,0.206161971830986,0.0173061033454247,286.266666666667,9877.6380952381,15,366,0.0678170483299273
"FWB_0450","FWB_0450_2015","Salvelinus alpinus_Pepin","Pepin","Salmonidae","Salvelinus alpinus","species","lentic",6.5512203,45.1435191,0.211677367576244,0.0589373029129689,0.548122572291757,0.0833922013036844,285.214285714286,9891.25824175824,14,413,0.142329504216653
"FWB_0450","FWB_0450_2015","Salvelinus namaycush_Pepin","Pepin","Salmonidae","Salvelinus namaycush","species","lentic",6.5512203,45.1435191,0.339887640449438,0.0842933341749779,0.507768666378938,0.0645663363875136,337.714285714286,3609.2380952381,7,193,0.148859670562492
"FWB_0452","FWB_0452_2010","Barbatula barbatula_Petite_Leyre","Petite_Leyre","Nemacheilidae","Barbatula barbatula","species","lotic",-0.576581,44.31796,0.45027141601613,0.0423786327904413,0.644749530791485,0.0467440395062994,58.2173913043478,177.268774703557,23,48,0.0891226722967407
"FWB_0452","FWB_0452_2010","Gobio gobio_Petite_Leyre","Petite_Leyre","Gobionidae","Gobio gobio","species","lotic",-0.576581,44.31796,0.571073127229489,0.0206836415233216,0.68431910326735,0.0286998375225554,56.65,696.64358974359,40,103,0.049383479045877
"FWB_0452","FWB_0452_2010","Lampetra planeri_Petite_Leyre","Petite_Leyre","Petromyzontidae","Lampetra planeri","species","lotic",-0.576581,44.31796,0.186266349583829,0.0234569329587533,0.590368868749503,0.0214004785249709,78,578,6,64,0.0448574114837242
"FWB_0452","FWB_0452_2010","Phoxinus phoxinus_Petite_Leyre","Petite_Leyre","Leuciscidae","Phoxinus phoxinus","species","lotic",-0.576581,44.31796,0.58914119136205,0.0287991339482674,0.68678211766154,0.0442056093856842,42.1612903225806,139.739784946237,31,51,0.0730047433339516
"FWB_0474","FWB_0474_2002","Cottus gobio_Pont-Houarn_brook","Pont-Houarn_brook","Cottidae","Cottus gobio","species","lotic",-3.205026,48.093652,0.84394506866417,0.0170058961878177,0.359344894026975,0.099404702239745,75,109,3,19,0.116410598427563
"FWB_0474","FWB_0474_2002","Phoxinus phoxinus_Pont-Houarn_brook","Pont-Houarn_brook","Leuciscidae","Phoxinus phoxinus","species","lotic",-3.205026,48.093652,0.149188514357053,0.0368046496186882,0.518304431599229,0.113073162039048,51.6666666666667,45.8666666666667,6,18,0.149877811657736
"FWB_0474","FWB_0474_2002","Salmo trutta_Pont-Houarn_brook","Pont-Houarn_brook","Salmonidae","Salmo trutta","species","lotic",-3.205026,48.093652,0.377028714107366,0.0985332005405229,0.301541425818882,0.0312433871273125,116,19,3,8,0.129776587667835
"FWB_0474","FWB_0474_2002","Scardinius erythrophthalmus_Pont-Houarn_brook","Pont-Houarn_brook","Leuciscidae","Scardinius erythrophthalmus","species","lotic",-3.205026,48.093652,0.835205992509363,0.0543141298096481,0.895953757225433,0.000818604029536576,54,128,2,16,0.0551327338391847
"FWB_0475","FWB_0475_2022","Ameiurus melas_POU","POU","Ictaluridae","Ameiurus melas","species","lentic",1.258473,43.371928,0.538357291515415,0.0213247874321133,0.233690571581197,0.0194351564131885,218.333333333333,855.466666666667,6,67,0.0407599438453018
"FWB_0475","FWB_0475_2022","Carassius carassius_POU","POU","Cyprinidae","Carassius carassius","species","lentic",1.258473,43.371928,0.522723972702192,NA,0.431991185897436,NA,408,NA,1,0,NA
"FWB_0475","FWB_0475_2022","Gambusia affinis_POU","POU","Poeciliidae","Gambusia affinis","species","lentic",1.258473,43.371928,0.491759837374764,0.0378512996489684,0.117863581730769,0.0124448207342753,26.25,26.25,4,12,0.0502961203832437
"FWB_0475","FWB_0475_2022","Lepomis gibbosus_POU","POU","Centrarchidae","Lepomis gibbosus","species","lentic",1.258473,43.371928,0.76776120641374,0.0153069684726024,0.321943681318681,0.0390724709290665,76.2857142857143,2000.57142857143,7,126,0.0543794394016689
"FWB_0475","FWB_0475_2022","Micropterus salmoides_POU","POU","Centrarchidae","Micropterus salmoides","species","lentic",1.258473,43.371928,0.80759240436894,0.0287951869620986,0.374232104700855,0.00968061568782488,162.888888888889,7488.61111111111,9,283,0.0384758026499235
"FWB_0475","FWB_0475_2022","Perca fluviatilis_POU","POU","Percidae","Perca fluviatilis","species","lentic",1.258473,43.371928,0.81164776852304,0.00428418868006048,0.371175699300699,0.00929303555998456,155,2103.2,11,130,0.013577224240045
"FWB_0475","FWB_0475_2022","Rutilus rutilus_POU","POU","Leuciscidae","Rutilus rutilus","species","lentic",1.258473,43.371928,0.522672115165218,0.0321393371889454,0.185153388278388,0.0131378717324163,191.428571428571,4477.03296703297,14,197,0.0452772089213616
"FWB_0475","FWB_0475_2022","Sander lucioperca_POU","POU","Percidae","Sander lucioperca","species","lentic",1.258473,43.371928,0.6457819079425,0.185642847156874,0.422826522435897,0.176160385596656,337.75,88246.9166666667,4,645,0.36180323275353
"FWB_0475","FWB_0475_2022","Scardinius erythrophthalmus_POU","POU","Leuciscidae","Scardinius erythrophthalmus","species","lentic",1.258473,43.371928,0.533033251052708,NA,0.772135416666667,NA,200,NA,1,0,NA
"FWB_0477","FWB_0477_2002","Coregonus lavaretus_Saint Point","Saint Point","Salmonidae","Coregonus lavaretus","species","lentic",6.31163,46.81519,0.863834422657952,0.00819678557830025,0.212140600631823,0.00754245983116569,288.941176470588,11532.0588235294,17,290,0.0157392454094659
"FWB_0477","FWB_0477_2002","Esox lucius_Saint Point","Saint Point","Esocidae","Esox lucius","species","lentic",6.31163,46.81519,0.719039351851852,0.0168613316972451,0.359279401767505,0.00149810760895402,373.75,37572.9166666667,4,440,0.0183594393061991
"FWB_0477","FWB_0477_2002","Perca fluviatilis_Saint Point","Saint Point","Percidae","Perca fluviatilis","species","lentic",6.31163,46.81519,0.579282407407407,0.0721329160951074,0.493201903467029,0.0523543704612924,220.875,16601.7166666667,16,343,0.1244872865564
"FWB_0477","FWB_0477_2002","Rutilus rutilus_Saint Point","Saint Point","Leuciscidae","Rutilus rutilus","species","lentic",6.31163,46.81519,0.618055555555555,0.00281467396629434,0.484194425560843,0.00408067347435813,292.875,17681.8392857143,8,272,0.00689534744065247
"FWB_0477","FWB_0477_2002","Scardinius erythrophthalmus_Saint Point","Saint Point","Leuciscidae","Scardinius erythrophthalmus","species","lentic",6.31163,46.81519,0.527437363834423,0.0327772628228889,0.540128763946095,0.0209200975052614,190.117647058824,14717.3602941176,17,314,0.0536973603281503
"FWB_0477","FWB_0477_2002","Squalius cephalus_Saint Point","Saint Point","Leuciscidae","Squalius cephalus","species","lentic",6.31163,46.81519,0.765817901234568,0.00330254058070417,0.521640607296624,0.00478793651351154,506.666666666667,3633.33333333333,3,120,0.00809047709421572
"FWB_0478","FWB_0478_2010","Abramis brama_Salagou","Salagou","Leuciscidae","Abramis brama","species","lentic",3.36826,43.65896,0.420341360766893,0.0537626835230545,0.449370918936136,0.0113908362791805,297.8,713.2,5,75,0.065153519802235
"FWB_0478","FWB_0478_2010","Alburnus alburnus_Salagou","Salagou","Leuciscidae","Alburnus alburnus","species","lentic",3.36826,43.65896,0.297404722936638,0.00242265656480233,0.0844614322875193,0.000217074211133083,155,25,3,10,0.00263973077593541
"FWB_0478","FWB_0478_2010","Lepomis gibbosus_Salagou","Salagou","Centrarchidae","Lepomis gibbosus","species","lentic",3.36826,43.65896,0.310731821370119,0.0122642717770542,0.960503264851091,0.00394890751981675,118.333333333333,8.33333333333333,3,5,0.0162131792968709
"FWB_0478","FWB_0478_2010","Perca fluviatilis_Salagou","Salagou","Percidae","Perca fluviatilis","species","lentic",3.36826,43.65896,0.308580780921206,0.0429020568773527,0.180570154483198,0.0446510246921556,144.4,15076.8,5,237,0.0875530815695084
"FWB_0478","FWB_0478_2010","Rutilus rutilus_Salagou","Salagou","Leuciscidae","Rutilus rutilus","species","lentic",3.36826,43.65896,0.0765489829319617,0.00344012640213497,0.41468386685778,0.0289111702144794,288.6,1639.8,5,99,0.0323512966166143
"FWB_0478","FWB_0478_2010","Sander lucioperca_Salagou","Salagou","Percidae","Sander lucioperca","species","lentic",3.36826,43.65896,0.528134985581794,0.0605484160765004,0.234671125975474,0.0696256726647885,196,17084,6,313,0.130174088741289
"FWB_0479","FWB_0479_2002","Barbatula barbatula_Scorff_river_Guemene","Scorff_river_Guemene","Nemacheilidae","Barbatula barbatula","species","lotic",-3.206725,48.081327,0.681878604059013,0.0352357978536366,0.525097291716305,0.0350801505435087,74.9166666666667,568.992424242424,12,65,0.0703159483971453
"FWB_0479","FWB_0479_2002","Cottus gobio_Scorff_river_Guemene","Scorff_river_Guemene","Cottidae","Cottus gobio","species","lotic",-3.206725,48.081327,0.558102367190213,0.00278420242756056,0.472350380141659,0.0487352471016898,63.5909090909091,218.253246753247,22,52,0.0515194495292504
"FWB_0479","FWB_0479_2002","Lampetra planeri_Scorff_river_Guemene","Scorff_river_Guemene","Petromyzontidae","Lampetra planeri","species","lotic",-3.206725,48.081327,0.278195911031229,0.0810898878738705,0.385662377888968,0.170601516315051,104.875,562.982142857143,8,67,0.251691404188921
"FWB_0479","FWB_0479_2002","Perca fluviatilis_Scorff_river_Guemene","Scorff_river_Guemene","Percidae","Perca fluviatilis","species","lotic",-3.206725,48.081327,0.708604807908335,8.37396608144966e-05,0.645858152648717,0.00100315213939211,129.666666666667,144.333333333333,3,24,0.00108689180020661
"FWB_0479","FWB_0479_2002","Phoxinus phoxinus_Scorff_river_Guemene","Scorff_river_Guemene","Leuciscidae","Phoxinus phoxinus","species","lotic",-3.206725,48.081327,0.520026143256878,0.00687348938853212,0.333874845668984,0.0522109673844218,60.0909090909091,54.6909090909091,11,23,0.0590844567729539
"FWB_0479","FWB_0479_2002","Salmo trutta_Scorff_river_Guemene","Scorff_river_Guemene","Salmonidae","Salmo trutta","species","lotic",-3.206725,48.081327,0.571476072792631,0.00448558690187197,0.569864188706219,0.0119269649758905,133.56,2017.34,25,162,0.0164125518777624
"FWB_0480","FWB_0480_2015","Barbatula barbatula_Selune_river_05","Selune_river_05","Nemacheilidae","Barbatula barbatula","species","lotic",-0.898053,48.590903,0.831007124352331,0.0123655039979634,0.489078822412156,0.00718732892680343,80.3,173.122222222222,10,40,0.0195528329247668
"FWB_0480","FWB_0480_2015","Cottus gobio_Selune_river_05","Selune_river_05","Cottidae","Cottus gobio","species","lotic",-0.898053,48.590903,0.737334484743811,0.00225509919426435,0.343621399176955,0.042048875753173,46,368.25,9,55,0.0443039749474374
"FWB_0480","FWB_0480_2015","Lampetra planeri_Selune_river_05","Selune_river_05","Petromyzontidae","Lampetra planeri","species","lotic",-0.898053,48.590903,0.164232512953368,0.0181785562126388,0.584188034188034,0.0425316488231968,87,563.5,10,NA,0.0607102050358356
"FWB_0480","FWB_0480_2015","Phoxinus phoxinus_Selune_river_05","Selune_river_05","Leuciscidae","Phoxinus phoxinus","species","lotic",-0.898053,48.590903,0.850291450777202,0.00990044143383043,0.463770180436847,0.0137987189407735,59.4,141.8,5,27,0.0236991603746039
"FWB_0480","FWB_0480_2015","Salmo trutta_Selune_river_05","Selune_river_05","Salmonidae","Salmo trutta","species","lotic",-0.898053,48.590903,0.968264248704663,NA,0.830721747388414,NA,236,NA,1,0,NA
"FWB_0480","FWB_0480_2015","Squalius cephalus_Selune_river_05","Selune_river_05","Leuciscidae","Squalius cephalus","species","lotic",-0.898053,48.590903,0.789734455958549,0.0174013899702006,0.741737891737892,0.00394562995069483,211.6,3588.8,5,144,0.0213470199208954
"FWB_0481","FWB_0481_2015","Barbatula barbatula_Selune_river_10","Selune_river_10","Nemacheilidae","Barbatula barbatula","species","lotic",-1.094053,48.58195,0.693353145839374,0.00256186264429458,0.450762470922719,0.00413789612746722,77.5,41.6666666666667,4,15,0.0066997587717618
"FWB_0481","FWB_0481_2015","Cottus gobio_Selune_river_10","Selune_river_10","Cottidae","Cottus gobio","species","lotic",-1.094053,48.58195,0.6966077123804,0.00186504891831676,0.274011372447661,0.020325090920816,56.8,545.733333333333,10,60,0.0221901398391328
"FWB_0481","FWB_0481_2015","Lampetra planeri_Selune_river_10","Selune_river_10","Petromyzontidae","Lampetra planeri","species","lotic",-1.094053,48.58195,0.0762177442737025,0.00547971998220182,0.804826828637891,0.04394219082597,133.75,272.916666666667,4,35,0.0494219108081718
"FWB_0481","FWB_0481_2015","Phoxinus phoxinus_Selune_river_10","Selune_river_10","Leuciscidae","Phoxinus phoxinus","species","lotic",-1.094053,48.58195,0.680632067265874,0.0240269491217804,0.34267252520031,0.0173728891686048,50,100,5,25,0.0413998382903852
"FWB_0481","FWB_0481_2015","Rutilus rutilus_Selune_river_10","Selune_river_10","Leuciscidae","Rutilus rutilus","species","lotic",-1.094053,48.58195,0.834125833574949,0.00820059355461645,0.634957353321272,0.00730283284116964,110.2,162.177777777778,10,50,0.0155034263957861
"FWB_0482","FWB_0482_2022","Ameiurus melas_TAB","TAB","Ictaluridae","Ameiurus melas","species","lentic",1.259427,43.551353,0.419662509170946,0.0487003377365804,0.523899743437932,0.0463809058938551,227,10465.0909090909,12,251,0.0950812436304355
"FWB_0482","FWB_0482_2022","Hypophthalmichthys molitrix_TAB","TAB","Xenocyprididae","Hypophthalmichthys molitrix","species","lentic",1.259427,43.551353,0.583272193690389,8.72013689538385e-05,0.424393132030787,0.000397122606802416,1129.5,40.5,2,9,0.000484323975756255
"FWB_0482","FWB_0482_2022","Micropterus salmoides_TAB","TAB","Centrarchidae","Micropterus salmoides","species","lentic",1.259427,43.551353,0.409050414002725,0.0374073725758462,0.629928952042629,0.0246572251545104,204.5,7218.13333333333,16,372,0.0620645977303565
"FWB_0482","FWB_0482_2022","Rutilus rutilus_TAB","TAB","Leuciscidae","Rutilus rutilus","species","lentic",1.259427,43.551353,0.160858400586941,0.00546956475636445,0.793418196171304,0.00779014194348186,192.416666666667,7752.62878787879,12,247,0.0132597066998463
"FWB_0482","FWB_0482_2022","Sander lucioperca_TAB","TAB","Percidae","Sander lucioperca","species","lentic",1.259427,43.551353,0.507170806693918,0.0249397482278696,0.548421156502862,0.00975829413604085,243,4241.63636363636,12,245,0.0346980423639105
"FWB_0483","FWB_0483_2010","Cyprinus carpio_Tolerme","Tolerme","Cyprinidae","Cyprinus carpio","species","lentic",2.04672,44.82567,0.339893048128342,0.0471538664404346,0.476257567418822,0.0855189970343685,468,1270,5,90,0.132672863474803
"FWB_0483","FWB_0483_2010","Gobio gobio_Tolerme","Tolerme","Gobionidae","Gobio gobio","species","lentic",2.04672,44.82567,0.422972370766488,0.0216694191045402,0.734548706659329,0.00931648178832555,111.25,207.642857142857,8,45,0.0309859008928658
"FWB_0483","FWB_0483_2010","Lepomis gibbosus_Tolerme","Tolerme","Centrarchidae","Lepomis gibbosus","species","lentic",2.04672,44.82567,0.485700138641315,0.0103309659808035,0.612682688191769,0.0432456287989382,134.111111111111,256.361111111111,9,42,0.0535765947797417
"FWB_0483","FWB_0483_2010","Perca fluviatilis_Tolerme","Tolerme","Percidae","Perca fluviatilis","species","lentic",2.04672,44.82567,0.979144385026738,0.000869913351825904,0.798403962575674,0.00504965486784903,365,1250,2,50,0.00591956821967493
"FWB_0483","FWB_0483_2010","Rutilus rutilus_Tolerme","Tolerme","Leuciscidae","Rutilus rutilus","species","lentic",2.04672,44.82567,0.50017825311943,0.0162596077160406,0.660550357732526,0.00713000157740273,172.7,148.011111111111,10,45,0.0233896092934433
"FWB_0483","FWB_0483_2010","Scardinius erythrophthalmus_Tolerme","Tolerme","Leuciscidae","Scardinius erythrophthalmus","species","lentic",2.04672,44.82567,0.487522281639929,0.000988192716723703,0.79304347826087,0.00505299517884203,132,172.5,5,33,0.00604118789556574
"FWB_0483","FWB_0483_2010","Squalius cephalus_Tolerme","Tolerme","Leuciscidae","Squalius cephalus","species","lentic",2.04672,44.82567,0.122139037433155,0.00199539274468497,0.799075399009356,0.00431383294022788,119,21,5,11,0.00630922568491285
"FWB_0484","FWB_0484_2019","Ameiurus melas_Touch_Tournefeuille","Touch_Tournefeuille","Ictaluridae","Ameiurus melas","species","lotic",1.34424,43.57827,0.620408748884071,0.00875075148018282,0.6804211035818,0.0775507512226521,103.25,151.642857142857,8,40,0.0863015027028349
"FWB_0484","FWB_0484_2019","Barbatula barbatula_Touch_Tournefeuille","Touch_Tournefeuille","Nemacheilidae","Barbatula barbatula","species","lotic",1.34424,43.57827,0.720061216681546,NA,0.744433688286544,NA,69,NA,1,0,NA
"FWB_0484","FWB_0484_2019","Barbus barbus_Touch_Tournefeuille","Touch_Tournefeuille","Cyprinidae","Barbus barbus","species","lotic",1.34424,43.57827,0.703192619988947,0.0192062315607938,0.741006776379477,0.0141615002154912,165.933333333333,10773.7885057471,30,341,0.033367731776285
"FWB_0484","FWB_0484_2019","Gobio gobio_Touch_Tournefeuille","Touch_Tournefeuille","Gobionidae","Gobio gobio","species","lotic",1.34424,43.57827,0.722832971984866,0.00175820174010518,0.803975475959987,0.00653451381236599,88.2,38.1714285714286,15,23,0.00829271555247116
"FWB_0484","FWB_0484_2019","Rutilus rutilus_Touch_Tournefeuille","Touch_Tournefeuille","Leuciscidae","Rutilus rutilus","species","lotic",1.34424,43.57827,0.539063894911363,0.00536064302238596,0.790048402710552,0.000667753111502417,131.6,55.3,5,20,0.00602839613388837
"FWB_0484","FWB_0484_2019","Silurus glanis_Touch_Tournefeuille","Touch_Tournefeuille","Siluridae","Silurus glanis","species","lotic",1.34424,43.57827,0.505122645921013,0.000342255935320109,0.767279767666989,0.000118190703868183,207.666666666667,4486.33333333333,3,117,0.000460446639188292
"FWB_0484","FWB_0484_2019","Squalius cephalus_Touch_Tournefeuille","Touch_Tournefeuille","Leuciscidae","Squalius cephalus","species","lotic",1.34424,43.57827,0.298766940307023,0.00815488721324303,0.775686554236511,0.00909558753160117,168.842105263158,6198.91812865497,19,280,0.0172504747448442
"FWB_0485","FWB_0485_2010","Cottus gobio_Varenne","Varenne","Cottidae","Cottus gobio","species","lotic",1.246043,49.692833,0.295217689918777,0.0816644577539338,0.548005867690203,0.0746755419883179,38.5652173913044,670.98418972332,23,82,0.156339999742252
"FWB_0485","FWB_0485_2010","Lampetra planeri_Varenne","Varenne","Petromyzontidae","Lampetra planeri","species","lotic",1.246043,49.692833,0.393269230769231,0.0124942097308598,0.664535768645358,0.04557277408522,104.2,1294.2,5,88,0.0580669838160798
"FWB_0487","FWB_0487_2010","Abramis brama_Vigueirat_piscisud_pond","Vigueirat_piscisud_pond","Leuciscidae","Abramis brama","species","lentic",4.749884,43.540458,0.282276995305164,0.0250533677232113,0.493228764892432,0.0199654968532692,NA,NA,3,NA,0.0450188645764805
"FWB_0487","FWB_0487_2010","Ameiurus melas_Vigueirat_piscisud_pond","Vigueirat_piscisud_pond","Ictaluridae","Ameiurus melas","species","lentic",4.749884,43.540458,0.530553110328638,0.0460360670755017,0.643953029913431,0.00933252254211387,NA,NA,6,NA,0.0553685896176156
"FWB_0487","FWB_0487_2010","Anguilla anguilla_Vigueirat_piscisud_pond","Vigueirat_piscisud_pond","Anguillidae","Anguilla anguilla","species","lentic",4.749884,43.540458,0.532020246478873,0.0281078285175766,0.589857053646864,0.0384837656638836,496.510204081633,35599.6339154218,98,645,0.0665915941814602
"FWB_0487","FWB_0487_2010","Cyprinus carpio_Vigueirat_piscisud_pond","Vigueirat_piscisud_pond","Cyprinidae","Cyprinus carpio","species","lentic",4.749884,43.540458,0.147227112676056,0.0112574544981154,0.844968715179566,0.00489210997747711,NA,NA,6,NA,0.0161495644755925
"FWB_0487","FWB_0487_2010","Gambusia affinis_Vigueirat_piscisud_pond","Vigueirat_piscisud_pond","Poeciliidae","Gambusia affinis","species","lentic",4.749884,43.540458,0.357321009389671,0.0620374517498182,0.533599040027428,0.000529483824981861,NA,NA,3,NA,0.0625669355748
"FWB_0487","FWB_0487_2010","Lepomis gibbosus_Vigueirat_piscisud_pond","Vigueirat_piscisud_pond","Centrarchidae","Lepomis gibbosus","species","lentic",4.749884,43.540458,0.673305457746479,0.0428557927856162,0.838647467215222,0.0226067889813588,NA,NA,4,NA,0.0654625817669751
"FWB_0487","FWB_0487_2010","Micropterus salmoides_Vigueirat_piscisud_pond","Vigueirat_piscisud_pond","Centrarchidae","Micropterus salmoides","species","lentic",4.749884,43.540458,1,NA,0.646567240935973,NA,NA,NA,1,NA,NA
"FWB_0487","FWB_0487_2010","Pseudorasbora parva_Vigueirat_piscisud_pond","Vigueirat_piscisud_pond","Gobionidae","Pseudorasbora parva","species","lentic",4.749884,43.540458,0.180567781690141,0.0242629739521342,0.593243764463873,0.0740481768294479,NA,NA,4,NA,0.0983111507815821
"FWB_0487","FWB_0487_2010","Sander lucioperca_Vigueirat_piscisud_pond","Vigueirat_piscisud_pond","Percidae","Sander lucioperca","species","lentic",4.749884,43.540458,0.839348591549296,0.00498127270444853,0.661866803805605,0.00320093708669631,NA,NA,3,NA,0.00818220979114484
"FWB_0487","FWB_0487_2010","Scardinius erythrophthalmus_Vigueirat_piscisud_pond","Vigueirat_piscisud_pond","Leuciscidae","Scardinius erythrophthalmus","species","lentic",4.749884,43.540458,0.748899647887324,NA,0.756492671637953,NA,NA,NA,1,NA,NA
"FWB_0493","FWB_0493_2005","Coregonus albula_Stechlinsee","Stechlinsee","Salmonidae","Coregonus albula","species","lentic",13.023303,53.152028,0.269529371606824,0.0110488189621225,0.480026465966421,0.0309300880840469,112.775700934579,692.005819079528,107,82,0.0419789070461694
"FWB_0493","FWB_0493_2005","Coregonus fontanae_Stechlinsee","Stechlinsee","Salmonidae","Coregonus fontanae","species","lentic",13.023303,53.152028,0.358814710342475,0.0156122812764578,0.40141783233419,0.0241654446704305,91.752688172043,326.77512856475,93,88,0.0397777259468884
"FWB_0493","FWB_0493_2005","Gymnocephalus cernua_Stechlinsee","Stechlinsee","Percidae","Gymnocephalus cernua","species","lentic",13.023303,53.152028,0.439949346840843,0.00343642576065837,0.45287610619469,0.0121692836818336,NA,NA,10,NA,0.015605709442492
"FWB_0493","FWB_0493_2005","Perca fluviatilis_Stechlinsee","Stechlinsee","Percidae","Perca fluviatilis","species","lentic",13.023303,53.152028,0.045067981871501,0.00234981997829598,0.958628318584071,0.000672255288415517,NA,NA,10,NA,0.0030220752667115
"FWB_0495","FWB_0495_2006","Abramis brama_Leixlip Reservoir","Leixlip Reservoir","Leuciscidae","Abramis brama","species","lentic",-6.5,53.35,0.251221008712725,0.0152141724065377,0.355219105326549,0.0155153145179374,236.396551724138,3169.33121597096,58,247,0.0307294869244751
"FWB_0495","FWB_0495_2006","Rutilus rutilus_Leixlip Reservoir","Leixlip Reservoir","Leuciscidae","Rutilus rutilus","species","lentic",-6.5,53.35,0.660535502457211,0.0264246647875748,0.457325302793836,0.0223307278598743,190.171428571429,3945.44844720497,70,230,0.0487553926474492
"FWB_0496","FWB_0496_2006","Abramis brama_Lough Corrib","Lough Corrib","Leuciscidae","Abramis brama","species","lentic",-9.24,53.47,0.456668364193331,0.11052631218615,0.615503978497925,0.0155548302153545,319.311475409836,7732.88469945355,61,288,0.126081142401504
"FWB_0496","FWB_0496_2006","Rutilus rutilus_Lough Corrib","Lough Corrib","Leuciscidae","Rutilus rutilus","species","lentic",-9.24,53.47,0.553272468579559,0.0523864141519079,0.640383230082121,0.0266024087203307,174.283333333333,8072.81666666667,60,281,0.0789888228722385
"FWB_0501","FWB_0501_2008","Abramis brama_Lough Corrib_Maam","Lough Corrib_Maam","Leuciscidae","Abramis brama","species","lentic",-9.507167,53.4925,0.462800929358841,0.00511588551629592,0.544526234226256,0.00155389859181304,250.333333333333,488.424242424242,12,67,0.00666978410810896
"FWB_0501","FWB_0501_2008","Esox lucius_Lough Corrib_Maam","Lough Corrib_Maam","Esocidae","Esox lucius","species","lentic",-9.507167,53.4925,0.754931039596619,0.0196981467139705,0.718286473323002,0.0212088943111084,425.5,15057.1,6,336,0.0409070410250789
"FWB_0501","FWB_0501_2008","Perca fluviatilis_Lough Corrib_Maam","Lough Corrib_Maam","Percidae","Perca fluviatilis","species","lentic",-9.507167,53.4925,0.588061144341732,0.0325538334281133,0.609114538492444,0.00470055115641914,193.407407407407,4189.40455840456,27,238,0.0372543845845324
"FWB_0501","FWB_0501_2008","Rutilus rutilus_Lough Corrib_Maam","Lough Corrib_Maam","Leuciscidae","Rutilus rutilus","species","lentic",-9.507167,53.4925,0.424979726808889,0.0166632821994378,0.395305677370124,0.0314943147040709,155.957446808511,2321.3459759482,47,213,0.0481575969035087
"FWB_0501","FWB_0501_2008","Salmo trutta_Lough Corrib_Maam","Lough Corrib_Maam","Salmonidae","Salmo trutta","species","lentic",-9.507167,53.4925,0.387265806515399,0.193893173937006,0.757397978009003,0.114111067256526,209.333333333333,30236.3333333333,3,307,0.308004241193532
"FWB_0501","FWB_0501_2008","Scardinius erythrophthalmus_Lough Corrib_Maam","Lough Corrib_Maam","Leuciscidae","Scardinius erythrophthalmus","species","lentic",-9.507167,53.4925,0.586534183597805,0.0450557929151524,0.325547930042063,0.0383802459495623,156,400,3,40,0.0834360388647147
"FWB_0504","FWB_0504_2006","Abramis brama_Lough Ramor","Lough Ramor","Leuciscidae","Abramis brama","species","lentic",-7.06,53.81,0.436857413419914,0.0237966643130466,0.322790169351508,0.00999933128496164,314.611111111111,9059.10158730159,36,297,0.0337959955980083
"FWB_0504","FWB_0504_2006","Rutilus rutilus_Lough Ramor","Lough Ramor","Leuciscidae","Rutilus rutilus","species","lentic",-7.06,53.81,0.649222488038278,0.0537528910270067,0.41871453727255,0.0533374407121021,180.565789473684,4855.76894736842,76,242,0.107090331739109
"FWB_0505","FWB_0505_2008","Esox lucius_River Inney_Abbeyshrule","River Inney_Abbeyshrule","Esocidae","Esox lucius","species","lotic",-7.649627,53.592455,0.733815087755989,0.0163870912539921,0.790458874320179,0.013393603101624,581.388888888889,56414.0163398693,19,NA,0.0297806943556162
"FWB_0505","FWB_0505_2008","Lampetra planeri_River Inney_Abbeyshrule","River Inney_Abbeyshrule","Petromyzontidae","Lampetra planeri","species","lotic",-7.649627,53.592455,0.103523998745164,NA,0.319738243798509,NA,NA,NA,1,NA,NA
"FWB_0505","FWB_0505_2008","Perca fluviatilis_River Inney_Abbeyshrule","River Inney_Abbeyshrule","Percidae","Perca fluviatilis","species","lotic",-7.649627,53.592455,0.700693011892426,0.0109795536248699,0.605774684910281,0.00902389880836125,169.272727272727,4156.21818181818,11,235,0.0200034524332312
"FWB_0505","FWB_0505_2008","Phoxinus phoxinus_River Inney_Abbeyshrule","River Inney_Abbeyshrule","Leuciscidae","Phoxinus phoxinus","species","lotic",-7.649627,53.592455,0.440970406776116,0.117218156540255,0.619971592350226,0.0178968139538028,56,100.666666666667,6,NA,0.135114970494058
"FWB_0505","FWB_0505_2008","Rutilus rutilus_River Inney_Abbeyshrule","River Inney_Abbeyshrule","Leuciscidae","Rutilus rutilus","species","lotic",-7.649627,53.592455,0.660493568963714,0.000868854289194756,0.345031197686806,0.0380022171197829,147.2,7075.73333333333,10,245,0.0388710714089777
"FWB_0505","FWB_0505_2008","Salmo salar_River Inney_Abbeyshrule","River Inney_Abbeyshrule","Salmonidae","Salmo salar","species","lotic",-7.649627,53.592455,0.619287880372268,0.0114531028877655,0.62711155075331,0.0755323935542672,152.5,91.7142857142857,8,24,0.0869854964420328
"FWB_0505","FWB_0505_2008","Salmo trutta_River Inney_Abbeyshrule","River Inney_Abbeyshrule","Salmonidae","Salmo trutta","species","lotic",-7.649627,53.592455,0.63535966165894,0.0221574476215288,0.566741067654171,0.0193019559129802,241.277777777778,15654.4477124183,18,487,0.041459403534509
"FWB_0506","FWB_0506_2008","Esox lucius_River Inney_Ballinalack","River Inney_Ballinalack","Esocidae","Esox lucius","species","lotic",-7.473694,53.632396,0.649045292587492,0.00446064501022408,0.322939394119547,0.00198416864874395,437.846153846154,24926.8178137652,39,689,0.00644481365896803
"FWB_0506","FWB_0506_2008","Gobio gobio_River Inney_Ballinalack","River Inney_Ballinalack","Gobionidae","Gobio gobio","species","lotic",-7.473694,53.632396,0.468643435635124,0.000477082022098038,0.280701754385965,0.000537776603310312,106.75,134.25,4,27,0.00101485862540835
"FWB_0506","FWB_0506_2008","Lampetra planeri_River Inney_Ballinalack","River Inney_Ballinalack","Petromyzontidae","Lampetra planeri","species","lotic",-7.473694,53.632396,0.0824655949336257,0.00222346952135971,0.523174676780056,0.00407034992903295,NA,NA,14,NA,0.00629381945039267
"FWB_0506","FWB_0506_2008","Perca fluviatilis_River Inney_Ballinalack","River Inney_Ballinalack","Percidae","Perca fluviatilis","species","lotic",-7.473694,53.632396,0.573961937716263,0.014073817169885,0.303714715656724,0.00478594910019394,186,1118.125,17,108,0.0188597662700789
"FWB_0506","FWB_0506_2008","Rutilus rutilus_River Inney_Ballinalack","River Inney_Ballinalack","Leuciscidae","Rutilus rutilus","species","lotic",-7.473694,53.632396,0.4415515771526,0.00652075449266156,0.245527475075354,0.0422010703793218,98,1956.66666666667,25,155,0.0487218248719834
"FWB_0506","FWB_0506_2008","Salmo trutta_River Inney_Ballinalack","River Inney_Ballinalack","Salmonidae","Salmo trutta","species","lotic",-7.473694,53.632396,0.355583972719523,0.00938135969837182,0.337746348249478,0.0151326468757246,230.65,723.923684210526,20,123,0.0245140065740964
"FWB_0506","FWB_0506_2008","Squalius cephalus_River Inney_Ballinalack","River Inney_Ballinalack","Leuciscidae","Squalius cephalus","species","lotic",-7.473694,53.632396,0.43632779198636,0.00741799381545122,0.356750908107273,0.00557275534768509,340,200,2,20,0.0129907491631363
"FWB_0508","FWB_0508_2007","Abramis brama_Ross Lake","Ross Lake","Leuciscidae","Abramis brama","species","lentic",-9.217473,53.372506,0.615937619067779,0.0122816029343269,0.574658110461135,0.0250348821557773,254.848101265823,7184.54073352808,79,393,0.0373164850901042
"FWB_0508","FWB_0508_2007","Rutilus rutilus_Ross Lake","Ross Lake","Leuciscidae","Rutilus rutilus","species","lentic",-9.217473,53.372506,0.478971571906354,0.0334239107638131,0.60057565530076,0.0270908478176931,165.333333333333,2628.69607843137,70,NA,0.0605147585815062
"FWB_0513","FWB_0513_2001","Auchenoglanis occidentalis_Selingue","Selingue","Claroteidae","Auchenoglanis occidentalis","species","lentic",-8.27592,11.4497,0.635528214475583,0.00806233298678527,0.703679433037231,0.0363019042799551,190.52380952381,709.861904761905,21,102,0.0443642372667404
"FWB_0513","FWB_0513_2001","Chrysichthys nigrodigitatus_Selingue","Selingue","Claroteidae","Chrysichthys nigrodigitatus","species","lentic",-8.27592,11.4497,0.724662896911701,0.0342258418882123,0.712422389027894,0.0387927867435298,159.954545454545,2402.52164502165,22,181,0.073018628631742
"FWB_0513","FWB_0513_2001","Hemichromis fasciatus_Selingue","Selingue","Cichlidae","Hemichromis fasciatus","species","lentic",-8.27592,11.4497,0.903221690590112,0.0031734642657584,0.860468909276249,0.00379981888293478,127.28,184.043333333333,25,70,0.00697328314869317
"FWB_0513","FWB_0513_2001","Hydrocynus forskahlii_Selingue","Selingue","Alestidae","Hydrocynus forskahlii","species","lentic",-8.27592,11.4497,0.625996810207336,NA,0.755861365953109,NA,295,NA,1,0,NA
"FWB_0513","FWB_0513_2001","Labeo senegalensis_Selingue","Selingue","Cyprinidae","Labeo senegalensis","species","lentic",-8.27592,11.4497,0.593652312599681,0.00261783663886409,0.870642201834862,0.0043272050024194,155.32,284.726666666667,25,70,0.00694504164128348
"FWB_0513","FWB_0513_2001","Sarotherodon galilaeus_Selingue","Selingue","Cichlidae","Sarotherodon galilaeus","species","lentic",-8.27592,11.4497,0.62454958946187,0.00278691243043911,0.855155359232831,0.00152663479627062,142.592592592593,844.866096866097,27,110,0.00431354722670973
"FWB_0513","FWB_0513_2001","Synodontis membranaceus_Selingue","Selingue","Mochokidae","Synodontis membranaceus","species","lentic",-8.27592,11.4497,0.803083466241361,0.0107824900320493,0.698131158681617,0.00338818751363524,240.066666666667,874.638095238095,15,104,0.0141706775456846
"FWB_0516","FWB_0516_2022","Oreochromis mossambicus_I3","I3","Cichlidae","Oreochromis mossambicus","species","lotic",-60.94,14.5580556,0.440571939231457,0.137813587869292,0.519607843137255,0.119966679482251,NA,NA,6,NA,0.257780267351542
"FWB_0516","FWB_0516_2022","Poecilia reticulata_I3","I3","Poeciliidae","Poecilia reticulata","species","lotic",-60.94,14.5580556,0.625335120643432,0.0723567097202356,0.601307189542484,0.0855226622239306,NA,NA,4,NA,0.157879371944166
"FWB_0524","FWB_0524_2015","Astyanax_arroyonegro","arroyonegro","Characidae","Astyanax sp.","genus","lotic",-93.87005,16.8675667,0.553191489361702,NA,0.61,NA,66,NA,1,0,NA
"FWB_0524","FWB_0524_2015","Brycon guatemalensis_arroyonegro","arroyonegro","Bryconidae","Brycon guatemalensis","species","lotic",-93.87005,16.8675667,0.412765957446808,0.0128112267994568,0.54,0.01445,105.4,219.3,5,39,0.0272612267994568
"FWB_0524","FWB_0524_2015","Poecilia mexicana_arroyonegro","arroyonegro","Poeciliidae","Poecilia mexicana","species","lotic",-93.87005,16.8675667,0.283687943262411,0.125547004677833,0.42,0.1327,33.6666666666667,22.3333333333333,3,9,0.258247004677833
"FWB_0524","FWB_0524_2015","Poeciliopsis pleurospilus_arroyonegro","arroyonegro","Poeciliidae","Poeciliopsis pleurospilus","species","lotic",-93.87005,16.8675667,0.34468085106383,0.00620190131281122,0.534,0.03218,34.6,33.8,5,13,0.0383819013128113
"FWB_0524","FWB_0524_2015","Profundulus punctatus_arroyonegro","arroyonegro","Profundulidae","Profundulus punctatus","species","lotic",-93.87005,16.8675667,0.680851063829787,NA,0.49,NA,55,NA,1,0,NA
"FWB_0524","FWB_0524_2015","Rhamdia quelen_arroyonegro","arroyonegro","Heptapteridae","Rhamdia quelen","species","lotic",-93.87005,16.8675667,0.815602836879433,0.0265580202203108,0.52,0.00584,121,1402.5,6,NA,0.0323980202203108
"FWB_0524","FWB_0524_2015","Tlaloc labialis_arroyonegro","arroyonegro","Profundulidae","Tlaloc labialis","species","lotic",-93.87005,16.8675667,0.727659574468085,0.00212765957446808,0.56,0.0011,66.8,266.7,5,33,0.00322765957446808
"FWB_0524","FWB_0524_2015","Vieja hartwegi_arroyonegro","arroyonegro","Cichlidae","Vieja hartwegi","species","lotic",-93.87005,16.8675667,0.459574468085106,0.00783159800814849,0.756,0.02113,106.6,674.8,5,64,0.0289615980081485
"FWB_0554","FWB_0554_2011","Brachyalestes lateralis_Liambezi","Liambezi","Alestidae","Brachyalestes lateralis","species","lentic",24.37232,-17.910002,0.767688788029741,0.0117727276955338,0.37929798328349,0.0170040291003866,81.5714285714286,567.661375661376,28,112,0.0287767567959204
"FWB_0554","FWB_0554_2011","Clarias gariepinus_Liambezi","Liambezi","Clariidae","Clarias gariepinus","species","lentic",24.37232,-17.910002,0.747147961599725,0.0122350529931126,0.554419395240651,0.0121656917146219,571.166666666667,17983.7666666667,6,375,0.0244007447077345
"FWB_0554","FWB_0554_2011","Clarias ngamensis_Liambezi","Liambezi","Clariidae","Clarias ngamensis","species","lentic",24.37232,-17.910002,0.64356075282073,0.00468093307441323,0.529946811106231,0.0124698096903283,395.909090909091,3067.09090909091,11,209,0.0171507427647415
"FWB_0554","FWB_0554_2011","Clarias theodorae_Liambezi","Liambezi","Clariidae","Clarias theodorae","species","lentic",24.37232,-17.910002,0.844504713935167,NA,0.621417069243156,NA,239,NA,1,0,NA
"FWB_0554","FWB_0554_2011","Coptodon rendalli_Liambezi","Liambezi","Cichlidae","Coptodon rendalli","species","lentic",24.37232,-17.910002,0.418062192374474,0.0168440617349193,0.599352895568677,0.0379934412813456,182.444444444444,6163.08496732026,18,261,0.0548375030162649
"FWB_0554","FWB_0554_2011","Coptostomabarbus wittei_Liambezi","Liambezi","Cyprinidae","Coptostomabarbus wittei","species","lentic",24.37232,-17.910002,0.802143871884283,0.000120091972437089,0.342538915727321,0.000213533369694153,25,2,2,2,0.000333625342131242
"FWB_0554","FWB_0554_2011","Enteromius barnardi_Liambezi","Liambezi","Cyprinidae","Enteromius barnardi","species","lentic",24.37232,-17.910002,0.607516466485858,NA,0.286688137412775,NA,38,NA,1,0,NA
"FWB_0554","FWB_0554_2011","Enteromius bifrenatus_Liambezi","Liambezi","Cyprinidae","Enteromius bifrenatus","species","lentic",24.37232,-17.910002,0.640158853157691,0.0442605233106664,0.312775093934514,0.0838998062581136,45.5,0.333333333333333,4,1,0.12816032956878
"FWB_0554","FWB_0554_2011","Enteromius haasianus_Liambezi","Liambezi","Cyprinidae","Enteromius haasianus","species","lentic",24.37232,-17.910002,0.54991605320935,0.00312639434911226,0.540257648953301,0.00253783671572497,26.8,2.2,5,4,0.00566423106483723
"FWB_0554","FWB_0554_2011","Enteromius poechii_Liambezi","Liambezi","Cyprinidae","Enteromius poechii","species","lentic",24.37232,-17.910002,0.586594343277799,0.00682061801475104,0.497707231040564,0.0199792406373398,72.4285714285714,177.952380952381,7,32,0.0267998586520908
"FWB_0554","FWB_0554_2011","Enteromius radiatus_Liambezi","Liambezi","Cyprinidae","Enteromius radiatus","species","lentic",24.37232,-17.910002,0.58245512075423,0.00611712598514625,0.488585614600107,0.00878066420772427,76.15,164.028947368421,20,51,0.0148977901928705
"FWB_0554","FWB_0554_2011","Enteromius unitaeniatus_Liambezi","Liambezi","Cyprinidae","Enteromius unitaeniatus","species","lentic",24.37232,-17.910002,0.650451303686484,0.00211234320100345,0.399075565098109,0.00182176397923471,91.4444444444444,18.7777777777778,9,12,0.00393410718023816
"FWB_0554","FWB_0554_2011","Hepsetus cuvieri_Liambezi","Liambezi","Hepsetidae","Hepsetus cuvieri","species","lentic",24.37232,-17.910002,0.733584251213077,0.0106248560936584,0.628916494133886,0.011222907386697,302.142857142857,8494.14285714286,7,252,0.0218477634803554
"FWB_0554","FWB_0554_2011","Labeo cylindricus_Liambezi","Liambezi","Cyprinidae","Labeo cylindricus","species","lentic",24.37232,-17.910002,0.503034999354256,0.000546551910113695,0.514170692431562,0.00246467569578961,159,162,2,18,0.0030112276059033
"FWB_0554","FWB_0554_2011","Lacustricola hutereaui_Liambezi","Liambezi","Procatopodidae","Lacustricola hutereaui","species","lentic",24.37232,-17.910002,0.555178871238538,0.0024531495779376,0.668102522812668,0.00148679130379079,26,11.3333333333333,4,7,0.00393994088172839
"FWB_0554","FWB_0554_2011","Marcusenius altisambesi_Liambezi","Liambezi","Mormyridae","Marcusenius altisambesi","species","lentic",24.37232,-17.910002,0.442277612754172,0.00357323702653974,0.496707818930041,0.00506347584641905,168.444444444444,424.527777777778,9,62,0.00863671287295879
"FWB_0554","FWB_0554_2011","Micropanchax johnstoni_Liambezi","Liambezi","Procatopodidae","Micropanchax johnstoni","species","lentic",24.37232,-17.910002,0.676422376538611,0.0112706249842125,0.486857425987861,0.0128041004006864,40.6153846153846,18.7564102564103,13,13,0.0240747253848989
"FWB_0554","FWB_0554_2011","Mormyrus lacerda_Liambezi","Liambezi","Mormyridae","Mormyrus lacerda","species","lentic",24.37232,-17.910002,0.683326875887899,NA,0.078690284487386,NA,318,NA,1,0,NA
"FWB_0554","FWB_0554_2011","Oreochromis andersonii_Liambezi","Liambezi","Cichlidae","Oreochromis andersonii","species","lentic",24.37232,-17.910002,0.472445157838416,0.0350270994968236,0.327317690361169,0.0262598122354865,290.571428571429,6364.87912087912,14,308,0.0612869117323101
"FWB_0554","FWB_0554_2011","Oreochromis macrochir_Liambezi","Liambezi","Cichlidae","Oreochromis macrochir","species","lentic",24.37232,-17.910002,0.188873104022271,0.0150769846716738,0.55485179221089,0.0250774399307794,191.444444444444,2147.77777777778,9,158,0.0401544246024531
"FWB_0554","FWB_0554_2011","Petrocephalus catostoma_Liambezi","Liambezi","Mormyridae","Petrocephalus catostoma","species","lentic",24.37232,-17.910002,0.638676575910206,0.00384425442528191,0.470111745474064,0.00584998875936821,80.3636363636364,59.6545454545455,11,19,0.00969424318465012
"FWB_0554","FWB_0554_2011","Pharyngochromis acuticeps_Liambezi","Liambezi","Cichlidae","Pharyngochromis acuticeps","species","lentic",24.37232,-17.910002,0.604890438675793,0.0250445019004079,0.385513210472953,0.0213428890013539,99.3888888888889,398.722222222222,18,74,0.0463873909017617
"FWB_0554","FWB_0554_2011","Pseudocrenilabrus philander_Liambezi","Liambezi","Cichlidae","Pseudocrenilabrus philander","species","lentic",24.37232,-17.910002,0.663734986439365,0.0110441197180334,0.564527643585615,0.0146009344948596,53.7,336.115789473684,20,51,0.0256450542128931
"FWB_0554","FWB_0554_2011","Rhabdalestes maunensis_Liambezi","Liambezi","Alestidae","Rhabdalestes maunensis","species","lentic",24.37232,-17.910002,0.744298075681261,0.00485571857663332,0.374578636607622,0.00727511135064547,51.3,8.95789473684211,20,13,0.0121308299272788
"FWB_0554","FWB_0554_2011","Sargochromis carlottae_Liambezi","Liambezi","Cichlidae","Sargochromis carlottae","species","lentic",24.37232,-17.910002,0.705109991820569,0.045795694855127,0.490391841116479,0.0197309933331778,126,2716,3,94,0.0655266881883048
"FWB_0554","FWB_0554_2011","Sargochromis codringtonii_Liambezi","Liambezi","Cichlidae","Sargochromis codringtonii","species","lentic",24.37232,-17.910002,0.556662184439836,0.00571009292760979,0.547342995169082,0.013638289165888,120.941176470588,1840.80882352941,17,169,0.0193483820934978
"FWB_0554","FWB_0554_2011","Schilbe intermedius_Liambezi","Liambezi","Schilbeidae","Schilbe intermedius","species","lentic",24.37232,-17.910002,0.656960629451912,0.0160820426888035,0.476739336884264,0.010816274766153,164.807692307692,2026.32153846154,26,157,0.0268983174549565
"FWB_0554","FWB_0554_2011","Serranochromis macrocephalus_Liambezi","Liambezi","Cichlidae","Serranochromis macrocephalus","species","lentic",24.37232,-17.910002,0.793066548587664,0.0133348007355316,0.498243999693275,0.0147807529457821,190.214285714286,6078.18131868132,14,207,0.0281155536813137
"FWB_0554","FWB_0554_2011","Serranochromis robustus_Liambezi","Liambezi","Cichlidae","Serranochromis robustus","species","lentic",24.37232,-17.910002,0.692431873950665,0.00182578160817796,0.734165324745035,0.0015581839836263,277.75,952.25,4,63,0.00338396559180426
"FWB_0554","FWB_0554_2011","Synodontis_Liambezi","Liambezi","Mochokidae","Synodontis sp.","genus","lentic",24.37232,-17.910002,0.703963026512426,0.0172556952192386,0.348573729008512,0.0124454199162672,142.428571428571,129.648351648352,14,30,0.0297011151355058
"FWB_0554","FWB_0554_2011","Tilapia ruweti_Liambezi","Liambezi","Cichlidae","Tilapia ruweti","species","lentic",24.37232,-17.910002,0.538809247061862,0.0227599640518024,0.685077831454643,0.00335469747482474,46,18,2,6,0.0261146615266271
"FWB_0554","FWB_0554_2011","Tilapia sparrmanii_Liambezi","Liambezi","Cichlidae","Tilapia sparrmanii","species","lentic",24.37232,-17.910002,0.424601252744414,0.0259305316059638,0.452895195920558,0.0216781352946086,90.875,1158.11666666667,16,108,0.0476086669005724
"FWB_0557","FWB_0557_2005","Galaxias paucispondylus_acheron","acheron","Galaxiidae","Galaxias paucispondylus","species","lotic",171.675667,-43.32775,0.453183520599251,0.0747338299036317,0.281786941580756,0.0356750628830553,81,290,6,43,0.110408892786687
"FWB_0557","FWB_0557_2005","Oncorhynchus mykiss_acheron","acheron","Salmonidae","Oncorhynchus mykiss","species","lotic",171.675667,-43.32775,0.599250936329588,0.062854016748727,0.608247422680413,0.0707620363481773,135.333333333333,989.866666666667,6,89,0.133616053096904
"FWB_0571","FWB_0571_2022","Anguilla dieffenbachii_bittern","bittern","Anguillidae","Anguilla dieffenbachii","species","lotic",170.889218,-42.810011,0.507407407407407,0.0148971193415638,0.54726368159204,0.0297869470800127,365.333333333333,30386.6666666667,6,488,0.0446840664215764
"FWB_0571","FWB_0571_2022","Galaxias argenteus_bittern","bittern","Galaxiidae","Galaxias argenteus","species","lotic",170.889218,-42.810011,0.288888888888889,0.0725925925925926,0.708955223880597,0.0175474288623893,254,23143,3,295,0.0901400214549819
"FWB_0571","FWB_0571_2022","Galaxias fasciatus_bittern","bittern","Galaxiidae","Galaxias fasciatus","species","lotic",170.889218,-42.810011,0.355555555555556,0.199012345679012,0.365316275764037,0.100110171045473,97.6666666666667,2808.33333333333,3,105,0.299122516724485
"FWB_0571","FWB_0571_2022","Galaxias maculatus_bittern","bittern","Galaxiidae","Galaxias maculatus","species","lotic",170.889218,-42.810011,0.896296296296296,0.0358847736625514,0.797974413646055,0.0463931105968786,57.1666666666667,94.9666666666667,6,25,0.08227788425943
"FWB_0572","FWB_0572_2022","Anguilla australis_boggy","boggy","Anguillidae","Anguilla australis","species","lotic",172.369426,-43.766727,0.556410256410256,0.0545364891518738,0.637908496732026,0.00850681094878039,463.4,59177.8,5,583,0.0630433001006541
"FWB_0572","FWB_0572_2022","Galaxias maculatus_boggy","boggy","Galaxiidae","Galaxias maculatus","species","lotic",172.369426,-43.766727,0.939102564102564,0.000698553583168967,0.54452614379085,0.0263113279080696,68.5,349.666666666667,4,40,0.0270098814912385
"FWB_0572","FWB_0572_2022","Gobiomorphus cotidianus_boggy","boggy","Eleotridae","Gobiomorphus cotidianus","species","lotic",172.369426,-43.766727,0.902564102564102,0.00711702827087443,0.689869281045752,0.137156982891196,56.6,617.3,5,69,0.14427401116207
"FWB_0572","FWB_0572_2022","Salmo trutta_boggy","boggy","Salmonidae","Salmo trutta","species","lotic",172.369426,-43.766727,0.602564102564103,0.13665821358129,0.360396241830065,0.0822004199964299,194.5,12911.7142857143,8,271,0.21885863357772
"FWB_0575","FWB_0575_2005","Anguilla dieffenbachii_bradleyupper","bradleyupper","Anguillidae","Anguilla dieffenbachii","species","lotic",171.707886,-43.190667,0.522222222222222,0.189881481481482,0.66554054054054,0.099102903579255,257,163,3,25,0.288984385060737
"FWB_0575","FWB_0575_2005","Galaxias vulgaris_bradleyupper","bradleyupper","Galaxiidae","Galaxias vulgaris","species","lotic",171.707886,-43.190667,0.265555555555555,0.0397762962962962,0.43018018018018,0.137571524226929,70.5,359.5,6,52,0.177347820523226
"FWB_0577","FWB_0577_2016","Oncorhynchus mykiss_BRO","BRO","Salmonidae","Oncorhynchus mykiss","species","lotic",171.728859,-43.193423,0.572572119015255,0.0396079478820496,0.635188866799205,0.304828089119359,83.6666666666667,1430.33333333333,3,66,0.344436037001409
"FWB_0577","FWB_0577_2016","Salmo trutta_BRO","BRO","Salmonidae","Salmo trutta","species","lotic",171.728859,-43.193423,0.338468509288627,0.328277267474315,0.44831013916501,0.0232886972400193,54,196,3,26,0.351565964714334
"FWB_0578","FWB_0578_2009","Galaxias paucispondylus_Broad5","Broad5","Galaxiidae","Galaxias paucispondylus","species","lotic",171.6498202,-43.0375349,0.408333333333333,0.275208333333333,0.486834490740741,0.179333031422808,82.3333333333333,230.333333333333,3,30,0.454541364756141
"FWB_0578","FWB_0578_2009","Galaxias vulgaris_Broad5","Broad5","Galaxiidae","Galaxias vulgaris","species","lotic",171.6498202,-43.0375349,0.775,0.011875,0.899016203703704,0.00766906424314394,98.3333333333333,94.3333333333333,3,19,0.0195440642431439
"FWB_0579","FWB_0579_2005","Galaxias vulgaris_broken","broken","Galaxiidae","Galaxias vulgaris","species","lotic",171.733056,-43.19575,0.213080168776371,0.00386111556196479,0.555147058823529,0.0775370350346021,65.6,294.8,5,40,0.0813981505965669
"FWB_0579","FWB_0579_2005","Gobiomorphus breviceps_broken","broken","Eleotridae","Gobiomorphus breviceps","species","lotic",171.733056,-43.19575,0.175808720112518,0.0259633130967853,0.715686274509804,0.0606797866205306,85,100,3,20,0.0866430997173159
"FWB_0579","FWB_0579_2005","Oncorhynchus mykiss_broken","broken","Salmonidae","Oncorhynchus mykiss","species","lotic",171.733056,-43.19575,0.394983591186123,0.0610454362924587,0.330882352941177,0.0411203773788928,268.666666666667,48486.25,9,500,0.102165813671351
"FWB_0581","FWB_0581_2005","Anguilla dieffenbachii_cass","cass","Anguillidae","Anguilla dieffenbachii","species","lotic",171.7485,-43.026583,1,NA,0,NA,186,NA,1,0,NA
"FWB_0581","FWB_0581_2005","Galaxias paucispondylus_cass","cass","Galaxiidae","Galaxias paucispondylus","species","lotic",171.7485,-43.026583,0.470666666666667,0.131825066666667,0.521993127147766,0.100345484819499,72.3333333333333,118.666666666667,6,25,0.232170551486166
"FWB_0581","FWB_0581_2005","Galaxias vulgaris_cass","cass","Galaxiidae","Galaxias vulgaris","species","lotic",171.7485,-43.026583,0.606666666666667,0.0515690666666666,0.65085910652921,0.0484007510539554,79.5,668.7,6,56,0.0999698177206221
"FWB_0581","FWB_0581_2005","Salmo trutta_cass","cass","Salmonidae","Salmo trutta","species","lotic",171.7485,-43.026583,0.5504,0.0926527999999999,0.768659793814433,0.0139513232011903,138,106,5,26,0.10660412320119
"FWB_0583","FWB_0583_2005","Galaxias vulgaris_coach_upper","coach_upper","Galaxiidae","Galaxias vulgaris","species","lotic",171.758,-43.307306,0.353717026378897,0.0853251211980056,0.583333333333334,0.197122344843954,85.1666666666667,862.966666666667,6,76,0.28244746604196
"FWB_0583","FWB_0583_2005","Gobiomorphus breviceps_coach_upper","coach_upper","Eleotridae","Gobiomorphus breviceps","species","lotic",171.758,-43.307306,0.671462829736211,0.14617945931025,0.517295597484277,0.146723329773348,71.6666666666667,34.3333333333333,3,11,0.292902789083597
"FWB_0584","FWB_0584_2005","Galaxias vulgaris_coachlow","coachlow","Galaxiidae","Galaxias vulgaris","species","lotic",171.762617,-43.307803,0.474654377880184,0.172864150863259,0.744638403990025,0.0312547807538511,95.6,756.8,5,70,0.20411893161711
"FWB_0584","FWB_0584_2005","Salmo trutta_coachlow","coachlow","Salmonidae","Salmo trutta","species","lotic",171.762617,-43.307803,0.485187623436471,0.0487637897436364,0.146775917349484,0.0122499830461846,147.428571428571,1312.61904761905,7,89,0.061013772789821
"FWB_0585","FWB_0585_2010","Galaxias vulgaris_Coopers3","Coopers3","Galaxiidae","Galaxias vulgaris","species","lotic",172.0982945,-43.2812906,0.717277486910995,0.0756558208382446,0.580132450331125,0.0141926523690481,93.5,745.666666666667,4,59,0.0898484732072927
"FWB_0585","FWB_0585_2010","Gobiomorphus breviceps_Coopers3","Coopers3","Eleotridae","Gobiomorphus breviceps","species","lotic",172.0982945,-43.2812906,0.47434554973822,0.102883692881226,0.572847682119206,0.133931406517258,62.2,331.7,5,46,0.236815099398484
"FWB_0586","FWB_0586_2010","Galaxias vulgaris_Coopers4","Coopers4","Galaxiidae","Galaxias vulgaris","species","lotic",172.097846,-43.2794614,0.600985221674877,0.280594044990172,0.304075235109717,0.0961984453769124,75.3333333333333,1006.33333333333,3,63,0.376792490367084
"FWB_0586","FWB_0586_2010","Gobiomorphus breviceps_Coopers4","Coopers4","Eleotridae","Gobiomorphus breviceps","species","lotic",172.097846,-43.2794614,0.471674876847291,0.0117348960987487,0.40242946708464,0.180189160549392,62.75,108.25,4,21,0.19192405664814
"FWB_0589","FWB_0589_2010","Galaxias brevipinnis_Craigieburn1","Craigieburn1","Galaxiidae","Galaxias brevipinnis","species","lotic",171.7777778,-43.1263889,0.981981981981982,0.000568135703270839,0.816516516516517,0.00258549089630178,35.6666666666667,0.333333333333333,3,1,0.00315362659957262
"FWB_0589","FWB_0589_2010","Salmo trutta_Craigieburn1","Craigieburn1","Salmonidae","Salmo trutta","species","lotic",171.7777778,-43.1263889,0.155855855855856,0.0228329681032384,0.475315315315315,0.136106789221654,43.8,118.2,5,27,0.158939757324892
"FWB_0590","FWB_0590_2010","Galaxias brevipinnis_Craigieburn2","Craigieburn2","Galaxiidae","Galaxias brevipinnis","species","lotic",171.7780211,-43.126402,0.951117318435754,0.00850212748249639,0.965932294465341,0.000174760968831169,34.5,1.66666666666667,4,3,0.00867688845132756
"FWB_0590","FWB_0590_2010","Gobiomorphus breviceps_Craigieburn2","Craigieburn2","Eleotridae","Gobiomorphus breviceps","species","lotic",171.7780211,-43.126402,0.608007448789572,0.0749690500712629,0.962099229804764,0.00241248597324169,34,21,3,9,0.0773815360445046
"FWB_0590","FWB_0590_2010","Salmo trutta_Craigieburn2","Craigieburn2","Salmonidae","Salmo trutta","species","lotic",171.7780211,-43.126402,0.293296089385475,0.0433871185876429,0.634416980118216,0.179625173833632,72.75,792.916666666667,4,63,0.223012292421274
"FWB_0593","FWB_0593_2010","Galaxias brevipinnis_Craigieburn5","Craigieburn5","Galaxiidae","Galaxias brevipinnis","species","lotic",171.7706082,-43.1284572,0.614309210526316,0.0665351959256694,0.26094674556213,0.0652904310073181,50.25,3.58333333333333,4,4,0.131825626932988
"FWB_0593","FWB_0593_2010","Salmo trutta_Craigieburn5","Craigieburn5","Salmonidae","Salmo trutta","species","lotic",171.7706082,-43.1284572,0.266447368421053,0.0545089594875346,0.36,0.191489373621372,75,798,5,60,0.245998333108906
"FWB_0609","FWB_0609_2016","Gobiomorphus breviceps_dcw19","dcw19","Eleotridae","Gobiomorphus breviceps","species","lotic",171.976965,-43.471539,0.430073606729758,0.264669101427354,0.546285714285714,0.232153795918368,NA,NA,3,NA,0.496822897345721
"FWB_0609","FWB_0609_2016","Neochanna burrowsius_dcw19","dcw19","Galaxiidae","Neochanna burrowsius","species","lotic",171.976965,-43.471539,0.270241850683491,0.0219161632948216,0.551746031746032,0.24294724111867,68.6666666666667,825.333333333333,3,54,0.264863404413491
"FWB_0615","FWB_0615_2022","Anguilla australis_drain","drain","Anguillidae","Anguilla australis","species","lotic",172.358484,-43.775356,0.655092592592593,0.0145383230452675,0.356186518928901,0.1007983492044,343.166666666667,31644.1666666667,6,511,0.115336672249668
"FWB_0615","FWB_0615_2022","Gobiomorphus cotidianus_drain","drain","Eleotridae","Gobiomorphus cotidianus","species","lotic",172.358484,-43.775356,0.902777777777778,0.0348186728395062,0.792520775623269,0.0491722362474199,61.6,284.3,5,44,0.083990909086926
"FWB_0615","FWB_0615_2022","Salmo trutta_drain","drain","Salmonidae","Salmo trutta","species","lotic",172.358484,-43.775356,0.522222222222222,0.162480709876543,0.540443213296399,0.0276494195102861,259.2,2158.7,5,115,0.190130129386829
"FWB_0618","FWB_0618_2005","Galaxias paucispondylus_drylow","drylow","Galaxiidae","Galaxias paucispondylus","species","lotic",171.712583,-43.257278,0.158823529411765,0.0104839484813533,0.69802371541502,0.0650599915636863,75,288,5,40,0.0755439400450397
"FWB_0618","FWB_0618_2005","Galaxias vulgaris_drylow","drylow","Galaxiidae","Galaxias vulgaris","species","lotic",171.712583,-43.257278,0.480392156862745,0.167904171472511,0.524110671936759,0.065786451905201,86,506,5,58,0.233690623377712
"FWB_0618","FWB_0618_2005","Gobiomorphus breviceps_drylow","drylow","Eleotridae","Gobiomorphus breviceps","species","lotic",171.712583,-43.257278,0.0514705882352941,0.00529844290657439,0.906126482213439,0.0176244746832477,87.5,12.5,2,5,0.022922917589822
"FWB_0618","FWB_0618_2005","Oncorhynchus mykiss_drylow","drylow","Salmonidae","Oncorhynchus mykiss","species","lotic",171.712583,-43.257278,0.661764705882353,0.0269195913659582,0.382411067193676,0.116310652743029,88.2857142857143,96.9047619047619,8,NA,0.143230244108988
"FWB_0644","FWB_0644_2017","Anguilla dieffenbachii_FIVE","FIVE","Anguillidae","Anguilla dieffenbachii","species","lotic",172.796808,-43.764833,0.842937853107345,0.0200210667432729,0.952450661461722,0.0004100844674703,456,2548,3,98,0.0204311512107432
"FWB_0644","FWB_0644_2017","Galaxias vulgaris_FIVE","FIVE","Galaxiidae","Galaxias vulgaris","species","lotic",172.796808,-43.764833,0.282659713168188,0.00794702377006312,0.71216405585306,0.0397334225131529,82,597.666666666667,13,77,0.047680446283216
"FWB_0644","FWB_0644_2017","Gobiomorphus breviceps_FIVE","FIVE","Eleotridae","Gobiomorphus breviceps","species","lotic",172.796808,-43.764833,0.219322033898305,0.0209774968878675,0.741769681197137,0.0758786236753586,60.8,223.733333333333,10,41,0.0968561205632261
"FWB_0647","FWB_0647_2022","Anguilla dieffenbachii_frosty","frosty","Anguillidae","Anguilla dieffenbachii","species","lotic",170.941637,-42.805762,0.73202614379085,0.00656157887991798,0.339377033937704,0.0633047325787299,646.833333333333,169036.166666667,6,1169,0.0698663114586479
"FWB_0647","FWB_0647_2022","Galaxias argenteus_frosty","frosty","Galaxiidae","Galaxias argenteus","species","lotic",170.941637,-42.805762,0.666666666666667,NA,0.719665271966527,NA,310,NA,1,0,NA
"FWB_0647","FWB_0647_2022","Galaxias fasciatus_frosty","frosty","Galaxiidae","Galaxias fasciatus","species","lotic",170.941637,-42.805762,0.666666666666667,0.0415224913494809,0.470013947001395,0.169198329472134,111.333333333333,4412.33333333333,3,121,0.210720820821615
"FWB_0647","FWB_0647_2022","Galaxias maculatus_frosty","frosty","Galaxiidae","Galaxias maculatus","species","lotic",170.941637,-42.805762,0.949019607843137,0.00184544405997693,0.809483960948396,0.0138639418466452,54,6,5,6,0.0157093859066222
"FWB_0647","FWB_0647_2022","Galaxias postvectis_frosty","frosty","Galaxiidae","Galaxias postvectis","species","lotic",170.941637,-42.805762,0.261437908496732,0.08240420351147,0.639237563923757,0.00286396583730314,152.333333333333,2030.33333333333,3,90,0.0852681693487731
"FWB_0647","FWB_0647_2022","Gobiomorphus cotidianus_frosty","frosty","Eleotridae","Gobiomorphus cotidianus","species","lotic",170.941637,-42.805762,0.67843137254902,0.00146097654748174,0.83486750348675,0.0186607766359521,57.8,198.2,5,36,0.0201217531834339
"FWB_0648","FWB_0648_2017","Anguilla dieffenbachii_GARR","GARR","Anguillidae","Anguilla dieffenbachii","species","lotic",171.937147,-43.486066,0.614331355545413,0.0994114270354714,0.745312338133223,0.034723517225998,550.714285714286,29086.9047619048,7,470,0.134134944261469
"FWB_0648","FWB_0648_2017","Galaxias vulgaris_GARR","GARR","Galaxiidae","Galaxias vulgaris","species","lotic",171.937147,-43.486066,0.517571884984026,0.0158767423514435,0.175892353557328,0.0185408154681798,66.0666666666667,405.638095238095,15,61,0.0344175578196233
"FWB_0648","FWB_0648_2017","Gobiomorphus breviceps_GARR","GARR","Eleotridae","Gobiomorphus breviceps","species","lotic",171.937147,-43.486066,0.55111821086262,0.00497096020169647,0.142343485617597,0.0024376156737299,56.75,190.25,4,31,0.00740857587542636
"FWB_0649","FWB_0649_2005","Galaxias paucispondylus_ghost","ghost","Galaxiidae","Galaxias paucispondylus","species","lotic",171.741006,-43.238817,0.325779036827196,NA,0.603293413173653,NA,67,NA,1,0,NA
"FWB_0649","FWB_0649_2005","Galaxias vulgaris_ghost","ghost","Galaxiidae","Galaxias vulgaris","species","lotic",171.741006,-43.238817,0.4,0.115213989358714,0.709880239520958,0.160343683889706,95.4,508.3,5,56,0.27555767324842
"FWB_0649","FWB_0649_2005","Gobiomorphus breviceps_ghost","ghost","Eleotridae","Gobiomorphus breviceps","species","lotic",171.741006,-43.238817,0.0528800755429651,0.00794752652965141,0.885728542914172,0.00169496336667982,61.6666666666667,2.33333333333333,3,3,0.00964248989633123
"FWB_0649","FWB_0649_2005","Oncorhynchus mykiss_ghost","ghost","Salmonidae","Oncorhynchus mykiss","species","lotic",171.741006,-43.238817,0.269121813031161,0.0358521455111589,0.802694610778443,0.0231838717774033,145.6,522.8,5,57,0.0590360172885622
"FWB_0655","FWB_0655_2022","Anguilla dieffenbachii_harts","harts","Anguillidae","Anguilla dieffenbachii","species","lotic",172.344572,-43.798216,0.222222222222222,0.0267489711934156,0.483798882681564,0.0934726210168222,286.4,28294.8,5,438,0.120221592210238
"FWB_0655","FWB_0655_2022","Gobiomorphus cotidianus_harts","harts","Eleotridae","Gobiomorphus cotidianus","species","lotic",172.344572,-43.798216,0.351851851851852,0.063557384545039,0.572974860335196,0.00265854035974741,51.5,73.6666666666667,4,18,0.0662159249047864
"FWB_0655","FWB_0655_2022","Salmo trutta_harts","harts","Salmonidae","Salmo trutta","species","lotic",172.344572,-43.798216,0.901234567901235,0.0128029263831733,0.425046554934823,0.253063132652955,198.333333333333,16746.3333333333,3,250,0.265866059036129
"FWB_0664","FWB_0664_2016","Galaxias paucispondylus_LFS","LFS","Galaxiidae","Galaxias paucispondylus","species","lotic",171.80973,-43.001188,0.402993667242372,0.247828490051436,0.339026915113873,0.163893014672789,71.3333333333333,420.333333333333,3,36,0.411721504724224
"FWB_0664","FWB_0664_2016","Galaxias vulgaris_LFS","LFS","Galaxiidae","Galaxias vulgaris","species","lotic",171.80973,-43.001188,0.63370754173863,0.303633120153362,0.675983436853002,0.310453718349343,96,1687,3,76,0.614086838502705
"FWB_0668","FWB_0668_2010","Anguilla dieffenbachii_Little.Kowai4","Little.Kowai4","Anguillidae","Anguilla dieffenbachii","species","lotic",171.9032262,-43.3009796,0.519337016574585,0.00589115106376486,0.792288027268854,0.0978763105644478,292,844,3,58,0.103767461628213
"FWB_0668","FWB_0668_2010","Galaxias vulgaris_Little.Kowai4","Little.Kowai4","Galaxiidae","Galaxias vulgaris","species","lotic",171.9032262,-43.3009796,0.580110497237569,0.178403182646032,0.217405198125266,0.0368746069267309,84.25,499.583333333333,4,52,0.215277789572763
"FWB_0668","FWB_0668_2010","Gobiomorphus breviceps_Little.Kowai4","Little.Kowai4","Eleotridae","Gobiomorphus breviceps","species","lotic",171.9032262,-43.3009796,0.208839779005525,0.0239522603095144,0.333106092884533,0.0234115830905077,59,440,5,52,0.047363843400022
"FWB_0673","FWB_0673_2009","Ameiurus nebulosus_MangatawhiriRiver","MangatawhiriRiver","Ictaluridae","Ameiurus nebulosus","species","lotic",175.0269068,-37.2708793,0.797933213767188,0.00846144593548735,0.180513225721489,0.00620212156569828,257.5,10037.5,6,250,0.0146635675011856
"FWB_0673","FWB_0673_2009","Anguilla australis_MangatawhiriRiver","MangatawhiriRiver","Anguillidae","Anguilla australis","species","lotic",175.0269068,-37.2708793,0.349218549833461,0.0172340150520478,0.353463521089664,0.00193279601270855,401.666666666667,866.266666666667,6,77,0.0191668110647563
"FWB_0673","FWB_0673_2009","Carassius auratus_MangatawhiriRiver","MangatawhiriRiver","Cyprinidae","Carassius auratus","species","lotic",175.0269068,-37.2708793,0.648902553591255,0.00574439159787981,0.191142717387215,0.0205142466790095,168,1168,6,105,0.0262586382768893
"FWB_0673","FWB_0673_2009","Cyprinus carpio_MangatawhiriRiver","MangatawhiriRiver","Cyprinidae","Cyprinus carpio","species","lotic",175.0269068,-37.2708793,0.36343838073277,0.0424740778639896,0.238034766903714,0.0165484852484614,156.75,8075.58333333333,4,193,0.059022563112451
"FWB_0673","FWB_0673_2009","Galaxias maculatus_MangatawhiriRiver","MangatawhiriRiver","Galaxiidae","Galaxias maculatus","species","lotic",175.0269068,-37.2708793,0.617089418396106,0.0440364333420052,0.203888700756293,0.00618600850473159,74.25,62.25,4,19,0.0502224418467368
"FWB_0673","FWB_0673_2009","Gambusia affinis_MangatawhiriRiver","MangatawhiriRiver","Poeciliidae","Gambusia affinis","species","lotic",175.0269068,-37.2708793,0.669485011529593,0.0480140722276937,0.203013884185574,0.00793858553160824,29.532,7.36567,5,7,0.055952657759302
"FWB_0673","FWB_0673_2009","Gobiomorphus cotidianus_MangatawhiriRiver","MangatawhiriRiver","Eleotridae","Gobiomorphus cotidianus","species","lotic",175.0269068,-37.2708793,0.555726364335127,0.0102348069299524,0.181717274334951,0.00592847772511127,66,577,3,46,0.0161632846550637
"FWB_0673","FWB_0673_2009","Mugil cephalus_MangatawhiriRiver","MangatawhiriRiver","Mugilidae","Mugil cephalus","species","lotic",175.0269068,-37.2708793,0.0119566145699888,0.000223018585881425,0.579185009594762,0.153026763591459,186.666666666667,19270.3333333333,3,269,0.15324978217734
"FWB_0673","FWB_0673_2009","Retropinna retropinna_MangatawhiriRiver","MangatawhiriRiver","Retropinnidae","Retropinna retropinna","species","lotic",175.0269068,-37.2708793,0.594798872662055,0.0144533045754893,0.297258908078414,0.0162812285509144,73.6666666666667,81.8666666666666,6,26,0.0307345331264037
"FWB_0673","FWB_0673_2009","Scardinius erythrophthalmus_MangatawhiriRiver","MangatawhiriRiver","Leuciscidae","Scardinius erythrophthalmus","species","lotic",175.0269068,-37.2708793,0.575454778375609,0.019969266235811,0.391974263460887,0.00120553303252249,239.5,364.5,2,27,0.0211747992683335
"FWB_0674","FWB_0674_2009","Ameiurus nebulosus_MangawaraStream","MangawaraStream","Ictaluridae","Ameiurus nebulosus","species","lotic",175.187003,-37.6096352,0.891442155309033,0.000784858386431619,0.208854166666667,0.00347222222222221,240,3200,2,80,0.00425708060865383
"FWB_0674","FWB_0674_2009","Anguilla australis_MangawaraStream","MangawaraStream","Anguillidae","Anguilla australis","species","lotic",175.187003,-37.6096352,0.696804014791337,0.019928053392137,0.330217978395062,0.00195961856013517,367,1198.4,6,94,0.0218876719522722
"FWB_0674","FWB_0674_2009","Carassius auratus_MangawaraStream","MangawaraStream","Cyprinidae","Carassius auratus","species","lotic",175.187003,-37.6096352,0.776809297411516,0.0478031918411564,0.238175154320988,0.0385121509916552,164.666666666667,912.666666666667,6,82,0.0863153428328116
"FWB_0674","FWB_0674_2009","Cyprinus carpio_MangawaraStream","MangawaraStream","Cyprinidae","Cyprinus carpio","species","lotic",175.187003,-37.6096352,0.494136291600634,0.0818907426895151,0.196006944444445,0.0181659379286694,214.8,3847.2,5,163,0.100056680618184
"FWB_0674","FWB_0674_2009","Galaxias maculatus_MangawaraStream","MangawaraStream","Galaxiidae","Galaxias maculatus","species","lotic",175.187003,-37.6096352,0.639197041732699,0.101693368595451,0.349864969135803,0.0441765037365684,68,36,3,12,0.145869872332019
"FWB_0674","FWB_0674_2009","Gambusia affinis_MangawaraStream","MangawaraStream","Poeciliidae","Gambusia affinis","species","lotic",175.187003,-37.6096352,0.845863708399366,0.00589889014745291,0.141631944444445,0.00236837437842936,33.85,35.8625,5,14.75,0.00826726452588227
"FWB_0674","FWB_0674_2009","Gobiomorphus cotidianus_MangawaraStream","MangawaraStream","Eleotridae","Gobiomorphus cotidianus","species","lotic",175.187003,-37.6096352,0.790729001584786,0.00742615424413743,0.364554398148148,0.0457846408420139,51.5,84.5,2,13,0.0532107950861513
"FWB_0674","FWB_0674_2009","Mugil cephalus_MangawaraStream","MangawaraStream","Mugilidae","Mugil cephalus","species","lotic",175.187003,-37.6096352,0.478763866877971,0.111244019379095,0.66880787037037,0.0845317757898234,234.333333333333,4884.33333333333,3,123,0.195775795168919
"FWB_0674","FWB_0674_2009","Retropinna retropinna_MangawaraStream","MangawaraStream","Retropinnidae","Retropinna retropinna","species","lotic",175.187003,-37.6096352,0.621183306920232,0.0127080318430652,0.32337962962963,0.0491888570066015,71,242.4,6,45,0.0618968888496667
"FWB_0674","FWB_0674_2009","Scardinius erythrophthalmus_MangawaraStream","MangawaraStream","Leuciscidae","Scardinius erythrophthalmus","species","lotic",175.187003,-37.6096352,0.573428420496566,0.0194166848753812,0.306172839506173,0.0236449246434899,183.166666666667,3592.56666666667,6,168,0.0430616095188712
"FWB_0678","FWB_0678_2022","Anguilla dieffenbachii_mirror","mirror","Anguillidae","Anguilla dieffenbachii","species","lotic",170.904754,-42.820944,0.624584717607973,0.0354116768394757,0.425735554767813,0.04207865562224,700.142857142857,289966.80952381,7,1449,0.0774903324617157
"FWB_0678","FWB_0678_2022","Galaxias fasciatus_mirror","mirror","Galaxiidae","Galaxias fasciatus","species","lotic",170.904754,-42.820944,0.282945736434108,0.116693708310799,0.472911497105046,0.0620183713135767,137,4948.8,6,202,0.178712079624375
"FWB_0678","FWB_0678_2022","Galaxias maculatus_mirror","mirror","Galaxiidae","Galaxias maculatus","species","lotic",170.904754,-42.820944,0.91860465116279,0.00232558139534884,0.696650124069479,0.0657357350885727,53.3333333333333,126.266666666667,6,30,0.0680613164839215
"FWB_0678","FWB_0678_2022","Gobiomorphus cotidianus_mirror","mirror","Eleotridae","Gobiomorphus cotidianus","species","lotic",170.904754,-42.820944,0.376744186046512,0.00605732828555977,0.552605459057072,0.0116785399823902,58.2,140.2,5,28,0.0177358682679499
"FWB_0680","FWB_0680_2009","Anguilla dieffenbachii_mkiw1","mkiw1","Anguillidae","Anguilla dieffenbachii","species","lotic",171.7860506,-41.7055723,0.220710973724884,0.00155265547457306,0.316129887342611,0.00175916369344008,NA,NA,10,NA,0.00331181916801314
"FWB_0680","FWB_0680_2009","Galaxias fasciatus_mkiw1","mkiw1","Galaxiidae","Galaxias fasciatus","species","lotic",171.7860506,-41.7055723,0.564657393096342,0.113039256203283,0.632015315514322,0.063821199645999,NA,NA,9,NA,0.176860455849282
"FWB_0680","FWB_0680_2009","Galaxias postvectis_mkiw1","mkiw1","Galaxiidae","Galaxias postvectis","species","lotic",171.7860506,-41.7055723,0.149922720247295,0.0423617265753961,0.398197481776011,0.0101141470154114,NA,NA,5,NA,0.0524758735908075
"FWB_0680","FWB_0680_2009","Gobiomorphus cotidianus_mkiw1","mkiw1","Eleotridae","Gobiomorphus cotidianus","species","lotic",171.7860506,-41.7055723,0.0802163833075734,0.0049303234707753,0.225076209410205,0.0180838764872903,NA,NA,10,NA,0.0230141999580656
"FWB_0680","FWB_0680_2009","Gobiomorphus hubbsi_mkiw1","mkiw1","Eleotridae","Gobiomorphus hubbsi","species","lotic",171.7860506,-41.7055723,0.130216383307573,0.00510639602429315,0.258018555334659,0.00703056090963242,NA,NA,4,NA,0.0121369569339256
"FWB_0680","FWB_0680_2009","Gobiomorphus huttoni_mkiw1","mkiw1","Eleotridae","Gobiomorphus huttoni","species","lotic",171.7860506,-41.7055723,0.113137557959815,0.00855415063805232,0.220159045725646,0.00265806364473737,NA,NA,10,NA,0.0112122142827897
"FWB_0681","FWB_0681_2009","Anguilla dieffenbachii_mlan1","mlan1","Anguillidae","Anguilla dieffenbachii","species","lotic",171.9005804,-42.1462474,0.798375398897592,0.0140480502590136,0.84750824963268,0.019565956180153,NA,NA,9,NA,0.0336140064391666
"FWB_0681","FWB_0681_2009","Salmo trutta_mlan1","mlan1","Salmonidae","Salmo trutta","species","lotic",171.9005804,-42.1462474,0.0903394255874674,0.0157751736288641,0.0576631259484064,0.00137451366757474,NA,NA,10,NA,0.0171496872964388
"FWB_0682","FWB_0682_2017","Anguilla dieffenbachii_NATH","NATH","Anguillidae","Anguilla dieffenbachii","species","lotic",172.805863,-42.552701,0.6875,0.0443103333333333,0.643453028654335,0.025238555888799,612.5,72691.6666666667,4,600,0.0695488892221324
"FWB_0682","FWB_0682_2017","Galaxias vulgaris_NATH","NATH","Galaxiidae","Galaxias vulgaris","species","lotic",172.805863,-42.552701,0.4,NA,0.487667754805948,NA,34,NA,1,0,NA
"FWB_0682","FWB_0682_2017","Gobiomorphus breviceps_NATH","NATH","Eleotridae","Gobiomorphus breviceps","species","lotic",172.805863,-42.552701,0.408533333333333,0.0191871238095238,0.632100108813928,0.0791210942444541,58.2666666666667,188.92380952381,15,44,0.0983082180539779
"FWB_0682","FWB_0682_2017","Salmo trutta_NATH","NATH","Salmonidae","Salmo trutta","species","lotic",172.805863,-42.552701,0.233818181818182,0.0229667636363636,0.238137633132193,0.0569934916519117,152.090909090909,20241.0909090909,11,486,0.0799602552882753
"FWB_0685","FWB_0685_2022","Anguilla dieffenbachii_ogilvie","ogilvie","Anguillidae","Anguilla dieffenbachii","species","lotic",170.898391,-42.816237,0.774647887323944,0.00694306685181512,0.571783295711061,0.112634077116316,705.4,343325.8,5,1433,0.119577143968132
"FWB_0685","FWB_0685_2022","Galaxias argenteus_ogilvie","ogilvie","Galaxiidae","Galaxias argenteus","species","lotic",170.898391,-42.816237,0.633802816901408,0.019242213846459,0.503762227238525,0.00039533110147483,265.666666666667,5630.33333333333,3,149,0.0196375449479339
"FWB_0685","FWB_0685_2022","Galaxias fasciatus_ogilvie","ogilvie","Galaxiidae","Galaxias fasciatus","species","lotic",170.898391,-42.816237,0.480885311871227,0.0644335496547359,0.334085778781038,0.0350715162879811,125.857142857143,2374.47619047619,7,145,0.099505065942717
"FWB_0685","FWB_0685_2022","Galaxias maculatus_ogilvie","ogilvie","Galaxiidae","Galaxias maculatus","species","lotic",170.898391,-42.816237,0.929577464788732,0.00376909343384249,0.403686982693754,0.00351636611311819,60,73,3,17,0.00728545954696068
"FWB_0686","FWB_0686_2017","Anguilla australis_OKA","OKA","Anguillidae","Anguilla australis","species","lotic",172.399865,-42.380281,0.320823244552058,0.119279746515096,0.637872705128783,0.0104770328156649,383.2,117015.2,7,NA,0.12975677933076
"FWB_0686","FWB_0686_2017","Anguilla dieffenbachii_OKA","OKA","Anguillidae","Anguilla dieffenbachii","species","lotic",172.399865,-42.380281,0.528072033898305,0.0242458315378723,0.518866435112094,0.11635649706592,556,224634,4,1041,0.140602328603792
"FWB_0686","FWB_0686_2017","Gobiomorphus breviceps_OKA","OKA","Eleotridae","Gobiomorphus breviceps","species","lotic",172.399865,-42.380281,0.383474576271186,NA,0,NA,45,NA,1,0,NA
"FWB_0686","FWB_0686_2017","Gobiomorphus cotidianus_OKA","OKA","Eleotridae","Gobiomorphus cotidianus","species","lotic",172.399865,-42.380281,0.266949152542373,0.00536842861246768,0.21293452363866,0.0150571411653164,58.0909090909091,118.090909090909,11,39,0.0204255697777841
"FWB_0686","FWB_0686_2017","Perca fluviatilis_OKA","OKA","Percidae","Perca fluviatilis","species","lotic",172.399865,-42.380281,0.24768875192604,0.0184658274790421,0.53174785429285,0.0094671409351861,67,93.8,11,29,0.0279329684142282
"FWB_0686","FWB_0686_2017","Salmo trutta_OKA","OKA","Salmonidae","Salmo trutta","species","lotic",172.399865,-42.380281,0.240889830508475,0.000557640285358614,0.0833754341648247,0.000496784327988743,86.9,147.211111111111,10,40,0.00105442461334736
"FWB_0688","FWB_0688_2017","Anguilla dieffenbachii_OKU","OKU","Anguillidae","Anguilla dieffenbachii","species","lotic",171.175827,-43.579804,0.879370629370629,0.00839894371362903,0.547889946214315,0.0218747024007704,549.25,10388.9166666667,4,218,0.0302736461143994
"FWB_0688","FWB_0688_2017","Galaxias vulgaris_OKU","OKU","Galaxiidae","Galaxias vulgaris","species","lotic",171.175827,-43.579804,0.368881118881119,5.50149151547733e-05,0.0196524617294164,0.000772438504052353,60,200,2,20,0.000827453419207127
"FWB_0688","FWB_0688_2017","Gobiomorphus breviceps_OKU","OKU","Eleotridae","Gobiomorphus breviceps","species","lotic",171.175827,-43.579804,0.354895104895105,0.0220908656223342,0.858088539511792,0.0179849740764027,53.4,173.6,10,47,0.0400758396987369
"FWB_0688","FWB_0688_2017","Salmo trutta_OKU","OKU","Salmonidae","Salmo trutta","species","lotic",171.175827,-43.579804,0.282828282828283,0.0453917197798317,0.708132211648968,0.0689562533245289,95,213.75,9,44,0.114347973104361
"FWB_0689","FWB_0689_2022","Anguilla dieffenbachii_okuti","okuti","Anguillidae","Anguilla dieffenbachii","species","lotic",172.795377,-43.787384,0.524916943521595,0.084344175744933,0.474812030075188,0.0884403442817571,637.714285714286,110803.238095238,7,976,0.17278452002669
"FWB_0689","FWB_0689_2022","Gobiomorphus cotidianus_okuti","okuti","Eleotridae","Gobiomorphus cotidianus","species","lotic",172.795377,-43.787384,0.795348837209302,0.0552731206057328,0.39078947368421,0.00554276315789473,53,117.5,5,26,0.0608158837636276
"FWB_0689","FWB_0689_2022","Perca fluviatilis_okuti","okuti","Percidae","Perca fluviatilis","species","lotic",172.795377,-43.787384,0.941860465116279,0.00234360915810348,0.627631578947368,0.0958321791320406,194,5366,4,175,0.0981757882901441
"FWB_0689","FWB_0689_2022","Salmo trutta_okuti","okuti","Salmonidae","Salmo trutta","species","lotic",172.795377,-43.787384,0.72093023255814,0.13953488372093,0.290789473684211,0.0822276084949215,206,58288.6666666667,4,509,0.221762492215852
"FWB_0690","FWB_0690_2005","Anguilla dieffenbachii_onetree","onetree","Anguillidae","Anguilla dieffenbachii","species","lotic",171.728639,-43.99975,0.71875,0.0605621337890625,0.848534201954398,0.0327297902365012,306.666666666667,4558.33333333333,3,135,0.0932919240255636
"FWB_0690","FWB_0690_2005","Oncorhynchus tshawytscha_onetree","onetree","Salmonidae","Oncorhynchus tshawytscha","species","lotic",171.728639,-43.99975,0.33515625,0.051409912109375,0.290879478827362,0.0331656038790863,55.6,14.8,5,10,0.0845755159884613
"FWB_0691","FWB_0691_2009","Anguilla australis_OpuatiaStream","OpuatiaStream","Anguillidae","Anguilla australis","species","lotic",175.0577562,-37.4103828,0.206211743368851,0.0215250552746758,0.331182256122039,0.000793046406243532,320,14221.5,5,258,0.0223181016809193
"FWB_0691","FWB_0691_2009","Carassius auratus_OpuatiaStream","OpuatiaStream","Cyprinidae","Carassius auratus","species","lotic",175.0577562,-37.4103828,0.415552029018363,0.0227656780844204,0.0938378161380972,0.00632485700025511,119,2412.8,6,137,0.0290905350846756
"FWB_0691","FWB_0691_2009","Cyprinus carpio_OpuatiaStream","OpuatiaStream","Cyprinidae","Cyprinus carpio","species","lotic",175.0577562,-37.4103828,0.24401118416081,0.0291092648557635,0.320737990097685,0.00513968075786064,181,1796.8,6,106,0.0342489456136241
"FWB_0691","FWB_0691_2009","Galaxias maculatus_OpuatiaStream","OpuatiaStream","Galaxiidae","Galaxias maculatus","species","lotic",175.0577562,-37.4103828,0.693266832917706,0.0172740589325516,0.392078147999465,0.0102991034014436,62.3333333333333,26.3333333333333,3,10,0.0275731623339952
"FWB_0691","FWB_0691_2009","Gambusia affinis_OpuatiaStream","OpuatiaStream","Poeciliidae","Gambusia affinis","species","lotic",175.0577562,-37.4103828,0.704828836998413,0.0254115746268384,0.328703331995183,0.0196104342251938,31.066,56.50678,5,16.33,0.0450220088520323
"FWB_0691","FWB_0691_2009","Gobiomorphus cotidianus_OpuatiaStream","OpuatiaStream","Eleotridae","Gobiomorphus cotidianus","species","lotic",175.0577562,-37.4103828,0.521499282097786,0.0222477304262752,0.270925331192292,0.00159610124348095,54.6666666666667,10.3333333333333,3,6,0.0238438316697562
"FWB_0691","FWB_0691_2009","Mugil cephalus_OpuatiaStream","OpuatiaStream","Mugilidae","Mugil cephalus","species","lotic",175.0577562,-37.4103828,0.473513186730144,0.210390140008963,0.741486016325438,0.0722966195297585,143.666666666667,5206.33333333333,3,133,0.282686759538722
"FWB_0691","FWB_0691_2009","Retropinna retropinna_OpuatiaStream","OpuatiaStream","Retropinnidae","Retropinna retropinna","species","lotic",175.0577562,-37.4103828,0.500944608176528,0.015538834056358,0.418514987287569,0.00866971701967576,66.5,157.9,6,31,0.0242085510760337
"FWB_0691","FWB_0691_2009","Scardinius erythrophthalmus_OpuatiaStream","OpuatiaStream","Leuciscidae","Scardinius erythrophthalmus","species","lotic",175.0577562,-37.4103828,0.48469734754024,0.0363315449551345,0.317141710156564,0.065200599315303,170,10377,3,186,0.101532144270438
"FWB_0692","FWB_0692_2017","Anguilla australis_OTU","OTU","Anguillidae","Anguilla australis","species","lotic",172.221267,-43.116089,0.552384834896046,0.0762699894031713,0.451667358516674,0.0954634968858325,346.636363636364,80698.4545454545,11,812,0.171733486289004
"FWB_0692","FWB_0692_2017","Anguilla dieffenbachii_OTU","OTU","Anguillidae","Anguilla dieffenbachii","species","lotic",172.221267,-43.116089,0.506939995729233,0.0898204777832359,0.391441617742988,0.0314571896544249,491.428571428571,22822.619047619,7,355,0.121277667437661
"FWB_0692","FWB_0692_2017","Gobiomorphus cotidianus_OTU","OTU","Eleotridae","Gobiomorphus cotidianus","species","lotic",172.221267,-43.116089,0.262652146060218,0.0048352424229679,0.274172646227441,0.00364166793130326,74.5,466.269230769231,14,74,0.00847691035427116
"FWB_0692","FWB_0692_2017","Salmo trutta_OTU","OTU","Salmonidae","Salmo trutta","species","lotic",172.221267,-43.116089,0.39372197309417,0.020654838111453,0.311318112633181,0.00197919439173958,281,30842.5,5,345,0.0226340325031925
"FWB_0697","FWB_0697_2017","Anguilla australis_PERC","PERC","Anguillidae","Anguilla australis","species","lotic",172.524938,-43.211526,0.456448558804965,0.0488201080350152,0.656690647482014,0.00707529126670993,183.785714285714,7968.64285714286,14,305,0.0558953993017251
"FWB_0697","FWB_0697_2017","Anguilla dieffenbachii_PERC","PERC","Anguillidae","Anguilla dieffenbachii","species","lotic",172.524938,-43.211526,0.592783505154639,0.0346959983554126,0.55789928057554,0.0211959408588237,465.8,23713.0666666667,10,440,0.0558919392142363
"FWB_0697","FWB_0697_2017","Gobiomorphus breviceps_PERC","PERC","Eleotridae","Gobiomorphus breviceps","species","lotic",172.524938,-43.211526,0.413843888070692,NA,0.329592326139088,NA,52,NA,1,0,NA
"FWB_0697","FWB_0697_2017","Salmo trutta_PERC","PERC","Salmonidae","Salmo trutta","species","lotic",172.524938,-43.211526,0.367861233840615,0.0279675656708285,0.365041300293099,0.097749313898202,121.777777777778,4857.94444444444,9,175,0.125716879569031
"FWB_0701","FWB_0701_2010","Galaxias vulgaris_Pudding.Hill2","Pudding.Hill2","Galaxiidae","Galaxias vulgaris","species","lotic",171.5416867,-43.6020811,0.251196172248804,0.152406080446876,0.296474358974359,0.119660176233897,59.3333333333333,9.33333333333333,3,6,0.272066256680774
"FWB_0701","FWB_0701_2010","Gobiomorphus breviceps_Pudding.Hill2","Pudding.Hill2","Eleotridae","Gobiomorphus breviceps","species","lotic",171.5416867,-43.6020811,0.572567783094099,0.139793808139313,0.514523237179487,0.250632773254515,82.3333333333333,282.333333333333,3,33,0.390426581393828
"FWB_0705","FWB_0705_2005","Anguilla dieffenbachii_roadmarker","roadmarker","Anguillidae","Anguilla dieffenbachii","species","lotic",171.724719,-43.245739,0.899532710280374,0.00871801030657701,0.470157657657658,0.00581395901813976,428.666666666667,5076.33333333333,3,135,0.0145319693247168
"FWB_0705","FWB_0705_2005","Galaxias vulgaris_roadmarker","roadmarker","Galaxiidae","Galaxias vulgaris","species","lotic",171.724719,-43.245739,0.695794392523364,0.016790221853437,0.333952702702703,0.00426670071676406,87.6,650.3,5,57,0.021056922570201
"FWB_0705","FWB_0705_2005","Gobiomorphus breviceps_roadmarker","roadmarker","Eleotridae","Gobiomorphus breviceps","species","lotic",171.724719,-43.245739,0.490654205607477,0.18929054939296,0.595439189189189,0.125628452565741,79.3333333333333,233.333333333333,3,30,0.314919001958701
"FWB_0705","FWB_0705_2005","Oncorhynchus mykiss_roadmarker","roadmarker","Salmonidae","Oncorhynchus mykiss","species","lotic",171.724719,-43.245739,0.486448598130841,0.00900842868372784,0.266554054054054,0.0240729432980277,132.8,344.2,5,41,0.0330813719817556
"FWB_0707","FWB_0707_2010","Anguilla australis_scou1","scou1","Anguillidae","Anguilla australis","species","lotic",172.630287,-43.412757,0.759915944313107,0.0386996042088287,0.765633132574912,0.0595291401409084,NA,NA,3,NA,0.098228744349737
"FWB_0707","FWB_0707_2010","Salmo trutta_scou1","scou1","Salmonidae","Salmo trutta","species","lotic",172.630287,-43.412757,0.631731021801944,0.302059186314952,0.406572979403673,0.126794680284159,NA,NA,3,NA,0.428853866599111
"FWB_0708","FWB_0708_2010","Anguilla australis_scri1","scri1","Anguillidae","Anguilla australis","species","lotic",172.548897,-43.469219,0.93019236549444,0.0042530706900369,0.577563992441161,3.95171284322279e-05,NA,NA,3,NA,0.00429258781846913
"FWB_0708","FWB_0708_2010","Anguilla dieffenbachii_scri1","scri1","Anguillidae","Anguilla dieffenbachii","species","lotic",172.548897,-43.469219,0.537721671175233,0.217217018015022,0.346675828895379,0.103425798593503,NA,NA,3,NA,0.320642816608525
"FWB_0708","FWB_0708_2010","Gobiomorphus breviceps_scri1","scri1","Eleotridae","Gobiomorphus breviceps","species","lotic",172.548897,-43.469219,0.750450856627593,0.0230402372262032,0.671133253163832,0.0814311472865156,NA,NA,3,NA,0.104471384512719
"FWB_0708","FWB_0708_2010","Oncorhynchus tshawytscha_scri1","scri1","Salmonidae","Oncorhynchus tshawytscha","species","lotic",172.548897,-43.469219,0.0238954012623985,NA,0.225734409895207,NA,NA,NA,1,NA,NA
"FWB_0708","FWB_0708_2010","Salmo trutta_scri1","scri1","Salmonidae","Salmo trutta","species","lotic",172.548897,-43.469219,0.259167418094379,0.00656030610549587,0.076790929393575,0.000310588692771329,NA,NA,3,NA,0.0068708947982672
"FWB_0710","FWB_0710_2009","Anguilla australis_seas1","seas1","Anguillidae","Anguilla australis","species","lotic",172.578383,-43.32902,0.5531009654721,0.113133908633658,0.808233731739707,0.0460016684038525,NA,NA,3,NA,0.159135577037511
"FWB_0710","FWB_0710_2009","Gobiomorphus breviceps_seas1","seas1","Eleotridae","Gobiomorphus breviceps","species","lotic",172.578383,-43.32902,0.105056455571919,0.0170695833511072,0.295794599380256,0.00973249689746255,NA,NA,3,NA,0.0268020802485697
"FWB_0710","FWB_0710_2009","Gobiomorphus cotidianus_seas1","seas1","Eleotridae","Gobiomorphus cotidianus","species","lotic",172.578383,-43.32902,0.68433971526755,0.164260397183283,0.217529880478088,0.0433356789751133,NA,NA,3,NA,0.207596076158396
"FWB_0712","FWB_0712_2022","Anguilla australis_selwyn","selwyn","Anguillidae","Anguilla australis","species","lotic",172.423652,-43.700487,0.268292682926829,0.0122942692841563,0.427310488058152,0.0726762126690311,414.5,75787.6666666667,4,622,0.0849704819531873
"FWB_0712","FWB_0712_2022","Anguilla dieffenbachii_selwyn","selwyn","Anguillidae","Anguilla dieffenbachii","species","lotic",172.423652,-43.700487,0.621951219512195,0.285841760856633,0.499480789200415,0.237713358975769,720,96800,2,440,0.523555119832402
"FWB_0712","FWB_0712_2022","Galaxias maculatus_selwyn","selwyn","Galaxiidae","Galaxias maculatus","species","lotic",172.423652,-43.700487,0.373983739837398,0.105492762244696,0.430252682589131,0.055767804760924,62,28,3,10,0.16126056700562
"FWB_0712","FWB_0712_2022","Gobiomorphus cotidianus_selwyn","selwyn","Eleotridae","Gobiomorphus cotidianus","species","lotic",172.423652,-43.700487,0.668292682926829,0.00374776918500892,0.246521287642783,0.143958661546806,56.2,314.7,5,46,0.147706430731815
"FWB_0712","FWB_0712_2022","Perca fluviatilis_selwyn","selwyn","Percidae","Perca fluviatilis","species","lotic",172.423652,-43.700487,0.548780487804878,0.00813008130081303,0.917445482866044,0.00429710287922068,181.25,759.583333333333,4,63,0.0124271841800337
"FWB_0712","FWB_0712_2022","Salmo trutta_selwyn","selwyn","Salmonidae","Salmo trutta","species","lotic",172.423652,-43.700487,0.595121951219512,0.0209994051160024,0.613707165109034,0.0894460565319737,151,16481.5,5,246,0.110445461647976
"FWB_0713","FWB_0713_2009","Anguilla australis_sfla1","sfla1","Anguillidae","Anguilla australis","species","lotic",172.602226,-43.339532,0.89360076408787,0.00854191125962294,0.852841514183367,0.0191601621775731,NA,NA,3,NA,0.0277020734371961
"FWB_0713","FWB_0713_2009","Anguilla dieffenbachii_sfla1","sfla1","Anguillidae","Anguilla dieffenbachii","species","lotic",172.602226,-43.339532,0.934097421203438,NA,0.831832704037177,NA,NA,NA,1,NA,NA
"FWB_0713","FWB_0713_2009","Gobiomorphus breviceps_sfla1","sfla1","Eleotridae","Gobiomorphus breviceps","species","lotic",172.602226,-43.339532,0.299713467048711,0.145739033341269,0.373317842966405,0.0201342432855369,NA,NA,3,NA,0.165873276626806
"FWB_0713","FWB_0713_2009","Gobiomorphus cotidianus_sfla1","sfla1","Eleotridae","Gobiomorphus cotidianus","species","lotic",172.602226,-43.339532,0.440305635148042,0.0622537855463693,0.42327427630942,0.148620661952801,NA,NA,3,NA,0.210874447499171
"FWB_0713","FWB_0713_2009","Salmo trutta_sfla1","sfla1","Salmonidae","Salmo trutta","species","lotic",172.602226,-43.339532,0.180133715377269,0.0163290394441206,0.369929325200891,1.35253893631992e-05,NA,NA,3,NA,0.0163425648334838
"FWB_0714","FWB_0714_2005","Galaxias paucispondylus_slip","slip","Galaxiidae","Galaxias paucispondylus","species","lotic",171.708472,-43.255139,0.127095516569201,0.00397539223844754,0.320441988950276,0.0157914517261378,78.6,48.8,5,16,0.0197668439645853
"FWB_0714","FWB_0714_2005","Galaxias vulgaris_slip","slip","Galaxiidae","Galaxias vulgaris","species","lotic",171.708472,-43.255139,0.182261208576998,0.00706960166280984,0.296961325966851,0.000549433777967697,107,338,2,26,0.00761903544077753
"FWB_0714","FWB_0714_2005","Oncorhynchus mykiss_slip","slip","Salmonidae","Oncorhynchus mykiss","species","lotic",171.708472,-43.255139,0.0838206627680312,0.0041342255356824,0.193093922651934,0.000876041634870724,135.8,1676.7,5,95,0.00501026717055312
"FWB_0714","FWB_0714_2005","Oncorhynchus tshawytscha_slip","slip","Salmonidae","Oncorhynchus tshawytscha","species","lotic",171.708472,-43.255139,0.693567251461988,0.045186553127458,0.877900552486188,0.0151080934647905,45.4,12.8,5,10,0.0602946465922485
"FWB_0714","FWB_0714_2005","Salmo trutta_slip","slip","Salmonidae","Salmo trutta","species","lotic",171.708472,-43.255139,0.166861598440546,0.00205495328097154,0.186187845303867,0.0127432389121211,109.2,817.7,5,73,0.0147981921930927
"FWB_0716","FWB_0716_2010","Anguilla australis_ssal1","ssal1","Anguillidae","Anguilla australis","species","lotic",172.668558,-43.256645,0.60713763346497,0.0495264166410434,0.315691942776666,0.0394566571835742,NA,NA,3,NA,0.0889830738246176
"FWB_0716","FWB_0716_2010","Anguilla dieffenbachii_ssal1","ssal1","Anguillidae","Anguilla dieffenbachii","species","lotic",172.668558,-43.256645,0.543659499780606,0.00774012912601674,0.702542435697873,0.029921874303341,NA,NA,3,NA,0.0376620034293577
"FWB_0716","FWB_0716_2010","Galaxias maculatus_ssal1","ssal1","Galaxiidae","Galaxias maculatus","species","lotic",172.668558,-43.256645,0,NA,1,NA,NA,NA,1,NA,NA
"FWB_0716","FWB_0716_2010","Gobiomorphus cotidianus_ssal1","ssal1","Eleotridae","Gobiomorphus cotidianus","species","lotic",172.668558,-43.256645,0.293403539564137,0.0518653407629024,0.398636127788897,0.00412783939983083,NA,NA,3,NA,0.0559931801627332
"FWB_0716","FWB_0716_2010","Gobiomorphus hubbsi_ssal1","ssal1","Eleotridae","Gobiomorphus hubbsi","species","lotic",172.668558,-43.256645,0.800351031154015,0.0552194416425147,0.0591505448076497,0.00351198973406976,NA,NA,3,NA,0.0587314313765845
"FWB_0716","FWB_0716_2010","Salmo trutta_ssal1","ssal1","Salmonidae","Salmo trutta","species","lotic",172.668558,-43.256645,0.484569255521428,0.200277662202854,0.484397005411015,0.083891291020705,NA,NA,3,NA,0.284168953223559
"FWB_0717","FWB_0717_2009","Anguilla australis_sshi1","sshi1","Anguillidae","Anguilla australis","species","lotic",172.566065,-43.459373,0.538230884557721,0.0822716452868022,0.810764525993884,0.0592575484667395,NA,NA,3,NA,0.141529193753542
"FWB_0717","FWB_0717_2009","Anguilla dieffenbachii_sshi1","sshi1","Anguillidae","Anguilla dieffenbachii","species","lotic",172.566065,-43.459373,1,NA,0.465688073394496,NA,NA,NA,1,NA,NA
"FWB_0717","FWB_0717_2009","Gobiomorphus cotidianus_sshi1","sshi1","Eleotridae","Gobiomorphus cotidianus","species","lotic",172.566065,-43.459373,0.0712143928035978,0.0083048805432366,0.140917431192661,0.0149526807507786,NA,NA,3,NA,0.0232575612940152
"FWB_0717","FWB_0717_2009","Salmo trutta_sshi1","sshi1","Salmonidae","Salmo trutta","species","lotic",172.566065,-43.459373,0.106946526736632,0.00244855083702525,0.150214067278288,0.00957553516819567,NA,NA,3,NA,0.0120240860052209
"FWB_0720","FWB_0720_2017","Gobiomorphus breviceps_STOU","STOU","Eleotridae","Gobiomorphus breviceps","species","lotic",172.450505,-42.588545,0.436354869816779,0.0594222773764169,0.792890995260664,0.0374789705981447,56.8235294117647,286.904411764706,17,54,0.0969012479745615
"FWB_0720","FWB_0720_2017","Salmo trutta_STOU","STOU","Salmonidae","Salmo trutta","species","lotic",172.450505,-42.588545,0.0710382513661202,0.00438950103018902,0.129383886255924,0.0146036701781181,79.3333333333333,74.3333333333333,3,17,0.0189931712083072
"FWB_0731","FWB_0731_2009","Anguilla australis_WaikatoRiverUpstreamofMangatawhiriConfluence","WaikatoRiverUpstreamofMangatawhiriConfluence","Anguillidae","Anguilla australis","species","lotic",175.0275142,-37.2714286,0.742252634890672,0.013892857442454,0.404647227284561,0.00360004496626887,400.833333333333,724.166666666667,6,70,0.0174929024087229
"FWB_0731","FWB_0731_2009","Galaxias maculatus_WaikatoRiverUpstreamofMangatawhiriConfluence","WaikatoRiverUpstreamofMangatawhiriConfluence","Galaxiidae","Galaxias maculatus","species","lotic",175.0275142,-37.2714286,0.566698128047821,0.100750099309728,0.409702334461512,0.0604580206034622,62.3333333333333,221.866666666667,6,42,0.16120811991319
"FWB_0731","FWB_0731_2009","Gambusia affinis_WaikatoRiverUpstreamofMangatawhiriConfluence","WaikatoRiverUpstreamofMangatawhiriConfluence","Poeciliidae","Gambusia affinis","species","lotic",175.0275142,-37.2714286,0.883258612553091,0.00941563769465429,0.192527987503254,0.035342070689225,27.1875,12.4739583333333,4,8,0.0447577083838793
"FWB_0731","FWB_0731_2009","Gobiomorphus cotidianus_WaikatoRiverUpstreamofMangatawhiriConfluence","WaikatoRiverUpstreamofMangatawhiriConfluence","Eleotridae","Gobiomorphus cotidianus","species","lotic",175.0275142,-37.2714286,0.78763567720623,0.0471303812936775,0.493100755011716,0.00947797080979252,67.25,1024.91666666667,4,73,0.05660835210347
"FWB_0731","FWB_0731_2009","Mugil cephalus_WaikatoRiverUpstreamofMangatawhiriConfluence","WaikatoRiverUpstreamofMangatawhiriConfluence","Mugilidae","Mugil cephalus","species","lotic",175.0275142,-37.2714286,0.829872581406324,NA,1,NA,305,NA,1,0,NA
"FWB_0731","FWB_0731_2009","Retropinna retropinna_WaikatoRiverUpstreamofMangatawhiriConfluence","WaikatoRiverUpstreamofMangatawhiriConfluence","Retropinnidae","Retropinna retropinna","species","lotic",175.0275142,-37.2714286,0.67028472549945,0.0160856964074711,0.570879979172091,0.0357880104771271,70,132,6,29,0.0518737068845982
"FWB_0732","FWB_0732_2009","Anguilla australis_WaikatoRiverUpstreamofMangawaraConfluence","WaikatoRiverUpstreamofMangawaraConfluence","Anguillidae","Anguilla australis","species","lotic",175.185183,-37.612166,0.426320207570208,0.0591641009008798,0.598758820564516,0.0933862005386591,364.166666666667,12422.9666666667,6,280,0.152550301439539
"FWB_0732","FWB_0732_2009","Carassius auratus_WaikatoRiverUpstreamofMangawaraConfluence","WaikatoRiverUpstreamofMangawaraConfluence","Cyprinidae","Carassius auratus","species","lotic",175.185183,-37.612166,0.888583638583639,0.00612107926668367,0.639952956989247,0.0389522138338224,153.5,7827.5,6,236,0.0450732931005061
"FWB_0732","FWB_0732_2009","Galaxias maculatus_WaikatoRiverUpstreamofMangawaraConfluence","WaikatoRiverUpstreamofMangawaraConfluence","Galaxiidae","Galaxias maculatus","species","lotic",175.185183,-37.612166,0.34981684981685,NA,0.582724294354839,NA,70,NA,1,0,NA
"FWB_0732","FWB_0732_2009","Gambusia affinis_WaikatoRiverUpstreamofMangawaraConfluence","WaikatoRiverUpstreamofMangawaraConfluence","Poeciliidae","Gambusia affinis","species","lotic",175.185183,-37.612166,0.712454212454212,0.0258154194452271,0.819225680443548,0.0186559929849371,31.25,35.5833333333333,4,13,0.0444714124301642
"FWB_0732","FWB_0732_2009","Gobiomorphus cotidianus_WaikatoRiverUpstreamofMangawaraConfluence","WaikatoRiverUpstreamofMangawaraConfluence","Eleotridae","Gobiomorphus cotidianus","species","lotic",175.185183,-37.612166,0.665178571428571,0.0123102825326383,0.859784526209677,0.00839117449106461,50.6666666666667,42.6666666666667,6,16,0.0207014570237029
"FWB_0732","FWB_0732_2009","Mugil cephalus_WaikatoRiverUpstreamofMangawaraConfluence","WaikatoRiverUpstreamofMangawaraConfluence","Mugilidae","Mugil cephalus","species","lotic",175.185183,-37.612166,0.374236874236874,0.0957277501319396,0.788684475806452,0.00397158810300955,397,1659,3,72,0.0996993382349492
"FWB_0732","FWB_0732_2009","Retropinna retropinna_WaikatoRiverUpstreamofMangawaraConfluence","WaikatoRiverUpstreamofMangawaraConfluence","Retropinnidae","Retropinna retropinna","species","lotic",175.185183,-37.612166,0.527358058608059,0.0100578333322152,0.732894405241935,0.0161963590846225,68.25,144.25,4,29,0.0262541924168377
"FWB_0732","FWB_0732_2009","Scardinius erythrophthalmus_WaikatoRiverUpstreamofMangawaraConfluence","WaikatoRiverUpstreamofMangawaraConfluence","Leuciscidae","Scardinius erythrophthalmus","species","lotic",175.185183,-37.612166,0.532967032967033,NA,0.706842237903226,NA,237,NA,1,0,NA
"FWB_0733","FWB_0733_2009","Anguilla australis_WaikatoRiverUpstreamofWaahiConfluence","WaikatoRiverUpstreamofWaahiConfluence","Anguillidae","Anguilla australis","species","lotic",175.1553642,-37.5493626,0.539239910577715,0.0239077668945251,0.290065317022121,0.0635911674178528,401.666666666667,2008.33333333333,3,80,0.0874989343123779
"FWB_0733","FWB_0733_2009","Galaxias maculatus_WaikatoRiverUpstreamofWaahiConfluence","WaikatoRiverUpstreamofWaahiConfluence","Galaxiidae","Galaxias maculatus","species","lotic",175.1553642,-37.5493626,0.677020825979527,0.130791326252664,0.618436721879398,0.0199318069375382,57,12.6666666666667,4,7,0.150723133190202
"FWB_0733","FWB_0733_2009","Gambusia affinis_WaikatoRiverUpstreamofWaahiConfluence","WaikatoRiverUpstreamofWaahiConfluence","Poeciliidae","Gambusia affinis","species","lotic",175.1553642,-37.5493626,0.562360277679727,0.000335300342844675,0.757930063873552,0.000324687010711133,21.6666666666667,0.333333333333333,3,1,0.000659987353555808
"FWB_0733","FWB_0733_2009","Gobiomorphus cotidianus_WaikatoRiverUpstreamofWaahiConfluence","WaikatoRiverUpstreamofWaahiConfluence","Eleotridae","Gobiomorphus cotidianus","species","lotic",175.1553642,-37.5493626,0.476938463348629,0.0858176043384934,0.52282487098986,0.0624255235080424,46,166,6,31,0.148243127846536
"FWB_0733","FWB_0733_2009","Retropinna retropinna_WaikatoRiverUpstreamofWaahiConfluence","WaikatoRiverUpstreamofWaahiConfluence","Retropinnidae","Retropinna retropinna","species","lotic",175.1553642,-37.5493626,0.620896576067773,0.00210718089921255,0.639998556529898,0.000258975288513044,55.3333333333333,21.3333333333333,3,8,0.00236615618772559
"FWB_0733","FWB_0733_2009","Scardinius erythrophthalmus_WaikatoRiverUpstreamofWaahiConfluence","WaikatoRiverUpstreamofWaahiConfluence","Leuciscidae","Scardinius erythrophthalmus","species","lotic",175.1553642,-37.5493626,0.541122484998235,NA,0.493125473638627,NA,85,NA,1,0,NA
"FWB_0735","FWB_0735_2009","Anguilla australis_WaikatoRiverUpstreamofWhangamarinoConfluence","WaikatoRiverUpstreamofWhangamarinoConfluence","Anguillidae","Anguilla australis","species","lotic",175.0585894,-37.2947662,0.590149965916837,0.0284588541644886,0.400742542332283,0.0219465736170405,342.5,2187.5,6,110,0.0504054277815291
"FWB_0735","FWB_0735_2009","Galaxias maculatus_WaikatoRiverUpstreamofWhangamarinoConfluence","WaikatoRiverUpstreamofWhangamarinoConfluence","Galaxiidae","Galaxias maculatus","species","lotic",175.0585894,-37.2947662,0.596728016359918,0.00141351031486153,0.423967718755182,0.000587257045809667,69.5,112.5,2,15,0.0020007673606712
"FWB_0735","FWB_0735_2009","Gambusia affinis_WaikatoRiverUpstreamofWhangamarinoConfluence","WaikatoRiverUpstreamofWhangamarinoConfluence","Poeciliidae","Gambusia affinis","species","lotic",175.0585894,-37.2947662,0.613742331288344,0.129826686071069,0.270841855066055,0.0571286746276703,29,38,5,15,0.186955360698739
"FWB_0735","FWB_0735_2009","Gobiomorphus cotidianus_WaikatoRiverUpstreamofWhangamarinoConfluence","WaikatoRiverUpstreamofWhangamarinoConfluence","Eleotridae","Gobiomorphus cotidianus","species","lotic",175.0585894,-37.2947662,0.860020449897751,0.0142997757063021,0.410231606876348,0.00250496295604249,53.25,259.583333333333,4,38,0.0168047386623446
"FWB_0735","FWB_0735_2009","Mugil cephalus_WaikatoRiverUpstreamofWhangamarinoConfluence","WaikatoRiverUpstreamofWhangamarinoConfluence","Mugilidae","Mugil cephalus","species","lotic",175.0585894,-37.2947662,0.608725289706885,0.0302043010303013,0.550743463600685,0.0501359461867953,405.833333333333,1594.16666666667,6,110,0.0803402472170966
"FWB_0737","FWB_0737_2022","Anguilla australis_waikekewai","waikekewai","Anguillidae","Anguilla australis","species","lotic",172.359919,-43.857886,0.460869565217392,0.0572778827977315,0.633086419753086,0.173555403139765,392.4,42398.8,5,438,0.230833285937497
"FWB_0737","FWB_0737_2022","Anguilla dieffenbachii_waikekewai","waikekewai","Anguillidae","Anguilla dieffenbachii","species","lotic",172.359919,-43.857886,0.0869565217391305,0.0151228733459357,0.718518518518519,0.00292943148910229,760,115200,2,480,0.018052304835038
"FWB_0737","FWB_0737_2022","Galaxias maculatus_waikekewai","waikekewai","Galaxiidae","Galaxias maculatus","species","lotic",172.359919,-43.857886,0.927536231884058,0.00352867044738501,0.566872427983539,0.062385256312554,67.5,183.5,6,32,0.065913926759939
"FWB_0737","FWB_0737_2022","Gobiomorphus cotidianus_waikekewai","waikekewai","Eleotridae","Gobiomorphus cotidianus","species","lotic",172.359919,-43.857886,0.811594202898551,0.0254568367989919,0.404938271604938,0.131964639536656,53.3333333333333,128.666666666667,6,31,0.157421476335648
"FWB_0739","FWB_0739_2009","Anguilla australis_WaipaRiver","WaipaRiver","Anguillidae","Anguilla australis","species","lotic",175.1432717,-37.6670127,0.438728015633327,0.0642406224320979,0.489735849056604,0.0415125556742217,431.6,3250.3,5,133,0.10575317810632
"FWB_0739","FWB_0739_2009","Galaxias maculatus_WaipaRiver","WaipaRiver","Galaxiidae","Galaxias maculatus","species","lotic",175.1432717,-37.6670127,0.43151536685024,NA,0.391194968553459,NA,61,NA,1,0,NA
"FWB_0739","FWB_0739_2009","Gambusia affinis_WaipaRiver","WaipaRiver","Poeciliidae","Gambusia affinis","species","lotic",175.1432717,-37.6670127,0.647480310297862,0.00649714908192431,0.117442348008386,0.0108044829450312,27,25,3,10,0.0173016320269555
"FWB_0739","FWB_0739_2009","Gobiomorphus cotidianus_WaipaRiver","WaipaRiver","Eleotridae","Gobiomorphus cotidianus","species","lotic",175.1432717,-37.6670127,0.702567063421567,0.00338562137131243,0.247201257861635,0.00346508840631305,59.5,161,4,30,0.00685070977762548
"FWB_0739","FWB_0739_2009","Retropinna retropinna_WaipaRiver","WaipaRiver","Retropinnidae","Retropinna retropinna","species","lotic",175.1432717,-37.6670127,0.61968378042281,0.0028984643233192,0.568452830188679,0.0254497796764368,79,73,5,20,0.028348243999756
"FWB_0739","FWB_0739_2009","Scardinius erythrophthalmus_WaipaRiver","WaipaRiver","Leuciscidae","Scardinius erythrophthalmus","species","lotic",175.1432717,-37.6670127,0.760525848285663,0.0198787204588981,0.797735849056604,0.0239060163759345,126.8,7154.2,5,166,0.0437847368348326
"FWB_0740","FWB_0740_2009","Anguilla australis_WhangamarinoRiver","WhangamarinoRiver","Anguillidae","Anguilla australis","species","lotic",175.0616176,-37.2941538,0.0792496858732724,0.0125610254220247,0.325138997380876,0.0032775119843009,423.5,144.5,2,17,0.0158385374063256
"FWB_0740","FWB_0740_2009","Carassius auratus_WhangamarinoRiver","WhangamarinoRiver","Cyprinidae","Carassius auratus","species","lotic",175.0616176,-37.2941538,0.130198049422605,0.00753500314897336,0.113571964649481,0.0025254128553884,110,1230,6,93,0.0100604160043618
"FWB_0740","FWB_0740_2009","Cyprinus carpio_WhangamarinoRiver","WhangamarinoRiver","Cyprinidae","Cyprinus carpio","species","lotic",175.0616176,-37.2941538,0.25255788906839,0.00518236201582541,0.259232029897839,0.00924959061433415,206.5,7175.5,6,240,0.0144319526301596
"FWB_0740","FWB_0740_2009","Galaxias maculatus_WhangamarinoRiver","WhangamarinoRiver","Galaxiidae","Galaxias maculatus","species","lotic",175.0616176,-37.2941538,0.295039789385508,0.0624091627322355,0.361852685751045,0.000329583437424308,52.6666666666667,4.33333333333333,3,4,0.0627387461696599
"FWB_0740","FWB_0740_2009","Gambusia affinis_WhangamarinoRiver","WhangamarinoRiver","Poeciliidae","Gambusia affinis","species","lotic",175.0616176,-37.2941538,0.360437982408903,0.0035612789659609,0.117244865138078,0.0193471702060018,34.334,43.37278,5,16.33,0.0229084491719627
"FWB_0740","FWB_0740_2009","Gobiomorphus cotidianus_WhangamarinoRiver","WhangamarinoRiver","Eleotridae","Gobiomorphus cotidianus","species","lotic",175.0616176,-37.2941538,0.331179321486268,0.00555249083906459,0.215124293525709,0.0131468171114347,58.25,224.25,4,33,0.0186993079504992
"FWB_0740","FWB_0740_2009","Mugil cephalus_WhangamarinoRiver","WhangamarinoRiver","Mugilidae","Mugil cephalus","species","lotic",175.0616176,-37.2941538,0.388499970083169,0.0868553391415698,0.721377261100645,0.0675794143204068,184.833333333333,4908.56666666667,6,216,0.154434753461977
"FWB_0740","FWB_0740_2009","Retropinna retropinna_WhangamarinoRiver","WhangamarinoRiver","Retropinnidae","Retropinna retropinna","species","lotic",175.0616176,-37.2941538,0.443367438520912,0.152207772462559,0.476864402885632,0.019484208507877,81.75,648.25,4,61,0.171691980970436
"FWB_0741","FWB_0741_2009","Ameiurus nebulosus_WhangapeStream","WhangapeStream","Ictaluridae","Ameiurus nebulosus","species","lotic",175.0776934,-37.4277293,0.528839922229423,NA,0.198600227313513,NA,240,NA,1,0,NA
"FWB_0741","FWB_0741_2009","Anguilla australis_WhangapeStream","WhangapeStream","Anguillidae","Anguilla australis","species","lotic",175.0776934,-37.4277293,0.479304385396414,0.00964225730681226,0.236296384917549,0.00101855046560011,395,4012.4,6,190,0.0106608077724124
"FWB_0741","FWB_0741_2009","Carassius auratus_WhangapeStream","WhangapeStream","Cyprinidae","Carassius auratus","species","lotic",175.0776934,-37.4277293,0.24800172823504,0.0245772271432026,0.281848816573947,0.0160902004402766,133.833333333333,2119.36666666667,6,130,0.0406674275834792
"FWB_0741","FWB_0741_2009","Cyprinus carpio_WhangapeStream","WhangapeStream","Cyprinidae","Cyprinus carpio","species","lotic",175.0776934,-37.4277293,0.436595376971268,0.0464139752948073,0.170584833801918,0.0154707157775872,194.166666666667,4847.76666666667,6,167,0.0618846910723945
"FWB_0741","FWB_0741_2009","Galaxias maculatus_WhangapeStream","WhangapeStream","Galaxiidae","Galaxias maculatus","species","lotic",175.0776934,-37.4277293,0.571613739468568,NA,0.183645390919423,NA,82,NA,1,0,NA
"FWB_0741","FWB_0741_2009","Gambusia affinis_WhangapeStream","WhangapeStream","Poeciliidae","Gambusia affinis","species","lotic",175.0776934,-37.4277293,0.405625405055087,0.0458019017585744,0.275420230902674,0.0336302582388302,31.6,55.8,5,18,0.0794321599974046
"FWB_0741","FWB_0741_2009","Gobiomorphus cotidianus_WhangapeStream","WhangapeStream","Eleotridae","Gobiomorphus cotidianus","species","lotic",175.0776934,-37.4277293,0.570533592568589,0.0308576702400418,0.160614942872525,0.00713707020303857,46.6666666666667,60.3333333333333,3,15,0.0379947404430804
"FWB_0741","FWB_0741_2009","Mugil cephalus_WhangapeStream","WhangapeStream","Mugilidae","Mugil cephalus","species","lotic",175.0776934,-37.4277293,0.713588248001728,0.0512879005206406,0.662299854439592,0.106204686265734,261,16653.2,6,353,0.157492586786375
"FWB_0741","FWB_0741_2009","Retropinna retropinna_WhangapeStream","WhangapeStream","Retropinnidae","Retropinna retropinna","species","lotic",175.0776934,-37.4277293,0.646208684381076,0.0199298771152644,0.332804929114075,0.0371799518746441,73.3333333333333,162.266666666667,6,38,0.0571098289899084
"FWB_0750","FWB_0750_2019","Cobitis paludica_A3","A3","Cobitidae","Cobitis paludica","species","lotic",-7.0921,38.09122,0.375225993078155,0.00556521625809022,0.171272093602191,0.0282720325286688,89.6666666666667,72.3333333333333,3,16,0.033837248786759
"FWB_0750","FWB_0750_2019","Gambusia holbrooki_A3","A3","Poeciliidae","Gambusia holbrooki","species","lotic",-7.0921,38.09122,0.296473401075911,0.046345904034402,0.233169742878481,0.0109385678985511,36.2857142857143,41.6083915714286,7,14.333,0.057284471932953
"FWB_0750","FWB_0750_2019","Lepomis gibbosus_A3","A3","Centrarchidae","Lepomis gibbosus","species","lotic",-7.0921,38.09122,0.571809838662465,0.0190169096942193,0.486204464359804,0.0136816667156246,63.3333333333333,76.25,9,24,0.0326985764098439
"FWB_0750","FWB_0750_2019","Luciobarbus sclateri_A3","A3","Cyprinidae","Luciobarbus sclateri","species","lotic",-7.0921,38.09122,0.788470478847048,0.0107910411534881,0.749813293502614,0.00136648519371459,184,1458,2,54,0.0121575263472027
"FWB_0750","FWB_0750_2019","Luciobarbus steindachneri_A3","A3","Cyprinidae","Luciobarbus steindachneri","species","lotic",-7.0921,38.09122,0.806601580660158,0.0229411927016817,0.613849473072774,0.0337579689946059,216.222222222222,3101.94444444444,9,173,0.0566991616962876
"FWB_0750","FWB_0750_2019","Pseudochondrostoma willkommii_A3","A3","Leuciscidae","Pseudochondrostoma willkommii","species","lotic",-7.0921,38.09122,0.21421561031045,0.00456308397129713,0.445108289768484,0.00173330977773143,109,57,3,15,0.00629639374902855
"FWB_0750","FWB_0750_2019","Squalius alburnoides_A3","A3","Leuciscidae","Squalius alburnoides","species","lotic",-7.0921,38.09122,0.577199235497701,0.0115518439918495,0.351506099078915,0.0617404067859098,79.6666666666667,1002.25,9,85,0.0732922507777593
"FWB_0751","FWB_0751_2019","Anaecypris hispanica_A4","A4","Leuciscidae","Anaecypris hispanica","species","lotic",-7.184753,38.070386,0.836803489986119,0.0345821100148872,0.115004916420845,0.0018803641922132,52.4443333333333,9.59229633333333,3,6,0.0364624742071004
"FWB_0751","FWB_0751_2019","Cobitis paludica_A4","A4","Cobitidae","Cobitis paludica","species","lotic",-7.184753,38.070386,0.164534999008527,0.0108587548740838,0.428215339233038,0.0056590723813999,76.75,58.2142857142857,8,22,0.0165178272554837
"FWB_0751","FWB_0751_2019","Gambusia holbrooki_A4","A4","Poeciliidae","Gambusia holbrooki","species","lotic",-7.184753,38.070386,0.143499239870448,0.00549411356864642,0.446253687315634,0.103503901288711,37.3333333333333,52.6666666666667,6,18,0.108998014857358
"FWB_0751","FWB_0751_2019","Iberochondrostoma lemmingii_A4","A4","Leuciscidae","Iberochondrostoma lemmingii","species","lotic",-7.184753,38.070386,0.16985921078723,0.0445697558207427,0.353227138643068,0.00426484002053585,75.55,280.2625,5,41.25,0.0488345958412786
"FWB_0751","FWB_0751_2019","Lepomis gibbosus_A4","A4","Centrarchidae","Lepomis gibbosus","species","lotic",-7.184753,38.070386,0.288717033511799,0.00488973848928919,0.611238938053097,0.00665592569124561,62.5833333333333,151.901515151515,12,34,0.0115456641805348
"FWB_0751","FWB_0751_2019","Luciobarbus sclateri_A4","A4","Cyprinidae","Luciobarbus sclateri","species","lotic",-7.184753,38.070386,0.353261947253619,0.00822392688265281,0.716902654867257,0.0467385688139389,132,318,4,39,0.0549624956965917
"FWB_0751","FWB_0751_2019","Luciobarbus steindachneri_A4","A4","Cyprinidae","Luciobarbus steindachneri","species","lotic",-7.184753,38.070386,0.284795205675634,0.00598138556282103,0.717705670272042,0.0197077021992886,173.333333333333,3867.75,9,162,0.0256890877621096
"FWB_0751","FWB_0751_2019","Squalius alburnoides_A4","A4","Leuciscidae","Squalius alburnoides","species","lotic",-7.184753,38.070386,0.164022737788353,0.00637571285778972,0.427158308751229,0.0278225071715933,62.8333333333333,170.966666666667,6,33,0.034198220029383
"FWB_0752","FWB_0752_2019","Australoheros facetus_A5","A5","Cichlidae","Australoheros facetus","species","lotic",-7.298176,38.148395,0.391529795031899,0.079677870146929,0.393577981651376,0.0464369953213377,75.2,735.955555555556,10,77,0.126114865468267
"FWB_0752","FWB_0752_2019","Cobitis paludica_A5","A5","Cobitidae","Cobitis paludica","species","lotic",-7.298176,38.148395,0.412040179177413,0.00462613630850053,0.226887791107975,0.0236406225801058,78.25,418.785714285714,8,62,0.0282667588886063
"FWB_0752","FWB_0752_2019","Gambusia holbrooki_A5","A5","Poeciliidae","Gambusia holbrooki","species","lotic",-7.298176,38.148395,0.358374217068394,0.0279701172755689,0.27166717074974,0.0368624742770923,40.1428571428571,76.8095238095238,7,22,0.0648325915526612
"FWB_0752","FWB_0752_2019","Lepomis gibbosus_A5","A5","Centrarchidae","Lepomis gibbosus","species","lotic",-7.298176,38.148395,0.754667620963264,0.0165322240537124,0.125018712174676,0.00763783216697697,72,120.4,11,36,0.0241700562206894
"FWB_0752","FWB_0752_2019","Luciobarbus steindachneri_A5","A5","Cyprinidae","Luciobarbus steindachneri","species","lotic",-7.298176,38.148395,0.626289534410208,0.0113027300632078,0.336185603387438,0.0214257628640969,130.5,1548,8,116,0.0327284929273048
"FWB_0752","FWB_0752_2019","Luciobarbus_A5","A5","Cyprinidae","Luciobarbus steindachneri","genus","lotic",-7.298176,38.148395,0.464673544183521,0.0200675318790021,0.52364149611856,0.101008571688973,95.25,90.9166666666667,4,20,0.121076103567975
"FWB_0754","FWB_0754_2019","Alburnus alburnus_C2","C2","Leuciscidae","Alburnus alburnus","species","lotic",-7.352868,39.241752,0.387735849056604,NA,0.347598253275109,NA,88,NA,1,0,NA
"FWB_0754","FWB_0754_2019","Gambusia holbrooki_C2","C2","Poeciliidae","Gambusia holbrooki","species","lotic",-7.352868,39.241752,0.262185534591195,0.0383447973350964,0.297663755458515,0.045160977642902,38.375,35.9821428571429,8,18,0.0835057749779984
"FWB_0754","FWB_0754_2019","Lepomis gibbosus_C2","C2","Centrarchidae","Lepomis gibbosus","species","lotic",-7.352868,39.241752,0.521755288736421,0.0771287690000755,0.463025009924573,0.0415717278812033,4246.18181818182,189985326.163636,11,45745,0.118700496881279
"FWB_0754","FWB_0754_2019","Luciobarbus steindachneri_C2","C2","Cyprinidae","Luciobarbus steindachneri","species","lotic",-7.352868,39.241752,0.490094339622641,0.038668070883272,0.219213973799127,0.00730613069926199,108.333333333333,57.3333333333333,3,14,0.045974201582534
"FWB_0754","FWB_0754_2019","Luciobarbus_C2","C2","Cyprinidae","Luciobarbus steindachneri","genus","lotic",-7.352868,39.241752,0.346639150943396,0.0209236180862816,0.327467248908297,0.0532469632539425,67.25,445.142857142857,8,59.5,0.0741705813402242
"FWB_0754","FWB_0754_2019","Squalius alburnoides_C2","C2","Leuciscidae","Squalius alburnoides","species","lotic",-7.352868,39.241752,0.461237513873474,0.0266514505633154,0.553578217313126,0.0459707081459612,83.3529411764706,372.867647058823,17,61,0.0726221587092766
"FWB_0755","FWB_0755_2019","Cobitis paludica_C3","C3","Cobitidae","Cobitis paludica","species","lotic",-7.277278,39.13275,0.577355460385439,0.00575342602594091,0.632568287151169,0.00366025160303049,78.75,67.0714285714286,8,24,0.0094136776289714
"FWB_0755","FWB_0755_2019","Gambusia holbrooki_C3","C3","Poeciliidae","Gambusia holbrooki","species","lotic",-7.277278,39.13275,0.528024625267666,0.0491804513358716,0.492170397396707,0.0337570282356381,42.7,68.9,10,23,0.0829374795715097
"FWB_0755","FWB_0755_2019","Lepomis gibbosus_C3","C3","Centrarchidae","Lepomis gibbosus","species","lotic",-7.277278,39.13275,0.589668094218415,0.0272104284896941,0.818094862439602,0.0141637444027078,87.6,54.0444444444445,10,22,0.0413741728924019
"FWB_0755","FWB_0755_2019","Luciobarbus microcephalus_C3","C3","Cyprinidae","Luciobarbus microcephalus","species","lotic",-7.277278,39.13275,0.63169164882227,NA,0.890641948525786,NA,111,NA,1,0,NA
"FWB_0755","FWB_0755_2019","Luciobarbus_C3","C3","Cyprinidae","Luciobarbus microcephalus","genus","lotic",-7.277278,39.13275,0.565964787056864,0.0474077009398813,0.669197646517438,0.0421631224952506,78.4444444444444,132.527777777778,9,39,0.0895708234351319
"FWB_0755","FWB_0755_2019","Squalius alburnoides_C3","C3","Leuciscidae","Squalius alburnoides","species","lotic",-7.277278,39.13275,0.176034975017844,0.031645647915912,0.17759589784045,0.0246478406562917,41,1,3,2,0.0562934885722037
"FWB_0756","FWB_0756_2019","Gambusia holbrooki_C4","C4","Poeciliidae","Gambusia holbrooki","species","lotic",-7.111071,38.981366,0.309090909090909,0.0324242798271398,0.479503473708472,0.0663156325223083,8356.36363636364,342754080.454545,11,45780,0.0987399123494481
"FWB_0756","FWB_0756_2019","Lepomis gibbosus_C4","C4","Centrarchidae","Lepomis gibbosus","species","lotic",-7.111071,38.981366,0.688888888888889,0.0460224340534291,0.27160046681959,0.0490389187199195,99.4444444444444,163.527777777778,9,38,0.0950613527733486
"FWB_0757","FWB_0757_2019","Australoheros facetus_CH1","CH1","Cichlidae","Australoheros facetus","species","lotic",-7.46013,37.730271,0.38354175650424,0.0107974719324251,0.553532214626062,0.0167939896583662,72.9,455.433333333333,10,66,0.0275914615907913
"FWB_0757","FWB_0757_2019","Cobitis paludica_CH1","CH1","Cobitidae","Cobitis paludica","species","lotic",-7.46013,37.730271,0.387140050788175,0.0266400968868036,0.293626130792072,0.0584532196070927,70.8333333333333,201.366666666667,6,38,0.0850933164938964
"FWB_0757","FWB_0757_2019","Gambusia holbrooki_CH1","CH1","Poeciliidae","Gambusia holbrooki","species","lotic",-7.46013,37.730271,0.451159161379084,0.0287532971041963,0.440291219035781,0.0391941925986944,37.8571428571429,60.4761904761905,7,20,0.0679474897028907
"FWB_0757","FWB_0757_2019","Iberochondrostoma lemmingii_CH1","CH1","Leuciscidae","Iberochondrostoma lemmingii","species","lotic",-7.46013,37.730271,0.268362800057496,NA,0.298736275119122,NA,81,NA,1,0,NA
"FWB_0757","FWB_0757_2019","Lepomis gibbosus_CH1","CH1","Centrarchidae","Lepomis gibbosus","species","lotic",-7.46013,37.730271,0.416325283886733,0.0183604819422356,0.5772218769422,0.0753994418977476,72.875,129.267857142857,8,31,0.0937599238399832
"FWB_0757","FWB_0757_2019","Luciobarbus comizo_CH1","CH1","Cyprinidae","Luciobarbus comizo","species","lotic",-7.46013,37.730271,0.772254050391178,0.0146797899937171,0.578590665601231,0.0455370547634348,202.142857142857,3517.47619047619,7,152,0.060216844757152
"FWB_0757","FWB_0757_2019","Luciobarbus microcephalus_CH1","CH1","Cyprinidae","Luciobarbus microcephalus","species","lotic",-7.46013,37.730271,0.697858272243783,0.000143843423974318,0.819660244458256,0.0650448548577122,153.5,4.5,2,3,0.0651886982816866
"FWB_0757","FWB_0757_2019","Luciobarbus sclateri_CH1","CH1","Cyprinidae","Luciobarbus sclateri","species","lotic",-7.46013,37.730271,0.613482823055915,0.0308338203699768,0.582763621296872,0.0246359763585546,168.333333333333,3273.75,9,159,0.0554697967285313
"FWB_0757","FWB_0757_2019","Luciobarbus steindachneri_CH1","CH1","Cyprinidae","Luciobarbus steindachneri","species","lotic",-7.46013,37.730271,0.67079919505534,0.0263821949113932,0.55401905945722,0.00140073030551582,175,6329.33333333333,4,180,0.027782925216909
"FWB_0757","FWB_0757_2019","Pseudochondrostoma willkommii_CH1","CH1","Leuciscidae","Pseudochondrostoma willkommii","species","lotic",-7.46013,37.730271,0.0745292511139859,0.0111092185432231,0.259995856639735,0.00868019812420886,76.5,60.5,2,11,0.019789416667432
"FWB_0757","FWB_0757_2019","Squalius alburnoides_CH1","CH1","Leuciscidae","Squalius alburnoides","species","lotic",-7.46013,37.730271,0.590402266987002,0.0157777066421761,0.319837817041049,0.0323165137623586,68.4761428571429,600.589984142857,7,67.667,0.0480942204045346
"FWB_0758","FWB_0758_2019","Australoheros facetus_CH2","CH2","Cichlidae","Australoheros facetus","species","lotic",-7.410703,37.762035,0.399022298456261,0.0259594164892394,0.288460645460878,0.0287960938481802,63,272.666666666667,10,54,0.0547555103374197
"FWB_0758","FWB_0758_2019","Gambusia holbrooki_CH2","CH2","Poeciliidae","Gambusia holbrooki","species","lotic",-7.410703,37.762035,0.399428244711264,0.0452223716174006,0.354229548796533,0.00614471895588393,34.8333333333333,55.7666666666667,6,19,0.0513670905732845
"FWB_0758","FWB_0758_2019","Luciobarbus comizo_CH2","CH2","Cyprinidae","Luciobarbus comizo","species","lotic",-7.410703,37.762035,0.895283018867925,0.000284225144091157,0.50470164847922,0.017531900784728,146.5,1200.5,2,49,0.0178161259288192
"FWB_0758","FWB_0758_2019","Luciobarbus microcephalus_CH2","CH2","Cyprinidae","Luciobarbus microcephalus","species","lotic",-7.410703,37.762035,0.618916932124479,0.0608555510209285,0.589920063683704,0.0612502778136242,132,796.333333333333,7,75,0.122105828834553
"FWB_0758","FWB_0758_2019","Luciobarbus sclateri_CH2","CH2","Cyprinidae","Luciobarbus sclateri","species","lotic",-7.410703,37.762035,0.72694873260911,0.00832119048016004,0.477659107912184,0.00823322880703351,123.333333333333,268,9,53,0.0165544192871935
"FWB_0758","FWB_0758_2019","Luciobarbus steindachneri_CH2","CH2","Cyprinidae","Luciobarbus steindachneri","species","lotic",-7.410703,37.762035,0.665057583925509,0.0391627238528433,0.465007131248134,0.00820374368534018,124,380.666666666667,7,59,0.0473664675381835
"FWB_0758","FWB_0758_2019","Pseudochondrostoma willkommii_CH2","CH2","Leuciscidae","Pseudochondrostoma willkommii","species","lotic",-7.410703,37.762035,0.286685248713551,0.0131747039894957,0.342668911074994,0.0122718558733555,78.875,93.8392857142857,8,31,0.0254465598628512
"FWB_0758","FWB_0758_2019","Salaria fluviatilis_CH2","CH2","Blenniidae","Salaria fluviatilis","species","lotic",-7.410703,37.762035,0.165866209262436,0.0122084857115117,0.561829579753889,0.00927473129875508,48,13.5,5,9,0.0214832170102668
"FWB_0758","FWB_0758_2019","Squalius alburnoides_CH2","CH2","Leuciscidae","Squalius alburnoides","species","lotic",-7.410703,37.762035,0.628530588907947,0.0321995553450293,0.389811160126925,0.010254355166158,86.3333333333333,164.266666666667,6,31,0.0424539105111873
"FWB_0759","FWB_0759_2019","Anaecypris hispanica_CH3","CH3","Leuciscidae","Anaecypris hispanica","species","lotic",-7.254917,37.9355,0.263321757873309,0.0122445337450883,0.0958580782701386,0.00443767141979539,51.3333333333333,177.333333333333,3,24,0.0166822051648837
"FWB_0759","FWB_0759_2019","Australoheros facetus_CH3","CH3","Cichlidae","Australoheros facetus","species","lotic",-7.254917,37.9355,0.443885629132905,0.00362363430448696,0.421361859804071,0.0149560959905869,71,161.5,9,35,0.0185797302950739
"FWB_0759","FWB_0759_2019","Cobitis paludica_CH3","CH3","Cobitidae","Cobitis paludica","species","lotic",-7.254917,37.9355,0.56571668063705,0.0289856395751429,0.212140246687985,0.00796008147872827,77.8,254.622222222222,10,43,0.0369457210538712
"FWB_0759","FWB_0759_2019","Gambusia holbrooki_CH3","CH3","Poeciliidae","Gambusia holbrooki","species","lotic",-7.254917,37.9355,0.378337923601964,0.0174732511120764,0.407506281407035,0.00952184521378496,37.875,26.125,8,15,0.0269950963258614
"FWB_0759","FWB_0759_2019","Lepomis gibbosus_CH3","CH3","Centrarchidae","Lepomis gibbosus","species","lotic",-7.254917,37.9355,0.538684655197648,0.0627915930349959,0.463072940459875,0.00815150430815984,65.7777777777778,272.944444444444,9,47,0.0709430973431557
"FWB_0759","FWB_0759_2019","Luciobarbus microcephalus_CH3","CH3","Cyprinidae","Luciobarbus microcephalus","species","lotic",-7.254917,37.9355,0.424220652217299,0.0085864237723821,0.753121668950815,0.0478564008282897,120.666666666667,485.333333333333,3,40,0.0564428246006718
"FWB_0759","FWB_0759_2019","Luciobarbus sclateri_CH3","CH3","Cyprinidae","Luciobarbus sclateri","species","lotic",-7.254917,37.9355,0.538019398874386,0.0103268640832292,0.405740825338815,0.00221624443493268,150.888888888889,865.111111111111,9,80,0.0125431085181618
"FWB_0759","FWB_0759_2019","Luciobarbus steindachneri_CH3","CH3","Cyprinidae","Luciobarbus steindachneri","species","lotic",-7.254917,37.9355,0.677501877837167,0.0253383023937479,0.354956601187757,0.0490145450872453,190.909090909091,8155.69090909091,11,273,0.0743528474809932
"FWB_0759","FWB_0759_2019","Pseudochondrostoma willkommii_CH3","CH3","Leuciscidae","Pseudochondrostoma willkommii","species","lotic",-7.254917,37.9355,0.103074814726114,0.0071812113884764,0.343193238921882,0.0154054285767055,90.6666666666667,412.25,9,60,0.0225866399651819
"FWB_0759","FWB_0759_2019","Squalius alburnoides_CH3","CH3","Leuciscidae","Squalius alburnoides","species","lotic",-7.254917,37.9355,0.174110884923961,NA,0.469049794426679,NA,67,NA,1,0,NA
"FWB_0760","FWB_0760_2019","Cobitis paludica_CR1","CR1","Cobitidae","Cobitis paludica","species","lotic",-7.685658,37.616813,0.358725513616818,0.0276971833152707,0.19811320754717,0.0163305283909915,79.125,321.553571428571,8,49,0.0440277117062622
"FWB_0760","FWB_0760_2019","Gambusia holbrooki_CR1","CR1","Poeciliidae","Gambusia holbrooki","species","lotic",-7.685658,37.616813,0.332006158093115,0.0133934603322729,0.343958452449018,0.0188184802816344,37.7777777777778,65.6944444444445,9,25,0.0322119406139074
"FWB_0760","FWB_0760_2019","Lepomis gibbosus_CR1","CR1","Centrarchidae","Lepomis gibbosus","species","lotic",-7.685658,37.616813,0.251035196687371,0.0131727765922494,0.611867495711835,0.064343057628239,7673.04166666667,317271780.839015,12,45778,0.0775158342204884
"FWB_0760","FWB_0760_2019","Luciobarbus steindachneri_CR1","CR1","Cyprinidae","Luciobarbus steindachneri","species","lotic",-7.685658,37.616813,0.404921165790731,0.0274046151609042,0.468267581475129,0.00244280117920851,147.5,480.5,2,31,0.0298474163401127
"FWB_0760","FWB_0760_2019","Micropterus salmoides_CR1","CR1","Centrarchidae","Micropterus salmoides","species","lotic",-7.685658,37.616813,0.81052487884786,0.0116394745118708,0.218451359960794,0.00213438904213687,108.285714285714,2895.2380952381,7,159,0.0137738635540077
"FWB_0760","FWB_0760_2019","Squalius alburnoides_CR1","CR1","Leuciscidae","Squalius alburnoides","species","lotic",-7.685658,37.616813,0.724159898072942,0.00620463619279548,0.495425957690108,0.0315184393532399,126.333333333333,16.3333333333333,3,7,0.0377230755460353
"FWB_0762","FWB_0762_2019","Ameiurus melas_D2","D2","Ictaluridae","Ameiurus melas","species","lotic",-7.685554,38.566776,0.500068580833943,0.054620922337035,0.247077000167028,0.0206729759269114,102.375,4163.98214285714,8,141,0.0752938982639463
"FWB_0762","FWB_0762_2019","Cobitis paludica_D2","D2","Cobitidae","Cobitis paludica","species","lotic",-7.685554,38.566776,0.723390636430139,3.76266462744772e-06,0.300567897110406,0.000632864441633456,65,50,2,10,0.000636627106260904
"FWB_0762","FWB_0762_2019","Gambusia holbrooki_D2","D2","Poeciliidae","Gambusia holbrooki","species","lotic",-7.685554,38.566776,0.449422904982525,0.0366003511612211,0.435851752871963,0.0647821903132355,39.4444444444444,124.277777777778,9,33,0.101382541474457
"FWB_0762","FWB_0762_2019","Lepomis gibbosus_D2","D2","Centrarchidae","Lepomis gibbosus","species","lotic",-7.685554,38.566776,0.462935869300171,0.0165231126332575,0.452832989996845,0.0108001581180598,58.7222222222222,557.271241830065,18,73,0.0273232707513173
"FWB_0762","FWB_0762_2019","Luciobarbus steindachneri_D2","D2","Cyprinidae","Luciobarbus steindachneri","species","lotic",-7.685554,38.566776,0.600275730122109,0.0133168192191122,0.369351543729362,0.0400880609275453,177,16872.8333333333,13,496,0.0534048801466576
"FWB_0762","FWB_0762_2019","Luciobarbus_D2","D2","Cyprinidae","Luciobarbus steindachneri","genus","lotic",-7.685554,38.566776,0.422750548646672,0.00492595678039525,0.309670953733088,0.0116873681741652,84.4,143.3,5,25,0.0166133249545604
"FWB_0762","FWB_0762_2019","Micropterus salmoides_D2","D2","Centrarchidae","Micropterus salmoides","species","lotic",-7.685554,38.566776,0.887573152889539,0.0169698153580755,0.216928344746952,0.00507975462712868,174.5,63,4,17,0.0220495699852041
"FWB_0763","FWB_0763_2019","Alburnus alburnus_D3","D3","Leuciscidae","Alburnus alburnus","species","lotic",-7.688804,38.477142,0.415877040088734,0.00962655315996715,0.40458645467054,0.0534694953083792,116.6,399.3,5,53,0.0630960484683463
"FWB_0763","FWB_0763_2019","Ameiurus melas_D3","D3","Ictaluridae","Ameiurus melas","species","lotic",-7.688804,38.477142,0.718533777003116,0.00428277205620871,0.376140243591704,0.0396292386364488,184,148,3,22,0.0439120106926575
"FWB_0763","FWB_0763_2019","Gambusia holbrooki_D3","D3","Poeciliidae","Gambusia holbrooki","species","lotic",-7.688804,38.477142,0.27925843764855,0.00884143770410192,0.390337868827396,0.0227786763210879,37,33.3333333333333,10,22,0.0316201140251898
"FWB_0763","FWB_0763_2019","Lepomis gibbosus_D3","D3","Centrarchidae","Lepomis gibbosus","species","lotic",-7.688804,38.477142,0.210795964717689,0.0432880599054653,0.428476787443306,0.00548795122310816,58.3333333333333,1750.06060606061,12,129,0.0487760111285734
"FWB_0763","FWB_0763_2019","Luciobarbus steindachneri_D3","D3","Cyprinidae","Luciobarbus steindachneri","species","lotic",-7.688804,38.477142,0.287751544921565,NA,1,NA,532,NA,1,0,NA
"FWB_0763","FWB_0763_2019","Micropterus salmoides_D3","D3","Centrarchidae","Micropterus salmoides","species","lotic",-7.688804,38.477142,0.722490312729578,0.0235844293002895,0.559464079720921,0.0321894061270966,188.545454545455,1787.27272727273,11,173,0.0557738354273861
"FWB_0764","FWB_0764_2019","Alburnus alburnus_D4","D4","Leuciscidae","Alburnus alburnus","species","lotic",-7.716366,38.423573,0.129730566738928,0.0246658639319016,0.726720430107527,0.1695424091658,73.2,140.7,5,27,0.194208273097701
"FWB_0764","FWB_0764_2019","Cobitis paludica_D4","D4","Cobitidae","Cobitis paludica","species","lotic",-7.716366,38.423573,0.823681222256633,0.0176546404153312,0.337746415770609,0.03217528339018,81.1666666666667,218.166666666667,6,38,0.0498299238055112
"FWB_0764","FWB_0764_2019","Gambusia holbrooki_D4","D4","Poeciliidae","Gambusia holbrooki","species","lotic",-7.716366,38.423573,0.515691132445546,0.0236631859807196,0.586663679808841,0.0367811523450046,39.5555555555556,44.0277777777778,9,20,0.0604443383257242
"FWB_0764","FWB_0764_2019","Lepomis gibbosus_D4","D4","Centrarchidae","Lepomis gibbosus","species","lotic",-7.716366,38.423573,0.76816867967379,0.0148202616149972,0.663328853046595,0.0113357555567818,82.5,355.727272727273,12,56,0.0261560171717791
"FWB_0764","FWB_0764_2019","Luciobarbus steindachneri_D4","D4","Cyprinidae","Luciobarbus steindachneri","species","lotic",-7.716366,38.423573,0.767575100650357,NA,0.60752688172043,NA,116,NA,1,0,NA
"FWB_0764","FWB_0764_2019","Luciobarbus_D4","D4","Cyprinidae","Luciobarbus steindachneri","genus","lotic",-7.716366,38.423573,0.889091049860638,0.00700851765557714,0.244993279569893,0.0160206547842718,77,120.666666666667,4,25,0.0230291724398489
"FWB_0764","FWB_0764_2019","Squalius alburnoides_D4","D4","Leuciscidae","Squalius alburnoides","species","lotic",-7.716366,38.423573,0.369464230411892,0.0605317608696327,0.51051747311828,0.0391343336296104,62.75,886.916666666667,4,64,0.099666094499243
"FWB_0765","FWB_0765_2019","Anaecypris hispanica_F1","F1","Leuciscidae","Anaecypris hispanica","species","lotic",-7.737848,37.404844,0.36370725854829,0.0253727568823368,0.383091787439613,0.0476146696724687,46.6,5.3,5,5,0.0729874265548055
"FWB_0765","FWB_0765_2019","Anguilla anguilla_F1","F1","Anguillidae","Anguilla anguilla","species","lotic",-7.737848,37.404844,0.916616676664667,NA,0.528717122920021,NA,214,NA,1,0,NA
"FWB_0765","FWB_0765_2019","Cobitis paludica_F1","F1","Cobitidae","Cobitis paludica","species","lotic",-7.737848,37.404844,0.470065986802639,0.0204697992615034,0.583539094650206,0.0510809764188986,75.8,145.7,5,30,0.071550775680402
"FWB_0765","FWB_0765_2019","Gambusia holbrooki_F1","F1","Poeciliidae","Gambusia holbrooki","species","lotic",-7.737848,37.404844,0.594714390455242,0.0451196453370794,0.643038905787161,0.00398604716123519,37.4444444444444,70.7777777777778,9,22,0.0491056924983146
"FWB_0765","FWB_0765_2019","Iberochondrostoma lemmingii_F1","F1","Leuciscidae","Iberochondrostoma lemmingii","species","lotic",-7.737848,37.404844,0.156468706258748,0.0299888132751374,0.669499612333751,0.00448716066904717,57,243,3,27,0.0344759739441846
"FWB_0765","FWB_0765_2019","Lepomis gibbosus_F1","F1","Centrarchidae","Lepomis gibbosus","species","lotic",-7.737848,37.404844,0.655488902219556,0.00779746470222052,0.789130434782609,0.00250389319385508,75.2,152.4,10,33,0.0103013578960756
"FWB_0765","FWB_0765_2019","Luciobarbus sclateri_F1","F1","Cyprinidae","Luciobarbus sclateri","species","lotic",-7.737848,37.404844,0.635482903419316,0.0070058783684175,0.802683843263553,0.0065243363063145,215.8,4043.06666666667,10,182,0.013530214674732
"FWB_0765","FWB_0765_2019","Luciobarbus steindachneri_F1","F1","Cyprinidae","Luciobarbus steindachneri","species","lotic",-7.737848,37.404844,0.622075584883023,0.00591945198242895,0.813155711706436,0.00730448811461983,147.363636363636,1197.05454545455,11,118,0.0132239400970488
"FWB_0765","FWB_0765_2019","Squalius alburnoides_F1","F1","Leuciscidae","Squalius alburnoides","species","lotic",-7.737848,37.404844,0.680763847230554,0.0235316640401762,0.60004771276913,0.0428172689318138,79.6388888888889,1300.52369281046,18,143,0.06634893297199
"FWB_0768","FWB_0768_2019","Australoheros facetus_L1","L1","Cichlidae","Australoheros facetus","species","lotic",-7.534361,37.877032,0.583979155531801,0.097928366139638,0.592898134863702,0.0830357933144214,110.625,1026.55357142857,8,81,0.180964159454059
"FWB_0768","FWB_0768_2019","Cobitis paludica_L1","L1","Cobitidae","Cobitis paludica","species","lotic",-7.534361,37.877032,0.456974879743453,NA,0.246054519368723,NA,76,NA,1,0,NA
"FWB_0768","FWB_0768_2019","Gambusia holbrooki_L1","L1","Poeciliidae","Gambusia holbrooki","species","lotic",-7.534361,37.877032,0.435824998091166,0.0169756631373947,0.161431645829063,0.0132505503338614,36.5714285714286,22.2857142857143,7,11,0.030226213471256
"FWB_0768","FWB_0768_2019","Lepomis gibbosus_L1","L1","Centrarchidae","Lepomis gibbosus","species","lotic",-7.534361,37.877032,0.630381851653899,0.0432702618685486,0.467021361390084,0.0351979366219258,65.5555555555556,469.527777777778,9,60,0.0784681984904743
"FWB_0768","FWB_0768_2019","Luciobarbus microcephalus_L1","L1","Cyprinidae","Luciobarbus microcephalus","species","lotic",-7.534361,37.877032,0.533404596472475,NA,0.407819225251076,NA,102,NA,1,0,NA
"FWB_0768","FWB_0768_2019","Luciobarbus sclateri_L1","L1","Cyprinidae","Luciobarbus sclateri","species","lotic",-7.534361,37.877032,0.629269714785482,0.0157791543164393,0.406563845050215,0.0217012370087833,144.727272727273,1042.81818181818,11,85,0.0374803913252226
"FWB_0768","FWB_0768_2019","Luciobarbus steindachneri_L1","L1","Cyprinidae","Luciobarbus steindachneri","species","lotic",-7.534361,37.877032,0.60231827899519,0.0145024345439266,0.429474533715925,0.00756151034004252,170.125,2925.83928571429,8,160,0.0220639448839691
"FWB_0768","FWB_0768_2019","Salaria fluviatilis_L1","L1","Blenniidae","Salaria fluviatilis","species","lotic",-7.534361,37.877032,0.211740602173526,0.0921812843228807,0.480870396939263,0.0698252918499522,37.3333333333333,101.333333333333,3,20,0.162006576172833
"FWB_0768","FWB_0768_2019","Squalius alburnoides_L1","L1","Leuciscidae","Squalius alburnoides","species","lotic",-7.534361,37.877032,0.618412613575628,0.0173353402356248,0.26024031563845,0.0667009712007303,82.4,309.377777777778,10,64,0.0840363114363551
"FWB_0770","FWB_0770_2019","Alburnus alburnus_LU1","LU1","Leuciscidae","Alburnus alburnus","species","lotic",-7.371537,38.609312,0.134144318495991,0.0186846025648431,0.253267460139232,0.0114586662982315,85.5,457.611111111111,10,73,0.0301432688630746
"FWB_0770","FWB_0770_2019","Gambusia holbrooki_LU1","LU1","Poeciliidae","Gambusia holbrooki","species","lotic",-7.371537,38.609312,0.210829811603934,0.00689868005837986,0.232267171409323,0.00190345404575836,36.1428571428571,86.8095238095238,7,23,0.00880213410413821
"FWB_0770","FWB_0770_2019","Lepomis gibbosus_LU1","LU1","Centrarchidae","Lepomis gibbosus","species","lotic",-7.371537,38.609312,0.61791539950235,0.0480139145026769,0.497002021109364,0.140437968862556,72.3,657.122222222222,10,75,0.188451883365233
"FWB_0770","FWB_0770_2019","Luciobarbus steindachneri_LU1","LU1","Cyprinidae","Luciobarbus steindachneri","species","lotic",-7.371537,38.609312,0.222882683623629,0.00327297902340005,0.368515607455648,0.00497086898423431,133.666666666667,141.866666666667,6,33,0.00824384800763436
"FWB_0772","FWB_0772_2019","Anguilla anguilla_O1","O1","Anguillidae","Anguilla anguilla","species","lotic",-7.746774,37.641514,0.820961067477409,0.0339048596932752,0.310902777777777,0.0811482783564814,189.333333333333,926.333333333333,3,58,0.115053138049757
"FWB_0772","FWB_0772_2019","Cobitis paludica_O1","O1","Cobitidae","Cobitis paludica","species","lotic",-7.746774,37.641514,0.259184190524449,0.0208194349131567,0.55046875,0.0119349934895834,78.75,259.583333333333,4,32,0.0327544284027401
"FWB_0772","FWB_0772_2019","Gambusia holbrooki_O1","O1","Poeciliidae","Gambusia holbrooki","species","lotic",-7.746774,37.641514,0.403800354699772,0.113982266266668,0.5404375,0.0178277821180555,36.3,142.677777777778,10,30,0.131810048384723
"FWB_0772","FWB_0772_2019","Luciobarbus comizo_O1","O1","Cyprinidae","Luciobarbus comizo","species","lotic",-7.746774,37.641514,0.386116037496833,NA,0.800833333333334,NA,132,NA,1,0,NA
"FWB_0772","FWB_0772_2019","Luciobarbus microcephalus_O1","O1","Cyprinidae","Luciobarbus microcephalus","species","lotic",-7.746774,37.641514,0.405624524955662,0.0427412647526521,0.8259375,0.0125017578125,126.5,544.5,2,33,0.0552430225651521
"FWB_0772","FWB_0772_2019","Luciobarbus sclateri_O1","O1","Cyprinidae","Luciobarbus sclateri","species","lotic",-7.746774,37.641514,0.58922388311798,0.016266605061615,0.687013888888889,0.0940749276620369,133.666666666667,740.333333333333,3,49,0.110341532723652
"FWB_0772","FWB_0772_2019","Luciobarbus steindachneri_O1","O1","Cyprinidae","Luciobarbus steindachneri","species","lotic",-7.746774,37.641514,0.4255552740478,0.0330818528339789,0.788333333333333,0.0013984201388889,125.166666666667,148.166666666667,6,30,0.0344802729728678
"FWB_0772","FWB_0772_2019","Squalius alburnoides_O1","O1","Leuciscidae","Squalius alburnoides","species","lotic",-7.746774,37.641514,0.398458141807521,0.00852435112948867,0.676517857142857,0.0935770357969577,64.8571428571429,751.809523809524,7,82,0.102101386926446
"FWB_0773","FWB_0773_2019","Cobitis paludica_O2","O2","Cobitidae","Cobitis paludica","species","lotic",-8.002733,37.52665,0.431491329479769,0.00882580507200374,0.225399618712421,0.00122150566549504,78.6,23.3,5,13,0.0100473107374988
"FWB_0773","FWB_0773_2019","Gambusia holbrooki_O2","O2","Poeciliidae","Gambusia holbrooki","species","lotic",-8.002733,37.52665,0.692650701899257,0.01507014983079,0.217731967402007,0.00904142165770618,34.5714285714286,87.952380952381,7,22,0.0241115714884962
"FWB_0773","FWB_0773_2019","Iberochondrostoma lemmingii_O2","O2","Leuciscidae","Iberochondrostoma lemmingii","species","lotic",-8.002733,37.52665,0.412023121387283,NA,0.00249303416923295,NA,56,NA,1,0,NA
"FWB_0773","FWB_0773_2019","Lepomis gibbosus_O2","O2","Centrarchidae","Lepomis gibbosus","species","lotic",-8.002733,37.52665,0.786204238921002,0.0186712075143496,0.516669110817813,0.0191537491947496,81.25,344.022727272727,12,55,0.0378249567090992
"FWB_0773","FWB_0773_2019","Luciobarbus_O2","O2","Cyprinidae","Luciobarbus sp.","genus","lotic",-8.002733,37.52665,0.647953757225434,0.00887624979117243,0.346150461944567,0.0336976140073925,66.8,34.7,5,15,0.042573863798565
"FWB_0773","FWB_0773_2019","Pseudochondrostoma willkommii_O2","O2","Leuciscidae","Pseudochondrostoma willkommii","species","lotic",-8.002733,37.52665,0.158943022295624,0.0188104533109311,0.441853644229359,0.104540577615247,119.857142857143,105.809523809524,7,32,0.123351030926178
"FWB_0773","FWB_0773_2019","Salaria fluviatilis_O2","O2","Blenniidae","Salaria fluviatilis","species","lotic",-8.002733,37.52665,0.568092485549133,NA,0.452412377181405,NA,46,NA,1,0,NA
"FWB_0773","FWB_0773_2019","Squalius alburnoides_O2","O2","Leuciscidae","Squalius alburnoides","species","lotic",-8.002733,37.52665,0.750674373795761,0.00506924877766269,0.2674390184289,0.0329368231266779,75.6666666666667,253.866666666667,6,41,0.0380060719043405
"FWB_0775","FWB_0775_2019","Anaecypris hispanica_OD2","OD2","Leuciscidae","Anaecypris hispanica","species","lotic",-7.753693,37.296121,0.275497030725536,0.0575973046631799,0.158614627285513,0.0339580143554867,54.8333333333333,18.0833333333333,3,8.5,0.0915553190186666
"FWB_0775","FWB_0775_2019","Cobitis paludica_OD2","OD2","Cobitidae","Cobitis paludica","species","lotic",-7.753693,37.296121,0.555684654445305,0.0177356757560168,0.775377988748242,0.0133932467972736,72.75,129.295454545455,12,33,0.0311289225532904
"FWB_0775","FWB_0775_2019","Iberochondrostoma lemmingii_OD2","OD2","Leuciscidae","Iberochondrostoma lemmingii","species","lotic",-7.753693,37.296121,0.324468542903864,0.0409240391643743,0.754166666666667,0.0196774677758194,53.3928566666667,212.697462163267,6,37,0.0606015069401937
"FWB_0775","FWB_0775_2019","Luciobarbus sclateri_OD2","OD2","Cyprinidae","Luciobarbus sclateri","species","lotic",-7.753693,37.296121,0.456063344521904,0.000587617168714569,0.842862165963432,0.000504107396131912,156,1281,3,69,0.00109172456484648
"FWB_0775","FWB_0775_2019","Luciobarbus_OD2","OD2","Cyprinidae","Luciobarbus sclateri","genus","lotic",-7.753693,37.296121,0.46871503571736,0.00209204867504806,0.837611345522738,0.0057520193275848,82.375,78.5535714285714,9,NA,0.00784406800263286
"FWB_0775","FWB_0775_2019","Squalius alburnoides_OD2","OD2","Leuciscidae","Squalius alburnoides","species","lotic",-7.753693,37.296121,0.753535875147029,0.0253758091184689,0.791068917018284,0.00539581698500541,91.5185185185185,543.105413105413,27,104,0.0307716261034743
"FWB_0776","FWB_0776_2019","Alburnus alburnus_ODC1","ODC1","Leuciscidae","Alburnus alburnus","species","lotic",-7.682594,38.099753,0.259425510298328,0.0062785946555131,0.679982350809184,0.0220887236727609,66.1388888888889,803.170751633987,18,80,0.028367318328274
"FWB_0776","FWB_0776_2019","Ameiurus melas_ODC1","ODC1","Ictaluridae","Ameiurus melas","species","lotic",-7.682594,38.099753,0.745968412302577,0.129064095096147,0.471138845553822,0.00605608577303987,200,1152,2,48,0.135120180869187
"FWB_0776","FWB_0776_2019","Australoheros facetus_ODC1","ODC1","Cichlidae","Australoheros facetus","species","lotic",-7.682594,38.099753,0.27862162774881,0.0112101262750326,0.569268059978598,0.0120951569257337,79.1818181818182,572.963636363636,11,70,0.0233052832007663
"FWB_0776","FWB_0776_2019","Cobitis paludica_ODC1","ODC1","Cobitidae","Cobitis paludica","species","lotic",-7.682594,38.099753,0.164937655860349,0.00725611512304795,0.590469436959296,0.0110966252276355,81.15,290.669444444444,10,53.5,0.0183527403506835
"FWB_0776","FWB_0776_2019","Gambusia holbrooki_ODC1","ODC1","Poeciliidae","Gambusia holbrooki","species","lotic",-7.682594,38.099753,0.192186201163757,0.0212272795428995,0.522652421248365,0.0469912040938688,39.8888888888889,80.3611111111111,9,26,0.0682184836367683
"FWB_0776","FWB_0776_2019","Lepomis gibbosus_ODC1","ODC1","Centrarchidae","Lepomis gibbosus","species","lotic",-7.682594,38.099753,0.296275976724855,0.00796107357909834,0.585789249751808,0.0271928225968447,74.1,151.433333333333,10,40,0.035153896175943
"FWB_0776","FWB_0776_2019","Luciobarbus comizo_ODC1","ODC1","Cyprinidae","Luciobarbus comizo","species","lotic",-7.682594,38.099753,0.523192019950125,NA,0.647993192454971,NA,139,NA,1,0,NA
"FWB_0776","FWB_0776_2019","Luciobarbus steindachneri_ODC1","ODC1","Cyprinidae","Luciobarbus steindachneri","species","lotic",-7.682594,38.099753,0.464824050983652,0.012781982213329,0.622299437432043,0.0225573302543106,128.416666666667,233.537878787879,12,46,0.0353393124676396
"FWB_0779","FWB_0779_2019","Gambusia holbrooki_TC2","TC2","Poeciliidae","Gambusia holbrooki","species","lotic",-8.015366,37.690464,0.366941391941392,0.0696387586772202,0.435367249271744,0.0416976298412687,34.6791666666667,93.4533901515151,12,34,0.111336388518489
"FWB_0779","FWB_0779_2019","Lepomis gibbosus_TC2","TC2","Centrarchidae","Lepomis gibbosus","species","lotic",-8.015366,37.690464,0.435714285714286,0.0129675132559748,0.442155638784852,0.134190974526177,64.8333333333333,309.969696969697,12,51,0.147158487782152
"FWB_0779","FWB_0779_2019","Luciobarbus steindachneri_TC2","TC2","Cyprinidae","Luciobarbus steindachneri","species","lotic",-8.015366,37.690464,0.398601398601399,0.0355613822990196,0.341831233685166,0.063457114330189,141,2457.6,11,157,0.0990184966292087
"FWB_0779","FWB_0779_2019","Luciobarbus_TC2","TC2","Cyprinidae","Luciobarbus steindachneri","genus","lotic",-8.015366,37.690464,0.181263736263736,0.00692811103731433,0.12730961298377,0.00222789114652253,92.2,12.2,5,9,0.00915600218383686
"FWB_0779","FWB_0779_2019","Squalius alburnoides_TC2","TC2","Leuciscidae","Squalius alburnoides","species","lotic",-8.015366,37.690464,0.379120879120879,NA,0.554307116104869,NA,69,NA,1,0,NA
"FWB_0783","FWB_0783_2019","Anguilla anguilla_V4","V4","Anguillidae","Anguilla anguilla","species","lotic",-7.985228,37.396414,0.754814992407896,0.0477556949020441,0.710726965834352,0.00595957621554716,273.666666666667,730.333333333333,3,54,0.0537152711175913
"FWB_0783","FWB_0783_2019","Cobitis paludica_V4","V4","Cobitidae","Cobitis paludica","species","lotic",-7.985228,37.396414,0.445240949412611,0.0102253946792802,0.258128164833246,0.019756055726361,75.6,196.488888888889,10,52,0.0299814504056412
"FWB_0783","FWB_0783_2019","Gambusia holbrooki_V4","V4","Poeciliidae","Gambusia holbrooki","species","lotic",-7.985228,37.396414,0.51516422920163,0.0303080857147735,0.495176357604331,0.0153854673308236,41.625,44.8392857142857,8,19,0.0456935530455971
"FWB_0783","FWB_0783_2019","Iberochondrostoma lemmingii_V4","V4","Leuciscidae","Iberochondrostoma lemmingii","species","lotic",-7.985228,37.396414,0.0955646128026854,0.00806764704817276,0.398533263488738,0.0100938459770559,40.6,1.3,5,3,0.0181614930252286
"FWB_0783","FWB_0783_2019","Lepomis gibbosus_V4","V4","Centrarchidae","Lepomis gibbosus","species","lotic",-7.985228,37.396414,0.730999760249341,0.0296844769811489,0.743068893933221,0.020703124453471,118.222222222222,424.944444444444,9,55,0.0503876014346199
"FWB_0783","FWB_0783_2019","Luciobarbus steindachneri_V4","V4","Cyprinidae","Luciobarbus steindachneri","species","lotic",-7.985228,37.396414,0.704914888515943,0.00933108876286763,0.724078924393225,0.0403309611842653,127.2,12.7,5,10,0.049662049947133
"FWB_0783","FWB_0783_2019","Luciobarbus_V4","V4","Cyprinidae","Luciobarbus steindachneri","genus","lotic",-7.985228,37.396414,0.398765284104531,0.0120157510415971,0.395713287934346,0.00278328285190272,72.5,36.3333333333333,4,14,0.0147990338934998
"FWB_0783","FWB_0783_2019","Squalius alburnoides_V4","V4","Leuciscidae","Squalius alburnoides","species","lotic",-7.985228,37.396414,0.523775273715336,0.03359371944858,0.564643667839058,0.0580850352857506,81.1904761904762,607.861904761905,21,88,0.0916787547343306
"FWB_0784","FWB_0784_2019","Alburnus alburnus_X1","X1","Leuciscidae","Alburnus alburnus","species","lotic",-7.018103,39.080263,0.507391297617758,0.0685328206591449,0.644702996127827,0.0196909828022526,64.7727272727273,229.968181818182,11,56.5,0.0882238034613975
"FWB_0784","FWB_0784_2019","Cobitis paludica_X1","X1","Cobitidae","Cobitis paludica","species","lotic",-7.018103,39.080263,0.715137067938021,NA,0.901117712214278,NA,79,NA,1,0,NA
"FWB_0784","FWB_0784_2019","Gambusia holbrooki_X1","X1","Poeciliidae","Gambusia holbrooki","species","lotic",-7.018103,39.080263,0.57349073916416,0.0497756346414891,0.785922867787735,0.0306748677444197,36.6666666666667,57.75,9,24,0.0804505023859088
"FWB_0784","FWB_0784_2019","Lepomis gibbosus_X1","X1","Centrarchidae","Lepomis gibbosus","species","lotic",-7.018103,39.080263,0.765786061376049,0.0265068378130781,0.585609939350751,0.0184326486134913,72.8461538461538,393.474358974359,13,63,0.0449394864265695
"FWB_0784","FWB_0784_2019","Luciobarbus steindachneri_X1","X1","Cyprinidae","Luciobarbus steindachneri","species","lotic",-7.018103,39.080263,0.661970032351439,0.0210920849990636,0.327182559661665,0.0531397409419324,142.25,1677.58333333333,4,92,0.074231825940996
"FWB_0784","FWB_0784_2019","Luciobarbus_X1","X1","Cyprinidae","Luciobarbus steindachneri","genus","lotic",-7.018103,39.080263,0.673037629831432,0.00788286848476842,0.413704561474172,0.0171205856373803,81.5,193.666666666667,4,31,0.0250034541221487
"FWB_0789","FWB_0789_2016","Aphyosemion australe_TFVT3_5_1_DRY","TFVT3_5_1_DRY","Nothobranchiidae","Aphyosemion australe","species","lotic",11.52928,-4.17172,0.571528571428571,0.00362072979591836,0.336616004962779,0.0223793443581601,27.375,7.125,8,6,0.0260000741540785
"FWB_0789","FWB_0789_2016","Bryconalestes longipinnis_TFVT3_5_1_DRY","TFVT3_5_1_DRY","Alestidae","Bryconalestes longipinnis","species","lotic",11.52928,-4.17172,0.541038095238095,0.00883814698824985,0.736954241994565,0.00206536720158456,96.5,128.272727272727,12,31,0.0109035141898344
"FWB_0789","FWB_0789_2016","Clarias gabonensis_TFVT3_5_1_DRY","TFVT3_5_1_DRY","Clariidae","Clarias gabonensis","species","lotic",11.52928,-4.17172,0.769714285714286,0.0226848783673469,0.676400212690535,0.00334639321096738,294.333333333333,2501.33333333333,3,100,0.0260312715783143
"FWB_0789","FWB_0789_2016","Distichodus notospilus_TFVT3_5_1_DRY","TFVT3_5_1_DRY","Distichodontidae","Distichodus notospilus","species","lotic",11.52928,-4.17172,0.552133333333333,0.0306097079727891,0.366455453149002,0.0205400027285819,92.6,234.3,6,NA,0.051149710701371
"FWB_0789","FWB_0789_2016","Epiplatys ansorgii_TFVT3_5_1_DRY","TFVT3_5_1_DRY","Nothobranchiidae","Epiplatys ansorgii","species","lotic",11.52928,-4.17172,0.705714285714286,NA,0.492555831265509,NA,32,NA,1,0,NA
"FWB_0789","FWB_0789_2016","Epiplatys singa_TFVT3_5_1_DRY","TFVT3_5_1_DRY","Nothobranchiidae","Epiplatys singa","species","lotic",11.52928,-4.17172,0.56934693877551,0.009299202368244,0.578128956297159,0.0299736706494084,33.1428571428571,32.2857142857143,14,20,0.0392728730176524
"FWB_0789","FWB_0789_2016","Hemichromis elongatus_TFVT3_5_1_DRY","TFVT3_5_1_DRY","Cichlidae","Hemichromis elongatus","species","lotic",11.52928,-4.17172,0.823885714285714,0.0151996813061224,0.584182618456812,0.00432464897506392,128,2297.5,6,NA,0.0195243302811864
"FWB_0789","FWB_0789_2016","Hepsetus lineatus_TFVT3_5_1_DRY","TFVT3_5_1_DRY","Hepsetidae","Hepsetus lineatus","species","lotic",11.52928,-4.17172,0.797508571428571,0.00920241240816326,0.532009925558313,0.00466474883705677,201.2,5385.2,5,160,0.01386716124522
"FWB_0789","FWB_0789_2016","Malapterurus oguensis_TFVT3_5_1_DRY","TFVT3_5_1_DRY","Malapteruridae","Malapterurus oguensis","species","lotic",11.52928,-4.17172,0.923177142857143,0.0057445707755102,0.615809996455158,0.00222944570309452,236,1230,5,90,0.00797401647860472
"FWB_0789","FWB_0789_2016","Marcusenius schilthuisiae_TFVT3_5_1_DRY","TFVT3_5_1_DRY","Mormyridae","Marcusenius schilthuisiae","species","lotic",11.52928,-4.17172,0.809714285714286,NA,0.675735554767813,NA,235,NA,1,0,NA
"FWB_0789","FWB_0789_2016","Microctenopoma nanum_TFVT3_5_1_DRY","TFVT3_5_1_DRY","Anabantidae","Microctenopoma nanum","species","lotic",11.52928,-4.17172,0.393104761904762,0.0395163881360544,0.130228642325417,0.0260136115785279,28.9591948,711.121636466082,6,70.7551688,0.0655299997145824
"FWB_0789","FWB_0789_2016","Nannocharax parvus_TFVT3_5_1_DRY","TFVT3_5_1_DRY","Distichodontidae","Nannocharax parvus","species","lotic",11.52928,-4.17172,0.650742857142857,0.0029679194557823,0.559808135412974,0.0101725691858398,22,0.666666666666667,4,2,0.0131404886416221
"FWB_0789","FWB_0789_2016","Neolebias ansorgii_TFVT3_5_1_DRY","TFVT3_5_1_DRY","Distichodontidae","Neolebias ansorgii","species","lotic",11.52928,-4.17172,0.547511688311688,0.00138453705380334,0.341879894299249,0.00756543105412044,24.2727272727273,5.61818181818182,11,8,0.00894996810792378
"FWB_0790","FWB_0790_2017","Aphyosemion australe_TFVT3_5_1_WET","TFVT3_5_1_WET","Nothobranchiidae","Aphyosemion australe","species","lotic",11.52928,-4.17172,0.516994506468191,0.0128328659094406,0.427167630057803,0.00271594697823192,29.9,0.988888888888889,10,3,0.0155488128876725
"FWB_0790","FWB_0790_2017","Bryconalestes longipinnis_TFVT3_5_1_WET","TFVT3_5_1_WET","Alestidae","Bryconalestes longipinnis","species","lotic",11.52928,-4.17172,0.48568137515506,0.0226242176914386,0.590467015322507,0.00232247860673936,78.9,718.988888888889,10,70,0.0249466962981779
"FWB_0790","FWB_0790_2017","Clarias gabonensis_TFVT3_5_1_WET","TFVT3_5_1_WET","Clariidae","Clarias gabonensis","species","lotic",11.52928,-4.17172,0.572071593124225,0.00543643058262942,0.549701807505276,0.00107489905499958,290,1850,5,120,0.006511329637629
"FWB_0790","FWB_0790_2017","Distichodus notospilus_TFVT3_5_1_WET","TFVT3_5_1_WET","Distichodontidae","Distichodus notospilus","species","lotic",11.52928,-4.17172,0.542424242424242,0.025115393959576,0.293926048261308,0.0176627091477246,113.2,693.733333333333,10,64,0.0427781031073006
"FWB_0790","FWB_0790_2017","Epiplatys singa_TFVT3_5_1_WET","TFVT3_5_1_WET","Nothobranchiidae","Epiplatys singa","species","lotic",11.52928,-4.17172,0.51545277334751,0.0260386021627243,0.616405174786678,0.0394363560475917,32.8,18.6222222222222,10,14,0.065474958210316
"FWB_0790","FWB_0790_2017","Hemichromis elongatus_TFVT3_5_1_WET","TFVT3_5_1_WET","Cichlidae","Hemichromis elongatus","species","lotic",11.52928,-4.17172,0.738909563470967,0.142590994671044,0.572644279291678,0.0390630292902575,169.333333333333,303.466666666667,6,45,0.181654023961302
"FWB_0790","FWB_0790_2017","Hepsetus lineatus_TFVT3_5_1_WET","TFVT3_5_1_WET","Hepsetidae","Hepsetus lineatus","species","lotic",11.52928,-4.17172,0.876897631283596,0.00221227082949882,0.511897115943359,0.000105398374821193,239.666666666667,7625.33333333333,3,156,0.00231766920432002
"FWB_0790","FWB_0790_2017","Microctenopoma nanum_TFVT3_5_1_WET","TFVT3_5_1_WET","Anabantidae","Microctenopoma nanum","species","lotic",11.52928,-4.17172,0.264043948254475,NA,0.304110468850353,NA,55,NA,1,0,NA
"FWB_0790","FWB_0790_2017","Nannocharax parvus_TFVT3_5_1_WET","TFVT3_5_1_WET","Distichodontidae","Nannocharax parvus","species","lotic",11.52928,-4.17172,0.655482702266328,0.0100060961082171,0.417377741077163,0.00632598813412454,36,7.25,9,8,0.0163320842423417
"FWB_0790","FWB_0790_2017","Neolebias ansorgii_TFVT3_5_1_WET","TFVT3_5_1_WET","Distichodontidae","Neolebias ansorgii","species","lotic",11.52928,-4.17172,0.376182881446039,0.00288249624662901,0.152885585833563,0.00541758314494177,24.7,4.01111111111111,10,5,0.00830007939157078
"FWB_0790","FWB_0790_2017","Pelvicachromis subocellatus_TFVT3_5_1_WET","TFVT3_5_1_WET","Cichlidae","Pelvicachromis subocellatus","species","lotic",11.52928,-4.17172,0.487152223994329,0.0505901229480512,0.315365324035844,0.0312944240424462,28.6666666666667,1.33333333333333,3,2,0.0818845469904974
"FWB_0790","FWB_0790_2017","Plataplochilus cabindae_TFVT3_5_1_WET","TFVT3_5_1_WET","Procatopodidae","Plataplochilus cabindae","species","lotic",11.52928,-4.17172,0.78247386142123,0.0109592138297163,0.505472979172401,0.0030097396485812,32.5,2.27777777777778,10,5,0.0139689534782975
"FWB_0791","FWB_0791_2016","Aphyosemion australe_TFVT3_5_DRY","TFVT3_5_DRY","Nothobranchiidae","Aphyosemion australe","species","lotic",14.70042,-4.21243,0.562913692407528,0.00555553597063593,0.557458113558796,0.00681187545137489,31,59.1428571428571,8,23,0.0123674114220108
"FWB_0791","FWB_0791_2016","Bryconalestes longipinnis_TFVT3_5_DRY","TFVT3_5_DRY","Alestidae","Bryconalestes longipinnis","species","lotic",14.70042,-4.21243,0.566022063595068,0.00511093602326657,0.691245216671838,0.0024468899735709,79.1,327.211111111111,10,53,0.00755782599683746
"FWB_0791","FWB_0791_2016","Chromidotilapia mamonekenei_TFVT3_5_DRY","TFVT3_5_DRY","Cichlidae","Chromidotilapia mamonekenei","species","lotic",14.70042,-4.21243,0.705483452303699,0.0222065640455647,0.564452115006722,0.0570007512370438,84,145.142857142857,8,29,0.0792073152826085
"FWB_0791","FWB_0791_2016","Clarias pachynema_TFVT3_5_DRY","TFVT3_5_DRY","Clariidae","Clarias pachynema","species","lotic",14.70042,-4.21243,0.631220708053933,0.00741071794953137,0.604899966674711,0.00956661962980491,146.555555555556,4923.02777777778,9,179,0.0169773375793363
"FWB_0791","FWB_0791_2016","Epiplatys ansorgii_TFVT3_5_DRY","TFVT3_5_DRY","Nothobranchiidae","Epiplatys ansorgii","species","lotic",14.70042,-4.21243,0.562050616482803,0.0218956280864672,0.584569241907126,0.00287686477637862,45.2,22.7,5,10,0.0247724928628458
"FWB_0791","FWB_0791_2016","Epiplatys singa_TFVT3_5_DRY","TFVT3_5_DRY","Nothobranchiidae","Epiplatys singa","species","lotic",14.70042,-4.21243,0.567670343932511,0.00449869060775368,0.593163719102286,0.00484317304925865,46.8,28.8444444444444,10,13,0.00934186365701234
"FWB_0791","FWB_0791_2016","Hemichromis elongatus_TFVT3_5_DRY","TFVT3_5_DRY","Cichlidae","Hemichromis elongatus","species","lotic",14.70042,-4.21243,0.783776768332252,NA,0.57865342848278,NA,121,NA,1,0,NA
"FWB_0791","FWB_0791_2016","Hepsetus lineatus_TFVT3_5_DRY","TFVT3_5_DRY","Hepsetidae","Hepsetus lineatus","species","lotic",14.70042,-4.21243,0.964957819597664,NA,0.609370152032268,NA,288,NA,1,0,NA
"FWB_0791","FWB_0791_2016","Malapterurus oguensis_TFVT3_5_DRY","TFVT3_5_DRY","Malapteruridae","Malapterurus oguensis","species","lotic",14.70042,-4.21243,0.82219338092148,0.0194358737026152,0.673811493777364,0.000481356861507421,168.833333333333,3318.16666666667,6,165,0.0199172305641226
"FWB_0791","FWB_0791_2016","Marcusenius schilthuisiae_TFVT3_5_DRY","TFVT3_5_DRY","Mormyridae","Marcusenius schilthuisiae","species","lotic",14.70042,-4.21243,0.559463551806186,0.00591854232210558,0.510371059859114,0.0058219482060082,87.6666666666667,361,9,59,0.0117404905281138
"FWB_0791","FWB_0791_2016","Microctenopoma nanum_TFVT3_5_DRY","TFVT3_5_DRY","Anabantidae","Microctenopoma nanum","species","lotic",14.70042,-4.21243,0.589682024659312,0.00389305101852176,0.463769521150067,0.0230875371189456,42.125,125.839285714286,8,35,0.0269805881374674
"FWB_0791","FWB_0791_2016","Neolebias ansorgii_TFVT3_5_DRY","TFVT3_5_DRY","Distichodontidae","Neolebias ansorgii","species","lotic",14.70042,-4.21243,0.553900064892927,0.0155081519487366,0.311366221946427,0.0138157176476396,30.1,17.2111111111111,10,11,0.0293238695963762
"FWB_0791","FWB_0791_2016","Parauchenoglanis balayi_TFVT3_5_DRY","TFVT3_5_DRY","Claroteidae","Parauchenoglanis balayi","species","lotic",14.70042,-4.21243,0.899026606099935,0.000756446865915883,0.579480814975695,0.000659215310680513,206.666666666667,1033.33333333333,3,60,0.0014156621765964
"FWB_0791","FWB_0791_2016","Pelvicachromis subocellatus_TFVT3_5_DRY","TFVT3_5_DRY","Cichlidae","Pelvicachromis subocellatus","species","lotic",14.70042,-4.21243,0.503309539260221,0.047506480987458,0.334729548040128,0.0282011759104907,37.7,96.6777777777778,10,27,0.0757076568979487
"FWB_0791","FWB_0791_2016","Petrocephalus microphthalmus_TFVT3_5_DRY","TFVT3_5_DRY","Mormyridae","Petrocephalus microphthalmus","species","lotic",14.70042,-4.21243,0.579883192731992,NA,0.389440479884166,NA,55,NA,1,0,NA
"FWB_0791","FWB_0791_2016","Plataplochilus cabindae_TFVT3_5_DRY","TFVT3_5_DRY","Procatopodidae","Plataplochilus cabindae","species","lotic",14.70042,-4.21243,0.727657365347177,0.00400520210223324,0.556355362498707,0.00121584804532348,28.4,17.6,10,14,0.00522105014755672
"FWB_0792","FWB_0792_2017","Aphyosemion australe_TFVT3_5_WET","TFVT3_5_WET","Nothobranchiidae","Aphyosemion australe","species","lotic",14.70042,-4.21243,0.55425140896839,0.00404578795095363,0.804605636466805,0.00675510166757045,35.2,11.0666666666667,10,11,0.0108008896185241
"FWB_0792","FWB_0792_2017","Bryconalestes longipinnis_TFVT3_5_WET","TFVT3_5_WET","Alestidae","Bryconalestes longipinnis","species","lotic",14.70042,-4.21243,0.570659424433009,0.00133747464761005,0.941368240758254,0.00146995524470211,86.4444444444444,271.790849673203,18,54,0.00280742989231217
"FWB_0792","FWB_0792_2017","Chromidotilapia mamonekenei_TFVT3_5_WET","TFVT3_5_WET","Cichlidae","Chromidotilapia mamonekenei","species","lotic",14.70042,-4.21243,0.678081352609655,0.000219466907593661,0.731180253451863,0.018265182639797,84,50,2,10,0.0184846495473906
"FWB_0792","FWB_0792_2017","Clarias pachynema_TFVT3_5_WET","TFVT3_5_WET","Clariidae","Clarias pachynema","species","lotic",14.70042,-4.21243,0.792207792207792,0.00201221905518855,0.876848874598071,0.000463188155894765,243.4,2282.8,5,120,0.00247540721108332
"FWB_0792","FWB_0792_2017","Epiplatys ansorgii_TFVT3_5_WET","TFVT3_5_WET","Nothobranchiidae","Epiplatys ansorgii","species","lotic",14.70042,-4.21243,0.597035040431267,NA,0.880508795157934,NA,63,NA,1,0,NA
"FWB_0792","FWB_0792_2017","Epiplatys singa_TFVT3_5_WET","TFVT3_5_WET","Nothobranchiidae","Epiplatys singa","species","lotic",14.70042,-4.21243,0.536253369272237,0.00130284447472244,0.833908643843389,0.00134744654081615,40.8,7.95555555555555,10,7,0.00265029101553859
"FWB_0792","FWB_0792_2017","Hemichromis elongatus_TFVT3_5_WET","TFVT3_5_WET","Cichlidae","Hemichromis elongatus","species","lotic",14.70042,-4.21243,0.928122192273136,0.00435204106150462,0.810210579408612,2.5611275857632e-05,151.666666666667,8.33333333333333,3,5,0.00437765233736225
"FWB_0792","FWB_0792_2017","Hepsetus lineatus_TFVT3_5_WET","TFVT3_5_WET","Hepsetidae","Hepsetus lineatus","species","lotic",14.70042,-4.21243,0.941141876990934,0.00249342057109761,0.863902023832041,0.00164474140814326,299.2,833.2,5,70,0.00413816197924087
"FWB_0792","FWB_0792_2017","Malapterurus beninensis_TFVT3_5_WET","TFVT3_5_WET","Malapteruridae","Malapterurus beninensis","species","lotic",14.70042,-4.21243,0.795883361921098,0.00466034499498366,0.844202761490448,0.00283020555431276,167,4820,5,160,0.00749055054929642
"FWB_0792","FWB_0792_2017","Marcusenius schilthuisiae_TFVT3_5_WET","TFVT3_5_WET","Mormyridae","Marcusenius schilthuisiae","species","lotic",14.70042,-4.21243,0.560254839500123,0.0453510529504667,0.593275959901645,0.0663739713399207,111.5,616.944444444444,10,85,0.111725024290387
"FWB_0792","FWB_0792_2017","Microctenopoma nanum_TFVT3_5_WET","TFVT3_5_WET","Anabantidae","Microctenopoma nanum","species","lotic",14.70042,-4.21243,0.447316834109287,0.0229690173160373,0.656907165087608,0.0310045483492424,40.3636363636364,40.6545454545455,11,23,0.0539735656652797
"FWB_0792","FWB_0792_2017","Nannocharax parvus_TFVT3_5_WET","TFVT3_5_WET","Distichodontidae","Nannocharax parvus","species","lotic",14.70042,-4.21243,0.722576165972392,4.55330724918732e-05,0.794984553306853,0.000501185904254962,43,52,3,14,0.000546718976746835
"FWB_0792","FWB_0792_2017","Neolebias ansorgii_TFVT3_5_WET","TFVT3_5_WET","Distichodontidae","Neolebias ansorgii","species","lotic",14.70042,-4.21243,0.45822102425876,0.00920428210493076,0.554482693398903,0.0179020901790312,31.4,2.71111111111111,10,5,0.0271063722839619
"FWB_0792","FWB_0792_2017","Pelvicachromis subocellatus_TFVT3_5_WET","TFVT3_5_WET","Cichlidae","Pelvicachromis subocellatus","species","lotic",14.70042,-4.21243,0.479294290615045,0.0219036995331189,0.563031965197655,0.0192307313916756,37,74,4,20,0.0411344309247945
"FWB_0792","FWB_0792_2017","Plataplochilus cabindae_TFVT3_5_WET","TFVT3_5_WET","Procatopodidae","Plataplochilus cabindae","species","lotic",14.70042,-4.21243,0.693825042881647,0.00107876354911627,0.803291091356157,0.00202671651114,29.4,11.8222222222222,10,12,0.00310548006025626
"FWB_0793","FWB_0793_2017","Aphyosemion australe_TSVT6_3_WET","TSVT6_3_WET","Nothobranchiidae","Aphyosemion australe","species","lotic",11.64591,-4.2411,0.395734094616639,0.0640656508456833,0.533694748098859,0.0100117231828373,32.45,15.3131578947369,20,14,0.0740773740285207
"FWB_0793","FWB_0793_2017","Channallabes_TSVT6_3_WET","TSVT6_3_WET","Clariidae","Channallabes sp.","genus","lotic",11.64591,-4.2411,0.525938009787928,NA,0.353552756653992,NA,84,NA,1,0,NA
"FWB_0793","FWB_0793_2017","Chromidotilapia mamonekenei_TSVT6_3_WET","TSVT6_3_WET","Cichlidae","Chromidotilapia mamonekenei","species","lotic",11.64591,-4.2411,0.536296900489396,0.00722743227887345,0.552994296577947,0.00641127420927368,92.5,12.5,2,5,0.0136387064881471
"FWB_0793","FWB_0793_2017","Epiplatys ansorgii_TSVT6_3_WET","TSVT6_3_WET","Nothobranchiidae","Epiplatys ansorgii","species","lotic",11.64591,-4.2411,0.463494652891064,0.00499345859941731,0.677281368821293,0.00436317406235092,61.5555555555556,21.2777777777778,9,12,0.00935663266176823
"FWB_0793","FWB_0793_2017","Epiplatys singa_TSVT6_3_WET","TSVT6_3_WET","Nothobranchiidae","Epiplatys singa","species","lotic",11.64591,-4.2411,0.29184339314845,0.00339557902150879,0.712214828897338,0.0388795501288812,44.5,115.666666666667,4,24,0.04227512915039
"FWB_0793","FWB_0793_2017","Hemichromis elongatus_TSVT6_3_WET","TSVT6_3_WET","Cichlidae","Hemichromis elongatus","species","lotic",11.64591,-4.2411,0.539804241435563,NA,0.482830323193916,NA,51,NA,1,0,NA
"FWB_0793","FWB_0793_2017","Isichthys henryi_TSVT6_3_WET","TSVT6_3_WET","Mormyridae","Isichthys henryi","species","lotic",11.64591,-4.2411,0.572811310494834,0.00728082057505187,0.433133317490494,0.00880810235562084,60.8333333333333,84.9666666666667,6,24,0.0160889229306727
"FWB_0793","FWB_0793_2017","Microctenopoma nanum_TSVT6_3_WET","TSVT6_3_WET","Anabantidae","Microctenopoma nanum","species","lotic",11.64591,-4.2411,0.312506797172376,0.016603986314287,0.33295706590621,0.00865906759131921,29.3333333333333,321.333333333333,3,32,0.0252630539056062
"FWB_0793","FWB_0793_2017","Neolebias ansorgii_TSVT6_3_WET","TSVT6_3_WET","Distichodontidae","Neolebias ansorgii","species","lotic",11.64591,-4.2411,0.328681595728904,0.0203159963604332,0.129509808157622,0.0159139544755089,26.7272727272727,1.81818181818182,11,4,0.0362299508359422
"FWB_0793","FWB_0793_2017","Paramormyrops kingsleyae_TSVT6_3_WET","TSVT6_3_WET","Mormyridae","Paramormyrops kingsleyae","species","lotic",11.64591,-4.2411,0.553303425774878,0.00580059158685256,0.287903992395437,0.0243777614844017,55.5,77.6666666666667,4,20,0.0301783530712543
"FWB_0793","FWB_0793_2017","Pelvicachromis subocellatus_TSVT6_3_WET","TSVT6_3_WET","Cichlidae","Pelvicachromis subocellatus","species","lotic",11.64591,-4.2411,0.606851549755302,0.00913015709119165,0.342740019011407,0.0316235084369895,40,25,3,10,0.0407536655281811
"FWB_0793","FWB_0793_2017","Plataplochilus cabindae_TSVT6_3_WET","TSVT6_3_WET","Procatopodidae","Plataplochilus cabindae","species","lotic",11.64591,-4.2411,0.763980424143556,0.023037911293611,0.584392823193916,0.00649479003676432,33.7,66.4555555555556,10,27,0.0295327013303753
"FWB_0799","FWB_0799_2020","Cotylopus acutipinnis_Riviere_du_Mat_downstream","Riviere_du_Mat_downstream","Gobiidae","Cotylopus acutipinnis","species","lotic",55.49622,-21.065836,0.286836027713626,0.000818257528251181,0.770222907612505,0.0233003389623706,87.8,489.2,5,53,0.0241185964906218
"FWB_0799","FWB_0799_2020","Oncorhynchus mykiss_Riviere_du_Mat_downstream","Riviere_du_Mat_downstream","Salmonidae","Oncorhynchus mykiss","species","lotic",55.49622,-21.065836,0.582407430906276,0.0257017646657458,0.579475676433478,0.0187504916008822,176.184615384615,2483.96538461539,65,262,0.044452256266628
"FWB_0799","FWB_0799_2020","Sicyopterus lagocephalus_Riviere_du_Mat_downstream","Riviere_du_Mat_downstream","Gobiidae","Sicyopterus lagocephalus","species","lotic",55.49622,-21.065836,0.277763114483669,0.0604527668193117,0.56747511565961,0.0122715407670393,97.5,126.944444444444,10,37,0.072724307586351
"FWB_0800","FWB_0800_2019","Cotylopus acutipinnis_Riviere_du_Mat_upstream","Riviere_du_Mat_upstream","Gobiidae","Cotylopus acutipinnis","species","lotic",55.498387,-21.066069,0.8005772005772,0.00447786460773474,0.92021234450519,0.00172877531941955,91,196,3,26,0.00620663992715429
"FWB_0800","FWB_0800_2019","Sicyopterus lagocephalus_Riviere_du_Mat_upstream","Riviere_du_Mat_upstream","Gobiidae","Sicyopterus lagocephalus","species","lotic",55.498387,-21.066069,0.425170068027211,0.0681053819402613,0.537867726125392,0.0994501146320172,87,276.4,21,53,0.167555496572279
"FWB_0801","FWB_0801_2019","Brachymystax lenok_Site1Russia","Site1Russia","Salmonidae","Brachymystax lenok","species","lotic",136.170654,53.280345,0.744158878504673,0.0623211786965778,0.426916735366859,0.214966739591949,437.5,7891.66666666667,4,190,0.277287918288527
"FWB_0801","FWB_0801_2019","Thymallus tugarinae_Site1Russia","Site1Russia","Salmonidae","Thymallus tugarinae","species","lotic",136.170654,53.280345,0.0919744844978488,0.00423100446634767,0.185702508538452,0.0139517208285682,294.142857142857,2457.14285714286,7,145,0.0181827252949158
"FWB_0802","FWB_0802_2019","Brachymystax lenok_Site2Russia","Site2Russia","Salmonidae","Brachymystax lenok","species","lotic",136.027958,53.070903,0.696952846975089,0.0905888435693993,0.532501107992318,0.180574240948784,630,15266.6666666667,4,280,0.271163084518184
"FWB_0802","FWB_0802_2019","Thymallus tugarinae_Site2Russia","Site2Russia","Salmonidae","Thymallus tugarinae","species","lotic",136.027958,53.070903,0.148882339857651,0.00844038028578078,0.106459595213473,0.00957635689357232,283.375,5033.125,8,221,0.0180167371793531
"FWB_0803","FWB_0803_2019","Brachymystax lenok_Site3Russia","Site3Russia","Salmonidae","Brachymystax lenok","species","lotic",136.107849,53.294958,0.666005629477994,0.0636380776540053,0.59788298691301,0.099334228595732,498.75,16039.5833333333,4,280,0.162972306249737
"FWB_0803","FWB_0803_2019","Thymallus tugarinae_Site3Russia","Site3Russia","Salmonidae","Thymallus tugarinae","species","lotic",136.107849,53.294958,0.214303991811668,0.0238880503426879,0.297844495765974,0.0299894532084154,281.4,7702.93333333333,10,266,0.0538775035511033
"FWB_0804","FWB_0804_2019","Brachymystax lenok_Site4Russia","Site4Russia","Salmonidae","Brachymystax lenok","species","lotic",136.225229,53.054355,0.450638977635783,0.011979010367225,0.383114336144342,0.00542029932089496,625,28433.3333333333,4,370,0.01739930968812
"FWB_0804","FWB_0804_2019","Hucho taimen_Site4Russia","Site4Russia","Salmonidae","Hucho taimen","species","lotic",136.225229,53.054355,0.916353833865815,0.00469838081069375,0.654245930574622,0.00490534279504433,1385,71600,8,820,0.00960372360573809
"FWB_0804","FWB_0804_2019","Oncorhynchus keta_Site4Russia","Site4Russia","Salmonidae","Oncorhynchus keta","species","lotic",136.225229,53.054355,0.618833865814696,0.0212348376073611,0.692665228476172,0.0327149816869847,NA,NA,10,NA,0.0539498192943458
"FWB_0804","FWB_0804_2019","Rhynchocypris lagowskii_Site4Russia","Site4Russia","Leuciscidae","Rhynchocypris lagowskii","species","lotic",136.225229,53.054355,0.111741214057508,0.00415262266098138,0.242825390599464,0.0130442507608658,NA,NA,20,NA,0.0171968734218471
"FWB_0804","FWB_0804_2019","Thymallus tugarinae_Site4Russia","Site4Russia","Salmonidae","Thymallus tugarinae","species","lotic",136.225229,53.054355,0.256150159744409,0.00776638528514122,0.350452703144407,0.0118691463238629,258.75,3505.35714285714,8,155,0.0196355316090041
"FWB_0805","FWB_0805_2018","Lamprichthys tanganicanus_Kivu","Kivu","Procatopodidae","Lamprichthys tanganicanus","species","lentic",29.22771,-2.04188,0.520968756552736,0.0373657836929097,0.464896468300088,0.0279420623354576,76.1672932330827,620.979412314878,133,112,0.0653078460283672
"FWB_0805","FWB_0805_2018","Limnothrissa miodon_Kivu","Kivu","Dorosomatidae","Limnothrissa miodon","species","lentic",29.22771,-2.04188,0.423164484917473,0.0346309439062085,0.445245606128887,0.0114491296589328,73.1235081203007,133.446793372721,266,83,0.0460800735651412
"FWB_0806","FWB_0806_2007","Coregonus albula_Loch Skeen","Loch Skeen","Salmonidae","Coregonus albula","species","lentic",-3.311333,55.435242,0.337687082343845,0.0318285848206767,0.234857555231176,0.00820994355922013,177.052631578947,474.591749644381,38,93,0.0400385283798968
"FWB_0806","FWB_0806_2007","Phoxinus phoxinus_Loch Skeen","Loch Skeen","Leuciscidae","Phoxinus phoxinus","species","lentic",-3.311333,55.435242,0.184295208114725,0.016876831349895,0.786849485821128,0.0243805431101969,55.5,123.833333333333,10,33,0.0412573744600919
"FWB_0806","FWB_0806_2007","Salmo trutta_Loch Skeen","Loch Skeen","Salmonidae","Salmo trutta","species","lentic",-3.311333,55.435242,0.514177853360833,0.0749147234322055,0.527729123907974,0.0354783735198638,190.448275862069,2061.8275862069,29,161,0.110393096952069
"FWB_0807","FWB_0807_2021","Abramis brama_hrhov","hrhov","Leuciscidae","Abramis brama","species","lentic",20.760459,48.594674,0.445304437564499,0.0187683514011764,0.436320754716981,0.149035466358135,115,2575,3,100,0.167803817759311
"FWB_0807","FWB_0807_2021","Alburnus alburnus_hrhov","hrhov","Leuciscidae","Alburnus alburnus","species","lentic",20.760459,48.594674,0.91640866873065,NA,0.570754716981132,NA,97,NA,1,0,NA
"FWB_0807","FWB_0807_2021","Carassius gibelio_hrhov","hrhov","Cyprinidae","Carassius gibelio","species","lentic",20.760459,48.594674,0.474160514408192,0.0150223430267809,0.701015965166909,0.0191248682120656,219.307692307692,2335.0641025641,13,165,0.0341472112388465
"FWB_0807","FWB_0807_2021","Cyprinus carpio_hrhov","hrhov","Cyprinidae","Cyprinus carpio","species","lentic",20.760459,48.594674,0.119858469703671,0.0149933201242042,0.247641509433962,0.0795434318262727,422.857142857143,31290.4761904762,7,440,0.0945367519504769
"FWB_0807","FWB_0807_2021","Rutilus rutilus_hrhov","hrhov","Leuciscidae","Rutilus rutilus","species","lentic",20.760459,48.594674,0.465428276573787,0.00360478230725238,0.791666666666667,0.0515882728135755,97.3333333333333,2961.33333333333,3,98,0.0551930551208279
"FWB_0807","FWB_0807_2021","Scardinius erythrophthalmus_hrhov","hrhov","Leuciscidae","Scardinius erythrophthalmus","species","lentic",20.760459,48.594674,0.801083591331269,0.023570467783007,0.433372641509434,0.0200040606087576,85.5,17.6666666666667,4,10,0.0435745283917646
"FWB_0809","FWB_0809_2021","Carassius gibelio_perin","perin","Cyprinidae","Carassius gibelio","species","lentic",21.141027,48.539368,0.419161676646707,0.00159945293331216,0.720896946564886,0.0619040161662241,79,1716.85714285714,8,112,0.0635034690995363
"FWB_0809","FWB_0809_2021","Cyprinus carpio_perin","perin","Cyprinidae","Cyprinus carpio","species","lentic",21.141027,48.539368,0.299650698602794,0.0744750767925227,0.239821882951654,0.0452722257832683,291.5,7749.9,6,247,0.119747302575791
"FWB_0809","FWB_0809_2021","Pseudorasbora parva_perin","perin","Gobionidae","Pseudorasbora parva","species","lentic",21.141027,48.539368,0.601796407185629,0.113431071987761,0.702835332606325,0.0112715778578782,55.1666666666667,110.966666666667,7,NA,0.124702649845639
"FWB_0809","FWB_0809_2021","Rhodeus amarus_perin","perin","Acheilognathidae","Rhodeus amarus","species","lentic",21.141027,48.539368,0.437624750499002,0.0157081047485867,0.342875318066158,0.0515206475924091,57.3333333333333,25.3333333333333,3,10,0.0672287523409958
"FWB_0814","FWB_0814_2012","Clarias gariepinus_After N - M confluence","After N - M confluence","Clariidae","Clarias gariepinus","species","lotic",31.994499,-28.710591,0.635317705120296,0.142688270581864,0.630783528738919,0.0434949532705389,501,54830,5,520,0.186183223852403
"FWB_0814","FWB_0814_2012","Marcusenius macrolepidotus_After N - M confluence","After N - M confluence","Mormyridae","Marcusenius macrolepidotus","species","lotic",31.994499,-28.710591,0.522555521283159,0.0169871932793385,0.31155275950815,0.0352968196359983,199.875,1539.26785714286,8,115,0.0522840129153368
"FWB_0814","FWB_0814_2012","Oreochromis mossambicus_After N - M confluence","After N - M confluence","Cichlidae","Oreochromis mossambicus","species","lotic",31.994499,-28.710591,0.669185687847008,0.00787873593970156,0.294070741954642,0.00589933211897408,134.384615384615,617.089743589744,13,76,0.0137780680586756
"FWB_0814","FWB_0814_2012","Pseudocrenilabrus philander_After N - M confluence","After N - M confluence","Cichlidae","Pseudocrenilabrus philander","species","lotic",31.994499,-28.710591,0.821303721982315,0.00759588797201241,0.319404727861977,0.00322116333520294,83.3333333333333,333.466666666667,6,44,0.0108170513072153
"FWB_0814","FWB_0814_2012","Pterygoplichthys disjunctivus_After N - M confluence","After N - M confluence","Loricariidae","Pterygoplichthys disjunctivus","species","lotic",31.994499,-28.710591,0.265191239975324,0.0273113724983197,0.349773019731198,0.0147363987102599,289.5,5515.71428571429,8,185,0.0420477712085796
"FWB_0815","FWB_0815_2015","Amatolacypris trevelyani_Amatele","Amatele","Cyprinidae","Amatolacypris trevelyani","species","lotic",27.02,-32.7331,0.530303030303031,0.0454975895316801,0.576388888888889,0.138937114197531,NA,NA,3,NA,0.184434703729211
"FWB_0815","FWB_0815_2015","Sandelia bainsii_Amatele","Amatele","Anabantidae","Sandelia bainsii","species","lotic",27.02,-32.7331,0.431818181818182,0.263946280991735,0.398148148148148,0.171408822016461,NA,NA,3,NA,0.435355103008196
"FWB_0816","FWB_0816_2015","Gambusia_Baakens","Baakens","Poeciliidae","Gambusia sp.","genus","lotic",25.5678,-33.963,0.715568862275449,0.148347018537775,0.46486790331647,0.02480977717364,NA,NA,3,NA,0.173156795711415
"FWB_0816","FWB_0816_2015","Monodactylus falciformis_Baakens","Baakens","Monodactylidae","Monodactylus falciformis","species","lotic",25.5678,-33.963,0.771457085828343,0.0629489523946119,0.371557054525014,0.00860043205962004,NA,NA,3,NA,0.071549384454232
"FWB_0816","FWB_0816_2015","Pseudocrenilabrus philander_Baakens","Baakens","Cichlidae","Pseudocrenilabrus philander","species","lotic",25.5678,-33.963,0.69061876247505,0.0151075095318346,0.360314783586284,0.00387128452898581,NA,NA,3,NA,0.0189787940608204
"FWB_0816","FWB_0816_2015","Pseudomyxus capensis_Baakens","Baakens","Mugilidae","Pseudomyxus capensis","species","lotic",25.5678,-33.963,0.416167664670659,0.142502420309082,0.36256323777403,0.304926219042284,NA,NA,3,NA,0.447428639351366
"FWB_0816","FWB_0816_2015","Sandelia capensis_Baakens","Baakens","Anabantidae","Sandelia capensis","species","lotic",25.5678,-33.963,0.664670658682635,NA,0.126475548060708,NA,NA,NA,1,NA,NA
"FWB_0816","FWB_0816_2015","Tilapia sparrmanii_Baakens","Baakens","Cichlidae","Tilapia sparrmanii","species","lotic",25.5678,-33.963,0.489021956087824,0.0219829801474894,0.0708263069139965,0.00583536424104716,NA,NA,3,NA,0.0278183443885366
"FWB_0819","FWB_0819_2017","Chetia flaviventris_FKL","FKL","Cichlidae","Chetia flaviventris","species","lotic",27.968412,-24.256686,0.836366142817756,0.0242469939544746,0.59631918323482,0.0151130711437567,NA,NA,4,NA,0.0393600650982313
"FWB_0819","FWB_0819_2017","Enteromius bifrenatus_FKL","FKL","Cyprinidae","Enteromius bifrenatus","species","lotic",27.968412,-24.256686,0.414171491590846,0.0195007741847305,0.778613648576034,0.00501473152503045,NA,NA,5,NA,0.024515505709761
"FWB_0819","FWB_0819_2017","Micropanchax johnstoni_FKL","FKL","Procatopodidae","Micropanchax johnstoni","species","lotic",27.968412,-24.256686,0.474726587629813,0.0556150963374564,0.904845065377037,0.0161664314877733,NA,NA,6,NA,0.0717815278252297
"FWB_0819","FWB_0819_2017","Tilapia sparrmanii_FKL","FKL","Cichlidae","Tilapia sparrmanii","species","lotic",27.968412,-24.256686,0.331541218637993,0.00277151722850203,0.416039763567974,0.104280953647284,NA,NA,4,NA,0.107052470875786
"FWB_0821","FWB_0821_2015","Amphilius uranoscopus_Kaaloog","Kaaloog","Amphiliidae","Amphilius uranoscopus","species","lotic",26.3753,19.3104,0.918918918918919,0.00552227903579254,0.505154639175258,0.00504245344292108,NA,NA,3,NA,0.0105647324787136
"FWB_0821","FWB_0821_2015","Chiloglanis pretoriae_Kaaloog","Kaaloog","Mochokidae","Chiloglanis pretoriae","species","lotic",26.3753,19.3104,0.871171171171171,0.0068536644752861,0.446735395189004,0.11185507965187,NA,NA,6,NA,0.118708744127156
"FWB_0821","FWB_0821_2015","Labeobarbus marequensis_Kaaloog","Kaaloog","Cyprinidae","Labeobarbus marequensis","species","lotic",26.3753,19.3104,0.163963963963964,0.0301631361090821,0.871706758304696,0.0493774675940688,NA,NA,3,NA,0.0795406037031509
"FWB_0824","FWB_0824_2015","Enteromius anoplus_Klipplaat","Klipplaat","Cyprinidae","Enteromius anoplus","species","lotic",26.947,-32.485,0.65679012345679,0.0308001828989484,0.584541062801932,0.269708744661485,NA,NA,3,NA,0.300508927560433
"FWB_0824","FWB_0824_2015","Labeobarbus aeneus_Klipplaat","Klipplaat","Cyprinidae","Labeobarbus aeneus","species","lotic",26.947,-32.485,0.48395061728395,0.250772748056699,0.550724637681158,0.215710985087167,NA,NA,3,NA,0.466483733143866
"FWB_0827","FWB_0827_2010","Brachyalestes imberi_Lake Nyamithi","Lake Nyamithi","Alestidae","Brachyalestes imberi","species","lentic",32.298722,-26.890897,0.66806779661017,0.0751139414599892,0.476186103458831,0.0295288511093811,NA,NA,10,NA,0.10464279256937
"FWB_0827","FWB_0827_2010","Clarias gariepinus_Lake Nyamithi","Lake Nyamithi","Clariidae","Clarias gariepinus","species","lentic",32.298722,-26.890897,0.757186440677966,0.060849620990137,0.488878685848383,0.0100414498563935,NA,NA,4,NA,0.0708910708465304
"FWB_0827","FWB_0827_2010","Coptodon rendalli_Lake Nyamithi","Lake Nyamithi","Cichlidae","Coptodon rendalli","species","lentic",32.298722,-26.890897,0.795728813559322,0.0430375694340707,0.781433867292453,0.0580059516035952,NA,NA,6,NA,0.101043521037666
"FWB_0827","FWB_0827_2010","Enteromius paludinosus_Lake Nyamithi","Lake Nyamithi","Cyprinidae","Enteromius paludinosus","species","lentic",32.298722,-26.890897,0.821271186440678,0.0310800118192638,0.387536986021835,0.0291386527531262,NA,NA,8,NA,0.06021866457239
"FWB_0827","FWB_0827_2010","Glossogobius giuris_Lake Nyamithi","Lake Nyamithi","Gobiidae","Glossogobius giuris","species","lentic",32.298722,-26.890897,0.351050847457627,0.0599132234032366,0.211698514728818,0.00482128253052474,NA,NA,7,NA,0.0647345059337614
"FWB_0827","FWB_0827_2010","Hydrocynus vittatus_Lake Nyamithi","Lake Nyamithi","Alestidae","Hydrocynus vittatus","species","lentic",32.298722,-26.890897,0.67976990241397,0.0495607911345573,0.340688797989073,0.00450951303375988,NA,NA,33,NA,0.0540703041683172
"FWB_0827","FWB_0827_2010","Labeo rosae_Lake Nyamithi","Lake Nyamithi","Cyprinidae","Labeo rosae","species","lentic",32.298722,-26.890897,0.846463276836158,0.0539897699894666,0.437812468115498,0.0942046802796943,NA,NA,3,NA,0.148194450269161
"FWB_0827","FWB_0827_2010","Oreochromis mossambicus_Lake Nyamithi","Lake Nyamithi","Cichlidae","Oreochromis mossambicus","species","lentic",32.298722,-26.890897,0.805078582434515,0.0580495199811966,0.19831000547254,0.0159278930853091,NA,NA,11,NA,0.0739774130665058
"FWB_0827","FWB_0827_2010","Schilbe intermedius_Lake Nyamithi","Lake Nyamithi","Schilbeidae","Schilbe intermedius","species","lentic",32.298722,-26.890897,0.730366718027735,0.0500494611475281,0.198291454489802,0.0106495494680149,NA,NA,11,NA,0.060699010615543
"FWB_0827","FWB_0827_2010","Synodontis zambezensis_Lake Nyamithi","Lake Nyamithi","Mochokidae","Synodontis zambezensis","species","lentic",32.298722,-26.890897,0.727322033898305,NA,0.095398428731762,NA,NA,NA,1,NA,NA
"FWB_0828","FWB_0828_2015","Galaxias_Liesbeek","Liesbeek","Galaxiidae","Galaxias sp.","genus","lotic",18.478,-33.946,0.503875968992248,0.190553452316567,0.29903536977492,0.0718458245882487,NA,NA,3,NA,0.262399276904816
"FWB_0828","FWB_0828_2015","Sandelia capensis_Liesbeek","Liesbeek","Anabantidae","Sandelia capensis","species","lotic",18.478,-33.946,0.483204134366925,0.24411593854536,0.861736334405145,0.0215982051467623,NA,NA,3,NA,0.265714143692122
"FWB_0828","FWB_0828_2015","Tilapia sparrmanii_Liesbeek","Liesbeek","Cichlidae","Tilapia sparrmanii","species","lotic",18.478,-33.946,0.576227390180878,0.0304268573603349,0.706323687031083,0.00988754596554352,NA,NA,3,NA,0.0403144033258784
"FWB_0831","FWB_0831_2015","Amphilius uranoscopus_Magalies","Magalies","Amphiliidae","Amphilius uranoscopus","species","lotic",27.5646,-26.0161,0.666666666666667,0.0102083333333333,0.584097859327217,0.0755898773952811,NA,NA,3,NA,0.0857982107286144
"FWB_0831","FWB_0831_2015","Enteromius anoplus_Magalies","Magalies","Cyprinidae","Enteromius anoplus","species","lotic",27.5646,-26.0161,0.441666666666667,0.260208333333333,0.853211009174312,0.00328255197373955,NA,NA,3,NA,0.263490885307073
"FWB_0831","FWB_0831_2015","Labeobarbus marequensis_Magalies","Magalies","Cyprinidae","Labeobarbus marequensis","species","lotic",27.5646,-26.0161,0.0916666666666669,0.00923611111111109,0.351681957186544,0.315994725472042,NA,NA,3,NA,0.325230836583153
"FWB_0833","FWB_0833_2021","Amphilius uranoscopus_MRT1","MRT1","Amphiliidae","Amphilius uranoscopus","species","lotic",27.577367,-25.797824,0.766887671759393,0.0398887670208227,0.403615900383142,0.0279682456125864,NA,NA,6,NA,0.0678570126334091
"FWB_0833","FWB_0833_2021","Enteromius motebensis_MRT1","MRT1","Cyprinidae","Enteromius motebensis","species","lotic",27.577367,-25.797824,0.479629095800903,0.156320048458414,0.20639367816092,0.0467721276753864,NA,NA,6,NA,0.203092176133801
"FWB_0833","FWB_0833_2021","Labeobarbus marequensis_MRT1","MRT1","Cyprinidae","Labeobarbus marequensis","species","lotic",27.577367,-25.797824,0.790602479100605,0.00523446103905441,0.80382183908046,0.052288865355397,NA,NA,5,NA,0.0575233263944514
"FWB_0835","FWB_0835_2021","Enteromius paludinosus_MRT3","MRT3","Cyprinidae","Enteromius paludinosus","species","lotic",27.566574,-25.727336,0.500396196513471,0.0691080715813172,0.613658721150208,0.0931616389694889,NA,NA,10,NA,0.162269710550806
"FWB_0835","FWB_0835_2021","Enteromius trimaculatus_MRT3","MRT3","Cyprinidae","Enteromius trimaculatus","species","lotic",27.566574,-25.727336,0.324881141045959,0.139890647250735,0.65064951444066,0.01204880793394,NA,NA,3,NA,0.151939455184675
"FWB_0836","FWB_0836_2021","Enteromius paludinosus_MRT4","MRT4","Cyprinidae","Enteromius paludinosus","species","lotic",27.56583,-25.71803,0.505404463040446,0.0723532914534255,0.676525512887954,0.106375135249254,NA,NA,10,NA,0.178728426702679
"FWB_0836","FWB_0836_2021","Enteromius trimaculatus_MRT4","MRT4","Cyprinidae","Enteromius trimaculatus","species","lotic",27.56583,-25.71803,0.639295676429568,0.0487722308026647,0.457877432930037,0.0300234782420074,NA,NA,10,NA,0.0787957090446721
"FWB_0837","FWB_0837_2021","Enteromius paludinosus_MRT5","MRT5","Cyprinidae","Enteromius paludinosus","species","lotic",27.535343,-25.687557,0.281485053037608,0.0807201889666606,0.404235343208846,0.0507328092683091,NA,NA,10,NA,0.13145299823497
"FWB_0837","FWB_0837_2021","Pseudocrenilabrus philander_MRT5","MRT5","Cichlidae","Pseudocrenilabrus philander","species","lotic",27.535343,-25.687557,0.737429397988703,0.0172882406831869,0.694018062054782,0.0269522782763086,NA,NA,7,NA,0.0442405189594955
"FWB_0839","FWB_0839_2021","Enteromius paludinosus_MRT7","MRT7","Cyprinidae","Enteromius paludinosus","species","lotic",27.531239,-25.660386,0.672149356020324,0.0827511103409607,0.660019315601263,0.0634433608615221,NA,NA,7,NA,0.146194471202483
"FWB_0839","FWB_0839_2021","Pseudocrenilabrus philander_MRT7","MRT7","Cichlidae","Pseudocrenilabrus philander","species","lotic",27.531239,-25.660386,0.424786324786325,0.101889212945004,0.494944880930629,0.0849989050333822,NA,NA,6,NA,0.186888117978386
"FWB_0843","FWB_0843_2017","Enteromius bifrenatus_PBS","PBS","Cyprinidae","Enteromius bifrenatus","species","lotic",27.789014,-24.244631,0.382500967866822,0.127406840851219,0.678276705935917,0.0320270256101961,NA,NA,6,NA,0.159433866461415
"FWB_0843","FWB_0843_2017","Labeo cylindricus_PBS","PBS","Cyprinidae","Labeo cylindricus","species","lotic",27.789014,-24.244631,0.482329517172723,0.0676454438701158,0.123368862655187,0.00855960750302737,NA,NA,7,NA,0.0762050513731431
"FWB_0843","FWB_0843_2017","Tilapia sparrmanii_PBS","PBS","Cichlidae","Tilapia sparrmanii","species","lotic",27.789014,-24.244631,0.505516840882695,0.0489666082574216,0.271356211940129,0.0517880892553228,NA,NA,6,NA,0.100754697512744
"FWB_0845","FWB_0845_2015","Austroglanis gilli_Rondegat","Rondegat","Austroglanididae","Austroglanis gilli","species","lotic",19.0667,-32.3761,0.94311377245509,0.00583563412097961,0.472573839662447,0.108008866100519,NA,NA,3,NA,0.113844500221498
"FWB_0845","FWB_0845_2015","Cheilobarbus capensis_Rondegat","Rondegat","Cyprinidae","Cheilobarbus capensis","species","lotic",19.0667,-32.3761,0.489021956087824,0.022027800686053,0.419831223628691,0.00177589061582013,NA,NA,3,NA,0.0238036913018732
"FWB_0845","FWB_0845_2015","Pseudobarbus phlegethon_Rondegat","Rondegat","Cyprinidae","Pseudobarbus phlegethon","species","lotic",19.0667,-32.3761,0.387225548902196,0.0367647937657619,0.455696202531645,0.255888479410351,NA,NA,3,NA,0.292653273176113
"FWB_0845","FWB_0845_2015","Sedercypris calidus_Rondegat","Rondegat","Cyprinidae","Sedercypris calidus","species","lotic",19.0667,-32.3761,0.186626746506986,0.0329012633415803,0.383966244725737,0.0744004700101482,NA,NA,3,NA,0.107301733351728
"FWB_0846","FWB_0846_2018","Amphilius uranoscopus_site10","site10","Amphiliidae","Amphilius uranoscopus","species","lotic",30.8458333,-24.7208333,0.852777777777778,0.0221779794684313,0.688579017264276,0.0571597335021725,NA,NA,3,NA,0.0793377129706038
"FWB_0846","FWB_0846_2018","Enteromius anoplus_site10","site10","Cyprinidae","Enteromius anoplus","species","lotic",30.8458333,-24.7208333,0.852210884353741,2.3138507103521e-05,0.642319610447101,0.0696294062351744,NA,NA,2,NA,0.0696525447422779
"FWB_0846","FWB_0846_2018","Enteromius lineomaculatus_site10","site10","Cyprinidae","Enteromius lineomaculatus","species","lotic",30.8458333,-24.7208333,0.641794217687075,0.0115935947791815,0.751217352810978,0.0345358682986481,NA,NA,4,NA,0.0461294630778296
"FWB_0846","FWB_0846_2018","Enteromius treurensis_site10","site10","Cyprinidae","Enteromius treurensis","species","lotic",30.8458333,-24.7208333,0.789753401360544,0.00493192217363136,0.637560867640549,0.00997764879687385,NA,NA,4,NA,0.0149095709705052
"FWB_0846","FWB_0846_2018","Tilapia sparrmanii_site10","site10","Cichlidae","Tilapia sparrmanii","species","lotic",30.8458333,-24.7208333,0.508225108225108,0.0606132009390027,0.573624693146606,0.0775382290887336,NA,NA,11,NA,0.138151430027736
"FWB_0848","FWB_0848_2013","Amphilius uranoscopus_site1SA","site1SA","Amphiliidae","Amphilius uranoscopus","species","lotic",25.85,-25.6167,0.364694735107522,0.00223933143070824,0.373477238726223,0.00428856974841153,NA,NA,10,NA,0.00652790117911977
"FWB_0848","FWB_0848_2013","Chiloglanis pretoriae_site1SA","site1SA","Mochokidae","Chiloglanis pretoriae","species","lotic",25.85,-25.6167,0.29240888742413,0.0178826763535398,0.566353209375222,0.0180484118008197,NA,NA,30,NA,0.0359310881543595
"FWB_0848","FWB_0848_2013","Clarias gariepinus_site1SA","site1SA","Clariidae","Clarias gariepinus","species","lotic",25.85,-25.6167,0.402955150915932,0.017504288059207,0.511534990857496,0.0838613598887189,NA,NA,18,NA,0.101365647947926
"FWB_0848","FWB_0848_2013","Engraulicypris brevianalis_site1SA","site1SA","Danionidae","Engraulicypris brevianalis","species","lotic",25.85,-25.6167,0.127147359314493,0.000481072456124991,0.217053590510793,0.00986454892028628,NA,NA,16,NA,0.0103456213764113
"FWB_0848","FWB_0848_2013","Enteromius unitaeniatus_site1SA","site1SA","Cyprinidae","Enteromius unitaeniatus","species","lotic",25.85,-25.6167,0.101466589766829,0.00372840617165845,0.405829237016456,0.0233318576741653,NA,NA,16,NA,0.0270602638458238
"FWB_0848","FWB_0848_2013","Labeobarbus marequensis_site1SA","site1SA","Cyprinidae","Labeobarbus marequensis","species","lotic",25.85,-25.6167,0.481906959042989,0.111430881295592,0.652372810633123,0.041478821860291,NA,NA,21,NA,0.152909703155883
"FWB_0848","FWB_0848_2013","Marcusenius macrolepidotus_site1SA","site1SA","Mormyridae","Marcusenius macrolepidotus","species","lotic",25.85,-25.6167,0.124000988712202,0.00697279453148099,0.235660150919822,0.0102370284097265,NA,NA,13,NA,0.0172098229412075
"FWB_0848","FWB_0848_2013","Micropterus salmoides_site1SA","site1SA","Centrarchidae","Micropterus salmoides","species","lotic",25.85,-25.6167,0.531067191233418,0.00680771609687536,0.63450390040607,0.00302945232498003,NA,NA,16,NA,0.00983716842185539
"FWB_0848","FWB_0848_2013","Pseudocrenilabrus philander_site1SA","site1SA","Cichlidae","Pseudocrenilabrus philander","species","lotic",25.85,-25.6167,0.192126005877345,0.00468020124404067,0.641032034385315,0.0474214863870046,NA,NA,18,NA,0.0521016876310453
"FWB_0848","FWB_0848_2013","Tilapia sparrmanii_site1SA","site1SA","Cichlidae","Tilapia sparrmanii","species","lotic",25.85,-25.6167,0.103979566614485,0.0013880991443102,0.43668033185024,0.0282459352349369,NA,NA,11,NA,0.0296340343792471
"FWB_0851","FWB_0851_2018","Amphilius uranoscopus_site4SA","site4SA","Amphiliidae","Amphilius uranoscopus","species","lotic",30.7359722,-24.9710833,0.825904121110177,0.0209087695992821,0.332286847323199,0.00944946251965963,NA,NA,4,NA,0.0303582321189417
"FWB_0851","FWB_0851_2018","Enteromius treurensis_site4SA","site4SA","Cyprinidae","Enteromius treurensis","species","lotic",30.7359722,-24.9710833,0.493103448275862,0.0770451347896793,0.529477858559154,0.154463279032697,NA,NA,5,NA,0.231508413822376
"FWB_0851","FWB_0851_2018","Oncorhynchus mykiss_site4SA","site4SA","Salmonidae","Oncorhynchus mykiss","species","lotic",30.7359722,-24.9710833,0.470142977291842,0.0237271275319094,0.572821263336795,0.066976464572328,NA,NA,14,NA,0.0907035921042374
"FWB_0856","FWB_0856_2018","Amphilius natalensis_site9","site9","Amphiliidae","Amphilius natalensis","species","lotic",30.8551389,-24.7311667,0.550232165470663,0.000149764057018324,0.125320421532327,0.000664550952326988,NA,NA,2,NA,0.000814315009345312
"FWB_0856","FWB_0856_2018","Amphilius uranoscopus_site9","site9","Amphiliidae","Amphilius uranoscopus","species","lotic",30.8551389,-24.7311667,0.81113188204788,0.0164795615059782,0.354355698417219,0.0135930476270285,NA,NA,7,NA,0.0300726091330067
"FWB_0856","FWB_0856_2018","Enteromius anoplus_site9","site9","Cyprinidae","Enteromius anoplus","species","lotic",30.8551389,-24.7311667,0.520613479667933,0.0207605353208268,0.62408620525966,0.0268264558015343,NA,NA,6,NA,0.0475869911223611
"FWB_0856","FWB_0856_2018","Enteromius lineomaculatus_site9","site9","Cyprinidae","Enteromius lineomaculatus","species","lotic",30.8551389,-24.7311667,0.277332207682567,0.0156018841430753,0.418363714041583,0.0821394534979301,NA,NA,8,NA,0.0977413376410054
"FWB_0856","FWB_0856_2018","Enteromius treurensis_site9","site9","Cyprinidae","Enteromius treurensis","species","lotic",30.8551389,-24.7311667,0.434923315041508,0.0151681915991599,0.519984809645875,0.0201106432988964,NA,NA,3,NA,0.0352788348980563
"FWB_0856","FWB_0856_2018","Tilapia sparrmanii_site9","site9","Cichlidae","Tilapia sparrmanii","species","lotic",30.8551389,-24.7311667,0.179330237793725,0.00981043962685084,0.519415171366182,0.0204200045303901,NA,NA,6,NA,0.0302304441572409
"FWB_0859","FWB_0859_2021","Amphilius uranoscopus_STK3","STK3","Amphiliidae","Amphilius uranoscopus","species","lotic",27.470612,-25.813114,0.72504854368932,0.0857132623244415,0.245063967920565,0.0735767470841443,NA,NA,5,NA,0.159290009408586
"FWB_0859","FWB_0859_2021","Pseudocrenilabrus philander_STK3","STK3","Cichlidae","Pseudocrenilabrus philander","species","lotic",27.470612,-25.813114,0.191844660194175,0.0276070506174003,0.39392782127172,0.000291728677089388,NA,NA,3,NA,0.0278987792944897
"FWB_0859","FWB_0859_2021","Tilapia sparrmanii_STK3","STK3","Cichlidae","Tilapia sparrmanii","species","lotic",27.470612,-25.813114,0.285695792880259,0.0220052156973639,0.801285723378525,0.0453062304594321,NA,NA,3,NA,0.067311446156796
"FWB_0863","FWB_0863_2021","Clarias gariepinus_STK7","STK7","Clariidae","Clarias gariepinus","species","lotic",27.483532,-25.649644,1,NA,0.282705807275048,NA,NA,NA,1,NA,NA
"FWB_0863","FWB_0863_2021","Enteromius trimaculatus_STK7","STK7","Cyprinidae","Enteromius trimaculatus","species","lotic",27.483532,-25.649644,0.829235537190083,0.0095646109384605,0.398532227185705,0.0646253149576317,NA,NA,3,NA,0.0741899258960922
"FWB_0863","FWB_0863_2021","Labeobarbus polylepis_STK7","STK7","Cyprinidae","Labeobarbus polylepis","species","lotic",27.483532,-25.649644,0.690128558310376,0.0087958769228726,0.349606466709211,0.0869888085428198,NA,NA,9,NA,0.0957846854656924
"FWB_0863","FWB_0863_2021","Pseudocrenilabrus philander_STK7","STK7","Cichlidae","Pseudocrenilabrus philander","species","lotic",27.483532,-25.649644,0.400275482093664,0.120230275140587,0.421612422888747,0.0772993010082038,NA,NA,3,NA,0.197529576148791
"FWB_0863","FWB_0863_2021","Tilapia sparrmanii_STK7","STK7","Cichlidae","Tilapia sparrmanii","species","lotic",27.483532,-25.649644,0.650929752066116,0.00642855821551352,0.5664486279515,0.110025564154431,NA,NA,4,NA,0.116454122369945
"FWB_0868","FWB_0868_2016","Gobio lozanoi_bisbal-do","bisbal-do","Gobionidae","Gobio lozanoi","species","lotic",0.7220202,41.2742157,0.780299785867237,0.0573411772258116,0.724479682854311,0.0156491586731419,80.6666666666667,234.333333333333,3,29,0.0729903358989535
"FWB_0868","FWB_0868_2016","Luciobarbus graellsii_bisbal-do","bisbal-do","Cyprinidae","Luciobarbus graellsii","species","lotic",0.7220202,41.2742157,0.0953604568165595,0.0070713026944657,0.705208677458429,0.121989456780107,316.666666666667,3152.33333333333,3,107,0.129060759474573
"FWB_0868","FWB_0868_2016","Parachondrostoma miegii_bisbal-do","bisbal-do","Leuciscidae","Parachondrostoma miegii","species","lotic",0.7220202,41.2742157,0.303211991434689,0.0317288813282651,0.298975883713247,0.215800882029797,93.6666666666667,2721.33333333333,3,98,0.247529763358062
"FWB_0869","FWB_0869_2016","Lepomis gibbosus_bisbal-up","bisbal-up","Centrarchidae","Lepomis gibbosus","species","lotic",0.7216932,41.2757224,0.603836028582174,0.0841796528313373,0.644026457213725,0.163432338823777,275.6,14438.3,5,300,0.247611991655114
"FWB_0869","FWB_0869_2016","Parachondrostoma miegii_bisbal-up","bisbal-up","Leuciscidae","Parachondrostoma miegii","species","lotic",0.7216932,41.2757224,0.529522376833396,0.231369021966737,0.535551880942538,0.0195764856591259,138.666666666667,401.333333333333,3,38,0.250945507625862
"FWB_0869","FWB_0869_2016","Rutilus rutilus_bisbal-up","bisbal-up","Leuciscidae","Rutilus rutilus","species","lotic",0.7216932,41.2757224,0.747398771467971,0.0601201470398892,0.724817417665702,0.0449550698238184,96.3333333333333,56.3333333333333,3,15,0.105075216863708
"FWB_0869","FWB_0869_2016","Squalius laietanus_bisbal-up","bisbal-up","Leuciscidae","Squalius laietanus","species","lotic",0.7216932,41.2757224,0.698758931929297,NA,0.956386936750723,NA,60,NA,1,0,NA
"FWB_0880","FWB_0880_2016","Cobitis_maella-do","maella-do","Cobitidae","Cobitis sp.","genus","lotic",0.143475,41.1311094,0.540347383560128,0.0913596697992979,0.45873786407767,0.00785372354239092,67.4,14.8,5,9,0.0992133933416888
"FWB_0880","FWB_0880_2016","Parachondrostoma miegii_maella-do","maella-do","Leuciscidae","Parachondrostoma miegii","species","lotic",0.143475,41.1311094,0.860899067005937,0.0145119979998577,0.614539990753583,0.289358228445493,56.6666666666667,30.3333333333333,3,10,0.303870226445351
"FWB_0882","FWB_0882_2016","Barbus haasi_nonasp-do","nonasp-do","Cyprinidae","Barbus haasi","species","lotic",0.2580883,41.2089303,0.414785492671445,0.0668584306812931,0.307777493824005,0.0721069364826905,72.3333333333333,1.33333333333333,3,2,0.138965367163984
"FWB_0882","FWB_0882_2016","Cobitis_nonasp-do","nonasp-do","Cobitidae","Cobitis sp.","genus","lotic",0.2580883,41.2089303,0.030241432188581,0.000700742242173799,0.979640514524235,0.000440211798890987,64.6666666666667,4.33333333333333,3,4,0.00114095404106479
"FWB_0882","FWB_0882_2016","Gobio lozanoi_nonasp-do","nonasp-do","Gobionidae","Gobio lozanoi","species","lotic",0.2580883,41.2089303,0.731678613458864,0.143992732950716,0.43841042678252,0.165169258617454,95,128,2,16,0.30916199156817
"FWB_0882","FWB_0882_2016","Parachondrostoma miegii_nonasp-do","nonasp-do","Leuciscidae","Parachondrostoma miegii","species","lotic",0.2580883,41.2089303,0.527299311722121,0.0619966002417856,0.236391515461283,0.00735724732063708,81.6666666666667,2.33333333333333,3,3,0.0693538475624227
"FWB_0882","FWB_0882_2016","Squalius laietanus_nonasp-do","nonasp-do","Leuciscidae","Squalius laietanus","species","lotic",0.2580883,41.2089303,0.491672907528262,0.0791057502813619,0.470397819235028,0.0130161274349699,194.333333333333,352.333333333333,3,33,0.0921218777163318
"FWB_0885","FWB_0885_2016","Anguilla anguilla_poboleda-up","poboleda-up","Anguillidae","Anguilla anguilla","species","lotic",0.8396563,41.2317646,0.866498032602586,0.0134125813903447,0.489048187972919,0.0593596014077692,391.333333333333,8454.33333333333,3,179,0.0727721827981139
"FWB_0885","FWB_0885_2016","Barbus haasi_poboleda-up","poboleda-up","Cyprinidae","Barbus haasi","species","lotic",0.8396563,41.2317646,0.382939853850478,0.112477984676007,0.251180519997724,0.0691908228571794,102.333333333333,389.333333333333,3,36,0.181668807533187
"FWB_0885","FWB_0885_2016","Cyprinus carpio_poboleda-up","poboleda-up","Cyprinidae","Cyprinus carpio","species","lotic",0.8396563,41.2317646,0.347807757166947,NA,0.921488308585083,NA,89,NA,1,0,NA
"FWB_0885","FWB_0885_2016","Squalius laietanus_poboleda-up","poboleda-up","Leuciscidae","Squalius laietanus","species","lotic",0.8396563,41.2317646,0.4880550871276,0.0447876172926222,0.804403481822837,0.0321407254936593,178.666666666667,626.333333333333,3,50,0.0769283427862815
"FWB_0889","FWB_0889_2006","Cyprinus carpio_Soto2016_Ebro_Flix","Soto2016_Ebro_Flix","Cyprinidae","Cyprinus carpio","species","lotic",0.533333,41.233333,0.420597196831201,0.056463803431446,0.452957633892886,0.0177966962409565,584.1,4597.95517241379,30,298,0.0742604996724025
"FWB_0889","FWB_0889_2006","Rutilus rutilus_Soto2016_Ebro_Flix","Soto2016_Ebro_Flix","Leuciscidae","Rutilus rutilus","species","lotic",0.533333,41.233333,0.548446069469836,0.0275914160336086,0.497601918465228,0.000493418215068233,163.333333333333,1391.46666666667,6,92,0.0280848342486768
"FWB_0889","FWB_0889_2006","Scardinius erythrophthalmus_Soto2016_Ebro_Flix","Soto2016_Ebro_Flix","Leuciscidae","Scardinius erythrophthalmus","species","lotic",0.533333,41.233333,0.685923217550274,0.0373537877326023,0.604196642685851,0.00997125813169986,203.55,1350.99736842105,20,138,0.0473250458643022
"FWB_0889","FWB_0889_2006","Silurus glanis_Soto2016_Ebro_Flix","Soto2016_Ebro_Flix","Siluridae","Silurus glanis","species","lotic",0.533333,41.233333,0.590402193784278,0.0388622826747928,0.685431654676259,0.0228521877689064,962.7,170270.957894737,20,1681,0.0617144704436992
"FWB_0890","FWB_0890_2016","Barbus haasi_vallderoures-do","vallderoures-do","Cyprinidae","Barbus haasi","species","lotic",0.1440988,40.8745432,0.274114774114774,0.234722065545563,0.675536542923434,0.211440112956523,45,36.6666666666667,4,13,0.446162178502086
"FWB_0890","FWB_0890_2016","Gobio lozanoi_vallderoures-do","vallderoures-do","Gobionidae","Gobio lozanoi","species","lotic",0.1440988,40.8745432,0.664767331433998,0.160677661107273,0.248646558391338,0.0533409136381336,77.3333333333333,44.3333333333333,3,12,0.214018574745406
"FWB_0890","FWB_0890_2016","Parachondrostoma miegii_vallderoures-do","vallderoures-do","Leuciscidae","Parachondrostoma miegii","species","lotic",0.1440988,40.8745432,0.176080435339695,0.0157064207044862,0.519850476927043,0.0421032879427209,54.5555555555556,848.777777777778,9,90,0.0578097086472071
"FWB_0891","FWB_0891_2016","Barbus haasi_vallderoures-up","vallderoures-up","Cyprinidae","Barbus haasi","species","lotic",0.1482924,40.8697293,0.925078128170786,0.000233440279807719,0.221099434114794,0.0292785061650053,97,21,3,9,0.029511946444813
"FWB_0891","FWB_0891_2016","Cobitis_vallderoures-up","vallderoures-up","Cobitidae","Cobitis sp.","genus","lotic",0.1482924,40.8697293,0.810118105442591,0.00728041224054107,0.199828213419563,0.013793448495994,64.75,2.91666666666667,4,4,0.021073860736535
"FWB_0891","FWB_0891_2016","Luciobarbus graellsii_vallderoures-up","vallderoures-up","Cyprinidae","Luciobarbus graellsii","species","lotic",0.1482924,40.8697293,0.380819026746215,0.292612313157158,0.439167340339531,0.261101837444099,138,76,3,16,0.553714150601258
"FWB_0891","FWB_0891_2016","Parachondrostoma miegii_vallderoures-up","vallderoures-up","Leuciscidae","Parachondrostoma miegii","species","lotic",0.1482924,40.8697293,0.796785583830512,0.00926361439411573,0.207811236863379,0.00486276284406059,134.75,131.583333333333,4,28,0.0141263772381763
"FWB_0892","FWB_0892_2015","Lampetra planeri_Site1Sweden","Site1Sweden","Petromyzontidae","Lampetra planeri","species","lotic",12.9812214,57.6592217,0.208794061153507,0.0850367663409893,0.591847728497037,0.0199480159791004,NA,NA,3,NA,0.10498478232009
"FWB_0892","FWB_0892_2015","Phoxinus phoxinus_Site1Sweden","Site1Sweden","Leuciscidae","Phoxinus phoxinus","species","lotic",12.9812214,57.6592217,0.450656699371853,0.10439331961831,0.572394804572933,0.00116446158636913,NA,NA,3,NA,0.105557781204679
"FWB_0892","FWB_0892_2015","Salmo trutta_Site1Sweden","Site1Sweden","Salmonidae","Salmo trutta","species","lotic",12.9812214,57.6592217,0.737312374804655,0.0123374770669601,0.541355161887543,0.0393696255316004,82.015503875969,331.593507751938,145,NA,0.0517071025985605
"FWB_0893","FWB_0893_2015","Lampetra planeri_Site2Sweden","Site2Sweden","Petromyzontidae","Lampetra planeri","species","lotic",12.9773242,57.6624444,0.250500294290759,0.0293750885557096,0.611609143881667,0.0448146785682883,NA,NA,4,NA,0.0741897671239979
"FWB_0893","FWB_0893_2015","Phoxinus phoxinus_Site2Sweden","Site2Sweden","Leuciscidae","Phoxinus phoxinus","species","lotic",12.9773242,57.6624444,0.80788699234844,0.000820286558481753,0.383535036605408,0.0534601234134581,NA,NA,3,NA,0.0542804099719399
"FWB_0893","FWB_0893_2015","Salmo trutta_Site2Sweden","Site2Sweden","Salmonidae","Salmo trutta","species","lotic",12.9773242,57.6624444,0.861463686947446,0.00622055133034376,0.507134704515103,0.0513293231598327,105.404255319149,447.404712880348,97,NA,0.0575498744901764
"FWB_0893","FWB_0893_2015","Salvelinus fontinalis_Site2Sweden","Site2Sweden","Salmonidae","Salvelinus fontinalis","species","lotic",12.9773242,57.6624444,0.762222876201687,0.00124335087488291,0.757769311220678,0.0569229432783333,123.916666666667,359.174242424242,12,62,0.0581662941532162
"FWB_0894","FWB_0894_2015","Lampetra planeri_Site3Sweden","Site3Sweden","Petromyzontidae","Lampetra planeri","species","lotic",12.9898769,57.6714592,0.0312872740618405,0.000766010422196729,0.681813754139879,0.00166696783159996,NA,NA,3,NA,0.00243297825379669
"FWB_0894","FWB_0894_2015","Phoxinus phoxinus_Site3Sweden","Site3Sweden","Leuciscidae","Phoxinus phoxinus","species","lotic",12.9898769,57.6714592,0.843334250848702,0.0412645970621274,0.331969608416131,0.0453673304136845,NA,NA,3,NA,0.0866319274758119
"FWB_0894","FWB_0894_2015","Salmo trutta_Site3Sweden","Site3Sweden","Salmonidae","Salmo trutta","species","lotic",12.9898769,57.6714592,0.553563236469925,0.0114806666668126,0.515942593674914,0.0375012998936471,90.4444444444444,422.508960573476,63,61,0.0489819665604597
"FWB_0894","FWB_0894_2015","Salvelinus fontinalis_Site3Sweden","Site3Sweden","Salmonidae","Salvelinus fontinalis","species","lotic",12.9898769,57.6714592,0.436089611704386,0.00636955300055329,0.667361737114781,0.0221920433199739,90.8275862068965,202.390804597701,59,NA,0.0285615963205272
"FWB_0895","FWB_0895_2015","Lampetra planeri_Site4Sweden","Site4Sweden","Petromyzontidae","Lampetra planeri","species","lotic",12.9971133,57.6766253,0.138704930095659,0.0178192060695843,0.134562841530055,0.017659250052256,NA,NA,3,NA,0.0354784561218404
"FWB_0895","FWB_0895_2015","Phoxinus phoxinus_Site4Sweden","Site4Sweden","Leuciscidae","Phoxinus phoxinus","species","lotic",12.9971133,57.6766253,0.551508462104489,0.122565674152125,0.180631451123255,0.0290790100508403,NA,NA,3,NA,0.151644684202965
"FWB_0895","FWB_0895_2015","Salmo trutta_Site4Sweden","Site4Sweden","Salmonidae","Salmo trutta","species","lotic",12.9971133,57.6766253,0.868567785643602,0.00719807770375196,0.501036367062371,0.0276193161055686,114.103448275862,212.881773399015,29,66,0.0348173938093206
"FWB_0895","FWB_0895_2015","Salvelinus fontinalis_Site4Sweden","Site4Sweden","Salmonidae","Salvelinus fontinalis","species","lotic",12.9971133,57.6766253,0.728221118469463,0.00713216490058103,0.541393442622951,0.0174081717433639,97.0533333333333,409.780900900901,75,71,0.0245403366439449
"FWB_0898","FWB_0898_2016","Channa gachua_Lichia","Lichia","Channidae","Channa gachua","species","lotic",98.6276,15.1591,1,NA,1,NA,173,NA,1,0,NA
"FWB_0898","FWB_0898_2016","Garra fuliginosa_Lichia","Lichia","Cyprinidae","Garra fuliginosa","species","lotic",98.6276,15.1591,0.178423236514523,0.0150393416091321,0.426495726495726,0.0420835159617211,87.6,998.3,5,69,0.0571228575708531
"FWB_0898","FWB_0898_2016","Homalopteroides smithi_Lichia","Lichia","Balitoridae","Homalopteroides smithi","species","lotic",98.6276,15.1591,0.246887966804979,0.125439759416447,0.261217948717949,0.041122966737283,46.5,11,4,7,0.16656272615373
"FWB_0898","FWB_0898_2016","Neolissochilus blanci_Lichia","Lichia","Cyprinidae","Neolissochilus blanci","species","lotic",98.6276,15.1591,0.244813278008299,0.0103648353161963,0.685897435897436,0.00759429712421166,100.5,149.666666666667,4,23,0.017959132440408
"FWB_0899","FWB_0899_2015","Amblyceps caecutiens_Nong","Nong","Amblycipitidae","Amblyceps caecutiens","species","lotic",102.6081,12.3762,0.384153005464481,0.00102869598972797,0.30433944069431,0.0115488729915034,63,123,5,28,0.0125775689812314
"FWB_0899","FWB_0899_2015","Barbodes binotatus_Nong","Nong","Cyprinidae","Barbodes binotatus","species","lotic",102.6081,12.3762,0.427823315118397,0.00606231399364965,0.422211507553841,0.0386879181739365,80.5833333333333,315.174242424242,12,56,0.0447502321675861
"FWB_0899","FWB_0899_2015","Channa gachua_Nong","Nong","Channidae","Channa gachua","species","lotic",102.6081,12.3762,0.104918032786885,0.00159977903192093,0.227965284474446,0.0173408383540906,97.8,827.2,5,75,0.0189406173860115
"FWB_0899","FWB_0899_2015","Glyptothorax laosensis_Nong","Nong","Sisoridae","Glyptothorax laosensis","species","lotic",102.6081,12.3762,0.792008196721311,0.00766443032466949,0.148143683702989,0.017605103125399,76,679.428571428571,8,69,0.0252695334500685
"FWB_0899","FWB_0899_2015","Homalopteroides smithi_Nong","Nong","Balitoridae","Homalopteroides smithi","species","lotic",102.6081,12.3762,0.477868852459016,0.00214904728252395,0.287849566055931,0.013337902307642,48.7,76.9,10,27,0.0154869495901659
"FWB_0899","FWB_0899_2015","Macrognathus circumcinctus_Nong","Nong","Mastacembelidae","Macrognathus circumcinctus","species","lotic",102.6081,12.3762,0.342896174863388,0.0411515721580221,0.70877531340405,4.64956679986111e-05,144.5,24.5,2,7,0.0411980678260207
"FWB_0899","FWB_0899_2015","Neolissochilus blanci_Nong","Nong","Cyprinidae","Neolissochilus blanci","species","lotic",102.6081,12.3762,0.287978142076503,0.0198891178197816,0.688331726133076,0.0253929994675729,87.8,1801.95555555556,10,105,0.0452821172873545
"FWB_0899","FWB_0899_2015","Rasbora paviana_Nong","Nong","Danionidae","Rasbora paviana","species","lotic",102.6081,12.3762,0.560109289617486,NA,0.405014464802314,NA,42,NA,1,0,NA
"FWB_0899","FWB_0899_2015","Schistura kohchangensis_Nong","Nong","Nemacheilidae","Schistura kohchangensis","species","lotic",102.6081,12.3762,0.740437158469945,0.024137278907502,0.320636451301832,0.00612404775580393,51.2,54.8444444444444,10,21,0.0302613266633059
"FWB_0900","FWB_0900_2016","Channa gachua_Pakkok","Pakkok","Channidae","Channa gachua","species","lotic",98.4728,14.6667,0.678966789667897,0.0925096335834207,0.386197564276049,0.064326037636348,99.4,1097.8,5,74,0.156835671219769
"FWB_0900","FWB_0900_2016","Homalopteroides smithi_Pakkok","Pakkok","Balitoridae","Homalopteroides smithi","species","lotic",98.4728,14.6667,0.334317343173432,0.0474503342819406,0.491204330175913,0.0111074285735212,51.4,25.3,5,11,0.0585577628554618
"FWB_0900","FWB_0900_2016","Mastacembelus armatus_Pakkok","Pakkok","Mastacembelidae","Mastacembelus armatus","species","lotic",98.4728,14.6667,0.495387453874539,0.0135471557667606,0.632949932341001,0.0261314189834609,130,114,4,24,0.0396785747502216
"FWB_0900","FWB_0900_2016","Mystacoleucus marginatus_Pakkok","Pakkok","Cyprinidae","Mystacoleucus marginatus","species","lotic",98.4728,14.6667,0.661254612546125,0.014892226413039,0.881461434370771,0.00631599956786134,94.4,36.8,5,15,0.0212082259809003
"FWB_0901","FWB_0901_2016","Batasio fluviatilis_Pilok","Pilok","Bagridae","Batasio fluviatilis","species","lotic",98.5366,14.5973,0.604907975460123,0.117968308931462,0.389010989010989,0.0163004073746392,76,11,5,8,0.134268716306101
"FWB_0901","FWB_0901_2016","Channa gachua_Pilok","Pilok","Channidae","Channa gachua","species","lotic",98.5366,14.5973,0.361963190184049,0.0811722935250355,0.818681318681319,0.026899541364668,117.5,2867.66666666667,4,130,0.108071834889703
"FWB_0901","FWB_0901_2016","Homalopteroides smithi_Pilok","Pilok","Balitoridae","Homalopteroides smithi","species","lotic",98.5366,14.5973,0.388036809815951,0.00442558370030235,0.114207221350079,0.0136487755348486,44.5,4.33333333333333,4,5,0.018074359235151
"FWB_0901","FWB_0901_2016","Mastacembelus armatus_Pilok","Pilok","Mastacembelidae","Mastacembelus armatus","species","lotic",98.5366,14.5973,0.45398773006135,0.0108397004027248,0.140502354788069,0.0394818234019848,126.5,612.5,2,35,0.0503215238047097
"FWB_0901","FWB_0901_2016","Mystacoleucus marginatus_Pilok","Pilok","Cyprinidae","Mystacoleucus marginatus","species","lotic",98.5366,14.5973,0.464723926380368,0.0420132485227145,0.428571428571429,0.0680272108843538,101.25,96.9166666666667,4,20,0.110040459407068
"FWB_0901","FWB_0901_2016","Rasbora caudimaculata_Pilok","Pilok","Danionidae","Rasbora caudimaculata","species","lotic",98.5366,14.5973,0.510736196319018,0.00430012420490046,0.649921507064364,0.00405649519800674,72,76.6666666666667,4,19,0.0083566194029072
"FWB_0902","FWB_0902_2015","Barbodes binotatus_Sato","Sato","Cyprinidae","Barbodes binotatus","species","lotic",102.5541,13.44794,0.417592592592593,0.0355224051211706,0.226190476190476,0.0366638321995465,73,206,4,35,0.0721862373207172
"FWB_0902","FWB_0902_2015","Channa gachua_Sato","Sato","Channidae","Channa gachua","species","lotic",102.5541,13.44794,0.628240740740741,0.0450281697040956,0.48125,0.0237341067379333,104.5,672.857142857143,8,71,0.0687622764420289
"FWB_0902","FWB_0902_2015","Glyptothorax major_Sato","Sato","Sisoridae","Glyptothorax major","species","lotic",102.5541,13.44794,0.543827160493827,0.0348061271147691,0.281150793650794,0.00278198223733939,61.8333333333333,36.5666666666667,6,19,0.0375881093521085
"FWB_0902","FWB_0902_2015","Homalopteroides smithi_Sato","Sato","Balitoridae","Homalopteroides smithi","species","lotic",102.5541,13.44794,0.350740740740741,0.0110045724737083,0.377738095238095,0.0188633944318468,50.4,22.7111111111111,10,17,0.0298679669055551
"FWB_0902","FWB_0902_2015","Mastacembelus armatus_Sato","Sato","Mastacembelidae","Mastacembelus armatus","species","lotic",102.5541,13.44794,0.434074074074074,0.0186927297668038,0.409047619047619,0.0238730158730159,175.8,7920.7,5,184,0.0425657456398197
"FWB_0902","FWB_0902_2015","Neolissochilus blanci_Sato","Sato","Cyprinidae","Neolissochilus blanci","species","lotic",102.5541,13.44794,0.166951566951567,0.0134258379937392,0.602655677655678,0.0783151818419676,85.6153846153846,1315.42307692308,13,85,0.0917410198357068
"FWB_0902","FWB_0902_2015","Rasbora paviana_Sato","Sato","Danionidae","Rasbora paviana","species","lotic",102.5541,13.44794,0.375,0.0130658436213992,0.426636904761905,0.00589971554097829,70,372.857142857143,8,55,0.0189655591623774
"FWB_0902","FWB_0902_2015","Schistura kohchangensis_Sato","Sato","Nemacheilidae","Schistura kohchangensis","species","lotic",102.5541,13.44794,0.77037037037037,0.0158504801097394,0.38994708994709,0.0219873551272361,56.3333333333333,59.5,9,21,0.0378378352369755
"FWB_0903","FWB_0903_2015","Amblyceps caecutiens_Stornoi","Stornoi","Amblycipitidae","Amblyceps caecutiens","species","lotic",102.6385,12.7065,0.267241379310345,0.00515832850175083,0.544354838709677,0.0155175465753935,63,92.6666666666667,4,22,0.0206758750771443
"FWB_0903","FWB_0903_2015","Barbodes binotatus_Stornoi","Stornoi","Cyprinidae","Barbodes binotatus","species","lotic",102.6385,12.7065,0.63871473354232,0.0117030755069886,0.435117302052786,0.0370544557293682,82.5,405.666666666667,4,40,0.0487575312363568
"FWB_0903","FWB_0903_2015","Channa gachua_Stornoi","Stornoi","Channidae","Channa gachua","species","lotic",102.6385,12.7065,0.727720555306762,0.0315786616727056,0.720569752827817,0.0105168063733952,141.857142857143,986.47619047619,7,74,0.0420954680461007
"FWB_0903","FWB_0903_2015","Glyptothorax laosensis_Stornoi","Stornoi","Sisoridae","Glyptothorax laosensis","species","lotic",102.6385,12.7065,0.741379310344828,0.0171038020459705,0.263929618768328,0.000107498215529618,64,8,2,4,0.0172113002615001
"FWB_0903","FWB_0903_2015","Glyptothorax major_Stornoi","Stornoi","Sisoridae","Glyptothorax major","species","lotic",102.6385,12.7065,0.585815047021944,0.0135764543531272,0.38141495601173,0.0299762997148533,64.5,39.1428571428571,8,21,0.0435527540679805
"FWB_0903","FWB_0903_2015","Homalopteroides smithi_Stornoi","Stornoi","Balitoridae","Homalopteroides smithi","species","lotic",102.6385,12.7065,0.386363636363637,0.00449161691189581,0.328812316715542,0.0191038150195278,52.25,39.6428571428571,8,19,0.0235954319314236
"FWB_0903","FWB_0903_2015","Macrognathus circumcinctus_Stornoi","Stornoi","Mastacembelidae","Macrognathus circumcinctus","species","lotic",102.6385,12.7065,0.280564263322884,0.0547901455370918,0.526881720430107,0.0250442175993211,112.833333333333,503.366666666667,6,57,0.0798343631364129
"FWB_0903","FWB_0903_2015","Neolissochilus blanci_Stornoi","Stornoi","Cyprinidae","Neolissochilus blanci","species","lotic",102.6385,12.7065,0.266457680250784,0.0220202238578631,0.737536656891495,0.0720199344690878,58.2727272727273,402.818181818182,11,65,0.0940401583269509
"FWB_0903","FWB_0903_2015","Rasbora borapetensis_Stornoi","Stornoi","Danionidae","Rasbora borapetensis","species","lotic",102.6385,12.7065,0.522727272727273,0.00417563375621965,0.519794721407624,0.00911943195076292,82.5,126.333333333333,4,26,0.0132950657069826
"FWB_0903","FWB_0903_2015","Rasbora paviana_Stornoi","Stornoi","Danionidae","Rasbora paviana","species","lotic",102.6385,12.7065,0.521421107628004,0.0365693471303675,0.317693059628543,0.0607888075724609,58.3333333333333,49.3333333333333,3,14,0.0973581547028284
"FWB_0903","FWB_0903_2015","Schistura kohchangensis_Stornoi","Stornoi","Nemacheilidae","Schistura kohchangensis","species","lotic",102.6385,12.7065,0.665099268547545,0.026728999292162,0.484481915933529,0.0208853233793895,56.6666666666667,82.6060606060606,12,28,0.0476143226715515
"FWB_0904","FWB_0904_2008","Anablepsoides hartii_Arima_HP","Arima_HP","Rivulidae","Anablepsoides hartii","species","lotic",-61.294314,10.69845,0.33591636984913,0.0409298497028784,0.676278980963009,0.00582213469292405,27160.1851851852,525343843.449003,27,45903,0.0467519843958024
"FWB_0904","FWB_0904_2008","Crenicichla frenata_Arima_HP","Arima_HP","Cichlidae","Crenicichla frenata","species","lotic",-61.294314,10.69845,0.564998696898619,0.0113874873332229,0.668059135484253,0.00214729284290693,22984.3,627320889.756,6,45823.2,0.0135347801761298
"FWB_0904","FWB_0904_2008","Poecilia reticulata_Arima_HP","Arima_HP","Poeciliidae","Poecilia reticulata","species","lotic",-61.294314,10.69845,0.621730992489397,0.035070311669729,0.632574074223705,0.0254137945634434,41652.9393939394,178759825.496212,33,45899,0.0604841062331724
"FWB_0904","FWB_0904_2008","Rhamdia quelen_Arima_HP","Arima_HP","Heptapteridae","Rhamdia quelen","species","lotic",-61.294314,10.69845,0.330466510294501,0.0221711604815708,0.886765620833704,0.00987247296383876,NA,NA,3,NA,0.0320436334454096
"FWB_0905","FWB_0905_2008","Anablepsoides hartii_Arima_LP","Arima_LP","Rivulidae","Anablepsoides hartii","species","lotic",-61.290461,10.683994,0.530925578486554,0.0803069987848097,0.833697855542516,0.0121623691905663,15887.7923076923,493532257.403939,26,45908,0.0924693679753759
"FWB_0905","FWB_0905_2008","Poecilia reticulata_Arima_LP","Arima_LP","Poeciliidae","Poecilia reticulata","species","lotic",-61.290461,10.683994,0.339227642276423,0.0234069171789279,0.496692627760589,0.0611519238862599,40309.44,230667128.006667,26,NA,0.0845588410651878
"FWB_0907","FWB_0907_2007","Anablepsoides hartii_Aripo_LP","Aripo_LP","Rivulidae","Anablepsoides hartii","species","lotic",-61.237139,10.690667,0.582995169082126,0.0532858018023424,0.783745677041766,0.0161258179826226,41.3333333333333,330.380952380952,15,66,0.069411619784965
"FWB_0907","FWB_0907_2007","Poecilia reticulata_Aripo_LP","Aripo_LP","Poeciliidae","Poecilia reticulata","species","lotic",-61.237139,10.690667,0.58305152979066,0.0495701989750602,0.49341580207502,0.0471363066412962,19.1666666666667,16.3823529411765,18,14,0.0967065056163564
"FWB_0910","FWB_0910_2007","Anablepsoides hartii_Guanapo_LP","Guanapo_LP","Rivulidae","Anablepsoides hartii","species","lotic",-61.267636,10.712169,0.564513120258674,0.0705454730034801,0.69043596161869,0.0387097467061368,41.2941176470588,269.470588235294,17,57,0.109255219709617
"FWB_0910","FWB_0910_2007","Poecilia reticulata_Guanapo_LP","Guanapo_LP","Poeciliidae","Poecilia reticulata","species","lotic",-61.267636,10.712169,0.137855664200141,0.00723677955553552,0.312825059101655,0.0268405300545337,3833.75,163461881.851064,48,45781,0.0340773096100692
"FWB_0913","FWB_0913_2007","Anablepsoides hartii_Marianne_LP","Marianne_LP","Rivulidae","Anablepsoides hartii","species","lotic",-61.30085,10.77745,0.484466588511137,0.04132270331089,0.70848057443262,0.0433341698397216,36.2,144.333333333333,25,50,0.0846568731506115
"FWB_0913","FWB_0913_2007","Poecilia reticulata_Marianne_LP","Marianne_LP","Poeciliidae","Poecilia reticulata","species","lotic",-61.30085,10.77745,0.389190113325518,0.0509096135772954,0.639259306748729,0.055773108325343,18.125,16.1141304347826,24,17,0.106682721902638
"FWB_0916","FWB_0916_2008","Anablepsoides hartii_Quare_LP","Quare_LP","Rivulidae","Anablepsoides hartii","species","lotic",-61.198467,10.67615,0.523708282907577,0.0304789655116863,0.650003190490515,0.0365410440044091,23762.2777777778,542756078.912564,27,45895,0.0670200095160954
"FWB_0916","FWB_0916_2008","Poecilia reticulata_Quare_LP","Quare_LP","Poeciliidae","Poecilia reticulata","species","lotic",-61.198467,10.67615,0.215552184053803,0.0131471026977937,0.452791609080066,0.0469073174015812,40504.4615384615,222382830.658462,26,45913,0.0600544200993749
"FWB_0918","FWB_0918_2008","Anablepsoides hartii_Turure_LP","Turure_LP","Rivulidae","Anablepsoides hartii","species","lotic",-61.169464,10.679603,0.544782094124199,0.0628052396310881,0.587618574318198,0.0333136612576172,28635.225,511729271.826304,24,45861,0.0961189008887053
"FWB_0918","FWB_0918_2008","Poecilia reticulata_Turure_LP","Turure_LP","Poeciliidae","Poecilia reticulata","species","lotic",-61.169464,10.679603,0.585723568179708,0.0558273231293501,0.345407763905358,0.0272787403125256,40500.7438461538,222353670.091585,27,NA,0.0831060634418757
"FWB_0919","FWB_0919_2021","Anatolichthys transgrediens_TR1","TR1","Aphaniidae","Anatolichthys transgrediens","species","lentic",29.931128,37.821232,0.848551360842845,0.00949570398573383,0.640824425008099,0.0619581921659953,NA,NA,10,NA,0.0714538961517291
"FWB_0919","FWB_0919_2021","Carassius gibelio_TR1","TR1","Cyprinidae","Carassius gibelio","species","lentic",29.931128,37.821232,0.159120364563736,0.00145861549840541,0.0754778101716877,0.00369752425319551,NA,NA,3,NA,0.00515613975160092
"FWB_0919","FWB_0919_2021","Gambusia holbrooki_TR1","TR1","Poeciliidae","Gambusia holbrooki","species","lentic",29.931128,37.821232,0.408967766210962,0.0557582121514145,0.197311305474571,0.0118009478940991,NA,NA,10,NA,0.0675591600455137
"FWB_0920","FWB_0920_2021","Carassius gibelio_TR10","TR10","Cyprinidae","Carassius gibelio","species","lentic",30.426616,39.078314,0.151781472684086,0.0140235937639312,0.381483069009859,0.0434027570448137,243.6,840.266666666667,10,88,0.0574263508087449
"FWB_0920","FWB_0920_2021","Cyprinus carpio_TR10","TR10","Cyprinidae","Cyprinus carpio","species","lentic",30.426616,39.078314,0.263233797081778,0.00649833355164008,0.786353407629662,0.033350545448251,172.375,7901.125,8,225,0.0398488789998911
"FWB_0920","FWB_0920_2021","Squalius pursakensis_TR10","TR10","Leuciscidae","Squalius pursakensis","species","lentic",30.426616,39.078314,0.678724126230064,0.0550775190719029,0.605700814402058,0.0269129725449522,189.2,465.288888888889,10,62,0.081990491616855
"FWB_0921","FWB_0921_2021","Alburnus escherichii_TR11","TR11","Leuciscidae","Alburnus escherichii","species","lentic",31.061098,39.358406,0.568604233943308,0.0716283023962883,0.61433760275282,0.0735926587705687,4693.3,208825676.9,10,45705,0.145220961166857
"FWB_0921","FWB_0921_2021","Clarias gariepinus_TR11","TR11","Clariidae","Clarias gariepinus","species","lentic",31.061098,39.358406,0.819250089702189,0.0116709134929301,0.60131905945326,0.0107587031351075,372.9,481.211111111111,10,73,0.0224296166280376
"FWB_0921","FWB_0921_2021","Oreochromis niloticus_TR11","TR11","Cichlidae","Oreochromis niloticus","species","lentic",31.061098,39.358406,0.298044492285612,0.00484508439515791,0.296692792965016,0.00450252519133969,212.3,187.566666666667,10,48,0.0093476095864976
"FWB_0922","FWB_0922_2017","Carassius gibelio_TR12","TR12","Cyprinidae","Carassius gibelio","species","lentic",27.868554,37.420573,0.453431237232927,0.0192713764335269,0.635177175810001,0.00877593841867809,99.5,544.5,2,33,0.028047314852205
"FWB_0922","FWB_0922_2017","Gambusia holbrooki_TR12","TR12","Poeciliidae","Gambusia holbrooki","species","lentic",27.868554,37.420573,0.700129050957876,0.0107166988377589,0.479270999317095,0.0156882733934464,37.5625,77.1958333333333,16,29,0.0264049722312052
"FWB_0922","FWB_0922_2017","Knipowitschia caucasica_TR12","TR12","Gobiidae","Knipowitschia caucasica","species","lentic",27.868554,37.420573,0.685816816651024,0.000585126341251658,0.491524394870627,3.08758261120131e-05,27,0.5,5,2,0.000616002167363671
"FWB_0922","FWB_0922_2017","Lepomis gibbosus_TR12","TR12","Centrarchidae","Lepomis gibbosus","species","lentic",27.868554,37.420573,0.498913877749085,0.063740243345995,0.346885880761544,0.0490454760155412,68.4921875,326.944820374016,133,NA,0.112785719361536
"FWB_0922","FWB_0922_2017","Oxynoemacheilus germencicus_TR12","TR12","Nemacheilidae","Oxynoemacheilus germencicus","species","lentic",27.868554,37.420573,0.620652293932535,0.00904462029998879,0.281593823507095,0.00403845071617855,65.6153846153846,69.0897435897436,16,NA,0.0130830710161673
"FWB_0922","FWB_0922_2017","Petroleuciscus ninae_TR12","TR12","Leuciscidae","Petroleuciscus ninae","species","lentic",27.868554,37.420573,0.533440070667476,0.0361763107347951,0.350431241621772,0.0186784521681331,64.1333333333333,241.3,45,69,0.0548547629029283
"FWB_0922","FWB_0922_2017","Petroleuciscus smyrnaeus_TR12","TR12","Leuciscidae","Petroleuciscus smyrnaeus","species","lentic",27.868554,37.420573,0.357088685939439,0.0117141091604808,0.350873199388181,0.00605105831488841,75.7894736842105,170.286549707602,19,42,0.0177651674753692
"FWB_0922","FWB_0922_2017","Pseudorasbora parva_TR12","TR12","Gobionidae","Pseudorasbora parva","species","lentic",27.868554,37.420573,0.57175910822463,0.0284704990379421,0.363581179424567,0.0169716912054289,76,359.6,11,52,0.045442190243371
"FWB_0922","FWB_0922_2017","Squalius fellowesii_TR12","TR12","Leuciscidae","Squalius fellowesii","species","lentic",27.868554,37.420573,0.421359201011472,0.0532796643550399,0.421711258309988,0.0277791634263906,124.5,1577.68823529412,101,NA,0.0810588277814305
"FWB_0924","FWB_0924_2016","Neogobius fluviatilis_TR14","TR14","Gobiidae","Neogobius fluviatilis","species","lentic",30.27427,40.717154,0.775406236275802,0.0131210953841561,0.279129950959461,0.0569999074829629,84.3333333333333,211.75,9,40,0.070121002867119
"FWB_0924","FWB_0924_2016","Proterorhinus semilunaris_TR14","TR14","Gobiidae","Proterorhinus semilunaris","species","lentic",30.27427,40.717154,0.54310496267018,0.0244278289424577,0.422576763324405,0.0462588244375732,35,15,9,13,0.0706866533800309
"FWB_0924","FWB_0924_2016","Rhodeus amarus_TR14","TR14","Acheilognathidae","Rhodeus amarus","species","lentic",30.27427,40.717154,0.259525691699605,0.0250558584643479,0.865191568650285,0.0126755082527489,50.5555555555556,6.52777777777778,10,NA,0.0377313667170968
"FWB_0926","FWB_0926_2021","Atherina boyeri_TR2","TR2","Atherinidae","Atherina boyeri","species","lentic",30.177388,38.812859,0.781695220919747,0.0265576077866251,0.184413883431565,0.0208228009725354,71.126575,65.5544605158333,10,NA,0.0473804087591604
"FWB_0926","FWB_0926_2021","Carassius gibelio_TR2","TR2","Cyprinidae","Carassius gibelio","species","lentic",30.177388,38.812859,0.305816050495942,0.0294138235957607,0.496869679109365,0.0292749484276355,110.8,151.288888888889,10,36,0.0586887720233963
"FWB_0926","FWB_0926_2021","Cyprinus carpio_TR2","TR2","Cyprinidae","Cyprinus carpio","species","lentic",30.177388,38.812859,0.13870604147881,0.0154093956380062,0.377472167648985,0.0680687449813708,155.2,701.955555555556,10,89,0.083478140619377
"FWB_0926","FWB_0926_2021","Oxynoemacheilus nasreddini_TR2","TR2","Nemacheilidae","Oxynoemacheilus nasreddini","species","lentic",30.177388,38.812859,0.627164111812443,0.0263414876226959,0.218703339882122,0.00256416609496406,NA,NA,10,NA,0.0289056537176599
"FWB_0926","FWB_0926_2021","Squalius recurvirostris_TR2","TR2","Leuciscidae","Squalius recurvirostris","species","lentic",30.177388,38.812859,0.632010820559062,0.0189285499075836,0.746404715127701,0.0326520536668046,189.15851,4820.09355264544,10,215.06,0.0515806035743882
"FWB_0927","FWB_0927_2021","Alburnus escherichii_TR3","TR3","Leuciscidae","Alburnus escherichii","species","lentic",30.901329,38.970635,0.50338238784714,0.0203202496592978,0.546082426023646,0.0108311872706532,161.5,129.388888888889,11,NA,0.031151436929951
"FWB_0927","FWB_0927_2021","Carassius gibelio_TR3","TR3","Cyprinidae","Carassius gibelio","species","lentic",30.901329,38.970635,0.292521447221186,0.0278042077358999,0.51126272698646,0.0980168442983797,217.166666666667,98.9666666666667,7,NA,0.12582105203428
"FWB_0927","FWB_0927_2021","Perca fluviatilis_TR3","TR3","Percidae","Perca fluviatilis","species","lentic",30.901329,38.970635,0.377558746736293,0.0677928968060545,0.434004408523145,0.00955955798158093,137.36,1022.49,25,112,0.0773524547876355
"FWB_0928","FWB_0928_2021","Dicentrarchus labrax_TR4","TR4","Moronidae","Dicentrarchus labrax","species","lentic",26.075832,40.708585,0.755012264590809,0.0204098840410208,0.558717107240314,0.0299696513751305,5338.44444444444,231304979.277778,9,45643,0.0503795354161513
"FWB_0928","FWB_0928_2021","Mugil cephalus_TR4","TR4","Mugilidae","Mugil cephalus","species","lentic",26.075832,40.708585,0.115672322568874,0.0138863215950835,0.426939305420318,0.195638861022038,263.3,453.122222222222,10,78,0.209525182617122
"FWB_0928","FWB_0928_2021","Sparus aurata_TR4","TR4","Sparidae","Sparus aurata","species","lentic",26.075832,40.708585,0.467493766344341,0.0122565435700466,0.665332323560172,0.00700600068715797,NA,NA,9,NA,0.0192625442572046
"FWB_0929","FWB_0929_2021","Abramis brama_TR5","TR5","Leuciscidae","Abramis brama","species","lentic",26.200358,40.780834,0.749500365117798,0.0164978864293208,0.410747160619707,0.00687553439077666,359.111111111111,753.861111111111,9,100,0.0233734208200974
"FWB_0929","FWB_0929_2021","Alburnus alburnus_TR5","TR5","Leuciscidae","Alburnus alburnus","species","lentic",26.200358,40.780834,0.795062262193013,0.0137303499834468,0.458042314555187,0.000574590406203664,122,322.444444444444,10,64,0.0143049403896504
"FWB_0929","FWB_0929_2021","Carassius gibelio_TR5","TR5","Cyprinidae","Carassius gibelio","species","lentic",26.200358,40.780834,0.607125562089243,0.0134369481796748,0.2429900586286,0.0158877537887132,178.2,1855.73333333333,10,110,0.0293247019683881
"FWB_0929","FWB_0929_2021","Cyprinus carpio_TR5","TR5","Cyprinidae","Cyprinus carpio","species","lentic",26.200358,40.780834,0.242796610169492,0.0959049592600751,0.736897782309457,0.0769051614858002,170.7,21013.5666666667,10,436,0.172810120745875
"FWB_0929","FWB_0929_2021","Esox lucius_TR5","TR5","Esocidae","Esox lucius","species","lentic",26.200358,40.780834,0.561527153234175,0.000872264303595614,0.238911547285241,0.00680010447091733,808.5,14792,2,172,0.00767236877451294
"FWB_0929","FWB_0929_2021","Gambusia holbrooki_TR5","TR5","Poeciliidae","Gambusia holbrooki","species","lentic",26.200358,40.780834,0.580951660325147,0.00681290773321782,0.362039574305379,0.0206786928617641,34.5,61.1428571428571,8,20,0.027491600594982
"FWB_0929","FWB_0929_2021","Perca fluviatilis_TR5","TR5","Percidae","Perca fluviatilis","species","lentic",26.200358,40.780834,0.894490564587417,0.00574307583997001,0.475436882204662,0.00442300825339163,153,2709,9,127,0.0101660840933616
"FWB_0929","FWB_0929_2021","Pseudorasbora parva_TR5","TR5","Gobionidae","Pseudorasbora parva","species","lentic",26.200358,40.780834,0.482661708751297,0.00379151500840942,0.175599031353556,0.000442840330842337,NA,NA,2,NA,0.00423435533925176
"FWB_0929","FWB_0929_2021","Rutilus rutilus_TR5","TR5","Leuciscidae","Rutilus rutilus","species","lentic",26.200358,40.780834,0.645857834659287,0.0053364653506207,0.42458577619169,0.0286212705869028,147.3,711.788888888889,10,90,0.0339577359375235
"FWB_0929","FWB_0929_2021","Sander lucioperca_TR5","TR5","Percidae","Sander lucioperca","species","lentic",26.200358,40.780834,0.922319266689727,0.00303642894718835,0.567021412184553,0.0228308739093093,343.1,6151.65555555556,10,235,0.0258673028564976
"FWB_0929","FWB_0929_2021","Silurus glanis_TR5","TR5","Siluridae","Silurus glanis","species","lentic",26.200358,40.780834,0.629156989672382,0.019709872377597,0.467881723171043,0.00274076421448512,582.142857142857,998.809523809524,7,95,0.0224506365920821
"FWB_0930","FWB_0930_2021","Atherina boyeri_TR6","TR6","Atherinidae","Atherina boyeri","species","lentic",29.693112,40.414397,0.229251737230461,0.000738518160931521,0.603467805175569,0.000817217532125239,89.75,125.642857142857,8,28,0.00155573569305676
"FWB_0930","FWB_0930_2021","Capoeta tinca_TR6","TR6","Cyprinidae","Capoeta tinca","species","lentic",29.693112,40.414397,0.696038398166058,NA,0.739217565565914,NA,256,NA,1,0,NA
"FWB_0930","FWB_0930_2021","Carassius gibelio_TR6","TR6","Cyprinidae","Carassius gibelio","species","lentic",29.693112,40.414397,0.0731857582921413,0.00161428957899269,0.630974993465191,0.0127958295513965,137.8,327.288888888889,10,60,0.0144101191303892
"FWB_0930","FWB_0930_2021","Cyprinus carpio_TR6","TR6","Cyprinidae","Cyprinus carpio","species","lentic",29.693112,40.414397,0.115785514721685,0.0152241461461878,0.723751851529145,0.00721209615880889,104,282,4,37,0.0224362423049967
"FWB_0930","FWB_0930_2021","Gambusia holbrooki_TR6","TR6","Poeciliidae","Gambusia holbrooki","species","lentic",29.693112,40.414397,0.332731571029443,0.0036823678652154,0.907179576544393,0.00452255277621828,40.6,27.8222222222222,10,15,0.00820492064143368
"FWB_0930","FWB_0930_2021","Knipowitschia caucasica_TR6","TR6","Gobiidae","Knipowitschia caucasica","species","lentic",29.693112,40.414397,0.175524239354027,0.00523933208558243,0.713314828414593,0.0118585062235997,27.8571428571429,7.80952380952381,7,7,0.0170978383091822
"FWB_0930","FWB_0930_2021","Proterorhinus semilunaris_TR6","TR6","Gobiidae","Proterorhinus semilunaris","species","lentic",29.693112,40.414397,0.181832509492084,0.0114247813465736,0.537230983706544,0.0250313196713652,31,4.66666666666667,5,NA,0.0364561010179388
"FWB_0930","FWB_0930_2021","Rutilus frisii_TR6","TR6","Leuciscidae","Rutilus frisii","species","lentic",29.693112,40.414397,0.246092126943191,0.00420477649471645,0.654848828090965,0.0336621021660527,218.4,4342.26666666667,10,209,0.0378668786607691
"FWB_0930","FWB_0930_2021","Rutilus rutilus_TR6","TR6","Leuciscidae","Rutilus rutilus","species","lentic",29.693112,40.414397,0.231993695823483,0.000563739471316999,0.475821207632657,0.00296370855384029,143.2,114.844444444444,10,37,0.00352744802515729
"FWB_0930","FWB_0930_2021","Salaria fluviatilis_TR6","TR6","Blenniidae","Salaria fluviatilis","species","lentic",29.693112,40.414397,0.171058098717673,0.0119102038758337,0.719473730068833,0.00715397134848355,33.8,15.2,10,NA,0.0190641752243173
"FWB_0930","FWB_0930_2021","Silurus glanis_TR6","TR6","Siluridae","Silurus glanis","species","lentic",29.693112,40.414397,0.472068199727774,0.0701738839616789,0.3233684760826,0.0417952314301551,NA,NA,10,NA,0.111969115391834
"FWB_0930","FWB_0930_2021","Vimba vimba_TR6","TR6","Leuciscidae","Vimba vimba","species","lentic",29.693112,40.414397,0.25444516082814,0.00213964754404614,0.486120066219395,0.00424127478811758,142,443.5,5,53,0.00638092233216372
"FWB_0932","FWB_0932_2021","Carassius gibelio_TR8","TR8","Cyprinidae","Carassius gibelio","species","lentic",26.323628,40.833216,0.111870970716377,0.0341701847744807,0.577076358998884,0.1034074484742,61.7272727272727,5021.61818181818,11,242,0.13757763324868
"FWB_0932","FWB_0932_2021","Cyprinus carpio_TR8","TR8","Cyprinidae","Cyprinus carpio","species","lentic",26.323628,40.833216,0.156693952653719,0.0321784720437146,0.622595004230585,0.0450824249206604,79.4615384615385,3294.9358974359,13,180,0.077260896964375
"FWB_0932","FWB_0932_2021","Gambusia holbrooki_TR8","TR8","Poeciliidae","Gambusia holbrooki","species","lentic",26.323628,40.833216,0.534143736408972,0.00107022884811883,0.43780705186731,0.0194404312721045,42.2,13.5111111111111,11,NA,0.0205106601202233
"FWB_0932","FWB_0932_2021","Lepomis gibbosus_TR8","TR8","Centrarchidae","Lepomis gibbosus","species","lentic",26.323628,40.833216,0.575378243597329,0.00196315944776888,0.699792762633509,0.00763398914182606,53.6,161.822222222222,10,40,0.00959714858959494
"FWB_0932","FWB_0932_2021","Perca fluviatilis_TR8","TR8","Percidae","Perca fluviatilis","species","lentic",26.323628,40.833216,0.852142676020624,0.00647177961305335,0.27366491311972,0.00393424077108482,172.6,4697.37777777778,10,157,0.0104060203841382
"FWB_0932","FWB_0932_2021","Rutilus rutilus_TR8","TR8","Leuciscidae","Rutilus rutilus","species","lentic",26.323628,40.833216,0.518857239455667,0.00190986670118391,0.155157022158457,0.00333696516365625,102.9,12.5444444444444,10,9,0.00524683186484016
"FWB_0932","FWB_0932_2021","Sander lucioperca_TR8","TR8","Percidae","Sander lucioperca","species","lentic",26.323628,40.833216,0.908148085537994,0.00286524577405488,0.191806153355651,0.00364427008225368,230.1,8668.98888888889,10,245,0.00650951585630856
"FWB_0933","FWB_0933_2021","Alburnus nasreddini_TR9","TR9","Leuciscidae","Alburnus nasreddini","species","lentic",30.791541,38.786808,0.671782973407103,0.0132592994694524,0.427071440927175,0.0125441983924706,159.052631578947,435.719298245614,20,NA,0.025803497861923
"FWB_0933","FWB_0933_2021","Atherina boyeri_TR9","TR9","Atherinidae","Atherina boyeri","species","lentic",30.791541,38.786808,0.702534356594681,0.0306923478172473,0.599100501643314,0.0228584294943439,90.9,221.877777777778,10,38,0.0535507773115912
"FWB_0933","FWB_0933_2021","Carassius gibelio_TR9","TR9","Cyprinidae","Carassius gibelio","species","lentic",30.791541,38.786808,0.446240534407588,0.03394733030808,0.549591848502072,0.0565395142712693,202.571428571429,3229.18681318681,21,NA,0.0904868445793493
"FWB_0933","FWB_0933_2021","Cyprinus carpio_TR9","TR9","Cyprinidae","Cyprinus carpio","species","lentic",30.791541,38.786808,0.498911297519186,0.016480433963486,0.369659228507179,0.0402031139413957,178.25,1026.91666666667,5,NA,0.0566835479048817
"FWB_0933","FWB_0933_2021","Perca fluviatilis_TR9","TR9","Percidae","Perca fluviatilis","species","lentic",30.791541,38.786808,0.808950562198822,0.0165164306464247,0.355647811797267,0.0292227214306539,229.25,1656.51315789474,20,145,0.0457391520770785
"FWB_0934","FWB_0934_2012","Ambloplites rupestris_Angle","Angle","Centrarchidae","Ambloplites rupestris","species","lentic",-122.2883167,47.4261167,0.847939488784559,0.0287253378265302,0.565189893431996,0.0225001884948368,129.333333333333,860.266666666667,6,79,0.051225526321367
"FWB_0934","FWB_0934_2012","Cottidae_Angle","Angle","Cottidae","Cottidae sp.","family","lentic",-122.2883167,47.4261167,0.180542514345331,0.0734978378938792,0.451538437213421,0.0350434084716817,122.333333333333,265.466666666667,6,39,0.108541246365561
"FWB_0934","FWB_0934_2012","Lepomis gibbosus_Angle","Angle","Centrarchidae","Lepomis gibbosus","species","lentic",-122.2883167,47.4261167,0.465179968701095,0.0574095625745431,0.832060525566834,0.0326055515661619,92,412.666666666667,4,47,0.090015114140705
"FWB_0934","FWB_0934_2012","Micropterus salmoides_Angle","Angle","Centrarchidae","Micropterus salmoides","species","lentic",-122.2883167,47.4261167,0.576317162232655,0.0142463078476656,0.534310470227366,0.00964550361867937,67.6666666666667,15.4666666666667,6,10,0.0238918114663449
"FWB_0934","FWB_0934_2012","Oncorhynchus mykiss_Angle","Angle","Salmonidae","Oncorhynchus mykiss","species","lentic",-122.2883167,47.4261167,0.541158059467919,0.0133465582225749,0.354710179299877,0.251638622597901,222,648,2,36,0.264985180820476
"FWB_0934","FWB_0934_2012","Perca flavescens_Angle","Angle","Percidae","Perca flavescens","species","lentic",-122.2883167,47.4261167,0.711048513302034,0.00875465136497999,0.267697561901148,0.00118726952506888,211.8,52.2,5,18,0.00994192089004887
"FWB_0937","FWB_0937_2016","Catostomus clarkii_BURRO-01","BURRO-01","Catostomidae","Catostomus clarkii","species","lotic",-113.24591,34.73391,0.219650655021834,0.0271111026359782,0.366439909297052,0.0731007713407022,163,1578,10,93,0.10021187397668
"FWB_0937","FWB_0937_2016","Catostomus insignis_BURRO-01","BURRO-01","Catostomidae","Catostomus insignis","species","lotic",-113.24591,34.73391,0.490538573508006,0.00105038678387775,0.45427059712774,0.0010712271807186,291.666666666667,2508.33333333333,3,95,0.00212161396459635
"FWB_0937","FWB_0937_2016","Gila robusta_BURRO-01","BURRO-01","Leuciscidae","Gila robusta","species","lotic",-113.24591,34.73391,0.638427947598253,0.0570579847405232,0.356235827664399,0.0437979945484534,145.9,2005.43333333333,10,139,0.100855979288977
"FWB_0937","FWB_0937_2016","Lepomis cyanellus_BURRO-01","BURRO-01","Centrarchidae","Lepomis cyanellus","species","lotic",-113.24591,34.73391,0.559437166424066,0.00791219868254059,0.220458553791887,0.0124276635992434,111.666666666667,447,9,60,0.020339862281784
"FWB_0937","FWB_0937_2016","Rhinichthys osculus_BURRO-01","BURRO-01","Leuciscidae","Rhinichthys osculus","species","lotic",-113.24591,34.73391,0.383460698689956,0.0220873219427547,0.240362811791384,0.00677407341297389,75.75,187.642857142857,8,37,0.0288613953557286
"FWB_0938","FWB_0938_2016","Catostomus clarkii_BURRO-02","BURRO-02","Catostomidae","Catostomus clarkii","species","lotic",-113.24429,34.73655,0.462763915547025,0.0453517420810498,0.316836734693878,0.0330111296219168,172.5,1024.5,10,107,0.0783628717029666
"FWB_0938","FWB_0938_2016","Gila robusta_BURRO-02","BURRO-02","Leuciscidae","Gila robusta","species","lotic",-113.24429,34.73655,0.768607378972062,0.0132635739544792,0.350056689342404,0.0679661107640335,150.111111111111,2224.11111111111,9,165,0.0812296847185126
"FWB_0938","FWB_0938_2016","Lepomis cyanellus_BURRO-02","BURRO-02","Centrarchidae","Lepomis cyanellus","species","lotic",-113.24429,34.73655,0.652164640648326,0.00581045031680712,0.187074829931973,0.035506039150354,88.5555555555556,328.527777777778,9,59,0.0413164894671611
"FWB_0938","FWB_0938_2016","Rhinichthys osculus_BURRO-02","BURRO-02","Leuciscidae","Rhinichthys osculus","species","lotic",-113.24429,34.73655,0.605429119824513,0.0105202200390473,0.319606413994169,0.00755699510124748,71.2857142857143,24.5714285714286,7,15,0.0180772151402948
"FWB_0939","FWB_0939_2016","Ameiurus natalis_BURRO-06","BURRO-06","Ictaluridae","Ameiurus natalis","species","lotic",-113.35178,34.56383,0.661057692307692,0.0500724235700197,0.429256594724221,0.0499782428254039,150.714285714286,2229.57142857143,7,116,0.100050666395424
"FWB_0939","FWB_0939_2016","Catostomus clarkii_BURRO-06","BURRO-06","Catostomidae","Catostomus clarkii","species","lotic",-113.35178,34.56383,0.287860576923077,0.0474427352995562,0.787170263788969,0.0266889605821338,197.25,4172.91666666667,4,142,0.07413169588169
"FWB_0939","FWB_0939_2016","Cyprinella lutrensis_BURRO-06","BURRO-06","Leuciscidae","Cyprinella lutrensis","species","lotic",-113.35178,34.56383,0.350160256410256,0.00269854844674557,0.645883293365308,0.0052749167572417,59.4444444444444,9.27777777777778,9,8,0.00797346520398727
"FWB_0939","FWB_0939_2016","Lepomis cyanellus_BURRO-06","BURRO-06","Centrarchidae","Lepomis cyanellus","species","lotic",-113.35178,34.56383,0.347355769230769,0.102750939965483,0.661870503597123,0.0372153116835069,113.25,2278.91666666667,4,103,0.13996625164899
"FWB_0940","FWB_0940_2016","Ameiurus natalis_BURRO-07","BURRO-07","Ictaluridae","Ameiurus natalis","species","lotic",-113.35692,34.55859,0.649622166246851,0.0651224091122828,0.346265560165975,0.0273339053314432,133.8,967.733333333333,10,85,0.092456314443726
"FWB_0940","FWB_0940_2016","Catostomus clarkii_BURRO-07","BURRO-07","Catostomidae","Catostomus clarkii","species","lotic",-113.35692,34.55859,0.107304785894207,0.00689216140364235,0.745850622406639,0.0220183402872234,138.4,68.4888888888889,10,27,0.0289105016908657
"FWB_0940","FWB_0940_2016","Cyprinella lutrensis_BURRO-07","BURRO-07","Leuciscidae","Cyprinella lutrensis","species","lotic",-113.35692,34.55859,0.334652752788773,0.0139679598910988,0.497628927089508,0.00693920067295182,55,38,7,15,0.0209071605640506
"FWB_0940","FWB_0940_2016","Lepomis cyanellus_BURRO-07","BURRO-07","Centrarchidae","Lepomis cyanellus","species","lotic",-113.35692,34.55859,0.323173803526448,0.0470645006877075,0.479460580912863,0.0171010695790745,75.3,481.122222222222,10,65,0.064165570266782
"FWB_0941","FWB_0941_2016","Ameiurus natalis_BURRO-08","BURRO-08","Ictaluridae","Ameiurus natalis","species","lotic",-113.44775,34.54052,0.772990353697749,0.0850836713617289,0.591873589164785,0.0496940111796748,153.1,764.766666666667,10,84,0.134777682541404
"FWB_0941","FWB_0941_2016","Lepomis cyanellus_BURRO-08","BURRO-08","Centrarchidae","Lepomis cyanellus","species","lotic",-113.44775,34.54052,0.327009646302251,0.0208895230152248,0.88510158013544,0.00635298353961888,83,370.888888888889,10,63,0.0272425065548436
"FWB_0942","FWB_0942_2016","Cyprinella lutrensis_BURRO-09","BURRO-09","Leuciscidae","Cyprinella lutrensis","species","lotic",-113.4439,34.54193,0.692430278884462,0.0464359472248236,0.73598615916955,0.0248056044454555,55.6,9.15555555555556,10,9,0.0712415516702791
"FWB_0942","FWB_0942_2016","Lepomis cyanellus_BURRO-09","BURRO-09","Centrarchidae","Lepomis cyanellus","species","lotic",-113.4439,34.54193,0.367729083665339,0.0886407446795377,0.342906574394464,0.0619736353731397,78,115.333333333333,10,33,0.150614380052677
"FWB_0943","FWB_0943_2015","Oncorhynchus mykiss_Cabin Bay","Cabin Bay","Salmonidae","Oncorhynchus mykiss","species","lentic",-154.20425,59.730456,0.43978102189781,0.189526418784521,0.126517967781908,0.0160558250377352,253.6,4519.3,5,170,0.205582243822256
"FWB_0943","FWB_0943_2015","Salvelinus alpinus_Cabin Bay","Cabin Bay","Salmonidae","Salvelinus alpinus","species","lentic",-154.20425,59.730456,0.496198296836983,0.09028348187417,0.429894671623296,0.149499637107568,390,1250,4,NA,0.239783118981738
"FWB_0945","FWB_0945_2016","Catostomus clarkii_CONGER-01","CONGER-01","Catostomidae","Catostomus clarkii","species","lotic",-113.13209,34.7642,0.245762711864407,0.0269718152510454,0.513975155279503,0.091976582693569,155.8,122.4,10,31,0.118948397944614
"FWB_0945","FWB_0945_2016","Gila robusta_CONGER-01","CONGER-01","Leuciscidae","Gila robusta","species","lotic",-113.13209,34.7642,0.413135593220339,0.0455697995467458,0.640062111801242,0.103297733712262,140.7,6326.67777777778,10,209,0.148867533259008
"FWB_0945","FWB_0945_2016","Rhinichthys osculus_CONGER-01","CONGER-01","Leuciscidae","Rhinichthys osculus","species","lotic",-113.13209,34.7642,0.601694915254237,0.0430705462305577,0.365683229813665,0.0161031871565802,75.875,118.982142857143,8,32,0.0591737333871379
"FWB_0946","FWB_0946_2016","Catostomus clarkii_CONGER-02","CONGER-02","Catostomidae","Catostomus clarkii","species","lotic",-113.13364,34.76405,0.612252964426878,0.0362811826809077,0.188317757009346,0.0209875734470313,147.4,414.044444444444,10,75,0.0572687561279391
"FWB_0946","FWB_0946_2016","Gila robusta_CONGER-02","CONGER-02","Leuciscidae","Gila robusta","species","lotic",-113.13364,34.76405,0.618577075098814,0.0977614259105925,0.514797507788162,0.0466412237200079,133.5,1748.5,10,122,0.1444026496306
"FWB_0946","FWB_0946_2016","Rhinichthys osculus_CONGER-02","CONGER-02","Leuciscidae","Rhinichthys osculus","species","lotic",-113.13364,34.76405,0.647233201581028,0.00129539075234214,0.246495327102804,0.0124422559951864,74,183.333333333333,4,32,0.0137376467475285
"FWB_0947","FWB_0947_2009","Ameiurus nebulosus_Cottage","Cottage","Ictaluridae","Ameiurus nebulosus","species","lentic",-122.0866167,47.7539167,0.462578268876611,0.0148229402846881,0.465145388022338,0.00550393727364534,245.166666666667,714.966666666667,6,65,0.0203268775583334
"FWB_0947","FWB_0947_2009","Cottidae_Cottage","Cottage","Cottidae","Cottidae sp.","family","lentic",-122.0866167,47.7539167,0.513480662983425,0.0956366655474498,0.417182470908641,0.0204748495980045,138.5,12.5,2,5,0.116111515145454
"FWB_0947","FWB_0947_2009","Lepomis gibbosus_Cottage","Cottage","Centrarchidae","Lepomis gibbosus","species","lentic",-122.0866167,47.7539167,0.293543804262036,0.0208776486559949,0.725132340631226,0.0190574565068582,96.7142857142857,1535.2380952381,7,99,0.039935105162853
"FWB_0947","FWB_0947_2009","Micropterus salmoides_Cottage","Cottage","Centrarchidae","Micropterus salmoides","species","lentic",-122.0866167,47.7539167,0.822199899547966,0.0247512480194022,0.809958960738857,0.00866542284622414,85.7272727272727,452.818181818182,11,71,0.0334166708656264
"FWB_0947","FWB_0947_2009","Oncorhynchus mykiss_Cottage","Cottage","Salmonidae","Oncorhynchus mykiss","species","lentic",-122.0866167,47.7539167,0.582541436464088,0.0135449247580965,0.426920854997111,0.0850818818737332,290.5,4750.7,6,179,0.0986268066318298
"FWB_0947","FWB_0947_2009","Perca flavescens_Cottage","Cottage","Percidae","Perca flavescens","species","lentic",-122.0866167,47.7539167,0.515491712707182,0.0654078550037477,0.520764215564909,0.0949046937699602,159.7,5094.67777777778,10,170,0.160312548773708
"FWB_0947","FWB_0947_2009","Pomoxis nigromaculatus_Cottage","Cottage","Centrarchidae","Pomoxis nigromaculatus","species","lentic",-122.0866167,47.7539167,0.846906077348066,0.00829696692205164,0.707642155649088,0.00559443457521684,82.75,28.9166666666667,4,13,0.0138914014972685
"FWB_0950","FWB_0950_2008","Agosia chrysogaster_East Fork","East Fork","Leuciscidae","Agosia chrysogaster","species","lotic",-108.1252318,33.3003293,0.519751082251082,0.00244217620145264,0.168720190779014,0.0113143246384619,37.5,102.571428571429,8,33,0.0137565008399146
"FWB_0950","FWB_0950_2008","Catostomus clarkii_East Fork","East Fork","Catostomidae","Catostomus clarkii","species","lotic",-108.1252318,33.3003293,0.238095238095238,0.0142229343528045,0.531290648937708,0.0736419219351979,170.727272727273,5434.61818181818,11,199,0.0878648562880024
"FWB_0950","FWB_0950_2008","Catostomus insignis_East Fork","East Fork","Catostomidae","Catostomus insignis","species","lotic",-108.1252318,33.3003293,0.403679653679654,0.0203981684501165,0.31637519872814,0.0513728354745843,254.4375,24918.2625,16,455,0.0717710039247008
"FWB_0950","FWB_0950_2008","Gambusia affinis_East Fork","East Fork","Poeciliidae","Gambusia affinis","species","lotic",-108.1252318,33.3003293,0.529220779220779,0.0120078334364048,0.415871754107048,0.0458994889229623,3860.41666666667,174458342.265152,12,45780,0.0579073223593671
"FWB_0950","FWB_0950_2008","Gila nigra_East Fork","East Fork","Leuciscidae","Gila nigra","species","lotic",-108.1252318,33.3003293,0.531024531024531,0.0025549246328467,0.550079491255962,0.0213906041082698,269,252,3,30,0.0239455287411165
"FWB_0950","FWB_0950_2008","Lepomis cyanellus_East Fork","East Fork","Centrarchidae","Lepomis cyanellus","species","lotic",-108.1252318,33.3003293,0.895670995670996,0.0051287457131613,0.62543720190779,0.00213526909496235,77.6,398.3,5,53,0.00726401480812364
"FWB_0950","FWB_0950_2008","Micropterus dolomieu_East Fork","East Fork","Centrarchidae","Micropterus dolomieu","species","lotic",-108.1252318,33.3003293,0.925685425685426,0.0041525333733126,0.391096979332274,0.00311140655291034,282,225,3,30,0.00726393992622294
"FWB_0951","FWB_0951_2012","Micropterus salmoides_Fern","Fern","Centrarchidae","Micropterus salmoides","species","lentic",-122.7645149,47.4029116,0.268946174961213,0.0359446893216367,0.402975601714474,0.0152910062446129,164.444444444444,2211.02777777778,9,123,0.0512356955662496
"FWB_0951","FWB_0951_2012","Oncorhynchus clarkii_Fern","Fern","Salmonidae","Oncorhynchus clarkii","species","lentic",-122.7645149,47.4029116,0.375537056928034,0.031318970858172,0.291876854599407,0.0142913724255739,201.5,1153.66666666667,4,81,0.0456103432837458
"FWB_0951","FWB_0951_2012","Oncorhynchus mykiss_Fern","Fern","Salmonidae","Oncorhynchus mykiss","species","lentic",-122.7645149,47.4029116,0.763739706408879,0.0300178312322159,0.400358555885262,0.214979194182978,345.666666666667,4986.26666666667,6,192,0.244997025415194
"FWB_0954","FWB_0954_2016","Catostomus clarkii_FRANCIS-02","FRANCIS-02","Catostomidae","Catostomus clarkii","species","lotic",-113.35511,34.80721,0.333226837060703,0.0166788587319571,0.254211663066955,0.0312856699325825,120.2,821.288888888889,10,72,0.0479645286645396
"FWB_0954","FWB_0954_2016","Catostomus insignis_FRANCIS-02","FRANCIS-02","Catostomidae","Catostomus insignis","species","lotic",-113.35511,34.80721,0.596166134185304,0.0394755257048432,0.439308855291577,0.0189892713550519,140.5,2317.38888888889,10,162,0.0584647970598951
"FWB_0954","FWB_0954_2016","Gila robusta_FRANCIS-02","FRANCIS-02","Leuciscidae","Gila robusta","species","lotic",-113.35511,34.80721,0.430670926517572,0.119527152012938,0.730669546436285,0.0699355369065076,91.8,1889.51111111111,10,106,0.189462688919446
"FWB_0955","FWB_0955_2016","Ameiurus melas_FRANCIS-03","FRANCIS-03","Ictaluridae","Ameiurus melas","species","lotic",-113.26434,34.76313,0.48265306122449,0.0620947868943496,0.472744014732965,0.0293936142831679,181.7,3672.23333333333,10,152,0.0914884011775175
"FWB_0955","FWB_0955_2016","Catostomus clarkii_FRANCIS-03","FRANCIS-03","Catostomidae","Catostomus clarkii","species","lotic",-113.26434,34.76313,0.159013605442177,0.0194155213105651,0.543585021485574,0.0852102827775122,197.666666666667,1045.06666666667,6,75,0.104625804088077
"FWB_0955","FWB_0955_2016","Gila robusta_FRANCIS-03","FRANCIS-03","Leuciscidae","Gila robusta","species","lotic",-113.26434,34.76313,0.242091836734694,0.0124303675551853,0.440515653775323,0.028467151359208,139.4,2589.37777777778,10,115,0.0408975189143933
"FWB_0955","FWB_0955_2016","Lepomis cyanellus_FRANCIS-03","FRANCIS-03","Centrarchidae","Lepomis cyanellus","species","lotic",-113.26434,34.76313,0.665816326530612,0.0662513304641585,0.511418047882136,0.0751413246931292,110.4,1984.71111111111,10,108,0.141392655157288
"FWB_0956","FWB_0956_2016","Ameiurus melas_FRANCIS-04","FRANCIS-04","Ictaluridae","Ameiurus melas","species","lotic",-113.25307,34.74886,0.504434589800443,0.0124431268501357,0.327813163481953,0.0306838381243022,187.6,344.933333333333,10,52,0.0431269649744379
"FWB_0956","FWB_0956_2016","Catostomus clarkii_FRANCIS-04","FRANCIS-04","Catostomidae","Catostomus clarkii","species","lotic",-113.25307,34.74886,0.307317073170732,0.0187098391846648,0.518046709129512,0.0485723258249527,161.4,2472.04444444444,10,136,0.0672821650096174
"FWB_0956","FWB_0956_2016","Catostomus insignis_FRANCIS-04","FRANCIS-04","Catostomidae","Catostomus insignis","species","lotic",-113.25307,34.74886,0.591278640059128,0.000178629079175294,0.789101203113942,0.00162879419644399,323.333333333333,58.3333333333333,3,15,0.00180742327561929
"FWB_0956","FWB_0956_2016","Gila robusta_FRANCIS-04","FRANCIS-04","Leuciscidae","Gila robusta","species","lotic",-113.25307,34.74886,0.456984478935698,0.0132867805194883,0.4276008492569,0.0157361954432829,145.4,1834.48888888889,10,114,0.0290229759627712
"FWB_0956","FWB_0956_2016","Lepomis cyanellus_FRANCIS-04","FRANCIS-04","Centrarchidae","Lepomis cyanellus","species","lotic",-113.25307,34.74886,0.607538802660754,0.0267867141481332,0.752866242038217,0.0326081392629055,113.5,2456.27777777778,10,122,0.0593948534110388
"FWB_0956","FWB_0956_2016","Rhinichthys osculus_FRANCIS-04","FRANCIS-04","Leuciscidae","Rhinichthys osculus","species","lotic",-113.25307,34.74886,0.564424735156442,0.0143437238645719,0.452937013446568,0.00360393254628316,75,14.5,9,11,0.017947656410855
"FWB_0957","FWB_0957_2009","Lepomis gibbosus_Killarney","Killarney","Centrarchidae","Lepomis gibbosus","species","lentic",-122.2909,47.2867,0.782452830188679,NA,0.354999308532706,NA,149,NA,1,0,NA
"FWB_0957","FWB_0957_2009","Lepomis macrochirus_Killarney","Killarney","Centrarchidae","Lepomis macrochirus","species","lentic",-122.2909,47.2867,0.673034591194968,0.0537270685674833,0.555248236758401,0.0487105791467203,100.916666666667,1149.53787878788,12,99,0.102437647714204
"FWB_0957","FWB_0957_2009","Micropterus salmoides_Killarney","Killarney","Centrarchidae","Micropterus salmoides","species","lentic",-122.2909,47.2867,0.906297169811321,0.00553200617911815,0.542058498133038,0.0117237397143506,87.5,1021.14285714286,8,82,0.0172557458934687
"FWB_0957","FWB_0957_2009","Perca flavescens_Killarney","Killarney","Percidae","Perca flavescens","species","lentic",-122.2909,47.2867,0.721462264150943,0.0194526740347584,0.432328400866639,0.059598358364039,171.083333333333,2229.53787878788,12,155,0.0790510323987974
"FWB_0959","FWB_0959_2015","Alosa pseudoharengus_Lake Michigan","Lake Michigan","Alosidae","Alosa pseudoharengus","species","lentic",-87,44,0.219466683884298,0.0146490243388381,0.432409274193548,0.0103265907131264,113.385866122656,1310.70420028953,160,NA,0.0249756150519645
"FWB_0959","FWB_0959_2015","Catostomus commersonii_Lake Michigan","Lake Michigan","Catostomidae","Catostomus commersonii","species","lentic",-87,44,0.307668935342732,0.0223816619550457,0.725047438330171,0.034941505478362,148,NA,17,NA,0.0573231674334077
"FWB_0959","FWB_0959_2015","Coregonus clupeaformis_Lake Michigan","Lake Michigan","Salmonidae","Coregonus clupeaformis","species","lentic",-87,44,0.360802076711168,0.0106539830215391,0.591149710504549,0.0221645998952396,438.045658966667,47271.9938602892,39,854.4838433,0.0328185829167787
"FWB_0959","FWB_0959_2015","Coregonus hoyi_Lake Michigan","Lake Michigan","Salmonidae","Coregonus hoyi","species","lentic",-87,44,0.3564136398361,0.0308616355068003,0.469673353212253,0.00953687695646523,131.680062525,2915.38914288179,119,NA,0.0403985124632655
"FWB_0959","FWB_0959_2015","Cottus cognatus_Lake Michigan","Lake Michigan","Cottidae","Cottus cognatus","species","lentic",-87,44,0.526542615220808,0.021863088520551,0.54947061151791,0.00990085061510081,628.868905644172,25644929.4976304,163,45972.03,0.0317639391356518
"FWB_0959","FWB_0959_2015","Lota lota_Lake Michigan","Lake Michigan","Lotidae","Lota lota","species","lentic",-87,44,0.581818181818182,0.0666331975095173,0.683508064516129,0.0191809843775672,399.8125,79654.5625,20,NA,0.0858141818870845
"FWB_0959","FWB_0959_2015","Myoxocephalus thompsonii_Lake Michigan","Lake Michigan","Cottidae","Myoxocephalus thompsonii","species","lentic",-87,44,0.488701954611046,0.00896891934244094,0.476254480286738,0.00286640213860263,70.3315746888889,796.394556228164,63,110.31,0.0118353214810436
"FWB_0959","FWB_0959_2015","Neogobius melanostomus_Lake Michigan","Lake Michigan","Gobiidae","Neogobius melanostomus","species","lentic",-87,44,0.244927223387196,0.00477022090039416,0.719529369282619,0.020330779751867,77.8559256291045,830.474319814767,134,146.86,0.0251010006522611
"FWB_0959","FWB_0959_2015","Notropis hudsonius_Lake Michigan","Lake Michigan","Leuciscidae","Notropis hudsonius","species","lentic",-87,44,0.320081311650227,0.0122148487676014,0.73366285119667,0.0121657547581484,59.1378616645161,408.780589334221,31,87.79,0.0243806035257498
"FWB_0959","FWB_0959_2015","Oncorhynchus kisutch_Lake Michigan","Lake Michigan","Salmonidae","Oncorhynchus kisutch","species","lentic",-87,44,0.382725953930016,0.00341281188017916,0.622288949897049,0.00450325952837867,579.372340425532,3137.33299016243,94,336,0.00791607140855783
"FWB_0959","FWB_0959_2015","Oncorhynchus mykiss_Lake Michigan","Lake Michigan","Salmonidae","Oncorhynchus mykiss","species","lentic",-87,44,0.374811161468053,0.00423141094981371,0.625476933749566,0.00166059523253545,638.41935483871,8553.63744740533,93,454,0.00589200618234917
"FWB_0959","FWB_0959_2015","Oncorhynchus tshawytscha_Lake Michigan","Lake Michigan","Salmonidae","Oncorhynchus tshawytscha","species","lentic",-87,44,0.44861606924544,0.00465876251618789,0.555716739835846,0.00427428517478946,652.958579881657,20397.8018455903,169,591,0.00893304769097735
"FWB_0959","FWB_0959_2015","Osmerus mordax_Lake Michigan","Lake Michigan","Osmeridae","Osmerus mordax","species","lentic",-87,44,0.299097433666812,0.0133324426198798,0.52911714770798,0.00734267651873353,70.7521793368421,383.492215589858,19,93.1997716,0.0206751191386134
"FWB_0959","FWB_0959_2015","Perca flavescens_Lake Michigan","Lake Michigan","Percidae","Perca flavescens","species","lentic",-87,44,0.269398530762167,0.0131546038171696,0.669175627240143,0.0111632180687852,121.696881388889,5623.48622866071,27,323.0796406,0.0243178218859547
"FWB_0959","FWB_0959_2015","Salmo trutta_Lake Michigan","Lake Michigan","Salmonidae","Salmo trutta","species","lentic",-87,44,0.434323347107438,0.00348960153060688,0.64179435483871,0.00766245389084554,531.925,9746.99423076923,40,439,0.0111520554214524
"FWB_0959","FWB_0959_2015","Salvelinus namaycush_Lake Michigan","Lake Michigan","Salmonidae","Salvelinus namaycush","species","lentic",-87,44,0.602575265643447,0.00647222039979031,0.533197004608295,0.00900249675018422,618.313559322034,24445.9435752571,140,NA,0.0154747171499745
"FWB_0960","FWB_0960_2013","Micropterus salmoides_Langlois","Langlois","Centrarchidae","Micropterus salmoides","species","lentic",-121.888,47.6371,0.749936714201333,0.0288736171178694,0.318019776216498,0.00916470479685268,139.142857142857,542.142857142857,7,64,0.0380383219147221
"FWB_0960","FWB_0960_2013","Oncorhynchus mykiss_Langlois","Langlois","Salmonidae","Oncorhynchus mykiss","species","lentic",-121.888,47.6371,0.385213624729277,0.129059152455585,0.424499089253188,0.213899303585589,310.166666666667,604.966666666667,6,72,0.342958456041173
"FWB_0962","FWB_0962_2017","Catostomus catostomus_LR01","LR01","Catostomidae","Catostomus catostomus","species","lotic",-105.882212,40.788628,0.471794871794872,0.0142522789368677,0.607928833881261,0.00782005368065605,168.4,469.3,5,51,0.0220723326175237
"FWB_0962","FWB_0962_2017","Salmo trutta_LR01","LR01","Salmonidae","Salmo trutta","species","lotic",-105.882212,40.788628,0.477410372432997,0.0946907165649615,0.462550020082412,0.0822478646405474,118.923076923077,2819.41025641026,13,167,0.176938581205509
"FWB_0962","FWB_0962_2017","Salvelinus fontinalis_LR01","LR01","Salmonidae","Salvelinus fontinalis","species","lotic",-105.882212,40.788628,0.37737556561086,0.0811516371718661,0.621797041191259,0.0515517984411001,125.9375,4494.0625,16,224,0.132703435612966
"FWB_0963","FWB_0963_2016","Catostomus catostomus_LR02","LR02","Catostomidae","Catostomus catostomus","species","lotic",-106.037882,41.030829,0.0702850449043343,0.00324542805569213,0.534470294426919,0.0103105622533588,130.25,5181.35714285714,8,215,0.013555990309051
"FWB_0963","FWB_0963_2016","Catostomus commersonii_LR02","LR02","Catostomidae","Catostomus commersonii","species","lotic",-106.037882,41.030829,0.211310685929975,0.00381943115636926,0.503855590606379,0.0127131337021225,117.333333333333,2984.33333333333,3,104,0.0165325648584918
"FWB_0963","FWB_0963_2016","Rhinichthys cataractae_LR02","LR02","Leuciscidae","Rhinichthys cataractae","species","lotic",-106.037882,41.030829,0.314623194064818,0.0075950447902731,0.410895229901539,0.041805330382003,66.1818181818182,228.536796536797,22,54,0.0494003751722761
"FWB_0963","FWB_0963_2016","Salmo trutta_LR02","LR02","Salmonidae","Salmo trutta","species","lotic",-106.037882,41.030829,0.579055056618509,0.051890347345669,0.648738170347003,0.0366800155111874,201.157894736842,12809.918128655,25,NA,0.0885703628568563
"FWB_0963","FWB_0963_2016","Semotilus atromaculatus_LR02","LR02","Leuciscidae","Semotilus atromaculatus","species","lotic",-106.037882,41.030829,0.412755434075231,0.0174543932022867,0.541692954784437,0.0294695526178574,118.4,3781.54285714286,15,218,0.0469239458201442
"FWB_0964","FWB_0964_2016","Catostomus catostomus_LR03","LR03","Catostomidae","Catostomus catostomus","species","lotic",-105.980393,41.138216,0.266951865432745,0.00871586154061971,0.579736688432341,0.0574818904941051,183.666666666667,32.3333333333333,9,NA,0.0661977520347249
"FWB_0964","FWB_0964_2016","Catostomus commersonii_LR03","LR03","Catostomidae","Catostomus commersonii","species","lotic",-105.980393,41.138216,0.44619471675522,0.00888206427968592,0.688348918162583,0.0432038505623037,222.833333333333,8334.96666666667,7,NA,0.0520859148419896
"FWB_0964","FWB_0964_2016","Luxilus cornutus_LR03","LR03","Leuciscidae","Luxilus cornutus","species","lotic",-105.980393,41.138216,0.451807228915663,0.00419115595092693,0.850836120401338,0.00460529935176271,65,NA,5,NA,0.00879645530268964
"FWB_0964","FWB_0964_2016","Rhinichthys cataractae_LR03","LR03","Leuciscidae","Rhinichthys cataractae","species","lotic",-105.980393,41.138216,0.502455474070194,0.01623271283534,0.533713569039656,0.0190086060878194,73,148.571428571429,8,34,0.0352413189231594
"FWB_0964","FWB_0964_2016","Salmo trutta_LR03","LR03","Salmonidae","Salmo trutta","species","lotic",-105.980393,41.138216,0.406480140510893,0.126514706112367,0.570922683454653,0.0657908856823565,106.294117647059,3025.22058823529,17,161,0.192305591794723
"FWB_0964","FWB_0964_2016","Salvelinus fontinalis_LR03","LR03","Salmonidae","Salvelinus fontinalis","species","lotic",-105.980393,41.138216,0.95848611838659,0.000271692825004428,0.168418537983756,0.000512367003154101,NA,NA,2,NA,0.00078405982815853
"FWB_0964","FWB_0964_2016","Semotilus atromaculatus_LR03","LR03","Leuciscidae","Semotilus atromaculatus","species","lotic",-105.980393,41.138216,0.708448701638853,0.0137047250328992,0.624769640297591,0.0464185541587886,118.285714285714,335.904761904762,7,47,0.0601232791916878
"FWB_0965","FWB_0965_2016","Catostomus catostomus_LR04","LR04","Catostomidae","Catostomus catostomus","species","lotic",-105.722747,41.227001,0.227965277777778,0.00433719560185185,0.410612088218872,0.0580976870228259,148.1875,2464.5625,24,NA,0.0624348826246778
"FWB_0965","FWB_0965_2016","Catostomus commersonii_LR04","LR04","Catostomidae","Catostomus commersonii","species","lotic",-105.722747,41.227001,0.255881578947368,0.00272711848032243,0.505282259249464,0.0270799474321714,169.789473684211,11231.3976608187,38,NA,0.0298070659124938
"FWB_0965","FWB_0965_2016","Cyprinus carpio_LR04","LR04","Cyprinidae","Cyprinus carpio","species","lotic",-105.722747,41.227001,0.560416666666667,0.0243601190476191,0.677205471803462,0.00375424199422752,NA,NA,8,NA,0.0281143610418466
"FWB_0965","FWB_0965_2016","Etheostoma exile_LR04","LR04","Percidae","Etheostoma exile","species","lotic",-105.722747,41.227001,0.427848484848485,0.00329589658489658,0.569552306989493,0.0236651107395814,47,19.1764705882353,22,NA,0.026961007324478
"FWB_0965","FWB_0965_2016","Etheostoma nigrum_LR04","LR04","Percidae","Etheostoma nigrum","species","lotic",-105.722747,41.227001,0.552728395061728,0.00224848749604305,0.505671360919825,0.0271959459127892,53.9230769230769,33.7435897435898,27,NA,0.0294444334088323
"FWB_0965","FWB_0965_2016","Hybognathus hankinsoni_LR04","LR04","Leuciscidae","Hybognathus hankinsoni","species","lotic",-105.722747,41.227001,0.138,0.0315710555555555,0.18715103294249,0.00987088199387659,63,52,4,NA,0.0414419375494321
"FWB_0965","FWB_0965_2016","Luxilus cornutus_LR04","LR04","Leuciscidae","Luxilus cornutus","species","lotic",-105.722747,41.227001,0.377239583333333,0.00436989415322581,0.566103084868788,0.00591941169505423,84.5833333333333,374.628787878788,32,NA,0.01028930584828
"FWB_0965","FWB_0965_2016","Pimephales promelas_LR04","LR04","Leuciscidae","Pimephales promelas","species","lotic",-105.722747,41.227001,0.26025641025641,0.00382122507122507,0.41588283296826,0.00489859840353234,70,NA,13,NA,0.00871982347475741
"FWB_0965","FWB_0965_2016","Rhinichthys cataractae_LR04","LR04","Leuciscidae","Rhinichthys cataractae","species","lotic",-105.722747,41.227001,0.336745614035088,0.00272184194721037,0.392800993270446,0.0105236298717618,69.4761904761905,186.361904761905,38,NA,0.0132454718189722
"FWB_0965","FWB_0965_2016","Salmo trutta_LR04","LR04","Salmonidae","Salmo trutta","species","lotic",-105.722747,41.227001,0.399799578059072,0.0103138136607883,0.633773650248429,0.065902023902206,232.020408163265,23682.7287414966,79,NA,0.0762158375629943
"FWB_0965","FWB_0965_2016","Semotilus atromaculatus_LR04","LR04","Leuciscidae","Semotilus atromaculatus","species","lotic",-105.722747,41.227001,0.532294444444444,0.0393653308537351,0.590957100316397,0.0214584850458884,125.217391304348,815.450592885376,60,NA,0.0608238158996235
"FWB_0966","FWB_0966_2016","Catostomus catostomus_LR05","LR05","Catostomidae","Catostomus catostomus","species","lotic",-105.605355,41.309678,0.577328527099562,0.0144996927912117,0.281589188248312,0.00715642398498178,141.0625,2197.12916666667,23,NA,0.0216561167761935
"FWB_0966","FWB_0966_2016","Catostomus commersonii_LR05","LR05","Catostomidae","Catostomus commersonii","species","lotic",-105.605355,41.309678,0.57927934809264,0.0384582957506775,0.635035605431834,0.00877336324715732,174.9,13832.5444444444,41,NA,0.0472316589978349
"FWB_0966","FWB_0966_2016","Cyprinus carpio_LR05","LR05","Cyprinidae","Cyprinus carpio","species","lotic",-105.605355,41.309678,0.304400857095764,0.0513020298116557,0.595510437517873,0.0108697483173003,53.5,147,5,NA,0.062171778128956
"FWB_0966","FWB_0966_2016","Etheostoma exile_LR05","LR05","Percidae","Etheostoma exile","species","lotic",-105.605355,41.309678,0.790221316511081,0.0185332741635175,0.7530350690202,0.00544160647403683,57,NA,11,NA,0.0239748806375543
"FWB_0966","FWB_0966_2016","Hybognathus hankinsoni_LR05","LR05","Leuciscidae","Hybognathus hankinsoni","species","lotic",-105.605355,41.309678,0.551720078174669,0.0200518060200374,0.392356713918052,0.0830834441951255,65.5,124.3,14,NA,0.103135250215163
"FWB_0966","FWB_0966_2016","Luxilus cornutus_LR05","LR05","Leuciscidae","Luxilus cornutus","species","lotic",-105.605355,41.309678,0.554160360819336,0.027116938028929,0.562638105389035,0.00693569790660978,94.4,622.3,22,NA,0.0340526359355388
"FWB_0966","FWB_0966_2016","Pimephales promelas_LR05","LR05","Leuciscidae","Pimephales promelas","species","lotic",-105.605355,41.309678,0.512013991905207,0.023020329515608,0.478036729895466,0.0258391461764229,65.125,97.2678571428571,18,NA,0.0488594756920309
"FWB_0966","FWB_0966_2016","Rhinichthys cataractae_LR05","LR05","Leuciscidae","Rhinichthys cataractae","species","lotic",-105.605355,41.309678,0.588853045751018,0.00859260004773965,0.4119194003023,0.00628620708371753,75.5714285714286,120.285714285714,28,NA,0.0148788071314572
"FWB_0966","FWB_0966_2016","Salmo trutta_LR05","LR05","Salmonidae","Salmo trutta","species","lotic",-105.605355,41.309678,0.550841790482469,0.037705036145928,0.689353118999959,0.0314447741969317,188.671428571428,12327.9919254658,140,NA,0.0691498103428598
"FWB_0966","FWB_0966_2016","Semotilus atromaculatus_LR05","LR05","Leuciscidae","Semotilus atromaculatus","species","lotic",-105.605355,41.309678,0.373528462683137,0.0748281700682985,0.655044363982005,0.0168584285156929,106.130434782609,1121.57312252964,71,NA,0.0916865985839914
"FWB_0967","FWB_0967_2017","Catostomus catostomus_LR06","LR06","Catostomidae","Catostomus catostomus","species","lotic",-105.414398,41.927815,0.478455284552846,0.012834711009131,0.529322175195588,0.0598501785078377,185.5,2225.71428571429,8,149,0.0726848895169687
"FWB_0967","FWB_0967_2017","Catostomus commersonii_LR06","LR06","Catostomidae","Catostomus commersonii","species","lotic",-105.414398,41.927815,0.194676302318579,0.0151606168338801,0.598273790014203,0.0383344165864019,98.6296296296296,2193.24216524216,27,203,0.053495033420282
"FWB_0967","FWB_0967_2017","Cyprinus carpio_LR06","LR06","Cyprinidae","Cyprinus carpio","species","lotic",-105.414398,41.927815,0.364349593495935,0.0277471236257078,0.402205976657689,0.0248631279413681,53.75,296.25,4,37,0.052610251567076
"FWB_0967","FWB_0967_2017","Etheostoma nigrum_LR06","LR06","Percidae","Etheostoma nigrum","species","lotic",-105.414398,41.927815,0.718178861788618,0.00140576905281248,0.786251122226497,0.000912976974122229,61.4,17.3,5,11,0.00231874602693471
"FWB_0967","FWB_0967_2017","Luxilus cornutus_LR06","LR06","Leuciscidae","Luxilus cornutus","species","lotic",-105.414398,41.927815,0.70409756097561,0.0125697058629123,0.656534564576119,0.0115239351816417,125.2,1244.2,5,95,0.024093641044554
"FWB_0967","FWB_0967_2017","Nocomis biguttatus_LR06","LR06","Leuciscidae","Nocomis biguttatus","species","lotic",-105.414398,41.927815,0.624823848238482,0.00323485579571242,0.634218289085546,0.00940103359241984,92.6666666666667,1521.33333333333,3,78,0.0126358893881323
"FWB_0967","FWB_0967_2017","Noturus flavus_LR06","LR06","Ictaluridae","Noturus flavus","species","lotic",-105.414398,41.927815,0.633040650406504,0.0187157961530835,0.568090291137617,0.00225616976396162,164.6,1555.3,5,109,0.0209719659170451
"FWB_0967","FWB_0967_2017","Oncorhynchus mykiss_LR06","LR06","Salmonidae","Oncorhynchus mykiss","species","lotic",-105.414398,41.927815,0.675609756097561,0.00679358847247009,0.465820187251507,0.0398783768759435,329.4,13302.3,5,249,0.0466719653484136
"FWB_0967","FWB_0967_2017","Rhinichthys cataractae_LR06","LR06","Leuciscidae","Rhinichthys cataractae","species","lotic",-105.414398,41.927815,0.604747967479675,0.00545226178672936,0.562840408704203,0.019303365814773,83.5333333333333,243.695238095238,15,48,0.0247556276015024
"FWB_0967","FWB_0967_2017","Salmo trutta_LR06","LR06","Salmonidae","Salmo trutta","species","lotic",-105.414398,41.927815,0.952682926829268,NA,0.621777606771836,NA,520,NA,1,0,NA
"FWB_0967","FWB_0967_2017","Semotilus atromaculatus_LR06","LR06","Leuciscidae","Semotilus atromaculatus","species","lotic",-105.414398,41.927815,0.70960433604336,0.022000285240419,0.642353896797914,0.0231640127405693,126.933333333333,2812.13333333333,30,180,0.0451642979809883
"FWB_0968","FWB_0968_2016","Campostoma anomalum_LR07","LR07","Leuciscidae","Campostoma anomalum","species","lotic",-105.123964,42.056708,0.218679830933826,0.0142526215789146,0.418585288155227,0.0205515295384423,97.5416666666667,596.259057971014,24,105,0.034804151117357
"FWB_0968","FWB_0968_2016","Catostomus commersonii_LR07","LR07","Catostomidae","Catostomus commersonii","species","lotic",-105.123964,42.056708,0.224496984106019,0.00494617530766545,0.496717829906362,0.0139789271255989,175.277777777778,9020.83492063492,36,380,0.0189251024332644
"FWB_0968","FWB_0968_2016","Cyprinella lutrensis_LR07","LR07","Leuciscidae","Cyprinella lutrensis","species","lotic",-105.123964,42.056708,0.5437854972923,0.00129118888801912,0.700781928757602,0.00122104376430875,74.3333333333333,82.3333333333333,3,17,0.00251223265232786
"FWB_0968","FWB_0968_2016","Cyprinus carpio_LR07","LR07","Cyprinidae","Cyprinus carpio","species","lotic",-105.123964,42.056708,0.281997094175142,0.00393325298253402,0.530251954821894,0.0230751248258753,110.8,14602.1777777778,10,407,0.0270083778084093
"FWB_0968","FWB_0968_2016","Etheostoma exile_LR07","LR07","Percidae","Etheostoma exile","species","lotic",-105.123964,42.056708,0.335622771100251,8.72295258825786e-05,0.70112945264987,0.0013586946265892,51.5,4.5,2,3,0.00144592415247178
"FWB_0968","FWB_0968_2016","Hybognathus hankinsoni_LR07","LR07","Leuciscidae","Hybognathus hankinsoni","species","lotic",-105.123964,42.056708,0.232201822744684,0.000666381240027373,0.038806834636548,0.00158627094434058,42.6666666666667,9.33333333333333,3,6,0.00225265218436796
"FWB_0968","FWB_0968_2016","Lepomis cyanellus_LR07","LR07","Centrarchidae","Lepomis cyanellus","species","lotic",-105.123964,42.056708,0.410469775018712,0.00547219892370046,0.640312771503041,0.00676327991902181,78.5,423.5,6,56,0.0122354788427223
"FWB_0968","FWB_0968_2016","Luxilus cornutus_LR07","LR07","Leuciscidae","Luxilus cornutus","species","lotic",-105.123964,42.056708,0.349640073966451,0.00567051205237856,0.715768896611642,0.00203630079788083,104.3125,686.3625,16,88,0.00770681285025939
"FWB_0968","FWB_0968_2016","Micropterus dolomieu_LR07","LR07","Centrarchidae","Micropterus dolomieu","species","lotic",-105.123964,42.056708,0.425936287988857,0.0443545009583649,0.747568122581155,0.0190760537907558,175.192307692308,9269.76621417798,55,NA,0.0634305547491207
"FWB_0968","FWB_0968_2016","Moxostoma macrolepidotum_LR07","LR07","Catostomidae","Moxostoma macrolepidotum","species","lotic",-105.123964,42.056708,0.163594165707493,0.0040614032742545,0.732456249224277,0.0115148855323417,152.214285714286,4555.87362637363,14,249,0.0155762888065962
"FWB_0968","FWB_0968_2016","Notropis stramineus_LR07","LR07","Leuciscidae","Notropis stramineus","species","lotic",-105.123964,42.056708,0.241711795007265,0.00454767862081605,0.47710941891961,0.043898704520195,56.4117647058824,182.382352941176,17,44,0.048446383141011
"FWB_0968","FWB_0968_2016","Noturus flavus_LR07","LR07","Ictaluridae","Noturus flavus","species","lotic",-105.123964,42.056708,0.517095307281544,0.00107397922075863,0.734739977659178,0.0257344506337675,174.538461538462,609.935897435897,14,NA,0.0268084298545262
"FWB_0968","FWB_0968_2016","Pimephales promelas_LR07","LR07","Leuciscidae","Pimephales promelas","species","lotic",-105.123964,42.056708,0.345502575617488,0.00355553130187049,0.466342311033884,0.00666064412692923,47.2,8.7,5,7,0.0102161754287997
"FWB_0968","FWB_0968_2016","Salmo trutta_LR07","LR07","Salmonidae","Salmo trutta","species","lotic",-105.123964,42.056708,0.462950733060362,NA,0.732580364900087,NA,381,NA,1,0,NA
"FWB_0968","FWB_0968_2016","Semotilus atromaculatus_LR07","LR07","Leuciscidae","Semotilus atromaculatus","species","lotic",-105.123964,42.056708,0.388720116232994,0.0154526572031664,0.759823420292577,0.00664560041702722,98.0555555555556,1238.79682539683,37,NA,0.0220982576201936
"FWB_0969","FWB_0969_2017","Aplodinotus grunniens_LR08","LR08","Sciaenidae","Aplodinotus grunniens","species","lotic",-104.852362,42.123592,0.809814528593508,0.00172042672544334,0.727449991595226,0.00932944879913176,415.6,694.3,5,69,0.0110498755245751
"FWB_0969","FWB_0969_2017","Catostomus catostomus_LR08","LR08","Catostomidae","Catostomus catostomus","species","lotic",-104.852362,42.123592,0.436682122617208,0.00336182518239641,0.547789544461254,0.0101952549491883,89,1915.5,5,97,0.0135570801315847
"FWB_0969","FWB_0969_2017","Catostomus commersonii_LR08","LR08","Catostomidae","Catostomus commersonii","species","lotic",-104.852362,42.123592,0.285119354284733,0.0382086988896425,0.548369473861153,0.0257177549583808,151.347826086957,12943.6916996047,24,NA,0.0639264538480233
"FWB_0969","FWB_0969_2017","Cyprinella lutrensis_LR08","LR08","Leuciscidae","Cyprinella lutrensis","species","lotic",-104.852362,42.123592,0.431092220504894,0.00161225929208402,0.612002017145739,0.0122823486382726,57.4,215.3,5,39,0.0138946079303567
"FWB_0969","FWB_0969_2017","Cyprinus carpio_LR08","LR08","Cyprinidae","Cyprinus carpio","species","lotic",-104.852362,42.123592,0.336038124678001,0.00803798015172472,0.419286154535776,0.133887704629072,65.6666666666667,160.333333333333,3,25,0.141925684780796
"FWB_0969","FWB_0969_2017","Dorosoma cepedianum_LR08","LR08","Dorosomatidae","Dorosoma cepedianum","species","lotic",-104.852362,42.123592,0.367851622874807,0.000312178083977069,0.357202891242226,0.00680457503391937,113.5,4.5,2,3,0.00711675311789644
"FWB_0969","FWB_0969_2017","Ictalurus punctatus_LR08","LR08","Ictaluridae","Ictalurus punctatus","species","lotic",-104.852362,42.123592,1,NA,0.546982686165743,NA,482,NA,1,0,NA
"FWB_0969","FWB_0969_2017","Micropterus dolomieu_LR08","LR08","Centrarchidae","Micropterus dolomieu","species","lotic",-104.852362,42.123592,0.548908312458917,0.0432451795763058,0.6849079242527,0.0170113258131722,164.551724137931,12986.1133004926,29,390,0.060256505389478
"FWB_0969","FWB_0969_2017","Micropterus salmoides_LR08","LR08","Centrarchidae","Micropterus salmoides","species","lotic",-104.852362,42.123592,0.713979048600378,0.00964970582023724,0.679553986664426,0.00798783646916124,143,729,3,54,0.0176375422893985
"FWB_0969","FWB_0969_2017","Moxostoma macrolepidotum_LR08","LR08","Catostomidae","Moxostoma macrolepidotum","species","lotic",-104.852362,42.123592,0.485611246044013,0.00173452939712743,0.540883221669909,0.00319765422355796,259.714285714286,16708.5714285714,7,353,0.00493218362068539
"FWB_0969","FWB_0969_2017","Notropis dorsalis_LR08","LR08","Leuciscidae","Notropis dorsalis","species","lotic",-104.852362,42.123592,0.459138330757342,0.00604427262981994,0.57135653050933,0.00550569909790457,60.75,30.9166666666667,4,11,0.0115499717277245
"FWB_0969","FWB_0969_2017","Notropis stramineus_LR08","LR08","Leuciscidae","Notropis stramineus","species","lotic",-104.852362,42.123592,0.494664017075145,0.00198230294737417,0.587973969214514,0.0234606963260427,62.8571428571429,44.8095238095238,7,16,0.0254429992734169
"FWB_0969","FWB_0969_2017","Noturus flavus_LR08","LR08","Ictaluridae","Noturus flavus","species","lotic",-104.852362,42.123592,0.534947621500945,0.00913304760749512,0.378719112455875,0.0962548220076851,118.666666666667,4480.33333333333,3,125,0.10538786961518
"FWB_0969","FWB_0969_2017","Perca flavescens_LR08","LR08","Percidae","Perca flavescens","species","lotic",-104.852362,42.123592,0.577022153529109,0.00134045135197763,0.518154311649017,0.000280879660676001,73.5,4.5,2,3,0.00162133101265363
"FWB_0969","FWB_0969_2017","Rhinichthys cataractae_LR08","LR08","Leuciscidae","Rhinichthys cataractae","species","lotic",-104.852362,42.123592,0.167246264811953,0.0114313062671495,0.401832240712725,0.0127686915140737,73.5,97.6666666666667,4,22,0.0241999977812231
"FWB_0969","FWB_0969_2017","Semotilus atromaculatus_LR08","LR08","Leuciscidae","Semotilus atromaculatus","species","lotic",-104.852362,42.123592,0.424394641937146,NA,0.67725668179526,NA,44,NA,1,0,NA
"FWB_0970","FWB_0970_2012","Lepomis gibbosus_Martha1","Martha1","Centrarchidae","Lepomis gibbosus","species","lentic",-122.2445833,47.8511667,0.680221982426391,0.00641434546543979,0.403887366060304,0.0146794293521827,125.5,776.944444444444,10,89,0.0210937748176225
"FWB_0970","FWB_0970_2012","Micropterus salmoides_Martha1","Martha1","Centrarchidae","Micropterus salmoides","species","lentic",-122.2445833,47.8511667,0.86108480697659,0.0116580683121503,0.286942437079492,0.0115651988417823,221.428571428571,11931.619047619,7,321,0.0232232671539326
"FWB_0970","FWB_0970_2012","Oncorhynchus clarkii_Martha1","Martha1","Salmonidae","Oncorhynchus clarkii","species","lentic",-122.2445833,47.8511667,0.517958994912903,0.00523863773841454,0.248131074009469,0.00289770462542961,192.5,0.5,2,1,0.00813634236384414
"FWB_0970","FWB_0970_2012","Oncorhynchus mykiss_Martha1","Martha1","Salmonidae","Oncorhynchus mykiss","species","lentic",-122.2445833,47.8511667,0.100123323570217,0.0129982877342866,0.815116496386743,0.0368100398523247,266,457.142857142857,8,71,0.0498083275866113
"FWB_0970","FWB_0970_2012","Perca flavescens_Martha1","Martha1","Percidae","Perca flavescens","species","lentic",-122.2445833,47.8511667,0.732526591644828,0.00408135815386265,0.141240966857713,0.00872865832995723,153.4,2314.71111111111,10,121,0.0128100164838199
"FWB_0972","FWB_0972_2016","Oncorhynchus mykiss_MB01","MB01","Salmonidae","Oncorhynchus mykiss","species","lotic",-106.371396,41.515046,0.557128837796159,0.0983683145154444,0.717965306700093,0.0244555447180584,170.428571428571,2640.61904761905,7,136,0.122823859233503
"FWB_0972","FWB_0972_2016","Salmo trutta_MB01","MB01","Salmonidae","Salmo trutta","species","lotic",-106.371396,41.515046,0.366388616290481,0.0601314127638547,0.672035097650722,0.0759365243714857,168.4,535.6,10,79,0.13606793713534
"FWB_0972","FWB_0972_2016","Salvelinus fontinalis_MB01","MB01","Salmonidae","Salvelinus fontinalis","species","lotic",-106.371396,41.515046,0.586727183513248,0.0863325657629493,0.660604774035287,0.0843949563298744,156.333333333333,1792.06060606061,12,127,0.170727522092824
"FWB_0973","FWB_0973_2016","Catostomus catostomus_MB02","MB02","Catostomidae","Catostomus catostomus","species","lotic",-106.416902,41.605678,0.0330352107001854,0.000718073768139471,0.515609897544945,0.00984391235990697,140,4235.33333333333,7,156,0.0105619861280464
"FWB_0973","FWB_0973_2016","Oncorhynchus mykiss_MB02","MB02","Salmonidae","Oncorhynchus mykiss","species","lotic",-106.416902,41.605678,0.876010528294793,0.0308985803322741,0.77063599458728,0.0559815269876091,338.333333333333,70.3333333333333,3,15,0.0868801073198832
"FWB_0973","FWB_0973_2016","Rhinichthys cataractae_MB02","MB02","Leuciscidae","Rhinichthys cataractae","species","lotic",-106.416902,41.605678,0.306627185561196,0.00914329882116566,0.361366711772666,0.0130837864787392,103.285714285714,995.238095238095,10,NA,0.0222270852999049
"FWB_0973","FWB_0973_2016","Salmo trutta_MB02","MB02","Salmonidae","Salmo trutta","species","lotic",-106.416902,41.605678,0.429244218838128,0.0893109561119225,0.47669147496617,0.0807541188470849,280.2,17209.9555555556,10,329,0.170065074959007
"FWB_0973","FWB_0973_2016","Salvelinus fontinalis_MB02","MB02","Salmonidae","Salvelinus fontinalis","species","lotic",-106.416902,41.605678,0.524703891708968,0.0127674024957301,0.374898511502029,0.042927380104409,208.6,1871.3,5,116,0.0556947826001392
"FWB_0974","FWB_0974_2016","Catostomus catostomus_MB03","MB03","Catostomidae","Catostomus catostomus","species","lotic",-106.31846,41.724793,0.109917695473251,0.00953433724533863,0.201219029525845,0.00453232039971456,102.833333333333,2789.76666666667,6,121,0.0140666576450532
"FWB_0974","FWB_0974_2016","Catostomus commersonii_MB03","MB03","Catostomidae","Catostomus commersonii","species","lotic",-106.31846,41.724793,0.199259259259259,0.0383754458161866,0.557745586954801,0.0297128225591838,201.111111111111,11288.1111111111,9,262,0.0680882683753704
"FWB_0974","FWB_0974_2016","Etheostoma nigrum_MB03","MB03","Percidae","Etheostoma nigrum","species","lotic",-106.31846,41.724793,0.54120987654321,0.0165607742722146,0.38990738541914,0.0219714381778479,49.3,210.455555555556,10,40,0.0385322124500625
"FWB_0974","FWB_0974_2016","Rhinichthys cataractae_MB03","MB03","Leuciscidae","Rhinichthys cataractae","species","lotic",-106.31846,41.724793,0.22479012345679,0.00128137783874409,0.161576822607457,0.0539951595151079,55,23.5,5,12,0.0552765373538519
"FWB_0974","FWB_0974_2016","Salmo trutta_MB03","MB03","Salmonidae","Salmo trutta","species","lotic",-106.31846,41.724793,0.903555555555556,0.0086181252857796,0.751935407266683,0.0244944472362389,301.6,6459.3,5,206,0.0331125725220185
"FWB_0974","FWB_0974_2016","Semotilus atromaculatus_MB03","MB03","Leuciscidae","Semotilus atromaculatus","species","lotic",-106.31846,41.724793,0.500634920634921,0.0291457044708074,0.600790446789022,0.00869774774300252,106.785714285714,2153.25824175824,14,139,0.0378434522138099
"FWB_0975","FWB_0975_2016","Catostomus commersonii_MB04","MB04","Catostomidae","Catostomus commersonii","species","lotic",-106.513402,42.00988,0.142957008039147,0.00538575396126798,0.577974870657798,0.0338429440239104,109.692307692308,6912.89743589744,13,245,0.0392286979851784
"FWB_0975","FWB_0975_2016","Etheostoma nigrum_MB04","MB04","Percidae","Etheostoma nigrum","species","lotic",-106.513402,42.00988,0.462469416288011,0.00349885702187401,0.586589985218034,0.00864656572036179,62.25,289.642857142857,8,43,0.0121454227422358
"FWB_0975","FWB_0975_2016","Notropis stramineus_MB04","MB04","Leuciscidae","Notropis stramineus","species","lotic",-106.513402,42.00988,0.403466683613485,0.00313778942039825,0.648289995296647,0.0144034742238537,54.8181818181818,83.3636363636364,11,26,0.017541263644252
"FWB_0975","FWB_0975_2016","Rhinichthys cataractae_MB04","MB04","Leuciscidae","Rhinichthys cataractae","species","lotic",-106.513402,42.00988,0.458187696609577,0.00353815210353823,0.592248706577975,0.0293904900149154,88.5,20.5714285714286,8,13,0.0329286421184537
"FWB_0975","FWB_0975_2016","Salmo trutta_MB04","MB04","Salmonidae","Salmo trutta","species","lotic",-106.513402,42.00988,0.785599440754981,0.00960389030558484,0.797671840354767,0.00323623518184385,268.4,5264.3,5,165,0.0128401254874287
"FWB_0975","FWB_0975_2016","Sander vitreus_MB04","MB04","Percidae","Sander vitreus","species","lotic",-106.513402,42.00988,0.959105207969241,0.00126531384657975,0.855875831485588,0.00446668294540234,123,49,3,13,0.00573199679198209
"FWB_0975","FWB_0975_2016","Semotilus atromaculatus_MB04","MB04","Leuciscidae","Semotilus atromaculatus","species","lotic",-106.513402,42.00988,0.388911219853198,0.0511911289766541,0.599935328898744,0.140210060073911,100.95,2781.10263157895,20,178,0.191401189050565
"FWB_0976","FWB_0976_2010","Agosia chrysogaster_Middle Fork","Middle Fork","Leuciscidae","Agosia chrysogaster","species","lotic",-108.2430721,33.2258928,0.512466532797858,0.0154049415830105,0.540211062590975,0.0307135427825332,50.5,154.735294117647,18,41,0.0461184843655437
"FWB_0976","FWB_0976_2010","Ameiurus natalis_Middle Fork","Middle Fork","Ictaluridae","Ameiurus natalis","species","lotic",-108.2430721,33.2258928,0.654138292299633,0.0291750123499857,0.637269793051073,0.00831759602905519,173.869565217391,7228.30039525692,23,228,0.0374926083790409
"FWB_0976","FWB_0976_2010","Catostomus clarkii_Middle Fork","Middle Fork","Catostomidae","Catostomus clarkii","species","lotic",-108.2430721,33.2258928,0.378897944720057,0.0177893592886785,0.537952735679425,0.0357184933740663,115.470588235294,2536.51470588235,17,188,0.0535078526627448
"FWB_0976","FWB_0976_2010","Catostomus insignis_Middle Fork","Middle Fork","Catostomidae","Catostomus insignis","species","lotic",-108.2430721,33.2258928,0.53434791798774,0.0194455024214077,0.666532597870221,0.0214431486173338,181.947368421053,17277.6578947368,57,414,0.0408886510387415
"FWB_0976","FWB_0976_2010","Cyprinella lutrensis_Middle Fork","Middle Fork","Leuciscidae","Cyprinella lutrensis","species","lotic",-108.2430721,33.2258928,0.482931726907631,0.0114110054676537,0.628639010189229,0.0252347479389536,45.5,149.9,6,30,0.0366457534066074
"FWB_0976","FWB_0976_2010","Gila nigra_Middle Fork","Middle Fork","Leuciscidae","Gila nigra","species","lotic",-108.2430721,33.2258928,0.513450353136685,0.0111866243536673,0.626637554585153,0.0145432996810021,124.310344827586,8592.22167487685,29,327,0.0257299240346693
"FWB_0976","FWB_0976_2010","Lepomis cyanellus_Middle Fork","Middle Fork","Centrarchidae","Lepomis cyanellus","species","lotic",-108.2430721,33.2258928,0.76355421686747,NA,0.755458515283843,NA,113,NA,1,0,NA
"FWB_0976","FWB_0976_2010","Meda fulgida_Middle Fork","Middle Fork","Leuciscidae","Meda fulgida","species","lotic",-108.2430721,33.2258928,0.494979919678715,0.000547370203706391,0.52037845705968,0.0170362089459265,47.6666666666667,74.3333333333333,3,17,0.0175835791496329
"FWB_0976","FWB_0976_2010","Micropterus dolomieu_Middle Fork","Middle Fork","Centrarchidae","Micropterus dolomieu","species","lotic",-108.2430721,33.2258928,0.835379981464319,0.0266477750669034,0.566425932146456,0.0181654236335926,188.846153846154,17727.4743589744,13,430,0.044813198700496
"FWB_0976","FWB_0976_2010","Oncorhynchus mykiss_Middle Fork","Middle Fork","Salmonidae","Oncorhynchus mykiss","species","lotic",-108.2430721,33.2258928,0.63441265060241,0.00249246231915614,0.559224890829694,0.0268050245355097,136.75,1859.58333333333,4,96,0.0292974868546659
"FWB_0976","FWB_0976_2010","Pylodictis olivaris_Middle Fork","Middle Fork","Ictaluridae","Pylodictis olivaris","species","lotic",-108.2430721,33.2258928,0.721385542168675,NA,0.554585152838428,NA,556,NA,1,0,NA
"FWB_0976","FWB_0976_2010","Rhinichthys osculus_Middle Fork","Middle Fork","Leuciscidae","Rhinichthys osculus","species","lotic",-108.2430721,33.2258928,0.371987951807229,0.00261286108288576,0.489082969432314,0.0487428729429263,57,18,2,6,0.0513557340258121
"FWB_0976","FWB_0976_2010","Salmo trutta_Middle Fork","Middle Fork","Salmonidae","Salmo trutta","species","lotic",-108.2430721,33.2258928,0.552334337349398,0.046021705151069,0.671124454148472,0.0026437023103515,133.5,7364.85714285714,8,188,0.0486654074614205
"FWB_0977","FWB_0977_2012","Cottidae_Padden","Padden","Cottidae","Cottidae sp.","family","lentic",-122.4529,48.7027,0.0734411085450346,0.0089146989956744,0.484547498977784,0.14767752014854,223.333333333333,33.3333333333333,11,NA,0.156592219144214
"FWB_0977","FWB_0977_2012","Lepomis gibbosus_Padden","Padden","Centrarchidae","Lepomis gibbosus","species","lentic",-122.4529,48.7027,0.45080831408776,0.00385870104379458,0.496751624187906,0.0222979449180957,92.6666666666667,1563.06666666667,6,91,0.0261566459618902
"FWB_0977","FWB_0977_2012","Micropterus salmoides_Padden","Padden","Centrarchidae","Micropterus salmoides","species","lentic",-122.4529,48.7027,0.782817551963048,0.044449223391476,0.554628935532234,0.0425998211695002,193.2,2710.84444444444,10,115,0.0870490445609762
"FWB_0977","FWB_0977_2012","Oncorhynchus mykiss_Padden","Padden","Salmonidae","Oncorhynchus mykiss","species","lentic",-122.4529,48.7027,0.323602771362587,0.0928010816634575,0.296626686656672,0.0839090516117502,NA,NA,5,NA,0.176710133275208
"FWB_0977","FWB_0977_2012","Perca flavescens_Padden","Padden","Percidae","Perca flavescens","species","lentic",-122.4529,48.7027,0.430877598152425,0.009848561501573,0.286328710644678,0.0230048152867167,183.25,2853.98684210526,20,140,0.0328533767882897
"FWB_0979","FWB_0979_2010","Agosia chrysogaster_Removal Reach","Removal Reach","Leuciscidae","Agosia chrysogaster","species","lotic",-108.233482,33.2137185,0.621837105064107,0.00896776332691127,0.549555419706493,0.0183691697904783,53.3023255813954,158.501661129568,43,46,0.0273369331173896
"FWB_0979","FWB_0979_2010","Ameiurus natalis_Removal Reach","Removal Reach","Ictaluridae","Ameiurus natalis","species","lotic",-108.233482,33.2137185,0.861986306992628,0.00538250452649178,0.566833816794465,0.0163339381344863,145.142857142857,6257.92857142857,21,239,0.0217164426609781
"FWB_0979","FWB_0979_2010","Catostomus clarkii_Removal Reach","Removal Reach","Catostomidae","Catostomus clarkii","species","lotic",-108.233482,33.2137185,0.562856579052939,0.0173501528368319,0.437573691228925,0.0292003220117521,107.641509433962,4459.00362844702,53,297,0.046550474848584
"FWB_0979","FWB_0979_2010","Catostomus insignis_Removal Reach","Removal Reach","Catostomidae","Catostomus insignis","species","lotic",-108.233482,33.2137185,0.706769770553374,0.00701653347025358,0.608901157973205,0.0261620946535218,200.54,19935.967755102,53,NA,0.0331786281237754
"FWB_0979","FWB_0979_2010","Cyprinella lutrensis_Removal Reach","Removal Reach","Leuciscidae","Cyprinella lutrensis","species","lotic",-108.233482,33.2137185,0.900011492931847,NA,0.703604596253739,NA,53,NA,1,0,NA
"FWB_0979","FWB_0979_2010","Gambusia affinis_Removal Reach","Removal Reach","Poeciliidae","Gambusia affinis","species","lotic",-108.233482,33.2137185,0.537064705206298,0.00707435459315266,0.897292617660948,0.00892008963492102,37.3333333333333,94.3333333333333,3,19,0.0159944442280737
"FWB_0979","FWB_0979_2010","Gila nigra_Removal Reach","Removal Reach","Leuciscidae","Gila nigra","species","lotic",-108.233482,33.2137185,0.665716584300655,0.0123899598511317,0.651959704076814,0.0143084209976643,128.028571428571,4383.61680672269,35,204,0.026698380848796
"FWB_0979","FWB_0979_2010","Meda fulgida_Removal Reach","Removal Reach","Leuciscidae","Meda fulgida","species","lotic",-108.233482,33.2137185,0.633567022947554,0.00800577828139505,0.602602445039089,0.00674337363607836,50,83.6,6,27,0.0147491519174734
"FWB_0979","FWB_0979_2010","Micropterus dolomieu_Removal Reach","Removal Reach","Centrarchidae","Micropterus dolomieu","species","lotic",-108.233482,33.2137185,0.769294093434863,0.0426789242134841,0.618468110652722,0.00991792254583083,126.046511627907,4266.99778516058,43,323,0.0525968467593149
"FWB_0979","FWB_0979_2010","Oncorhynchus mykiss_Removal Reach","Removal Reach","Salmonidae","Oncorhynchus mykiss","species","lotic",-108.233482,33.2137185,0.884687583802628,0.00156171433402308,0.632509575528622,0.0175569286710548,176.333333333333,556.333333333333,3,47,0.0191186430050779
"FWB_0979","FWB_0979_2010","Pimephales promelas_Removal Reach","Removal Reach","Leuciscidae","Pimephales promelas","species","lotic",-108.233482,33.2137185,0.375933800712562,NA,0.53045805131434,NA,46,NA,1,0,NA
"FWB_0979","FWB_0979_2010","Pylodictis olivaris_Removal Reach","Removal Reach","Ictaluridae","Pylodictis olivaris","species","lotic",-108.233482,33.2137185,0.943684633950121,NA,0.591846371792854,NA,543,NA,1,0,NA
"FWB_0979","FWB_0979_2010","Rhinichthys osculus_Removal Reach","Removal Reach","Leuciscidae","Rhinichthys osculus","species","lotic",-108.233482,33.2137185,0.656217676129181,0.00596039739433366,0.432702397817304,0.0051308086903693,59.5416666666667,65.2155797101449,24,34,0.011091206084703
"FWB_0979","FWB_0979_2010","Salmo trutta_Removal Reach","Removal Reach","Salmonidae","Salmo trutta","species","lotic",-108.233482,33.2137185,0.771099107382293,0.0143014319356207,0.575777847735978,0.0105306837814578,186.333333333333,8329.51515151515,12,319,0.0248321157170785
"FWB_0983","FWB_0983_2009","Agosia chrysogaster_San Francisco","San Francisco","Leuciscidae","Agosia chrysogaster","species","lotic",-108.9307902,33.4369203,0.648118279569893,0.039251609887044,0.458996463306808,0.0222761374872654,38.5,193.826086956522,24,40,0.0615277473743094
"FWB_0983","FWB_0983_2009","Catostomus clarkii_San Francisco","San Francisco","Catostomidae","Catostomus clarkii","species","lotic",-108.9307902,33.4369203,0.249596774193548,0.0222782540831561,0.412522104332449,0.0184389256861062,209.916666666667,19017.2101449275,24,387,0.0407171797692623
"FWB_0983","FWB_0983_2009","Catostomus insignis_San Francisco","San Francisco","Catostomidae","Catostomus insignis","species","lotic",-108.9307902,33.4369203,0.477290322580645,0.0348070412764481,0.414270557029178,0.0139595719381688,187.04,24323.04,25,423,0.048766613214617
"FWB_0983","FWB_0983_2009","Oncorhynchus mykiss_San Francisco","San Francisco","Salmonidae","Oncorhynchus mykiss","species","lotic",-108.9307902,33.4369203,0.948387096774194,NA,0.320954907161804,NA,352,NA,1,0,NA
"FWB_0983","FWB_0983_2009","Rhinichthys cobitis_San Francisco","San Francisco","Leuciscidae","Rhinichthys cobitis","species","lotic",-108.9307902,33.4369203,0.751411290322581,0.0152292317030871,0.232758620689655,0.00300431298327576,60.875,30.5166666666667,16,22,0.0182335446863628
"FWB_0983","FWB_0983_2009","Rhinichthys osculus_San Francisco","San Francisco","Leuciscidae","Rhinichthys osculus","species","lotic",-108.9307902,33.4369203,0.768064516129032,0.0268995016156416,0.355437665782493,0.0101895942566631,56.95,303.313157894737,20,54,0.0370890958723047
"FWB_0984","FWB_0984_2013","Cottidae_Shoecraft","Shoecraft","Cottidae","Cottidae sp.","family","lentic",-122.3070729,48.1259769,0.436467936898177,0.0220849456146641,0.676248261913791,0.0592190476528307,91.2,252.7,5,41,0.0813039932674948
"FWB_0984","FWB_0984_2013","Lepomis gibbosus_Shoecraft","Shoecraft","Centrarchidae","Lepomis gibbosus","species","lentic",-122.3070729,48.1259769,0.343372259782831,0.057354951555272,0.533687270888636,0.00873033826052542,101.333333333333,468.266666666667,6,60,0.0660852898157974
"FWB_0984","FWB_0984_2013","Micropterus salmoides_Shoecraft","Shoecraft","Centrarchidae","Micropterus salmoides","species","lentic",-122.3070729,48.1259769,0.523827084613809,0.0778522358038127,0.304133485020857,0.0820022206662315,77.4,157.3,5,32,0.159854456470044
"FWB_0984","FWB_0984_2013","Oncorhynchus mykiss_Shoecraft","Shoecraft","Salmonidae","Oncorhynchus mykiss","species","lentic",-122.3070729,48.1259769,0.44040155705798,0.0776620339326955,0.697256983946404,0.0927883537370565,260,2643.5,5,126,0.170450387669752
"FWB_0984","FWB_0984_2013","Perca flavescens_Shoecraft","Shoecraft","Percidae","Perca flavescens","species","lentic",-122.3070729,48.1259769,0.635958023173758,0.00329573457428831,0.429177376086743,0.017867020419581,177.333333333333,1900.75,9,115,0.0211627549938693
"FWB_0988","FWB_0988_2012","Lepomis gibbosus_Sunday","Sunday","Centrarchidae","Lepomis gibbosus","species","lentic",-122.2576,48.2292,0.157240634005763,0.0483505264695053,0.87405929304447,0.0216263461655977,114,1565.33333333333,4,90,0.0699768726351029
"FWB_0988","FWB_0988_2012","Micropterus salmoides_Sunday","Sunday","Centrarchidae","Micropterus salmoides","species","lentic",-122.2576,48.2292,0.496541786743516,0.00967052919632251,0.34157354618016,0.00444079991782912,85.2,24.7,5,12,0.0141113291141516
"FWB_0988","FWB_0988_2012","Oncorhynchus clarkii_Sunday","Sunday","Salmonidae","Oncorhynchus clarkii","species","lentic",-122.2576,48.2292,0.955259365994236,0.0012450014118546,0.0463397947548466,0.00184794488310807,259.6,190.3,5,29,0.00309294629496267
"FWB_0988","FWB_0988_2012","Perca flavescens_Sunday","Sunday","Percidae","Perca flavescens","species","lentic",-122.2576,48.2292,0.465057636887608,0.0249002877691867,0.667217787913341,0.00748335238085336,132.25,8194.91666666667,4,183,0.03238364015004
"FWB_0989","FWB_0989_2016","Oncorhynchus mykiss_SW01","SW01","Salmonidae","Oncorhynchus mykiss","species","lotic",-109.062622,42.565194,0.444929737941512,0.114628984510916,0.430169888693614,0.102398369991033,210.666666666667,2785.06666666667,6,142,0.217027354501949
"FWB_0989","FWB_0989_2016","Salmo trutta_SW01","SW01","Salmonidae","Salmo trutta","species","lotic",-109.062622,42.565194,0.542600329155589,0.0939456876392577,0.551337629369264,0.0634022696440344,231.444444444444,4139.20261437908,18,250,0.157347957283292
"FWB_0989","FWB_0989_2016","Salvelinus fontinalis_SW01","SW01","Salmonidae","Salvelinus fontinalis","species","lotic",-109.062622,42.565194,0.326927459172047,0.143634410832507,0.77335676625659,0.0344973854170205,148.2,4200.7,5,160,0.178131796249527
"FWB_0990","FWB_0990_2016","Catostomus commersonii_SW02","SW02","Catostomidae","Catostomus commersonii","species","lotic",-108.879355,42.373322,0.146174387553698,0.00680746215523236,0.518718592964824,0.111828432362819,63.6666666666667,50.6666666666667,6,18,0.118635894518052
"FWB_0990","FWB_0990_2016","Rhinichthys cataractae_SW02","SW02","Leuciscidae","Rhinichthys cataractae","species","lotic",-108.879355,42.373322,0.332491582491582,0.0130135134718314,0.57464405360134,0.0600228582190686,74.8181818181818,734.163636363636,12,NA,0.0730363716908999
"FWB_0990","FWB_0990_2016","Salmo trutta_SW02","SW02","Salmonidae","Salmo trutta","species","lotic",-108.879355,42.373322,0.83098223615465,0.0364910854017137,0.74321608040201,0.00316258848682269,234.5,13491,4,252,0.0396536738885364
"FWB_0990","FWB_0990_2016","Semotilus atromaculatus_SW02","SW02","Leuciscidae","Semotilus atromaculatus","species","lotic",-108.879355,42.373322,0.71886351196696,0.0369257631775798,0.509547738693467,0.0223122943023324,97.5714285714286,375.619047619048,7,54,0.0592380574799122
"FWB_0991","FWB_0991_2016","Catostomus catostomus_SW03","SW03","Catostomidae","Catostomus catostomus","species","lotic",-107.966105,42.571843,0.0702545342126958,0.00147750444726743,0.790860922029703,0.0124840417260114,72,666.857142857143,8,83,0.0139615461732788
"FWB_0991","FWB_0991_2016","Catostomus commersonii_SW03","SW03","Catostomidae","Catostomus commersonii","species","lotic",-107.966105,42.571843,0.24637851843128,0.0282554299366618,0.330666548797737,0.0257685340504083,115.857142857143,6135.47619047619,7,230,0.0540239639870701
"FWB_0991","FWB_0991_2016","Notropis stramineus_SW03","SW03","Leuciscidae","Notropis stramineus","species","lotic",-107.966105,42.571843,0.514839241549876,NA,0.201113861386139,NA,59,NA,1,0,NA
"FWB_0991","FWB_0991_2016","Oncorhynchus mykiss_SW03","SW03","Salmonidae","Oncorhynchus mykiss","species","lotic",-107.966105,42.571843,0.717023907666941,0.000817775826458217,0.192502062706271,0.00364213329013907,227.333333333333,5356.33333333333,3,140,0.00445990911659729
"FWB_0991","FWB_0991_2016","Rhinichthys cataractae_SW03","SW03","Leuciscidae","Rhinichthys cataractae","species","lotic",-107.966105,42.571843,0.389530090684254,0.00102011714940304,0.283632425742574,0.0357564731130833,59.6,60.3,5,18,0.0367765902624863
"FWB_0991","FWB_0991_2016","Salmo trutta_SW03","SW03","Salmonidae","Salmo trutta","species","lotic",-107.966105,42.571843,0.816742236878263,0.00660401387271228,0.496042182343234,0.0347421891811126,237.090909090909,11290.6909090909,12,NA,0.0413462030538249
"FWB_0991","FWB_0991_2016","Semotilus atromaculatus_SW03","SW03","Leuciscidae","Semotilus atromaculatus","species","lotic",-107.966105,42.571843,0.488298067234588,0.0155597767810892,0.535925467546755,0.0178054450995569,68.1111111111111,431.633986928105,18,60,0.0333652218806461
"FWB_0992","FWB_0992_2016","Catostomus commersonii_SW04","SW04","Catostomidae","Catostomus commersonii","species","lotic",-107.1476,42.488328,0.126415298770248,0.00903056690414597,0.653531647807638,0.0389905482575529,55.7142857142857,161.904761904762,7,37,0.0480211151616989
"FWB_0992","FWB_0992_2016","Cyprinus carpio_SW04","SW04","Cyprinidae","Cyprinus carpio","species","lotic",-107.1476,42.488328,0.453640500568828,0.0102705556409152,0.522373917079208,0.0269249902948229,288.125,98498.4107142857,8,675,0.0371955459357382
"FWB_0992","FWB_0992_2016","Etheostoma nigrum_SW04","SW04","Percidae","Etheostoma nigrum","species","lotic",-107.1476,42.488328,0.53574137277209,0.00910123087822693,0.532526299504951,0.0415791772728645,60,255.714285714286,8,50,0.0506804081510915
"FWB_0992","FWB_0992_2016","Fundulus zebrinus_SW04","SW04","Fundulidae","Fundulus zebrinus","species","lotic",-107.1476,42.488328,0.35608646188851,8.70031777011875e-06,0.767945544554455,0.00451132433401137,60,2,2,2,0.00452002465178149
"FWB_0992","FWB_0992_2016","Notropis stramineus_SW04","SW04","Leuciscidae","Notropis stramineus","species","lotic",-107.1476,42.488328,0.354142965491088,0.0030066916640047,0.778832766089109,0.0188351751003217,46.875,109.839285714286,8,31,0.0218418667643264
"FWB_0992","FWB_0992_2016","Oncorhynchus mykiss_SW04","SW04","Salmonidae","Oncorhynchus mykiss","species","lotic",-107.1476,42.488328,0.819207432688661,0.000477600708335295,0.752862004950495,0.0484902986111963,248,11858,2,154,0.0489678993195315
"FWB_0992","FWB_0992_2016","Pimephales promelas_SW04","SW04","Leuciscidae","Pimephales promelas","species","lotic",-107.1476,42.488328,0.446782960434838,0.00660269032999706,0.728341584158416,0.00479739559081216,49.3333333333333,16.3333333333333,3,8,0.0114000859208092
"FWB_0992","FWB_0992_2016","Rhinichthys cataractae_SW04","SW04","Leuciscidae","Rhinichthys cataractae","species","lotic",-107.1476,42.488328,0.446698689588337,0.00242990028541037,0.353358773377338,0.0650659263718954,67.375,202.267857142857,9,NA,0.0674958266573057
"FWB_0992","FWB_0992_2016","Semotilus atromaculatus_SW04","SW04","Leuciscidae","Semotilus atromaculatus","species","lotic",-107.1476,42.488328,0.665032414179172,0.0460044023470958,0.723722595473833,0.0227041980740684,109.47619047619,1508.9619047619,21,113,0.0687086004211641
"FWB_0993","FWB_0993_2007","Agosia chrysogaster_Tularosa","Tularosa","Leuciscidae","Agosia chrysogaster","species","lotic",-108.700877,33.7336042,0.610294117647059,0.088695890609788,0.51010781671159,0.0358650402133085,5772.03125,261681832.864955,8,45782.75,0.124560930823097
"FWB_0993","FWB_0993_2007","Catostomus insignis_Tularosa","Tularosa","Catostomidae","Catostomus insignis","species","lotic",-108.700877,33.7336042,0.478844169246646,0.0686705837622649,0.563342318059299,0.049062415995234,140,1236,3,66,0.117732999757499
"FWB_0993","FWB_0993_2007","Culaea inconstans_Tularosa","Tularosa","Gasterosteidae","Culaea inconstans","species","lotic",-108.700877,33.7336042,0.363777089783282,0.0110707473473339,0.524258760107816,0.0249756007778689,42.75,6.25,4,6,0.0360463481252029
"FWB_0993","FWB_0993_2007","Gambusia affinis_Tularosa","Tularosa","Poeciliidae","Gambusia affinis","species","lotic",-108.700877,33.7336042,0.13828689370485,0.0142274279762418,0.911051212938005,0.0118351363329241,37.6666666666667,6.33333333333333,3,5,0.0260625643091659
"FWB_0993","FWB_0993_2007","Pimephales promelas_Tularosa","Tularosa","Leuciscidae","Pimephales promelas","species","lotic",-108.700877,33.7336042,0.249742002063983,0.0156556023093611,0.316262353998203,0.0839599634798741,32,7,3,5,0.0996155657892352
"FWB_0993","FWB_0993_2007","Rhinichthys osculus_Tularosa","Tularosa","Leuciscidae","Rhinichthys osculus","species","lotic",-108.700877,33.7336042,0.386112339672711,0.0717528660478367,0.369657296881016,0.0686603278854134,48.1428571428571,112.47619047619,7,24,0.14041319393325
"FWB_0996","FWB_0996_2008","Ameiurus nebulosus_Whatcom","Whatcom","Ictaluridae","Ameiurus nebulosus","species","lentic",-122.4151,48.7595,0.757317073170732,0.0107994284864451,0.240369822485207,0.0221244834051929,NA,NA,15,NA,0.032923911891638
"FWB_0996","FWB_0996_2008","Cottidae_Whatcom","Whatcom","Cottidae","Cottidae sp.","family","lentic",-122.4151,48.7595,0.696239837398374,0.0111832118778505,0.511612426035503,0.0883762626483667,NA,NA,6,NA,0.0995594745262172
"FWB_0996","FWB_0996_2008","Micropterus dolomieu_Whatcom","Whatcom","Centrarchidae","Micropterus dolomieu","species","lentic",-122.4151,48.7595,0.416158536585366,0.0457268367043426,0.315384615384615,0.00113236581352194,NA,NA,6,NA,0.0468592025178646
"FWB_0997","FWB_0997_2016","Cottus cognatus_Woody Island","Woody Island","Cottidae","Cottus cognatus","species","lentic",-154.275106,59.763778,0.80447101313905,0.0486890026429372,0.5229218337467,0.00225749398458957,94.6666666666667,302.333333333333,3,33,0.0509464966275268
"FWB_0997","FWB_0997_2016","Oncorhynchus mykiss_Woody Island","Woody Island","Salmonidae","Oncorhynchus mykiss","species","lentic",-154.275106,59.763778,0.451963702994145,0.059874066856858,0.398408042856194,0.0300467656665256,307.829787234043,7152.97039777984,47,311,0.0899208325233836
"FWB_0997","FWB_0997_2016","Salvelinus alpinus_Woody Island","Woody Island","Salmonidae","Salvelinus alpinus","species","lentic",-154.275106,59.763778,0.450439006164767,0.167133590969606,0.341499319945596,0.179323841386949,462.2,12399.7,5,295,0.346457432356556
"FWB_0998","FWB_0998_2008","Cottidae_Wynoochee","Wynoochee","Cottidae","Cottidae sp.","family","lentic",-123.5987,47.3901,0.542370406424921,0.0381394521454262,0.665636734255981,0.0861733653227554,NA,NA,15,NA,0.124312817468182
"FWB_0998","FWB_0998_2008","Oncorhynchus mykiss_Wynoochee","Wynoochee","Salmonidae","Oncorhynchus mykiss","species","lentic",-123.5987,47.3901,0.249966198858873,0.0196680112298299,0.71591031005257,0.00483541627913965,NA,NA,9,NA,0.0245034275089695
"FWB_1003","FWB_1003_2017","Ageneiosus inermis_Las Cañas","Las Cañas","Auchenipteridae","Ageneiosus inermis","species","lotic",-58.359482,-33.194559,0.486050110846196,0.0131719578044724,0.411267131669114,0.0102452738879329,357.5,28337.5,6,455,0.0234172316924054
"FWB_1003","FWB_1003_2017","Ageneiosus militaris_Las Cañas","Las Cañas","Auchenipteridae","Ageneiosus militaris","species","lotic",-58.359482,-33.194559,0.600677625799975,0.0236559581541984,0.38931718061674,0.0304877707752484,325,1475,5,100,0.0541437289294468
"FWB_1003","FWB_1003_2017","Andromakhe_Las Cañas","Las Cañas","Characidae","Andromakhe sp.","genus","lotic",-58.359482,-33.194559,0.610239678755176,0.00201074842011162,0.378928046989721,0.0098931758828901,75,50,5,15,0.0119039243030017
"FWB_1003","FWB_1003_2017","Apareiodon affinis_Las Cañas","Las Cañas","Parodontidae","Apareiodon affinis","species","lotic",-58.359482,-33.194559,0.46367172794579,0.012641179324557,0.641825746451297,0.0243341218141816,104.333333333333,161.466666666667,6,31,0.0369753011387386
"FWB_1003","FWB_1003_2017","Aphyocharax rathbuni_Las Cañas","Las Cañas","Characidae","Aphyocharax rathbuni","species","lotic",-58.359482,-33.194559,0.577111306311959,NA,0.427955212922173,NA,38,NA,1,0,NA
"FWB_1003","FWB_1003_2017","Astyanax lacustris_Las Cañas","Las Cañas","Characidae","Astyanax lacustris","species","lotic",-58.359482,-33.194559,0.221709122851048,0.0333451066917433,0.343777533039648,0.0186628549983181,100,74.5,5,20,0.0520079616900614
"FWB_1003","FWB_1003_2017","Brycon orbignyanus_Las Cañas","Las Cañas","Bryconidae","Brycon orbignyanus","species","lotic",-58.359482,-33.194559,0.203036767473962,0.0188238994430687,0.332354380812531,0.0162841010554647,278,10368,3,NA,0.0351080004985334
"FWB_1003","FWB_1003_2017","Cynopotamus argenteus_Las Cañas","Las Cañas","Characidae","Cynopotamus argenteus","species","lotic",-58.359482,-33.194559,0.659078930857071,0.00226096824152053,0.376468428781204,0.00468975146276853,195,2075,5,120,0.00695071970428906
"FWB_1003","FWB_1003_2017","Cyphocharax platanus_Las Cañas","Las Cañas","Curimatidae","Cyphocharax platanus","species","lotic",-58.359482,-33.194559,0.224921571087966,0.0242757302063378,0.317235682819383,0.0141242337108985,116,267.5,5,40,0.0383999639172362
"FWB_1003","FWB_1003_2017","Cyprinus carpio_Las Cañas","Las Cañas","Cyprinidae","Cyprinus carpio","species","lotic",-58.359482,-33.194559,0.397916928096374,0.00489054705505606,0.510852606461087,0.00699496758904371,517.5,5625,4,160,0.0118855146440998
"FWB_1003","FWB_1003_2017","Galeocharax humeralis_Las Cañas","Las Cañas","Characidae","Galeocharax humeralis","species","lotic",-58.359482,-33.194559,0.782908771489522,0.00513378789414579,0.526321585903084,0.00262782429284697,131.8,374.2,5,40,0.00776161218699275
"FWB_1003","FWB_1003_2017","Iheringichthys labrosus_Las Cañas","Las Cañas","Pimelodidae","Iheringichthys labrosus","species","lotic",-58.359482,-33.194559,0.729978667335927,0.00076743138225059,0.627276064610866,0.0148789909093801,132,3407.5,5,145,0.0156464222916306
"FWB_1003","FWB_1003_2017","Loricariichthys melanocheilus_Las Cañas","Las Cañas","Loricariidae","Loricariichthys melanocheilus","species","lotic",-58.359482,-33.194559,0.541347722424395,0.000381072590533521,0.57488986784141,0.00171426189890915,292.5,112.5,2,15,0.00209533448944267
"FWB_1003","FWB_1003_2017","Luciopimelodus pati_Las Cañas","Las Cañas","Pimelodidae","Luciopimelodus pati","species","lotic",-58.359482,-33.194559,0.783632162866402,0.0182518841508535,0.477109786645936,0.0595601533942131,573.64705882353,36259.2426470588,17,662,0.0778120375450666
"FWB_1003","FWB_1003_2017","Lycengraulis grossidens_Las Cañas","Las Cañas","Engraulidae","Lycengraulis grossidens","species","lotic",-58.359482,-33.194559,0.801330154348099,0.00392713728302266,0.408296622613803,0.0287536533836933,142,2232.5,5,130,0.032680790666716
"FWB_1003","FWB_1003_2017","Megaleporinus obtusidens_Las Cañas","Las Cañas","Anostomidae","Megaleporinus obtusidens","species","lotic",-58.359482,-33.194559,0.609654076211988,0.0175874645446991,0.296602218959047,0.0207483239316396,296.111111111111,14829.8611111111,9,310,0.0383357884763387
"FWB_1003","FWB_1003_2017","Odontesthes humensis_Las Cañas","Las Cañas","Atherinopsidae","Odontesthes humensis","species","lotic",-58.359482,-33.194559,0.727820303676748,NA,0.651431718061674,NA,195,NA,1,0,NA
"FWB_1003","FWB_1003_2017","Odontostilbe pequira_Las Cañas","Las Cañas","Characidae","Odontostilbe pequira","species","lotic",-58.359482,-33.194559,0.504768477851675,0.037589386126857,0.307911160058737,0.000192869414418206,36,2,2,2,0.0377822555412752
"FWB_1003","FWB_1003_2017","Oligosarcus jenynsii_Las Cañas","Las Cañas","Characidae","Oligosarcus jenynsii","species","lotic",-58.359482,-33.194559,0.766495168779019,0.0211311790271,0.305763582966226,0.0304421123232117,159,1355,5,80,0.0515732913503117
"FWB_1003","FWB_1003_2017","Pachyurus bonariensis_Las Cañas","Las Cañas","Sciaenidae","Pachyurus bonariensis","species","lotic",-58.359482,-33.194559,0.799146693437069,0.00159011671544842,0.641464757709251,0.0156628722485828,97.6,1538.8,5,97,0.0172529889640312
"FWB_1003","FWB_1003_2017","Parapimelodus valenciennis_Las Cañas","Las Cañas","Pimelodidae","Parapimelodus valenciennis","species","lotic",-58.359482,-33.194559,0.646204040657548,0.00431209303474731,0.260187224669604,0.00958623235486598,79.2,193.7,5,27,0.0138983253896133
"FWB_1003","FWB_1003_2017","Pimelodella gracilis_Las Cañas","Las Cañas","Heptapteridae","Pimelodella gracilis","species","lotic",-58.359482,-33.194559,0.644472330279834,0.00632922520809044,0.364115271659325,0.00680747666901701,85.4,143.3,5,33,0.0131367018771074
"FWB_1003","FWB_1003_2017","Pimelodus absconditus_Las Cañas","Las Cañas","Pimelodidae","Pimelodus absconditus","species","lotic",-58.359482,-33.194559,0.645940519513113,0.00333675506075816,0.612013582966226,0.0528065346765359,92.5,2112.5,2,65,0.056143289737294
"FWB_1003","FWB_1003_2017","Pimelodus albicans_Las Cañas","Las Cañas","Pimelodidae","Pimelodus albicans","species","lotic",-58.359482,-33.194559,0.606833623146837,0.0032289310886616,0.510174113698343,0.0217335939554405,390.714285714286,1495.2380952381,7,110,0.0249625250441021
"FWB_1003","FWB_1003_2017","Pimelodus maculatus_Las Cañas","Las Cañas","Pimelodidae","Pimelodus maculatus","species","lotic",-58.359482,-33.194559,0.58366168904505,0.0426506474037517,0.262830396475771,0.0309863750199456,253,5007.5,5,175,0.0736370224236973
"FWB_1003","FWB_1003_2017","Platanichthys platana_Las Cañas","Las Cañas","Dorosomatidae","Platanichthys platana","species","lotic",-58.359482,-33.194559,0.547873007905635,NA,0.0829662261380323,NA,55,NA,1,0,NA
"FWB_1003","FWB_1003_2017","Prochilodus lineatus_Las Cañas","Las Cañas","Prochilodontidae","Prochilodus lineatus","species","lotic",-58.359482,-33.194559,0.324899610992596,0.018289560705119,0.544316721732746,0.06450203288762,363.75,7348.21428571429,8,220,0.082791593592739
"FWB_1003","FWB_1003_2017","Psalidodon rutilus_Las Cañas","Las Cañas","Characidae","Psalidodon rutilus","species","lotic",-58.359482,-33.194559,0.469845651901117,0.0202073771842801,0.340730543318649,0.0115670335851872,93.6,179.8,5,35,0.0317744107694674
"FWB_1003","FWB_1003_2017","Pseudetroplus maculatus_Las Cañas","Las Cañas","Cichlidae","Pseudetroplus maculatus","species","lotic",-58.359482,-33.194559,0.792728071276195,0.0268278712377552,0.448559104258444,0.0137291245966852,41.25,622.916666666667,4,50,0.0405569958344405
"FWB_1003","FWB_1003_2017","Rhaphiodon vulpinus_Las Cañas","Las Cañas","Cynodontidae","Rhaphiodon vulpinus","species","lotic",-58.359482,-33.194559,0.684694859246246,0.0818829308994195,0.292003181595693,0.0639525963849555,298.333333333333,5158.33333333333,3,135,0.145835527284375
"FWB_1003","FWB_1003_2017","Ricola macrops_Las Cañas","Las Cañas","Loricariidae","Ricola macrops","species","lotic",-58.359482,-33.194559,0.62856067260635,0.00406683975445634,0.495025697503671,0.00299329742987228,158,1357.5,5,85,0.00706013718432862
"FWB_1003","FWB_1003_2017","Salminus brasiliensis_Las Cañas","Las Cañas","Bryconidae","Salminus brasiliensis","species","lotic",-58.359482,-33.194559,0.517523259774483,0.034711033198238,0.241582756450598,0.0393627279255396,455,16941.6666666667,7,420,0.0740737611237776
"FWB_1008","FWB_1008_2019","Clarias gariepinus_Mongu_Nalusa","Mongu_Nalusa","Clariidae","Clarias gariepinus","species","lentic",23.059019,-15.2536489,0.317460317460317,0.0141724402903667,0.590489821882952,0.0264318136569353,166.5,1673.9,6,100,0.040604253947302
"FWB_1008","FWB_1008_2019","Coptodon rendalli_Mongu_Nalusa","Mongu_Nalusa","Cichlidae","Coptodon rendalli","species","lentic",23.059019,-15.2536489,0.209273182957394,0.0307818418226016,0.659351145038168,0.179542276091137,162.5,2112.5,2,65,0.210324117913739
"FWB_1008","FWB_1008_2019","Hemichromis elongatus_Mongu_Nalusa","Mongu_Nalusa","Cichlidae","Hemichromis elongatus","species","lentic",23.059019,-15.2536489,0.741019214703425,0.000159127978676851,0.384541984732825,0.00537920284365712,90.3333333333333,1054.33333333333,3,59,0.00553833082233398
"FWB_1008","FWB_1008_2019","Marcusenius altisambesi_Mongu_Nalusa","Mongu_Nalusa","Mormyridae","Marcusenius altisambesi","species","lentic",23.059019,-15.2536489,0.187134502923977,0.00200166246861934,0.508587786259542,0.00433614008507662,93.3333333333333,415.066666666667,6,54,0.00633780255369596
"FWB_1008","FWB_1008_2019","Microctenopoma intermedium_Mongu_Nalusa","Mongu_Nalusa","Anabantidae","Microctenopoma intermedium","species","lentic",23.059019,-15.2536489,0.321518080916577,0.0111530168062476,0.345965103598691,0.0534769539043401,40,71.3333333333333,7,23,0.0646299707105878
"FWB_1008","FWB_1008_2019","Micropanchax johnstoni_Mongu_Nalusa","Mongu_Nalusa","Procatopodidae","Micropanchax johnstoni","species","lentic",23.059019,-15.2536489,0.478696741854637,0.00210048931853443,0.728530534351145,0.040593770030884,29,42,6,18,0.0426942593494184
"FWB_1008","FWB_1008_2019","Mormyrus longirostris_Mongu_Nalusa","Mongu_Nalusa","Mormyridae","Mormyrus longirostris","species","lentic",23.059019,-15.2536489,0.0730994152046783,0.00265680910714547,0.799777353689567,0.00575848459685721,143.666666666667,158.266666666667,6,32,0.00841529370400269
"FWB_1008","FWB_1008_2019","Petrocephalus catostoma_Mongu_Nalusa","Mongu_Nalusa","Mormyridae","Petrocephalus catostoma","species","lentic",23.059019,-15.2536489,0.281417830290011,0.00897756983459963,0.498091603053435,0.0393018083639259,57.7142857142857,220.571428571429,7,34,0.0482793781985256
"FWB_1008","FWB_1008_2019","Pharyngochromis acuticeps_Mongu_Nalusa","Mongu_Nalusa","Cichlidae","Pharyngochromis acuticeps","species","lentic",23.059019,-15.2536489,0.466165413533835,0.0366329357227656,0.555343511450382,0.000356913932754504,50,128,2,16,0.0369898496555201
"FWB_1008","FWB_1008_2019","Pseudocrenilabrus philander_Mongu_Nalusa","Mongu_Nalusa","Cichlidae","Pseudocrenilabrus philander","species","lentic",23.059019,-15.2536489,0.553383458646617,0.0310374934830811,0.690267175572519,0.0307995782588427,60.4,239.8,5,40,0.0618370717419238
"FWB_1008","FWB_1008_2019","Synodontis macrostigma_Mongu_Nalusa","Mongu_Nalusa","Mochokidae","Synodontis macrostigma","species","lentic",23.059019,-15.2536489,0.482706766917293,0.0116443992185979,0.42175572519084,0.00218200061185246,78.6,63.3,5,21,0.0138263998304503
"FWB_1008","FWB_1008_2019","Synodontis macrostoma_Mongu_Nalusa","Mongu_Nalusa","Mochokidae","Synodontis macrostoma","species","lentic",23.059019,-15.2536489,0.562406015037594,0.0795365606999956,0.385687022900763,0.0311477514422237,79.2,15.7,5,11,0.110684312142219
"FWB_1008","FWB_1008_2019","Synodontis woosnami_Mongu_Nalusa","Mongu_Nalusa","Mochokidae","Synodontis woosnami","species","lentic",23.059019,-15.2536489,0.496240601503759,0.0286493175294125,0.396310432569975,0.0259330142959812,78.3333333333333,16.3333333333333,3,8,0.0545823318253937
"FWB_1008","FWB_1008_2019","Tilapia sparrmanii_Mongu_Nalusa","Mongu_Nalusa","Cichlidae","Tilapia sparrmanii","species","lentic",23.059019,-15.2536489,0.260651629072682,0.0133466498326016,0.463133240804997,0.0365509499605342,64,674.4,11,64,0.0498975997931357
"FWB_1012","FWB_1012_2019","Clarias gariepinus_Senanga","Senanga","Clariidae","Clarias gariepinus","species","lotic",23.259378,-16.164732,0.697530864197531,0.049004772519433,0.651913875598086,0.0321621528811153,236.333333333333,5096.66666666667,6,161,0.0811669254005484
"FWB_1012","FWB_1012_2019","Coptodon rendalli_Senanga","Senanga","Cichlidae","Coptodon rendalli","species","lotic",23.259378,-16.164732,0.230902777777778,0.0269074895690443,0.439194577352472,0.00301867622756567,141.5,109.666666666667,4,25,0.02992616579661
"FWB_1012","FWB_1012_2019","Lacustricola katangae_Senanga","Senanga","Procatopodidae","Lacustricola katangae","species","lotic",23.259378,-16.164732,0.44212962962963,0.0602816358024691,0.610047846889952,0.0407512546772179,36.5,24.5,2,7,0.101032890479687
"FWB_1012","FWB_1012_2019","Marcusenius altisambesi_Senanga","Senanga","Mormyridae","Marcusenius altisambesi","species","lotic",23.259378,-16.164732,0.268055555555556,0.00976401748971194,0.373365231259968,0.00228849817744303,NA,NA,5,NA,0.012052515667155
"FWB_1012","FWB_1012_2019","Microctenopoma intermedium_Senanga","Senanga","Anabantidae","Microctenopoma intermedium","species","lotic",23.259378,-16.164732,0.49537037037037,0.00324002629172383,0.953149920255183,0.00427483726715657,97,538,4,51,0.0075148635588804
"FWB_1012","FWB_1012_2019","Micropanchax johnstoni_Senanga","Senanga","Procatopodidae","Micropanchax johnstoni","species","lotic",23.259378,-16.164732,0.859953703703704,0.00594296553497943,0.330542264752791,0.00932283041953151,46.1666666666667,8.56666666666667,6,9,0.0152657959545109
"FWB_1012","FWB_1012_2019","Mormyrus longirostris_Senanga","Senanga","Mormyridae","Mormyrus longirostris","species","lotic",23.259378,-16.164732,0.243055555555556,0.0434724365569273,0.461456671982988,0.0125546152365593,212.333333333333,165.333333333333,3,24,0.0560270517934866
"FWB_1012","FWB_1012_2019","Nannocharax multifasciatus_Senanga","Senanga","Distichodontidae","Nannocharax multifasciatus","species","lotic",23.259378,-16.164732,0.608796296296296,0.00295067443987197,0.306818181818182,0.000174825990111814,42.75,4.25,4,5,0.00312550042998379
"FWB_1012","FWB_1012_2019","Oreochromis andersonii_Senanga","Senanga","Cichlidae","Oreochromis andersonii","species","lotic",23.259378,-16.164732,0.118055555555556,0.0275134316415181,0.114832535885168,0.00599167194483237,112.25,58.25,4,18,0.0335051035863505
"FWB_1012","FWB_1012_2019","Oreochromis niloticus_Senanga","Senanga","Cichlidae","Oreochromis niloticus","species","lotic",23.259378,-16.164732,0.22608024691358,0.000934142089620483,0.280435938330675,0.00776483885272604,92.6666666666667,144.333333333333,3,24,0.00869898094234652
"FWB_1012","FWB_1012_2019","Petrocephalus catostoma_Senanga","Senanga","Mormyridae","Petrocephalus catostoma","species","lotic",23.259378,-16.164732,0.437962962962963,0.0186883787722908,0.258373205741627,0.01209304070674,89.4,67.3,5,21,0.0307814194790308
"FWB_1012","FWB_1012_2019","Petrocephalus okavangensis_Senanga","Senanga","Mormyridae","Petrocephalus okavangensis","species","lotic",23.259378,-16.164732,0.447337962962963,0.00939277191929583,0.401315789473684,0.0328930940395307,105,28,4,12,0.0422858659588265
"FWB_1012","FWB_1012_2019","Pharyngochromis acuticeps_Senanga","Senanga","Cichlidae","Pharyngochromis acuticeps","species","lotic",23.259378,-16.164732,0.561053240740741,0.010937098122428,0.292962519936204,0.0615106959620306,118.875,164.696428571429,8,43,0.0724477940844586
"FWB_1012","FWB_1012_2019","Pseudocrenilabrus philander_Senanga","Senanga","Cichlidae","Pseudocrenilabrus philander","species","lotic",23.259378,-16.164732,0.392939814814815,0.0284935663866026,0.419856459330144,0.021944662778206,62.5,201,4,34,0.0504382291648086
"FWB_1012","FWB_1012_2019","Serranochromis macrocephalus_Senanga","Senanga","Cichlidae","Serranochromis macrocephalus","species","lotic",23.259378,-16.164732,0.612268518518518,0.300671403463649,0.306618819776715,0.000893154664245074,211.5,5304.5,2,103,0.301564558127894
"FWB_1012","FWB_1012_2019","Synodontis macrostoma_Senanga","Senanga","Mochokidae","Synodontis macrostoma","species","lotic",23.259378,-16.164732,0.511188271604938,0.00838781007087334,0.42384370015949,0.0289087678599137,84.8333333333333,179.366666666667,6,36,0.037296577930787
"FWB_1012","FWB_1012_2019","Tilapia sparrmanii_Senanga","Senanga","Cichlidae","Tilapia sparrmanii","species","lotic",23.259378,-16.164732,0.265740740740741,0.00596761402606311,0.22615629984051,0.0141119708797876,110.2,32.2,5,14,0.0200795849058507
