"response","driver","data_group","component","term","estimate","std.error","statistic","p.value","model_name","AIC","delta_AIC","weight","supported"
"propintraspecific_C","hft_z_scored","min_1","mean","(Intercept)",0.0775767821842036,0.115888854872488,0.669406754165972,0.503236044295776,"m1_main",-20.0405422999575,11.0545813669022,0.00351135737714524,FALSE
"propintraspecific_C","hft_z_scored","min_1","mean","hft_z_scored",-0.0885294836615852,0.0430060880795956,-2.05853374754139,0.0395389251642,"m1_main",-20.0405422999575,11.0545813669022,0.00351135737714524,FALSE
"propintraspecific_C","hft_z_scored","min_1","mean","site_nbspe_log_z_scored",-0.202609166806853,0.0489215867103234,-4.14150849208041,3.45029095994129e-05,"m1_main",-20.0405422999575,11.0545813669022,0.00351135737714524,FALSE
"propintraspecific_C","hft_z_scored","min_1","mean","Climate_zone_e2Cool and moist",-0.088825917447278,0.136880398169059,-0.648930881524546,0.516383052924579,"m1_main",-20.0405422999575,11.0545813669022,0.00351135737714524,FALSE
"propintraspecific_C","hft_z_scored","min_1","mean","Climate_zone_e2Cool temperate and dry/xeric",0.0834424014159484,0.230712792258476,0.361672192508792,0.717597009438613,"m1_main",-20.0405422999575,11.0545813669022,0.00351135737714524,FALSE
"propintraspecific_C","hft_z_scored","min_1","mean","Climate_zone_e2Hot and dry",-0.211687859946062,0.182783710090593,-1.15813307346231,0.246809734964741,"m1_main",-20.0405422999575,11.0545813669022,0.00351135737714524,FALSE
"propintraspecific_C","hft_z_scored","min_1","mean","Climate_zone_e2Hot and moist",-0.138299874255006,0.170074110611145,-0.813174173059254,0.41611820480322,"m1_main",-20.0405422999575,11.0545813669022,0.00351135737714524,FALSE
"propintraspecific_C","hft_z_scored","min_1","mean","Climate_zone_e2Warm temperate",0.0239375969963414,0.144437931660838,0.165729297845046,0.868369988535931,"m1_main",-20.0405422999575,11.0545813669022,0.00351135737714524,FALSE
"propintraspecific_C","hft_z_scored","min_1","precision","(phi)",2.33132729973914,0.112259206029751,20.7673595974062,8.54270219535057e-96,"m1_main",-20.0405422999575,11.0545813669022,0.00351135737714524,FALSE
"propintraspecific_C","hft_z_scored","min_1","mean","(Intercept)",0.191035029868055,0.161809284145682,1.18061847239903,0.237754321961964,"m2_richness_x_climate",-14.1231504267082,16.9719732401515,0.000182192172380427,FALSE
"propintraspecific_C","hft_z_scored","min_1","mean","hft_z_scored",-0.0755328425192118,0.0442598785707033,-1.70657590934307,0.0879009060253197,"m2_richness_x_climate",-14.1231504267082,16.9719732401515,0.000182192172380427,FALSE
"propintraspecific_C","hft_z_scored","min_1","mean","site_nbspe_log_z_scored",-0.0405619133371706,0.173231138377536,-0.234149089575171,0.81486923701906,"m2_richness_x_climate",-14.1231504267082,16.9719732401515,0.000182192172380427,FALSE
"propintraspecific_C","hft_z_scored","min_1","mean","Climate_zone_e2Cool and moist",-0.266956406533557,0.182776186335618,-1.4605644853721,0.144134998598747,"m2_richness_x_climate",-14.1231504267082,16.9719732401515,0.000182192172380427,FALSE
"propintraspecific_C","hft_z_scored","min_1","mean","Climate_zone_e2Cool temperate and dry/xeric",-0.0277639137503748,0.256847012442512,-0.108095139929218,0.913920223340418,"m2_richness_x_climate",-14.1231504267082,16.9719732401515,0.000182192172380427,FALSE
"propintraspecific_C","hft_z_scored","min_1","mean","Climate_zone_e2Hot and dry",-0.348700774287208,0.217300389837112,-1.60469465585678,0.108561018611347,"m2_richness_x_climate",-14.1231504267082,16.9719732401515,0.000182192172380427,FALSE
"propintraspecific_C","hft_z_scored","min_1","mean","Climate_zone_e2Hot and moist",-0.280935052916449,0.207789422850609,-1.35201806262501,0.1763695371,"m2_richness_x_climate",-14.1231504267082,16.9719732401515,0.000182192172380427,FALSE
"propintraspecific_C","hft_z_scored","min_1","mean","Climate_zone_e2Warm temperate",-0.0919652955614299,0.182408865133673,-0.504171195265295,0.614141080148723,"m2_richness_x_climate",-14.1231504267082,16.9719732401515,0.000182192172380427,FALSE
"propintraspecific_C","hft_z_scored","min_1","mean","site_nbspe_log_z_scored:Climate_zone_e2Cool and moist",-0.341556518538219,0.203069101482389,-1.68197188072869,0.0925742926934967,"m2_richness_x_climate",-14.1231504267082,16.9719732401515,0.000182192172380427,FALSE
"propintraspecific_C","hft_z_scored","min_1","mean","site_nbspe_log_z_scored:Climate_zone_e2Cool temperate and dry/xeric",-0.116241594384967,0.339417341597713,-0.342473940305441,0.731994252232484,"m2_richness_x_climate",-14.1231504267082,16.9719732401515,0.000182192172380427,FALSE
"propintraspecific_C","hft_z_scored","min_1","mean","site_nbspe_log_z_scored:Climate_zone_e2Hot and dry",-0.0989664750285403,0.207449262075209,-0.477063519236144,0.633316891131436,"m2_richness_x_climate",-14.1231504267082,16.9719732401515,0.000182192172380427,FALSE
"propintraspecific_C","hft_z_scored","min_1","mean","site_nbspe_log_z_scored:Climate_zone_e2Hot and moist",-0.125308800677628,0.19598936466789,-0.63936530887769,0.522585311441063,"m2_richness_x_climate",-14.1231504267082,16.9719732401515,0.000182192172380427,FALSE
"propintraspecific_C","hft_z_scored","min_1","mean","site_nbspe_log_z_scored:Climate_zone_e2Warm temperate",-0.1598610553904,0.203690810242961,-0.784822129185496,0.432557863601467,"m2_richness_x_climate",-14.1231504267082,16.9719732401515,0.000182192172380427,FALSE
"propintraspecific_C","hft_z_scored","min_1","precision","(phi)",2.34657477191966,0.113130333682004,20.7422244374848,1.44105112087512e-95,"m2_richness_x_climate",-14.1231504267082,16.9719732401515,0.000182192172380427,FALSE
"propintraspecific_C","hft_z_scored","min_1","mean","(Intercept)",0.0542213294443245,0.116048061674059,0.467231668173955,0.640334138765716,"m3_exp_x_richness",-23.7619365610568,7.33318710580284,0.0225717654849133,FALSE
"propintraspecific_C","hft_z_scored","min_1","mean","hft_z_scored",-0.0841037700885135,0.0429132279712423,-1.95985653059878,0.0500125616289027,"m3_exp_x_richness",-23.7619365610568,7.33318710580284,0.0225717654849133,FALSE
"propintraspecific_C","hft_z_scored","min_1","mean","site_nbspe_log_z_scored",-0.191859478207015,0.0489742542409973,-3.91755793284557,8.94505527482908e-05,"m3_exp_x_richness",-23.7619365610568,7.33318710580284,0.0225717654849133,FALSE
"propintraspecific_C","hft_z_scored","min_1","mean","Climate_zone_e2Cool and moist",-0.0866344445176264,0.136565477347775,-0.634380270915794,0.525832681886868,"m3_exp_x_richness",-23.7619365610568,7.33318710580284,0.0225717654849133,FALSE
"propintraspecific_C","hft_z_scored","min_1","mean","Climate_zone_e2Cool temperate and dry/xeric",0.11443310659338,0.230514345374238,0.496425098436274,0.619594520882124,"m3_exp_x_richness",-23.7619365610568,7.33318710580284,0.0225717654849133,FALSE
"propintraspecific_C","hft_z_scored","min_1","mean","Climate_zone_e2Hot and dry",-0.157673735243456,0.183744683010874,-0.858113185425479,0.390829967243054,"m3_exp_x_richness",-23.7619365610568,7.33318710580284,0.0225717654849133,FALSE
"propintraspecific_C","hft_z_scored","min_1","mean","Climate_zone_e2Hot and moist",-0.0568207274684897,0.173445447609141,-0.327599993264367,0.743214127030722,"m3_exp_x_richness",-23.7619365610568,7.33318710580284,0.0225717654849133,FALSE
"propintraspecific_C","hft_z_scored","min_1","mean","Climate_zone_e2Warm temperate",0.0359922379534242,0.144181768888858,0.249630991704427,0.80287272927642,"m3_exp_x_richness",-23.7619365610568,7.33318710580284,0.0225717654849133,FALSE
"propintraspecific_C","hft_z_scored","min_1","mean","hft_z_scored:site_nbspe_log_z_scored",0.122236530033889,0.0502550575410989,2.43232295443943,0.0150023239135385,"m3_exp_x_richness",-23.7619365610568,7.33318710580284,0.0225717654849133,FALSE
"propintraspecific_C","hft_z_scored","min_1","precision","(phi)",2.35322022843288,0.113513190372282,20.7308086462479,1.82694380945394e-95,"m3_exp_x_richness",-23.7619365610568,7.33318710580284,0.0225717654849133,FALSE
"propintraspecific_C","hft_z_scored","min_1","mean","(Intercept)",0.0720742851748442,0.116904156532652,0.616524572885596,0.537548358990847,"m4_exp_x_climate",-14.0038607998539,17.0912628670058,0.000171643080736401,FALSE
"propintraspecific_C","hft_z_scored","min_1","mean","hft_z_scored",-0.125554526403328,0.101843378677008,-1.23281972804064,0.217643029295312,"m4_exp_x_climate",-14.0038607998539,17.0912628670058,0.000171643080736401,FALSE
"propintraspecific_C","hft_z_scored","min_1","mean","Climate_zone_e2Cool and moist",-0.0841798171044118,0.137461404897147,-0.612388744079821,0.540280587162107,"m4_exp_x_climate",-14.0038607998539,17.0912628670058,0.000171643080736401,FALSE
"propintraspecific_C","hft_z_scored","min_1","mean","Climate_zone_e2Cool temperate and dry/xeric",0.0960533168598019,0.231358080864985,0.415171652966192,0.678016248718183,"m4_exp_x_climate",-14.0038607998539,17.0912628670058,0.000171643080736401,FALSE
"propintraspecific_C","hft_z_scored","min_1","mean","Climate_zone_e2Hot and dry",-0.117157343723366,0.189636875603137,-0.617798322983063,0.536708289059352,"m4_exp_x_climate",-14.0038607998539,17.0912628670058,0.000171643080736401,FALSE
"propintraspecific_C","hft_z_scored","min_1","mean","Climate_zone_e2Hot and moist",-0.149149389751446,0.171588259518079,-0.869228408577286,0.384722211844509,"m4_exp_x_climate",-14.0038607998539,17.0912628670058,0.000171643080736401,FALSE
"propintraspecific_C","hft_z_scored","min_1","mean","Climate_zone_e2Warm temperate",0.0424021247389961,0.145458566666053,0.291506548640369,0.770663936163543,"m4_exp_x_climate",-14.0038607998539,17.0912628670058,0.000171643080736401,FALSE
"propintraspecific_C","hft_z_scored","min_1","mean","site_nbspe_log_z_scored",-0.201178959895956,0.0504935835724485,-3.98424801058739,6.76941462682463e-05,"m4_exp_x_climate",-14.0038607998539,17.0912628670058,0.000171643080736401,FALSE
"propintraspecific_C","hft_z_scored","min_1","mean","hft_z_scored:Climate_zone_e2Cool and moist",0.0456496577640003,0.128458812120736,0.355364159222451,0.722316795663399,"m4_exp_x_climate",-14.0038607998539,17.0912628670058,0.000171643080736401,FALSE
"propintraspecific_C","hft_z_scored","min_1","mean","hft_z_scored:Climate_zone_e2Cool temperate and dry/xeric",0.138786960747025,0.214461375372332,0.647141987717245,0.51754005287318,"m4_exp_x_climate",-14.0038607998539,17.0912628670058,0.000171643080736401,FALSE
"propintraspecific_C","hft_z_scored","min_1","mean","hft_z_scored:Climate_zone_e2Hot and dry",0.269376675711039,0.173636541060201,1.55138241101937,0.120810067809753,"m4_exp_x_climate",-14.0038607998539,17.0912628670058,0.000171643080736401,FALSE
"propintraspecific_C","hft_z_scored","min_1","mean","hft_z_scored:Climate_zone_e2Hot and moist",-0.0150980400628619,0.159742027553147,-0.0945151397795966,0.924699956476279,"m4_exp_x_climate",-14.0038607998539,17.0912628670058,0.000171643080736401,FALSE
"propintraspecific_C","hft_z_scored","min_1","mean","hft_z_scored:Climate_zone_e2Warm temperate",-0.029468623227897,0.133075824828395,-0.221442348870635,0.824748021153443,"m4_exp_x_climate",-14.0038607998539,17.0912628670058,0.000171643080736401,FALSE
"propintraspecific_C","hft_z_scored","min_1","precision","(phi)",2.34617297036888,0.113107870105994,20.7427915331644,1.42416060572217e-95,"m4_exp_x_climate",-14.0038607998539,17.0912628670058,0.000171643080736401,FALSE
"propintraspecific_C","hft_z_scored","min_1","mean","(Intercept)",0.0173176774442377,0.0419324480190424,0.41298989833299,0.679614014823223,"m5_exp_x_richness_noclimate",-31.0951236668597,0,0.882971888115586,TRUE
"propintraspecific_C","hft_z_scored","min_1","mean","hft_z_scored",-0.07858148765915,0.041772962130869,-1.88115670162353,0.0599506056919871,"m5_exp_x_richness_noclimate",-31.0951236668597,0,0.882971888115586,TRUE
"propintraspecific_C","hft_z_scored","min_1","mean","site_nbspe_log_z_scored",-0.196812657901166,0.0433461731135051,-4.54048520928937,5.61249162356935e-06,"m5_exp_x_richness_noclimate",-31.0951236668597,0,0.882971888115586,TRUE
"propintraspecific_C","hft_z_scored","min_1","mean","hft_z_scored:site_nbspe_log_z_scored",0.126273352828185,0.0485993581921386,2.59825144869116,0.00936998519962699,"m5_exp_x_richness_noclimate",-31.0951236668597,0,0.882971888115586,TRUE
"propintraspecific_C","hft_z_scored","min_1","precision","(phi)",2.34265535378293,0.112903875597292,20.7491137163331,1.24872063602675e-95,"m5_exp_x_richness_noclimate",-31.0951236668597,0,0.882971888115586,TRUE
"propintraspecific_C","hft_z_scored","min_1","mean","(Intercept)",0.0171349892091781,0.0420518262958613,0.407473128244718,0.683660526540078,"m6_exp_richness_noclimate",-26.541250075774,4.55387359108562,0.0905911537692386,FALSE
"propintraspecific_C","hft_z_scored","min_1","mean","hft_z_scored",-0.0783924311110873,0.0418996870862186,-1.87095504913381,0.061351311790279,"m6_exp_richness_noclimate",-26.541250075774,4.55387359108562,0.0905911537692386,FALSE
"propintraspecific_C","hft_z_scored","min_1","mean","site_nbspe_log_z_scored",-0.222319656148373,0.0423331986753613,-5.25166212582388,1.50732773854391e-07,"m6_exp_richness_noclimate",-26.541250075774,4.55387359108562,0.0905911537692386,FALSE
"propintraspecific_C","hft_z_scored","min_1","precision","(phi)",2.31779301304026,0.11148073580183,20.7909734033367,5.22403951173032e-96,"m6_exp_richness_noclimate",-26.541250075774,4.55387359108562,0.0905911537692386,FALSE
"propintraspecific_C","hft_z_scored","min_3","mean","(Intercept)",-0.0107244061883129,0.133393897263816,-0.0803965279393778,0.935921888270753,"m1_main",-30.246849776051,0,0.425700021212538,TRUE
"propintraspecific_C","hft_z_scored","min_3","mean","hft_z_scored",-0.0983164127361505,0.0739125079917018,-1.33017286799669,0.183461321398754,"m1_main",-30.246849776051,0,0.425700021212538,TRUE
"propintraspecific_C","hft_z_scored","min_3","mean","site_nbspe_log_z_scored",-0.292116624087505,0.0767233190039534,-3.80740337983101,0.000140433578480082,"m1_main",-30.246849776051,0,0.425700021212538,TRUE
"propintraspecific_C","hft_z_scored","min_3","mean","Climate_zone_e2Cool and moist",0.693352921146444,0.189662725885422,3.65571525933518,0.000256465899523042,"m1_main",-30.246849776051,0,0.425700021212538,TRUE
"propintraspecific_C","hft_z_scored","min_3","mean","Climate_zone_e2Cool temperate and dry/xeric",0.368323480723762,0.296197210294721,1.24350759535268,0.213680843823289,"m1_main",-30.246849776051,0,0.425700021212538,TRUE
"propintraspecific_C","hft_z_scored","min_3","mean","Climate_zone_e2Hot and dry",-0.175007625255763,0.315722407654211,-0.554308535007235,0.579367710155725,"m1_main",-30.246849776051,0,0.425700021212538,TRUE
"propintraspecific_C","hft_z_scored","min_3","mean","Climate_zone_e2Hot and moist",0.12161902957531,0.353793507581443,0.343757098333167,0.73102896666295,"m1_main",-30.246849776051,0,0.425700021212538,TRUE
"propintraspecific_C","hft_z_scored","min_3","mean","Climate_zone_e2Warm temperate",0.451842017890903,0.202076013094936,2.23600026035067,0.0253517541041365,"m1_main",-30.246849776051,0,0.425700021212538,TRUE
"propintraspecific_C","hft_z_scored","min_3","precision","(phi)",2.49885230164009,0.205698195209793,12.1481488891601,5.86791465622223e-34,"m1_main",-30.246849776051,0,0.425700021212538,TRUE
"propintraspecific_C","hft_z_scored","min_3","mean","(Intercept)",0.158213473706225,0.148752138075565,1.06360470345545,0.287507810799819,"m2_richness_x_climate",-29.8544208007178,0.392428975333168,0.349855577984785,TRUE
"propintraspecific_C","hft_z_scored","min_3","mean","hft_z_scored",-0.11062937752039,0.0765411459369456,-1.44535826013797,0.148357281170505,"m2_richness_x_climate",-29.8544208007178,0.392428975333168,0.349855577984785,TRUE
"propintraspecific_C","hft_z_scored","min_3","mean","site_nbspe_log_z_scored",0.0647197479061934,0.169466147768386,0.38190369438649,0.70253279989901,"m2_richness_x_climate",-29.8544208007178,0.392428975333168,0.349855577984785,TRUE
"propintraspecific_C","hft_z_scored","min_3","mean","Climate_zone_e2Cool and moist",0.560200119079405,0.197112044772402,2.84203900236664,0.00448260073413028,"m2_richness_x_climate",-29.8544208007178,0.392428975333168,0.349855577984785,TRUE
"propintraspecific_C","hft_z_scored","min_3","mean","Climate_zone_e2Cool temperate and dry/xeric",0.090920640263412,0.327037455336501,0.278012927203889,0.781002435321485,"m2_richness_x_climate",-29.8544208007178,0.392428975333168,0.349855577984785,TRUE
"propintraspecific_C","hft_z_scored","min_3","mean","Climate_zone_e2Hot and dry",-0.337355052706709,0.328893433986829,-1.02572753921326,0.30502002961991,"m2_richness_x_climate",-29.8544208007178,0.392428975333168,0.349855577984785,TRUE
"propintraspecific_C","hft_z_scored","min_3","mean","Climate_zone_e2Hot and moist",-0.229856408915831,0.388038216544098,-0.592355080288103,0.553612839404468,"m2_richness_x_climate",-29.8544208007178,0.392428975333168,0.349855577984785,TRUE
"propintraspecific_C","hft_z_scored","min_3","mean","Climate_zone_e2Warm temperate",0.278968930354211,0.210353325803372,1.32619215450379,0.184776057330418,"m2_richness_x_climate",-29.8544208007178,0.392428975333168,0.349855577984785,TRUE
"propintraspecific_C","hft_z_scored","min_3","mean","site_nbspe_log_z_scored:Climate_zone_e2Cool and moist",-0.576694533610627,0.209348062123678,-2.75471636928709,0.00587430345589834,"m2_richness_x_climate",-29.8544208007178,0.392428975333168,0.349855577984785,TRUE
"propintraspecific_C","hft_z_scored","min_3","mean","site_nbspe_log_z_scored:Climate_zone_e2Cool temperate and dry/xeric",-0.166573028722516,0.308621542340756,-0.53973234486204,0.589381630388683,"m2_richness_x_climate",-29.8544208007178,0.392428975333168,0.349855577984785,TRUE
"propintraspecific_C","hft_z_scored","min_3","mean","site_nbspe_log_z_scored:Climate_zone_e2Hot and dry",-0.304171331104433,0.37732356961813,-0.806128626982591,0.420168686838593,"m2_richness_x_climate",-29.8544208007178,0.392428975333168,0.349855577984785,TRUE
"propintraspecific_C","hft_z_scored","min_3","mean","site_nbspe_log_z_scored:Climate_zone_e2Hot and moist",-0.836158189422896,0.434311498075724,-1.9252499487755,0.0541980959848468,"m2_richness_x_climate",-29.8544208007178,0.392428975333168,0.349855577984785,TRUE
"propintraspecific_C","hft_z_scored","min_3","mean","site_nbspe_log_z_scored:Climate_zone_e2Warm temperate",-0.329188757103794,0.214847897903072,-1.53219445159434,0.125474457312833,"m2_richness_x_climate",-29.8544208007178,0.392428975333168,0.349855577984785,TRUE
"propintraspecific_C","hft_z_scored","min_3","precision","(phi)",2.60827621519923,0.216153819895463,12.066759756828,1.58243206851441e-33,"m2_richness_x_climate",-29.8544208007178,0.392428975333168,0.349855577984785,TRUE
"propintraspecific_C","hft_z_scored","min_3","mean","(Intercept)",-0.0279138388940359,0.137515368652937,-0.202987049138378,0.839145154783838,"m3_exp_x_richness",-28.4850815688628,1.76176820718816,0.176417054382048,TRUE
"propintraspecific_C","hft_z_scored","min_3","mean","hft_z_scored",-0.100325023935569,0.0740153373815342,-1.35546263091951,0.17527020679726,"m3_exp_x_richness",-28.4850815688628,1.76176820718816,0.176417054382048,TRUE
"propintraspecific_C","hft_z_scored","min_3","mean","site_nbspe_log_z_scored",-0.297665253382966,0.0773353978437626,-3.84901690147539,0.000118592825486816,"m3_exp_x_richness",-28.4850815688628,1.76176820718816,0.176417054382048,TRUE
"propintraspecific_C","hft_z_scored","min_3","mean","Climate_zone_e2Cool and moist",0.694052661819377,0.18960420480536,3.66053412439805,0.000251690029256533,"m3_exp_x_richness",-28.4850815688628,1.76176820718816,0.176417054382048,TRUE
"propintraspecific_C","hft_z_scored","min_3","mean","Climate_zone_e2Cool temperate and dry/xeric",0.399718356808918,0.302739626751144,1.32033708668569,0.186722498515711,"m3_exp_x_richness",-28.4850815688628,1.76176820718816,0.176417054382048,TRUE
"propintraspecific_C","hft_z_scored","min_3","mean","Climate_zone_e2Hot and dry",-0.151914310110942,0.318992260971875,-0.476231961390237,0.633909131721979,"m3_exp_x_richness",-28.4850815688628,1.76176820718816,0.176417054382048,TRUE
"propintraspecific_C","hft_z_scored","min_3","mean","Climate_zone_e2Hot and moist",0.16165888903628,0.363168038661138,0.445135231702258,0.65622202929482,"m3_exp_x_richness",-28.4850815688628,1.76176820718816,0.176417054382048,TRUE
"propintraspecific_C","hft_z_scored","min_3","mean","Climate_zone_e2Warm temperate",0.466440381319593,0.203754901312175,2.28922287668043,0.0220664060645778,"m3_exp_x_richness",-28.4850815688628,1.76176820718816,0.176417054382048,TRUE
"propintraspecific_C","hft_z_scored","min_3","mean","hft_z_scored:site_nbspe_log_z_scored",0.0372582517401797,0.0758078950672992,0.491482472994446,0.623085245573378,"m3_exp_x_richness",-28.4850815688628,1.76176820718816,0.176417054382048,TRUE
"propintraspecific_C","hft_z_scored","min_3","precision","(phi)",2.50173707509151,0.205977836663814,12.145661473155,6.04913819165086e-34,"m3_exp_x_richness",-28.4850815688628,1.76176820718816,0.176417054382048,TRUE
"propintraspecific_C","hft_z_scored","min_3","mean","(Intercept)",0.0197253712904272,0.134176548344118,0.147010573262313,0.883123674742913,"m4_exp_x_climate",-24.8147658228738,5.4320839531772,0.0281540986987924,FALSE
"propintraspecific_C","hft_z_scored","min_3","mean","hft_z_scored",-0.0508457213366256,0.125855587608791,-0.404000508063847,0.686212345568081,"m4_exp_x_climate",-24.8147658228738,5.4320839531772,0.0281540986987924,FALSE
"propintraspecific_C","hft_z_scored","min_3","mean","Climate_zone_e2Cool and moist",0.713583594041555,0.190245247578824,3.75086160165918,0.000176227956940482,"m4_exp_x_climate",-24.8147658228738,5.4320839531772,0.0281540986987924,FALSE
"propintraspecific_C","hft_z_scored","min_3","mean","Climate_zone_e2Cool temperate and dry/xeric",0.488421596575111,0.378227202618218,1.29134444374728,0.196584265885512,"m4_exp_x_climate",-24.8147658228738,5.4320839531772,0.0281540986987924,FALSE
"propintraspecific_C","hft_z_scored","min_3","mean","Climate_zone_e2Hot and dry",-0.0867240072391273,0.329424769133807,-0.263258914826473,0.792351024243873,"m4_exp_x_climate",-24.8147658228738,5.4320839531772,0.0281540986987924,FALSE
"propintraspecific_C","hft_z_scored","min_3","mean","Climate_zone_e2Hot and moist",0.0265630342257959,0.361623187725376,0.0734550082169189,0.941444045549847,"m4_exp_x_climate",-24.8147658228738,5.4320839531772,0.0281540986987924,FALSE
"propintraspecific_C","hft_z_scored","min_3","mean","Climate_zone_e2Warm temperate",0.41351361605283,0.202041873100973,2.04667284907902,0.0406902168051153,"m4_exp_x_climate",-24.8147658228738,5.4320839531772,0.0281540986987924,FALSE
"propintraspecific_C","hft_z_scored","min_3","mean","site_nbspe_log_z_scored",-0.253901394271638,0.0787209547289867,-3.22533428546118,0.00125825655562602,"m4_exp_x_climate",-24.8147658228738,5.4320839531772,0.0281540986987924,FALSE
"propintraspecific_C","hft_z_scored","min_3","mean","hft_z_scored:Climate_zone_e2Cool and moist",-0.218738426482869,0.177523742170569,-1.2321643505729,0.217887697175405,"m4_exp_x_climate",-24.8147658228738,5.4320839531772,0.0281540986987924,FALSE
"propintraspecific_C","hft_z_scored","min_3","mean","hft_z_scored:Climate_zone_e2Cool temperate and dry/xeric",0.261306271304095,0.455733912994286,0.573374646594208,0.566391052959276,"m4_exp_x_climate",-24.8147658228738,5.4320839531772,0.0281540986987924,FALSE
"propintraspecific_C","hft_z_scored","min_3","mean","hft_z_scored:Climate_zone_e2Hot and dry",0.250726303716881,0.302708241117369,0.828277098738342,0.407513589357515,"m4_exp_x_climate",-24.8147658228738,5.4320839531772,0.0281540986987924,FALSE
"propintraspecific_C","hft_z_scored","min_3","mean","hft_z_scored:Climate_zone_e2Hot and moist",0.228801827687213,0.315758082573495,0.724611151114265,0.468690615960254,"m4_exp_x_climate",-24.8147658228738,5.4320839531772,0.0281540986987924,FALSE
"propintraspecific_C","hft_z_scored","min_3","mean","hft_z_scored:Climate_zone_e2Warm temperate",-0.131242931224549,0.208438154794533,-0.629649266248406,0.528924082733569,"m4_exp_x_climate",-24.8147658228738,5.4320839531772,0.0281540986987924,FALSE
"propintraspecific_C","hft_z_scored","min_3","precision","(phi)",2.5504713105853,0.210639512589711,12.1082283149466,9.55354050880275e-34,"m4_exp_x_climate",-24.8147658228738,5.4320839531772,0.0281540986987924,FALSE
"propintraspecific_C","hft_z_scored","min_3","mean","(Intercept)",0.320378585374547,0.0729510185788648,4.39169447686597,1.12470670603033e-05,"m5_exp_x_richness_noclimate",-21.8586013749884,8.38824840106258,0.00642123663953257,FALSE
"propintraspecific_C","hft_z_scored","min_3","mean","hft_z_scored",-0.0593603466150091,0.0726238905966144,-0.817366656169979,0.413718924872306,"m5_exp_x_richness_noclimate",-21.8586013749884,8.38824840106258,0.00642123663953257,FALSE
"propintraspecific_C","hft_z_scored","min_3","mean","site_nbspe_log_z_scored",-0.229721105064734,0.0729247880776628,-3.15011001225108,0.0016320899268563,"m5_exp_x_richness_noclimate",-21.8586013749884,8.38824840106258,0.00642123663953257,FALSE
"propintraspecific_C","hft_z_scored","min_3","mean","hft_z_scored:site_nbspe_log_z_scored",0.0534724541591663,0.0732178482787096,0.730319934500384,0.465194645934798,"m5_exp_x_richness_noclimate",-21.8586013749884,8.38824840106258,0.00642123663953257,FALSE
"propintraspecific_C","hft_z_scored","min_3","precision","(phi)",2.32590805959548,0.189187787314607,12.2941765565852,9.73436622494491e-35,"m5_exp_x_richness_noclimate",-21.8586013749884,8.38824840106258,0.00642123663953257,FALSE
"propintraspecific_C","hft_z_scored","min_3","mean","(Intercept)",0.331557442729157,0.0713762701455787,4.64520550111283,3.39738099881964e-06,"m6_exp_richness_noclimate",-23.3376371661597,6.90921260989131,0.0134520110823031,FALSE
"propintraspecific_C","hft_z_scored","min_3","mean","hft_z_scored",-0.0533529213135959,0.0723421606650439,-0.737507987363395,0.460813487701266,"m6_exp_richness_noclimate",-23.3376371661597,6.90921260989131,0.0134520110823031,FALSE
"propintraspecific_C","hft_z_scored","min_3","mean","site_nbspe_log_z_scored",-0.225048174322817,0.0727243061013706,-3.09453862659234,0.00197119265423154,"m6_exp_richness_noclimate",-23.3376371661597,6.90921260989131,0.0134520110823031,FALSE
"propintraspecific_C","hft_z_scored","min_3","precision","(phi)",2.32014835116515,0.188631435287726,12.2999029701817,9.06830066554907e-35,"m6_exp_richness_noclimate",-23.3376371661597,6.90921260989131,0.0134520110823031,FALSE
"propintraspecific_C","hydro_dis_z_scored","min_1","mean","(Intercept)",0.0912157742623049,0.11600277955964,0.786324039894307,0.431677672136041,"m1_main",-15.8637093460868,7.1912235099349,0.0191698832890936,FALSE
"propintraspecific_C","hydro_dis_z_scored","min_1","mean","hydro_dis_z_scored",0.00494332433319038,0.0441398023383033,0.111992443810758,0.910829397845396,"m1_main",-15.8637093460868,7.1912235099349,0.0191698832890936,FALSE
"propintraspecific_C","hydro_dis_z_scored","min_1","mean","site_nbspe_log_z_scored",-0.208135015282676,0.0491920889551534,-4.23106681792727,2.32585562072644e-05,"m1_main",-15.8637093460868,7.1912235099349,0.0191698832890936,FALSE
"propintraspecific_C","hydro_dis_z_scored","min_1","mean","Climate_zone_e2Cool and moist",-0.119046332835739,0.136319762508156,-0.873287413691149,0.382506439112524,"m1_main",-15.8637093460868,7.1912235099349,0.0191698832890936,FALSE
"propintraspecific_C","hydro_dis_z_scored","min_1","mean","Climate_zone_e2Cool temperate and dry/xeric",0.0755203576646344,0.231142535949293,0.326726352440823,0.743874866808194,"m1_main",-15.8637093460868,7.1912235099349,0.0191698832890936,FALSE
"propintraspecific_C","hydro_dis_z_scored","min_1","mean","Climate_zone_e2Hot and dry",-0.187605267626953,0.183007679068219,-1.0251223805588,0.305305446582121,"m1_main",-15.8637093460868,7.1912235099349,0.0191698832890936,FALSE
"propintraspecific_C","hydro_dis_z_scored","min_1","mean","Climate_zone_e2Hot and moist",-0.124757524874608,0.1713722300026,-0.727991488893591,0.466618796354198,"m1_main",-15.8637093460868,7.1912235099349,0.0191698832890936,FALSE
"propintraspecific_C","hydro_dis_z_scored","min_1","mean","Climate_zone_e2Warm temperate",-0.00618597567077667,0.143996507539911,-0.0429592062784032,0.965734052486826,"m1_main",-15.8637093460868,7.1912235099349,0.0191698832890936,FALSE
"propintraspecific_C","hydro_dis_z_scored","min_1","precision","(phi)",2.31563407088118,0.11136065863216,20.7940048067607,4.90421679953458e-96,"m1_main",-15.8637093460868,7.1912235099349,0.0191698832890936,FALSE
"propintraspecific_C","hydro_dis_z_scored","min_1","mean","(Intercept)",0.18755133745025,0.162303276630541,1.15556100495236,0.247860766028038,"m2_richness_x_climate",-11.2784623473886,11.7764705086331,0.00193618001886806,FALSE
"propintraspecific_C","hydro_dis_z_scored","min_1","mean","hydro_dis_z_scored",0.00730924027179175,0.0442516296417838,0.1651744880575,0.868806645016494,"m2_richness_x_climate",-11.2784623473886,11.7764705086331,0.00193618001886806,FALSE
"propintraspecific_C","hydro_dis_z_scored","min_1","mean","site_nbspe_log_z_scored",-0.067954024869603,0.172823791713683,-0.393198321803878,0.694173009112232,"m2_richness_x_climate",-11.2784623473886,11.7764705086331,0.00193618001886806,FALSE
"propintraspecific_C","hydro_dis_z_scored","min_1","mean","Climate_zone_e2Cool and moist",-0.287139491110007,0.182635327368945,-1.57220125616744,0.115903884228511,"m2_richness_x_climate",-11.2784623473886,11.7764705086331,0.00193618001886806,FALSE
"propintraspecific_C","hydro_dis_z_scored","min_1","mean","Climate_zone_e2Cool temperate and dry/xeric",-0.0184050005579415,0.257111904001044,-0.0715836189283044,0.942933276829153,"m2_richness_x_climate",-11.2784623473886,11.7764705086331,0.00193618001886806,FALSE
"propintraspecific_C","hydro_dis_z_scored","min_1","mean","Climate_zone_e2Hot and dry",-0.319106569421831,0.217458769244399,-1.46743481778466,0.142257808750204,"m2_richness_x_climate",-11.2784623473886,11.7764705086331,0.00193618001886806,FALSE
"propintraspecific_C","hydro_dis_z_scored","min_1","mean","Climate_zone_e2Hot and moist",-0.276385557077687,0.209718744678692,-1.31788676067623,0.187541558284266,"m2_richness_x_climate",-11.2784623473886,11.7764705086331,0.00193618001886806,FALSE
"propintraspecific_C","hydro_dis_z_scored","min_1","mean","Climate_zone_e2Warm temperate",-0.101863514966067,0.18260341993389,-0.557840126997324,0.576953559051798,"m2_richness_x_climate",-11.2784623473886,11.7764705086331,0.00193618001886806,FALSE
"propintraspecific_C","hydro_dis_z_scored","min_1","mean","site_nbspe_log_z_scored:Climate_zone_e2Cool and moist",-0.350302032592149,0.203454558785622,-1.72177037802952,0.0851111225935038,"m2_richness_x_climate",-11.2784623473886,11.7764705086331,0.00193618001886806,FALSE
"propintraspecific_C","hydro_dis_z_scored","min_1","mean","site_nbspe_log_z_scored:Climate_zone_e2Cool temperate and dry/xeric",-0.0781680577375425,0.339197982824609,-0.230449653876513,0.817742381025985,"m2_richness_x_climate",-11.2784623473886,11.7764705086331,0.00193618001886806,FALSE
"propintraspecific_C","hydro_dis_z_scored","min_1","mean","site_nbspe_log_z_scored:Climate_zone_e2Hot and dry",-0.0653713961265683,0.207025766846709,-0.315764540435067,0.75218123469355,"m2_richness_x_climate",-11.2784623473886,11.7764705086331,0.00193618001886806,FALSE
"propintraspecific_C","hydro_dis_z_scored","min_1","mean","site_nbspe_log_z_scored:Climate_zone_e2Hot and moist",-0.079351691567801,0.194630481627442,-0.407704337492698,0.683490752649923,"m2_richness_x_climate",-11.2784623473886,11.7764705086331,0.00193618001886806,FALSE
"propintraspecific_C","hydro_dis_z_scored","min_1","mean","site_nbspe_log_z_scored:Climate_zone_e2Warm temperate",-0.143135294291454,0.204392891861447,-0.700294873211548,0.483743172812588,"m2_richness_x_climate",-11.2784623473886,11.7764705086331,0.00193618001886806,FALSE
"propintraspecific_C","hydro_dis_z_scored","min_1","precision","(phi)",2.33576097833618,0.11251082706438,20.7603218221802,9.89021621351191e-96,"m2_richness_x_climate",-11.2784623473886,11.7764705086331,0.00193618001886806,FALSE
"propintraspecific_C","hydro_dis_z_scored","min_1","mean","(Intercept)",0.0889207581155896,0.116074412222841,0.766066839476027,0.443636532739726,"m3_exp_x_richness",-14.0462102822497,9.008722573772,0.00772599747105283,FALSE
"propintraspecific_C","hydro_dis_z_scored","min_1","mean","hydro_dis_z_scored",0.0045597294705435,0.0441650772451156,0.103242873214895,0.917770213788816,"m3_exp_x_richness",-14.0462102822497,9.008722573772,0.00772599747105283,FALSE
"propintraspecific_C","hydro_dis_z_scored","min_1","mean","site_nbspe_log_z_scored",-0.209368452917034,0.0492667424041746,-4.24969142874146,2.14065200675624e-05,"m3_exp_x_richness",-14.0462102822497,9.008722573772,0.00772599747105283,FALSE
"propintraspecific_C","hydro_dis_z_scored","min_1","mean","Climate_zone_e2Cool and moist",-0.119272563433883,0.136315485308728,-0.87497442542022,0.381587821245239,"m3_exp_x_richness",-14.0462102822497,9.008722573772,0.00772599747105283,FALSE
"propintraspecific_C","hydro_dis_z_scored","min_1","mean","Climate_zone_e2Cool temperate and dry/xeric",0.0793955683724921,0.231271314167346,0.343300545760907,0.731372370276435,"m3_exp_x_richness",-14.0462102822497,9.008722573772,0.00772599747105283,FALSE
"propintraspecific_C","hydro_dis_z_scored","min_1","mean","Climate_zone_e2Hot and dry",-0.188816354896453,0.183025283291461,-1.03164082852843,0.302240406357597,"m3_exp_x_richness",-14.0462102822497,9.008722573772,0.00772599747105283,FALSE
"propintraspecific_C","hydro_dis_z_scored","min_1","mean","Climate_zone_e2Hot and moist",-0.131648897166594,0.172263929215227,-0.764227878502132,0.44473145577402,"m3_exp_x_richness",-14.0462102822497,9.008722573772,0.00772599747105283,FALSE
"propintraspecific_C","hydro_dis_z_scored","min_1","mean","Climate_zone_e2Warm temperate",-0.00665101937552592,0.144010532787163,-0.0461842564346016,0.963163390629816,"m3_exp_x_richness",-14.0462102822497,9.008722573772,0.00772599747105283,FALSE
"propintraspecific_C","hydro_dis_z_scored","min_1","mean","hydro_dis_z_scored:site_nbspe_log_z_scored",0.0187813330110271,0.0441183354560838,0.425703572378029,0.670323858634125,"m3_exp_x_richness",-14.0462102822497,9.008722573772,0.00772599747105283,FALSE
"propintraspecific_C","hydro_dis_z_scored","min_1","precision","(phi)",2.31629621643338,0.111398361677842,20.7929109687625,5.0173025320345e-96,"m3_exp_x_richness",-14.0462102822497,9.008722573772,0.00772599747105283,FALSE
"propintraspecific_C","hydro_dis_z_scored","min_1","mean","(Intercept)",0.0536425863696936,0.117085883815043,0.458147341266443,0.646846589008768,"m4_exp_x_climate",-11.1624853898394,11.8924474661824,0.00182709722331064,FALSE
"propintraspecific_C","hydro_dis_z_scored","min_1","mean","hydro_dis_z_scored",-0.188289070501481,0.114045802042831,-1.65099518902736,0.0987395572652499,"m4_exp_x_climate",-11.1624853898394,11.8924474661824,0.00182709722331064,FALSE
"propintraspecific_C","hydro_dis_z_scored","min_1","mean","Climate_zone_e2Cool and moist",-0.0923351550281827,0.13792400131165,-0.669464010252606,0.503199531209103,"m4_exp_x_climate",-11.1624853898394,11.8924474661824,0.00182709722331064,FALSE
"propintraspecific_C","hydro_dis_z_scored","min_1","mean","Climate_zone_e2Cool temperate and dry/xeric",0.132639934878093,0.233240675698767,0.56868269001844,0.569571497039677,"m4_exp_x_climate",-11.1624853898394,11.8924474661824,0.00182709722331064,FALSE
"propintraspecific_C","hydro_dis_z_scored","min_1","mean","Climate_zone_e2Hot and dry",-0.147198240648111,0.184463220210624,-0.797981518917628,0.424881214942423,"m4_exp_x_climate",-11.1624853898394,11.8924474661824,0.00182709722331064,FALSE
"propintraspecific_C","hydro_dis_z_scored","min_1","mean","Climate_zone_e2Hot and moist",-0.139066353102197,0.177527206381132,-0.783352343210065,0.433420233495411,"m4_exp_x_climate",-11.1624853898394,11.8924474661824,0.00182709722331064,FALSE
"propintraspecific_C","hydro_dis_z_scored","min_1","mean","Climate_zone_e2Warm temperate",0.0384483147729901,0.145283183088766,0.264643945400746,0.791283763184659,"m4_exp_x_climate",-11.1624853898394,11.8924474661824,0.00182709722331064,FALSE
"propintraspecific_C","hydro_dis_z_scored","min_1","mean","site_nbspe_log_z_scored",-0.215176205259925,0.0493075842128806,-4.36395756747933,1.27730363275713e-05,"m4_exp_x_climate",-11.1624853898394,11.8924474661824,0.00182709722331064,FALSE
"propintraspecific_C","hydro_dis_z_scored","min_1","mean","hydro_dis_z_scored:Climate_zone_e2Cool and moist",0.142040205946346,0.145664542790628,0.975118606252094,0.329501430219642,"m4_exp_x_climate",-11.1624853898394,11.8924474661824,0.00182709722331064,FALSE
"propintraspecific_C","hydro_dis_z_scored","min_1","mean","hydro_dis_z_scored:Climate_zone_e2Cool temperate and dry/xeric",0.336563798675607,0.24135842394479,1.39445639880626,0.163179827219797,"m4_exp_x_climate",-11.1624853898394,11.8924474661824,0.00182709722331064,FALSE
"propintraspecific_C","hydro_dis_z_scored","min_1","mean","hydro_dis_z_scored:Climate_zone_e2Hot and dry",0.190802274241275,0.170584107367775,1.11852315661453,0.263343622147732,"m4_exp_x_climate",-11.1624853898394,11.8924474661824,0.00182709722331064,FALSE
"propintraspecific_C","hydro_dis_z_scored","min_1","mean","hydro_dis_z_scored:Climate_zone_e2Hot and moist",0.307982250825155,0.16101481527464,1.91275722237009,0.0557791398422746,"m4_exp_x_climate",-11.1624853898394,11.8924474661824,0.00182709722331064,FALSE
"propintraspecific_C","hydro_dis_z_scored","min_1","mean","hydro_dis_z_scored:Climate_zone_e2Warm temperate",0.255013106013053,0.139359801606131,1.82988999032727,0.0672663905192903,"m4_exp_x_climate",-11.1624853898394,11.8924474661824,0.00182709722331064,FALSE
"propintraspecific_C","hydro_dis_z_scored","min_1","precision","(phi)",2.33539900091343,0.11249015228893,20.7609195417834,9.76796660825242e-96,"m4_exp_x_climate",-11.1624853898394,11.8924474661824,0.00182709722331064,FALSE
"propintraspecific_C","hydro_dis_z_scored","min_1","mean","(Intercept)",0.0154576885549187,0.0428832808711547,0.360459560017394,0.71850349327448,"m5_exp_x_richness_noclimate",-21.1600031858107,1.89492967021104,0.270828935891346,TRUE
"propintraspecific_C","hydro_dis_z_scored","min_1","mean","hydro_dis_z_scored",-0.00133023521956447,0.0435887837314804,-0.0305178329305792,0.975654071382767,"m5_exp_x_richness_noclimate",-21.1600031858107,1.89492967021104,0.270828935891346,TRUE
"propintraspecific_C","hydro_dis_z_scored","min_1","mean","site_nbspe_log_z_scored",-0.222867725174944,0.0434762533907933,-5.12619436573021,2.9565738732732e-07,"m5_exp_x_richness_noclimate",-21.1600031858107,1.89492967021104,0.270828935891346,TRUE
"propintraspecific_C","hydro_dis_z_scored","min_1","mean","hydro_dis_z_scored:site_nbspe_log_z_scored",0.0141526823248551,0.0437548607028594,0.323453945402007,0.746351480691248,"m5_exp_x_richness_noclimate",-21.1600031858107,1.89492967021104,0.270828935891346,TRUE
"propintraspecific_C","hydro_dis_z_scored","min_1","precision","(phi)",2.30525388961726,0.110763713854164,20.8123564062908,3.34492958912995e-96,"m5_exp_x_richness_noclimate",-21.1600031858107,1.89492967021104,0.270828935891346,TRUE
"propintraspecific_C","hydro_dis_z_scored","min_1","mean","(Intercept)",0.0181551700430975,0.0421188181962426,0.431046520785739,0.66643454490517,"m6_exp_richness_noclimate",-23.0549328560217,0,0.698511906106329,TRUE
"propintraspecific_C","hydro_dis_z_scored","min_1","mean","hydro_dis_z_scored",-0.000733296469125292,0.0435161911868371,-0.0168511179201525,0.986555389471246,"m6_exp_richness_noclimate",-23.0549328560217,0,0.698511906106329,TRUE
"propintraspecific_C","hydro_dis_z_scored","min_1","mean","site_nbspe_log_z_scored",-0.22121655536382,0.043164486475758,-5.12496668964333,2.9759035396648e-07,"m6_exp_richness_noclimate",-23.0549328560217,0,0.698511906106329,TRUE
"propintraspecific_C","hydro_dis_z_scored","min_1","precision","(phi)",2.30488373747314,0.110742722658153,20.8129589209035,3.30315111473809e-96,"m6_exp_richness_noclimate",-23.0549328560217,0,0.698511906106329,TRUE
"propintraspecific_C","hydro_dis_z_scored","min_3","mean","(Intercept)",-0.0101092083840892,0.133583020018223,-0.0756773456889215,0.939675799818955,"m1_main",-29.5440839914982,0,0.387217867180042,TRUE
"propintraspecific_C","hydro_dis_z_scored","min_3","mean","hydro_dis_z_scored",-0.0725469390288003,0.0701572788028396,-1.03406147254765,0.301107426116449,"m1_main",-29.5440839914982,0,0.387217867180042,TRUE
"propintraspecific_C","hydro_dis_z_scored","min_3","mean","site_nbspe_log_z_scored",-0.313570461635099,0.075074935010428,-4.17676634141,2.95682480646958e-05,"m1_main",-29.5440839914982,0,0.387217867180042,TRUE
"propintraspecific_C","hydro_dis_z_scored","min_3","mean","Climate_zone_e2Cool and moist",0.658476511908112,0.187270082466783,3.51618637229419,0.000437793552017851,"m1_main",-29.5440839914982,0,0.387217867180042,TRUE
"propintraspecific_C","hydro_dis_z_scored","min_3","mean","Climate_zone_e2Cool temperate and dry/xeric",0.418066563266649,0.293517785144141,1.42433128221291,0.154350596098486,"m1_main",-29.5440839914982,0,0.387217867180042,TRUE
"propintraspecific_C","hydro_dis_z_scored","min_3","mean","Climate_zone_e2Hot and dry",-0.130094435840647,0.316518281574882,-0.411017130490357,0.681059973604089,"m1_main",-29.5440839914982,0,0.387217867180042,TRUE
"propintraspecific_C","hydro_dis_z_scored","min_3","mean","Climate_zone_e2Hot and moist",0.0742660973186827,0.352571305693166,0.21064135430044,0.833167140164391,"m1_main",-29.5440839914982,0,0.387217867180042,TRUE
"propintraspecific_C","hydro_dis_z_scored","min_3","mean","Climate_zone_e2Warm temperate",0.45296630271459,0.202220742872659,2.23995964152812,0.0250935430837646,"m1_main",-29.5440839914982,0,0.387217867180042,TRUE
"propintraspecific_C","hydro_dis_z_scored","min_3","precision","(phi)",2.49319076594643,0.205193530998392,12.1504355123455,5.70608255322784e-34,"m1_main",-29.5440839914982,0,0.387217867180042,TRUE
"propintraspecific_C","hydro_dis_z_scored","min_3","mean","(Intercept)",0.140662154692528,0.149896703150155,0.938393918855067,0.34804200992896,"m2_richness_x_climate",-28.4570240720512,1.08705991944705,0.224855402305176,TRUE
"propintraspecific_C","hydro_dis_z_scored","min_3","mean","hydro_dis_z_scored",-0.0583060202079395,0.0706313057829624,-0.825498262584917,0.409088768674078,"m2_richness_x_climate",-28.4570240720512,1.08705991944705,0.224855402305176,TRUE
"propintraspecific_C","hydro_dis_z_scored","min_3","mean","site_nbspe_log_z_scored",-0.000387231229946158,0.166417339728884,-0.0023268682853422,0.998143429395447,"m2_richness_x_climate",-28.4570240720512,1.08705991944705,0.224855402305176,TRUE
"propintraspecific_C","hydro_dis_z_scored","min_3","mean","Climate_zone_e2Cool and moist",0.544782900238353,0.196485115587226,2.77264208339744,0.00556032399002006,"m2_richness_x_climate",-28.4570240720512,1.08705991944705,0.224855402305176,TRUE
"propintraspecific_C","hydro_dis_z_scored","min_3","mean","Climate_zone_e2Cool temperate and dry/xeric",0.159519310529742,0.325060306083464,0.490737587900947,0.623612057741814,"m2_richness_x_climate",-28.4570240720512,1.08705991944705,0.224855402305176,TRUE
"propintraspecific_C","hydro_dis_z_scored","min_3","mean","Climate_zone_e2Hot and dry",-0.256344667033946,0.328867551360824,-0.779476923075002,0.435698826315172,"m2_richness_x_climate",-28.4570240720512,1.08705991944705,0.224855402305176,TRUE
"propintraspecific_C","hydro_dis_z_scored","min_3","mean","Climate_zone_e2Hot and moist",-0.20213092626337,0.389156698538284,-0.519407547197817,0.603476569414663,"m2_richness_x_climate",-28.4570240720512,1.08705991944705,0.224855402305176,TRUE
"propintraspecific_C","hydro_dis_z_scored","min_3","mean","Climate_zone_e2Warm temperate",0.290138704930237,0.210790121658879,1.37643406933351,0.168687286232381,"m2_richness_x_climate",-28.4570240720512,1.08705991944705,0.224855402305176,TRUE
"propintraspecific_C","hydro_dis_z_scored","min_3","mean","site_nbspe_log_z_scored:Climate_zone_e2Cool and moist",-0.561520620349726,0.209902336790246,-2.6751518298286,0.0074695413740004,"m2_richness_x_climate",-28.4570240720512,1.08705991944705,0.224855402305176,TRUE
"propintraspecific_C","hydro_dis_z_scored","min_3","mean","site_nbspe_log_z_scored:Climate_zone_e2Cool temperate and dry/xeric",-0.111173526378994,0.306702834579781,-0.36247961819888,0.716993651770096,"m2_richness_x_climate",-28.4570240720512,1.08705991944705,0.224855402305176,TRUE
"propintraspecific_C","hydro_dis_z_scored","min_3","mean","site_nbspe_log_z_scored:Climate_zone_e2Hot and dry",-0.193506187009445,0.371915397596559,-0.520296250867659,0.602857108581936,"m2_richness_x_climate",-28.4570240720512,1.08705991944705,0.224855402305176,TRUE
"propintraspecific_C","hydro_dis_z_scored","min_3","mean","site_nbspe_log_z_scored:Climate_zone_e2Hot and moist",-0.651702405409883,0.42821134915971,-1.52191763877519,0.128029718899628,"m2_richness_x_climate",-28.4570240720512,1.08705991944705,0.224855402305176,TRUE
"propintraspecific_C","hydro_dis_z_scored","min_3","mean","site_nbspe_log_z_scored:Climate_zone_e2Warm temperate",-0.264122120861786,0.215339763796044,-1.22653668883906,0.219996777537679,"m2_richness_x_climate",-28.4570240720512,1.08705991944705,0.224855402305176,TRUE
"propintraspecific_C","hydro_dis_z_scored","min_3","precision","(phi)",2.59363423793733,0.214774687296421,12.0760703720999,1.41313351776393e-33,"m2_richness_x_climate",-28.4570240720512,1.08705991944705,0.224855402305176,TRUE
"propintraspecific_C","hydro_dis_z_scored","min_3","mean","(Intercept)",-0.0100450374435768,0.133901787103411,-0.0750179490570888,0.94020043085029,"m3_exp_x_richness",-27.5441772875883,1.99990670390993,0.142456137735128,TRUE
"propintraspecific_C","hydro_dis_z_scored","min_3","mean","hydro_dis_z_scored",-0.0726245932213905,0.070687081976634,-1.02740969340617,0.304227588980177,"m3_exp_x_richness",-27.5441772875883,1.99990670390993,0.142456137735128,TRUE
"propintraspecific_C","hydro_dis_z_scored","min_3","mean","site_nbspe_log_z_scored",-0.31343470510668,0.0765167165216398,-4.09629058008569,4.19822915635693e-05,"m3_exp_x_richness",-27.5441772875883,1.99990670390993,0.142456137735128,TRUE
"propintraspecific_C","hydro_dis_z_scored","min_3","mean","Climate_zone_e2Cool and moist",0.658414396828754,0.187476823292434,3.51197756216368,0.000444785549266878,"m3_exp_x_richness",-27.5441772875883,1.99990670390993,0.142456137735128,TRUE
"propintraspecific_C","hydro_dis_z_scored","min_3","mean","Climate_zone_e2Cool temperate and dry/xeric",0.418097100404447,0.293525483582526,1.42439796129966,0.154331304055672,"m3_exp_x_richness",-27.5441772875883,1.99990670390993,0.142456137735128,TRUE
"propintraspecific_C","hydro_dis_z_scored","min_3","mean","Climate_zone_e2Hot and dry",-0.130033616571023,0.316525020129819,-0.410816233477189,0.681207288845593,"m3_exp_x_richness",-27.5441772875883,1.99990670390993,0.142456137735128,TRUE
"propintraspecific_C","hydro_dis_z_scored","min_3","mean","Climate_zone_e2Hot and moist",0.0739429216077886,0.354904770484108,0.208345809234761,0.834958965738118,"m3_exp_x_richness",-27.5441772875883,1.99990670390993,0.142456137735128,TRUE
"propintraspecific_C","hydro_dis_z_scored","min_3","mean","Climate_zone_e2Warm temperate",0.452722636761621,0.204206473278549,2.21698474829484,0.0266241337711587,"m3_exp_x_richness",-27.5441772875883,1.99990670390993,0.142456137735128,TRUE
"propintraspecific_C","hydro_dis_z_scored","min_3","mean","hydro_dis_z_scored:site_nbspe_log_z_scored",0.00064436998884587,0.0649560802588797,0.00992008733097442,0.992085045292998,"m3_exp_x_richness",-27.5441772875883,1.99990670390993,0.142456137735128,TRUE
"propintraspecific_C","hydro_dis_z_scored","min_3","precision","(phi)",2.49319297221832,0.205193741648316,12.1504337909654,5.70620269795647e-34,"m3_exp_x_richness",-27.5441772875883,1.99990670390993,0.142456137735128,TRUE
"propintraspecific_C","hydro_dis_z_scored","min_3","mean","(Intercept)",-0.0782927596537463,0.13384887766665,-0.584934001828048,0.558592094703788,"m4_exp_x_climate",-28.3543843260584,1.1896996654398,0.213606954738776,TRUE
"propintraspecific_C","hydro_dis_z_scored","min_3","mean","hydro_dis_z_scored",-0.404571279344628,0.135000962534516,-2.99680292458055,0.00272827025503658,"m4_exp_x_climate",-28.3543843260584,1.1896996654398,0.213606954738776,TRUE
"propintraspecific_C","hydro_dis_z_scored","min_3","mean","Climate_zone_e2Cool and moist",0.755388601718096,0.188455848893352,4.00830542619866,6.11559954138391e-05,"m4_exp_x_climate",-28.3543843260584,1.1896996654398,0.213606954738776,TRUE
"propintraspecific_C","hydro_dis_z_scored","min_3","mean","Climate_zone_e2Cool temperate and dry/xeric",0.518622940398141,0.296917564145474,1.74669000094599,0.0806911257753699,"m4_exp_x_climate",-28.3543843260584,1.1896996654398,0.213606954738776,TRUE
"propintraspecific_C","hydro_dis_z_scored","min_3","mean","Climate_zone_e2Hot and dry",-0.0914401537505189,0.316345468402522,-0.289051568249965,0.772541915213294,"m4_exp_x_climate",-28.3543843260584,1.1896996654398,0.213606954738776,TRUE
"propintraspecific_C","hydro_dis_z_scored","min_3","mean","Climate_zone_e2Hot and moist",0.183547079543095,0.356915351573001,0.51425941398756,0.60707063335916,"m4_exp_x_climate",-28.3543843260584,1.1896996654398,0.213606954738776,TRUE
"propintraspecific_C","hydro_dis_z_scored","min_3","mean","Climate_zone_e2Warm temperate",0.546327112132509,0.202484285496479,2.69812104575399,0.00697320800570683,"m4_exp_x_climate",-28.3543843260584,1.1896996654398,0.213606954738776,TRUE
"propintraspecific_C","hydro_dis_z_scored","min_3","mean","site_nbspe_log_z_scored",-0.34608304346733,0.075668965460244,-4.57364576563637,4.79309942915735e-06,"m4_exp_x_climate",-28.3543843260584,1.1896996654398,0.213606954738776,TRUE
"propintraspecific_C","hydro_dis_z_scored","min_3","mean","hydro_dis_z_scored:Climate_zone_e2Cool and moist",0.451747378597427,0.198042005507795,2.28106849069273,0.0225443943219538,"m4_exp_x_climate",-28.3543843260584,1.1896996654398,0.213606954738776,TRUE
"propintraspecific_C","hydro_dis_z_scored","min_3","mean","hydro_dis_z_scored:Climate_zone_e2Cool temperate and dry/xeric",0.384393124863747,0.284938947018627,1.34903679853431,0.177325146701647,"m4_exp_x_climate",-28.3543843260584,1.1896996654398,0.213606954738776,TRUE
"propintraspecific_C","hydro_dis_z_scored","min_3","mean","hydro_dis_z_scored:Climate_zone_e2Hot and dry",0.420324498616156,0.269678963824175,1.5586106259671,0.119088566510474,"m4_exp_x_climate",-28.3543843260584,1.1896996654398,0.213606954738776,TRUE
"propintraspecific_C","hydro_dis_z_scored","min_3","mean","hydro_dis_z_scored:Climate_zone_e2Hot and moist",0.681217100878756,0.376515103115497,1.80926899144811,0.0704092239112326,"m4_exp_x_climate",-28.3543843260584,1.1896996654398,0.213606954738776,TRUE
"propintraspecific_C","hydro_dis_z_scored","min_3","mean","hydro_dis_z_scored:Climate_zone_e2Warm temperate",0.470378023570934,0.187008355367803,2.51527811495806,0.0118938517994039,"m4_exp_x_climate",-28.3543843260584,1.1896996654398,0.213606954738776,TRUE
"propintraspecific_C","hydro_dis_z_scored","min_3","precision","(phi)",2.59623520247222,0.215125111402376,12.0684897525336,1.5495189911217e-33,"m4_exp_x_climate",-28.3543843260584,1.1896996654398,0.213606954738776,TRUE
"propintraspecific_C","hydro_dis_z_scored","min_3","mean","(Intercept)",0.322347295707487,0.0717979248230141,4.48964641390529,7.13414967973977e-06,"m5_exp_x_richness_noclimate",-21.9519165380067,7.59216745349148,0.00869635325912807,FALSE
"propintraspecific_C","hydro_dis_z_scored","min_3","mean","hydro_dis_z_scored",-0.0777328258573709,0.0717165700734802,-1.08388934074408,0.278413866312497,"m5_exp_x_richness_noclimate",-21.9519165380067,7.59216745349148,0.00869635325912807,FALSE
"propintraspecific_C","hydro_dis_z_scored","min_3","mean","site_nbspe_log_z_scored",-0.2327652041437,0.0721893976111242,-3.22436828462788,0.00126250919918883,"m5_exp_x_richness_noclimate",-21.9519165380067,7.59216745349148,0.00869635325912807,FALSE
"propintraspecific_C","hydro_dis_z_scored","min_3","mean","hydro_dis_z_scored:site_nbspe_log_z_scored",0.0132486942815147,0.0650773848511253,0.20358369212013,0.838678838056258,"m5_exp_x_richness_noclimate",-21.9519165380067,7.59216745349148,0.00869635325912807,FALSE
"propintraspecific_C","hydro_dis_z_scored","min_3","precision","(phi)",2.32661251463613,0.189252004532524,12.2937271939769,9.78864518540177e-35,"m5_exp_x_richness_noclimate",-21.9519165380067,7.59216745349148,0.00869635325912807,FALSE
"propintraspecific_C","hydro_dis_z_scored","min_3","mean","(Intercept)",0.322797426683812,0.0717874400064568,4.4965724736079,6.90576477449438e-06,"m6_exp_richness_noclimate",-23.9115912832162,5.63249270828202,0.0231672847817505,FALSE
"propintraspecific_C","hydro_dis_z_scored","min_3","mean","hydro_dis_z_scored",-0.0757828654931823,0.0711835136752576,-1.06461259890748,0.287051276073826,"m6_exp_richness_noclimate",-23.9115912832162,5.63249270828202,0.0231672847817505,FALSE
"propintraspecific_C","hydro_dis_z_scored","min_3","mean","site_nbspe_log_z_scored",-0.235403484639879,0.0710366104566827,-3.31383329140437,0.000920263573559355,"m6_exp_richness_noclimate",-23.9115912832162,5.63249270828202,0.0231672847817505,FALSE
"propintraspecific_C","hydro_dis_z_scored","min_3","precision","(phi)",2.3262165927951,0.189214954600655,12.2940419677962,9.75059189539418e-35,"m6_exp_richness_noclimate",-23.9115912832162,5.63249270828202,0.0231672847817505,FALSE
"propintraspecific_C","size_z_scored","min_1","mean","(Intercept)",0.0634773250964348,0.117613296808078,0.539712148363782,0.589395560709684,"m1_main",-17.6176606592059,7.75591034267191,0.0132819377699774,FALSE
"propintraspecific_C","size_z_scored","min_1","mean","size_z_scored",0.0611838437901694,0.0457595979593073,1.33707127069994,0.181199373890164,"m1_main",-17.6176606592059,7.75591034267191,0.0132819377699774,FALSE
"propintraspecific_C","size_z_scored","min_1","mean","site_nbspe_log_z_scored",-0.230161769004939,0.0517957078380478,-4.44364559558867,8.84472542414004e-06,"m1_main",-17.6176606592059,7.75591034267191,0.0132819377699774,FALSE
"propintraspecific_C","size_z_scored","min_1","mean","Climate_zone_e2Cool and moist",-0.0864644185023225,0.138414164239156,-0.624678976877876,0.532181773749378,"m1_main",-17.6176606592059,7.75591034267191,0.0132819377699774,FALSE
"propintraspecific_C","size_z_scored","min_1","mean","Climate_zone_e2Cool temperate and dry/xeric",0.095046445076919,0.231365766700526,0.410805999661759,0.68121479349865,"m1_main",-17.6176606592059,7.75591034267191,0.0132819377699774,FALSE
"propintraspecific_C","size_z_scored","min_1","mean","Climate_zone_e2Hot and dry",-0.148579252190064,0.184640888898035,-0.804693115792539,0.420996793178581,"m1_main",-17.6176606592059,7.75591034267191,0.0132819377699774,FALSE
"propintraspecific_C","size_z_scored","min_1","mean","Climate_zone_e2Hot and moist",-0.0801409781958831,0.172994197682067,-0.463258185937359,0.643179313713445,"m1_main",-17.6176606592059,7.75591034267191,0.0132819377699774,FALSE
"propintraspecific_C","size_z_scored","min_1","mean","Climate_zone_e2Warm temperate",0.0236552160994833,0.14551426216819,0.16256287010645,0.870862623397978,"m1_main",-17.6176606592059,7.75591034267191,0.0132819377699774,FALSE
"propintraspecific_C","size_z_scored","min_1","precision","(phi)",2.32219590286822,0.111736096299389,20.7828622958695,6.18584920412464e-96,"m1_main",-17.6176606592059,7.75591034267191,0.0132819377699774,FALSE
"propintraspecific_C","size_z_scored","min_1","mean","(Intercept)",0.14742652975594,0.165150780078457,0.892678373580213,0.372029434985216,"m2_richness_x_climate",-12.5714052061579,12.8021657957199,0.00106532223694046,FALSE
"propintraspecific_C","size_z_scored","min_1","mean","size_z_scored",0.0539022287344949,0.0468920522329294,1.14949604821609,0.250351495323381,"m2_richness_x_climate",-12.5714052061579,12.8021657957199,0.00106532223694046,FALSE
"propintraspecific_C","size_z_scored","min_1","mean","site_nbspe_log_z_scored",-0.10951161319081,0.176123483091581,-0.621788822640228,0.534080736958308,"m2_richness_x_climate",-12.5714052061579,12.8021657957199,0.00106532223694046,FALSE
"propintraspecific_C","size_z_scored","min_1","mean","Climate_zone_e2Cool and moist",-0.241383633753165,0.18645071694449,-1.29462432598224,0.195449856492969,"m2_richness_x_climate",-12.5714052061579,12.8021657957199,0.00106532223694046,FALSE
"propintraspecific_C","size_z_scored","min_1","mean","Climate_zone_e2Cool temperate and dry/xeric",0.0133529326725513,0.258255266302195,0.0517043964436583,0.958764234072128,"m2_richness_x_climate",-12.5714052061579,12.8021657957199,0.00106532223694046,FALSE
"propintraspecific_C","size_z_scored","min_1","mean","Climate_zone_e2Hot and dry",-0.260700157295987,0.221970694726833,-1.1744800709698,0.240202789821406,"m2_richness_x_climate",-12.5714052061579,12.8021657957199,0.00106532223694046,FALSE
"propintraspecific_C","size_z_scored","min_1","mean","Climate_zone_e2Hot and moist",-0.227571102008203,0.211210245918246,-1.07746241674417,0.281273732396593,"m2_richness_x_climate",-12.5714052061579,12.8021657957199,0.00106532223694046,FALSE
"propintraspecific_C","size_z_scored","min_1","mean","Climate_zone_e2Warm temperate",-0.0608889010097684,0.185526007952595,-0.328196039367842,0.742763442278189,"m2_richness_x_climate",-12.5714052061579,12.8021657957199,0.00106532223694046,FALSE
"propintraspecific_C","size_z_scored","min_1","mean","site_nbspe_log_z_scored:Climate_zone_e2Cool and moist",-0.32209534929709,0.204163975829096,-1.57763066666919,0.114650482938886,"m2_richness_x_climate",-12.5714052061579,12.8021657957199,0.00106532223694046,FALSE
"propintraspecific_C","size_z_scored","min_1","mean","site_nbspe_log_z_scored:Climate_zone_e2Cool temperate and dry/xeric",-0.0816274982183647,0.339031163476232,-0.240766947148465,0.809735748463795,"m2_richness_x_climate",-12.5714052061579,12.8021657957199,0.00106532223694046,FALSE
"propintraspecific_C","size_z_scored","min_1","mean","site_nbspe_log_z_scored:Climate_zone_e2Hot and dry",-0.061133527374762,0.206684932988588,-0.295781247770671,0.76739714468764,"m2_richness_x_climate",-12.5714052061579,12.8021657957199,0.00106532223694046,FALSE
"propintraspecific_C","size_z_scored","min_1","mean","site_nbspe_log_z_scored:Climate_zone_e2Hot and moist",-0.0486061667386872,0.195889708255479,-0.248130272751722,0.804033613608438,"m2_richness_x_climate",-12.5714052061579,12.8021657957199,0.00106532223694046,FALSE
"propintraspecific_C","size_z_scored","min_1","mean","site_nbspe_log_z_scored:Climate_zone_e2Warm temperate",-0.108848225594017,0.20543014790042,-0.529855168321156,0.596212351579706,"m2_richness_x_climate",-12.5714052061579,12.8021657957199,0.00106532223694046,FALSE
"propintraspecific_C","size_z_scored","min_1","precision","(phi)",2.34049598400378,0.112780359218482,20.7526913393643,1.15917554201204e-95,"m2_richness_x_climate",-12.5714052061579,12.8021657957199,0.00106532223694046,FALSE
"propintraspecific_C","size_z_scored","min_1","mean","(Intercept)",0.0564764085290432,0.117737046081974,0.479682567284062,0.631453125537645,"m3_exp_x_richness",-16.7496591838734,8.62391181800444,0.0086055239097551,FALSE
"propintraspecific_C","size_z_scored","min_1","mean","size_z_scored",0.0473695449501468,0.0477363049365863,0.992316959033033,0.321042933019323,"m3_exp_x_richness",-16.7496591838734,8.62391181800444,0.0086055239097551,FALSE
"propintraspecific_C","size_z_scored","min_1","mean","site_nbspe_log_z_scored",-0.234662667632047,0.0519323849409545,-4.51861912174554,6.22442504671334e-06,"m3_exp_x_richness",-16.7496591838734,8.62391181800444,0.0086055239097551,FALSE
"propintraspecific_C","size_z_scored","min_1","mean","Climate_zone_e2Cool and moist",-0.092628888078718,0.138475599526817,-0.668918483799594,0.50354747866348,"m3_exp_x_richness",-16.7496591838734,8.62391181800444,0.0086055239097551,FALSE
"propintraspecific_C","size_z_scored","min_1","mean","Climate_zone_e2Cool temperate and dry/xeric",0.0886744699718122,0.231311441132253,0.383355313242428,0.701456331922228,"m3_exp_x_richness",-16.7496591838734,8.62391181800444,0.0086055239097551,FALSE
"propintraspecific_C","size_z_scored","min_1","mean","Climate_zone_e2Hot and dry",-0.177783016358137,0.186801164561424,-0.951723276327212,0.341237341494101,"m3_exp_x_richness",-16.7496591838734,8.62391181800444,0.0086055239097551,FALSE
"propintraspecific_C","size_z_scored","min_1","mean","Climate_zone_e2Hot and moist",-0.0834733587989121,0.172908785258053,-0.482759500474974,0.629266510099807,"m3_exp_x_richness",-16.7496591838734,8.62391181800444,0.0086055239097551,FALSE
"propintraspecific_C","size_z_scored","min_1","mean","Climate_zone_e2Warm temperate",0.0266016531675504,0.145476083212513,0.182859289170512,0.854908426766866,"m3_exp_x_richness",-16.7496591838734,8.62391181800444,0.0086055239097551,FALSE
"propintraspecific_C","size_z_scored","min_1","mean","size_z_scored:site_nbspe_log_z_scored",0.0401105682862833,0.0371810216292653,1.07879145135464,0.280680706589733,"m3_exp_x_richness",-16.7496591838734,8.62391181800444,0.0086055239097551,FALSE
"propintraspecific_C","size_z_scored","min_1","precision","(phi)",2.32653487360657,0.111984991785925,20.7754167456125,7.22345306381406e-96,"m3_exp_x_richness",-16.7496591838734,8.62391181800444,0.0086055239097551,FALSE
"propintraspecific_C","size_z_scored","min_1","mean","(Intercept)",0.0436777814748642,0.11941790132111,0.365755728342741,0.714547357818924,"m4_exp_x_climate",-12.0385634131585,13.3350075887194,0.000816161054153975,FALSE
"propintraspecific_C","size_z_scored","min_1","mean","size_z_scored",0.144358412053137,0.118425333813693,1.2189825217655,0.222850826400577,"m4_exp_x_climate",-12.0385634131585,13.3350075887194,0.000816161054153975,FALSE
"propintraspecific_C","size_z_scored","min_1","mean","Climate_zone_e2Cool and moist",-0.0384189865372413,0.140666558750809,-0.273120966905153,0.784760229975082,"m4_exp_x_climate",-12.0385634131585,13.3350075887194,0.000816161054153975,FALSE
"propintraspecific_C","size_z_scored","min_1","mean","Climate_zone_e2Cool temperate and dry/xeric",0.117657785059168,0.233072678675025,0.504811570914407,0.613691188032311,"m4_exp_x_climate",-12.0385634131585,13.3350075887194,0.000816161054153975,FALSE
"propintraspecific_C","size_z_scored","min_1","mean","Climate_zone_e2Hot and dry",-0.126778939023655,0.185729134891757,-0.682601246689389,0.494858846107752,"m4_exp_x_climate",-12.0385634131585,13.3350075887194,0.000816161054153975,FALSE
"propintraspecific_C","size_z_scored","min_1","mean","Climate_zone_e2Hot and moist",-0.0502027835386978,0.174725756443758,-0.287323314893516,0.773864772238213,"m4_exp_x_climate",-12.0385634131585,13.3350075887194,0.000816161054153975,FALSE
"propintraspecific_C","size_z_scored","min_1","mean","Climate_zone_e2Warm temperate",0.0415432060286116,0.146851431244997,0.282892755463197,0.777259048153048,"m4_exp_x_climate",-12.0385634131585,13.3350075887194,0.000816161054153975,FALSE
"propintraspecific_C","size_z_scored","min_1","mean","site_nbspe_log_z_scored",-0.235677737031973,0.0520049991089123,-4.53182849861031,5.84753160911483e-06,"m4_exp_x_climate",-12.0385634131585,13.3350075887194,0.000816161054153975,FALSE
"propintraspecific_C","size_z_scored","min_1","mean","size_z_scored:Climate_zone_e2Cool and moist",0.0539165481041311,0.155613509920235,0.34647729578086,0.728984044135989,"m4_exp_x_climate",-12.0385634131585,13.3350075887194,0.000816161054153975,FALSE
"propintraspecific_C","size_z_scored","min_1","mean","size_z_scored:Climate_zone_e2Cool temperate and dry/xeric",-0.10357322596853,0.205943894717855,-0.502919623378137,0.615020783859986,"m4_exp_x_climate",-12.0385634131585,13.3350075887194,0.000816161054153975,FALSE
"propintraspecific_C","size_z_scored","min_1","mean","size_z_scored:Climate_zone_e2Hot and dry",-0.0703519139402548,0.14407540375997,-0.488299266247149,0.625337881141238,"m4_exp_x_climate",-12.0385634131585,13.3350075887194,0.000816161054153975,FALSE
"propintraspecific_C","size_z_scored","min_1","mean","size_z_scored:Climate_zone_e2Hot and moist",-0.168344143259984,0.156093244831118,-1.07848448817962,0.280817600534794,"m4_exp_x_climate",-12.0385634131585,13.3350075887194,0.000816161054153975,FALSE
"propintraspecific_C","size_z_scored","min_1","mean","size_z_scored:Climate_zone_e2Warm temperate",-0.203517138145368,0.155102384507858,-1.312147062027,0.189470519482292,"m4_exp_x_climate",-12.0385634131585,13.3350075887194,0.000816161054153975,FALSE
"propintraspecific_C","size_z_scored","min_1","precision","(phi)",2.33869625315672,0.112679077170006,20.7553727976329,1.09628734817575e-95,"m4_exp_x_climate",-12.0385634131585,13.3350075887194,0.000816161054153975,FALSE
"propintraspecific_C","size_z_scored","min_1","mean","(Intercept)",0.0107099087762695,0.0434084468362832,0.246724072313906,0.805121775363466,"m5_exp_x_richness_noclimate",-24.0693915526186,1.30417944925925,0.334377467319943,TRUE
"propintraspecific_C","size_z_scored","min_1","mean","size_z_scored",0.0582325620522098,0.0466303894393297,1.24881140287227,0.211734062297581,"m5_exp_x_richness_noclimate",-24.0693915526186,1.30417944925925,0.334377467319943,TRUE
"propintraspecific_C","size_z_scored","min_1","mean","site_nbspe_log_z_scored",-0.245872941292182,0.0446164769910729,-5.51081030762195,3.5718550281184e-08,"m5_exp_x_richness_noclimate",-24.0693915526186,1.30417944925925,0.334377467319943,TRUE
"propintraspecific_C","size_z_scored","min_1","mean","size_z_scored:site_nbspe_log_z_scored",0.0308398077333013,0.036418932167824,0.846807028585757,0.397102689956923,"m5_exp_x_richness_noclimate",-24.0693915526186,1.30417944925925,0.334377467319943,TRUE
"propintraspecific_C","size_z_scored","min_1","precision","(phi)",2.31627771275248,0.111395908186166,20.793202824663,4.98687717235168e-96,"m5_exp_x_richness_noclimate",-24.0693915526186,1.30417944925925,0.334377467319943,TRUE
"propintraspecific_C","size_z_scored","min_1","mean","(Intercept)",0.0198402874154571,0.0420856824405441,0.47142605905194,0.637336510457322,"m6_exp_richness_noclimate",-25.3735710018778,0,0.64185358770923,TRUE
"propintraspecific_C","size_z_scored","min_1","mean","size_z_scored",0.0686775688077973,0.0448131421390838,1.53253187635553,0.125391237722882,"m6_exp_richness_noclimate",-25.3735710018778,0,0.64185358770923,TRUE
"propintraspecific_C","size_z_scored","min_1","mean","site_nbspe_log_z_scored",-0.241329992571521,0.0443417673469535,-5.44249828120803,5.25384676634572e-08,"m6_exp_richness_noclimate",-25.3735710018778,0,0.64185358770923,TRUE
"propintraspecific_C","size_z_scored","min_1","precision","(phi)",2.31357085115317,0.111240190544614,20.7979763413413,4.51458518521773e-96,"m6_exp_richness_noclimate",-25.3735710018778,0,0.64185358770923,TRUE
"propintraspecific_C","size_z_scored","min_3","mean","(Intercept)",-0.00151619198746254,0.135471462833134,-0.011191965863173,0.991070289655866,"m1_main",-28.5295644402168,1.47872190730602,0.163823129218385,TRUE
"propintraspecific_C","size_z_scored","min_3","mean","size_z_scored",0.00782304014457277,0.0807138628308071,0.0969231290660871,0.922787440940582,"m1_main",-28.5295644402168,1.47872190730602,0.163823129218385,TRUE
"propintraspecific_C","size_z_scored","min_3","mean","site_nbspe_log_z_scored",-0.317179220408966,0.0782191401488342,-4.05500776159699,5.01326381225673e-05,"m1_main",-28.5295644402168,1.47872190730602,0.163823129218385,TRUE
"propintraspecific_C","size_z_scored","min_3","mean","Climate_zone_e2Cool and moist",0.660609248824607,0.192738410779895,3.42749141777979,0.000609185559077599,"m1_main",-28.5295644402168,1.47872190730602,0.163823129218385,TRUE
"propintraspecific_C","size_z_scored","min_3","mean","Climate_zone_e2Cool temperate and dry/xeric",0.425977406998998,0.295762757103553,1.44026723029855,0.149791808837006,"m1_main",-28.5295644402168,1.47872190730602,0.163823129218385,TRUE
"propintraspecific_C","size_z_scored","min_3","mean","Climate_zone_e2Hot and dry",-0.148670232607978,0.328461525544698,-0.452626018713862,0.65081805999215,"m1_main",-28.5295644402168,1.47872190730602,0.163823129218385,TRUE
"propintraspecific_C","size_z_scored","min_3","mean","Climate_zone_e2Hot and moist",0.0745131689387105,0.353679724978919,0.210679786473912,0.833137148644573,"m1_main",-28.5295644402168,1.47872190730602,0.163823129218385,TRUE
"propintraspecific_C","size_z_scored","min_3","mean","Climate_zone_e2Warm temperate",0.4499354761523,0.206320817148008,2.18075656335507,0.0292014268997803,"m1_main",-28.5295644402168,1.47872190730602,0.163823129218385,TRUE
"propintraspecific_C","size_z_scored","min_3","precision","(phi)",2.48114019356911,0.204025422864993,12.1609364104145,5.01801556496617e-34,"m1_main",-28.5295644402168,1.47872190730602,0.163823129218385,TRUE
"propintraspecific_C","size_z_scored","min_3","mean","(Intercept)",0.177978209795039,0.154286710792013,1.15355502026978,0.248682648111209,"m2_richness_x_climate",-28.0724149286899,1.93587141883294,0.130348627334014,TRUE
"propintraspecific_C","size_z_scored","min_3","mean","size_z_scored",-0.0443214224583512,0.0836068061810959,-0.530117396929971,0.596030537869705,"m2_richness_x_climate",-28.0724149286899,1.93587141883294,0.130348627334014,TRUE
"propintraspecific_C","size_z_scored","min_3","mean","site_nbspe_log_z_scored",0.0416870604098033,0.174836463030714,0.238434590171731,0.811544041820837,"m2_richness_x_climate",-28.0724149286899,1.93587141883294,0.130348627334014,TRUE
"propintraspecific_C","size_z_scored","min_3","mean","Climate_zone_e2Cool and moist",0.502890239043954,0.20536205724727,2.448798214163,0.0143333722257349,"m2_richness_x_climate",-28.0724149286899,1.93587141883294,0.130348627334014,TRUE
"propintraspecific_C","size_z_scored","min_3","mean","Climate_zone_e2Cool temperate and dry/xeric",0.108171599505225,0.333975222037514,0.323891092414858,0.746020488017034,"m2_richness_x_climate",-28.0724149286899,1.93587141883294,0.130348627334014,TRUE
"propintraspecific_C","size_z_scored","min_3","mean","Climate_zone_e2Hot and dry",-0.343116711882674,0.346278052756812,-0.990870513308686,0.321748812262176,"m2_richness_x_climate",-28.0724149286899,1.93587141883294,0.130348627334014,TRUE
"propintraspecific_C","size_z_scored","min_3","mean","Climate_zone_e2Hot and moist",-0.24866767774333,0.391061685888763,-0.635878396468795,0.524855684545693,"m2_richness_x_climate",-28.0724149286899,1.93587141883294,0.130348627334014,TRUE
"propintraspecific_C","size_z_scored","min_3","mean","Climate_zone_e2Warm temperate",0.250948258300256,0.216690328557834,1.15809625639697,0.246824757558653,"m2_richness_x_climate",-28.0724149286899,1.93587141883294,0.130348627334014,TRUE
"propintraspecific_C","size_z_scored","min_3","mean","site_nbspe_log_z_scored:Climate_zone_e2Cool and moist",-0.594770391103763,0.214361620401993,-2.77461231160871,0.00552675473990361,"m2_richness_x_climate",-28.0724149286899,1.93587141883294,0.130348627334014,TRUE
"propintraspecific_C","size_z_scored","min_3","mean","site_nbspe_log_z_scored:Climate_zone_e2Cool temperate and dry/xeric",-0.104023494241263,0.307158514476315,-0.338663879849192,0.734862953990173,"m2_richness_x_climate",-28.0724149286899,1.93587141883294,0.130348627334014,TRUE
"propintraspecific_C","size_z_scored","min_3","mean","site_nbspe_log_z_scored:Climate_zone_e2Hot and dry",-0.228221075712427,0.375429334753115,-0.607893562346445,0.543258069536543,"m2_richness_x_climate",-28.0724149286899,1.93587141883294,0.130348627334014,TRUE
"propintraspecific_C","size_z_scored","min_3","mean","site_nbspe_log_z_scored:Climate_zone_e2Hot and moist",-0.710024980146248,0.425615680675741,-1.66823031289392,0.0952700155823036,"m2_richness_x_climate",-28.0724149286899,1.93587141883294,0.130348627334014,TRUE
"propintraspecific_C","size_z_scored","min_3","mean","site_nbspe_log_z_scored:Climate_zone_e2Warm temperate",-0.313275436054959,0.219523593143545,-1.42706955352225,0.153559847396656,"m2_richness_x_climate",-28.0724149286899,1.93587141883294,0.130348627334014,TRUE
"propintraspecific_C","size_z_scored","min_3","precision","(phi)",2.58739975560829,0.214150132251757,12.0821767813177,1.31199737455303e-33,"m2_richness_x_climate",-28.0724149286899,1.93587141883294,0.130348627334014,TRUE
"propintraspecific_C","size_z_scored","min_3","mean","(Intercept)",-0.036036115646016,0.136310851581953,-0.264367181539837,0.791496997514854,"m3_exp_x_richness",-30.0082863475228,0,0.343143360032279,TRUE
"propintraspecific_C","size_z_scored","min_3","mean","size_z_scored",-0.0216179919921187,0.0821247448417634,-0.263233597057402,0.792370536949729,"m3_exp_x_richness",-30.0082863475228,0,0.343143360032279,TRUE
"propintraspecific_C","size_z_scored","min_3","mean","site_nbspe_log_z_scored",-0.333671571320047,0.0786736319007295,-4.24121224937314,2.22315776793829e-05,"m3_exp_x_richness",-30.0082863475228,0,0.343143360032279,TRUE
"propintraspecific_C","size_z_scored","min_3","mean","Climate_zone_e2Cool and moist",0.678884243295881,0.192369343151599,3.52906670144879,0.000417028005280722,"m3_exp_x_richness",-30.0082863475228,0,0.343143360032279,TRUE
"propintraspecific_C","size_z_scored","min_3","mean","Climate_zone_e2Cool temperate and dry/xeric",0.391247613835475,0.294826827650849,1.3270421045225,0.184494755080906,"m3_exp_x_richness",-30.0082863475228,0,0.343143360032279,TRUE
"propintraspecific_C","size_z_scored","min_3","mean","Climate_zone_e2Hot and dry",-0.175262347504714,0.327511587608957,-0.535133272029369,0.5925577040425,"m3_exp_x_richness",-30.0082863475228,0,0.343143360032279,TRUE
"propintraspecific_C","size_z_scored","min_3","mean","Climate_zone_e2Hot and moist",0.0704284553662889,0.352206452387166,0.199963557989761,0.841509081989366,"m3_exp_x_richness",-30.0082863475228,0,0.343143360032279,TRUE
"propintraspecific_C","size_z_scored","min_3","mean","Climate_zone_e2Warm temperate",0.48090066959773,0.206528410201827,2.32849644815344,0.0198857576308634,"m3_exp_x_richness",-30.0082863475228,0,0.343143360032279,TRUE
"propintraspecific_C","size_z_scored","min_3","mean","size_z_scored:site_nbspe_log_z_scored",0.108364499031833,0.0571017952083634,1.89774242011854,0.0577300215773966,"m3_exp_x_richness",-30.0082863475228,0,0.343143360032279,TRUE
"propintraspecific_C","size_z_scored","min_3","precision","(phi)",2.51839981885239,0.207566768715611,12.1329624893033,7.06466152693408e-34,"m3_exp_x_richness",-30.0082863475228,0,0.343143360032279,TRUE
"propintraspecific_C","size_z_scored","min_3","mean","(Intercept)",-0.074810466929054,0.135884207622117,-0.550545705333881,0.581945137177536,"m4_exp_x_climate",-29.9923584042219,0.0159279433009303,0.340421429117744,TRUE
"propintraspecific_C","size_z_scored","min_3","mean","size_z_scored",0.359914154449131,0.148145612006005,2.42946213239541,0.0151212444290589,"m4_exp_x_climate",-29.9923584042219,0.0159279433009303,0.340421429117744,TRUE
"propintraspecific_C","size_z_scored","min_3","mean","Climate_zone_e2Cool and moist",0.732413787945804,0.19456746220113,3.76431793713117,0.000167004291585374,"m4_exp_x_climate",-29.9923584042219,0.0159279433009303,0.340421429117744,TRUE
"propintraspecific_C","size_z_scored","min_3","mean","Climate_zone_e2Cool temperate and dry/xeric",0.52616948960207,0.293353934818559,1.79363365256208,0.072871661501047,"m4_exp_x_climate",-29.9923584042219,0.0159279433009303,0.340421429117744,TRUE
"propintraspecific_C","size_z_scored","min_3","mean","Climate_zone_e2Hot and dry",-0.18068727625139,0.348271365669443,-0.518811748718059,0.603892024168192,"m4_exp_x_climate",-29.9923584042219,0.0159279433009303,0.340421429117744,TRUE
"propintraspecific_C","size_z_scored","min_3","mean","Climate_zone_e2Hot and moist",0.00587796618499115,0.354991097009443,0.0165580664825371,0.986789178067146,"m4_exp_x_climate",-29.9923584042219,0.0159279433009303,0.340421429117744,TRUE
"propintraspecific_C","size_z_scored","min_3","mean","Climate_zone_e2Warm temperate",0.502103610572664,0.205337901346771,2.44525539259661,0.0144749600101144,"m4_exp_x_climate",-29.9923584042219,0.0159279433009303,0.340421429117744,TRUE
"propintraspecific_C","size_z_scored","min_3","mean","site_nbspe_log_z_scored",-0.352254172744356,0.0789672879264497,-4.46076067690771,8.16692522023675e-06,"m4_exp_x_climate",-29.9923584042219,0.0159279433009303,0.340421429117744,TRUE
"propintraspecific_C","size_z_scored","min_3","mean","size_z_scored:Climate_zone_e2Cool and moist",-0.420752949600016,0.230772312501302,-1.82323843375986,0.0682672863618228,"m4_exp_x_climate",-29.9923584042219,0.0159279433009303,0.340421429117744,TRUE
"propintraspecific_C","size_z_scored","min_3","mean","size_z_scored:Climate_zone_e2Cool temperate and dry/xeric",-0.2752604499103,0.254560341292999,-1.08131709956138,0.279556083646431,"m4_exp_x_climate",-29.9923584042219,0.0159279433009303,0.340421429117744,TRUE
"propintraspecific_C","size_z_scored","min_3","mean","size_z_scored:Climate_zone_e2Hot and dry",-0.461825062243905,0.229701218072206,-2.01054685786965,0.044373342067446,"m4_exp_x_climate",-29.9923584042219,0.0159279433009303,0.340421429117744,TRUE
"propintraspecific_C","size_z_scored","min_3","mean","size_z_scored:Climate_zone_e2Hot and moist",-1.22019188224424,0.607656420423993,-2.00802927646655,0.0446401807098101,"m4_exp_x_climate",-29.9923584042219,0.0159279433009303,0.340421429117744,TRUE
"propintraspecific_C","size_z_scored","min_3","mean","size_z_scored:Climate_zone_e2Warm temperate",-0.629287349837216,0.227955636421007,-2.76056937971473,0.00577007008105988,"m4_exp_x_climate",-29.9923584042219,0.0159279433009303,0.340421429117744,TRUE
"propintraspecific_C","size_z_scored","min_3","precision","(phi)",2.6113994344963,0.216504505743045,12.0616401286151,1.683956173964e-33,"m4_exp_x_climate",-29.9923584042219,0.0159279433009303,0.340421429117744,TRUE
"propintraspecific_C","size_z_scored","min_3","mean","(Intercept)",0.307359544598596,0.0727053690106432,4.22746695025511,2.36336875537956e-05,"m5_exp_x_richness_noclimate",-23.2933514608223,6.71493488670052,0.0119493977040525,FALSE
"propintraspecific_C","size_z_scored","min_3","mean","size_z_scored",-0.0630631905877779,0.0799592821777483,-0.788691304751704,0.430292451249528,"m5_exp_x_richness_noclimate",-23.2933514608223,6.71493488670052,0.0119493977040525,FALSE
"propintraspecific_C","size_z_scored","min_3","mean","site_nbspe_log_z_scored",-0.241230173777748,0.0732453103657549,-3.29345554784533,0.000989639888731845,"m5_exp_x_richness_noclimate",-23.2933514608223,6.71493488670052,0.0119493977040525,FALSE
"propintraspecific_C","size_z_scored","min_3","mean","size_z_scored:site_nbspe_log_z_scored",0.0883154710334691,0.0574199716391339,1.53806190620406,0.124033479033795,"m5_exp_x_richness_noclimate",-23.2933514608223,6.71493488670052,0.0119493977040525,FALSE
"propintraspecific_C","size_z_scored","min_3","precision","(phi)",2.34022811927276,0.190547293043666,12.281613041527,1.13708265475168e-34,"m5_exp_x_richness_noclimate",-23.2933514608223,6.71493488670052,0.0119493977040525,FALSE
"propintraspecific_C","size_z_scored","min_3","mean","(Intercept)",0.327760876619947,0.0717995701715483,4.56494204403785,4.9963235186508e-06,"m6_exp_richness_noclimate",-22.9990050746221,7.00928127290074,0.0103140565935264,FALSE
"propintraspecific_C","size_z_scored","min_3","mean","size_z_scored",-0.0345598757315536,0.0781288651775555,-0.442344524690239,0.658239916084409,"m6_exp_richness_noclimate",-22.9990050746221,7.00928127290074,0.0103140565935264,FALSE
"propintraspecific_C","size_z_scored","min_3","mean","site_nbspe_log_z_scored",-0.22949013670217,0.0728621690235106,-3.1496473379501,0.00163467657852145,"m6_exp_richness_noclimate",-22.9990050746221,7.00928127290074,0.0103140565935264,FALSE
"propintraspecific_C","size_z_scored","min_3","precision","(phi)",2.31645513482342,0.188274180913641,12.3036261455624,8.65973811980125e-35,"m6_exp_richness_noclimate",-22.9990050746221,7.00928127290074,0.0103140565935264,FALSE
"propintraspecific_C","TP_z_scored","min_1","mean","(Intercept)",0.114794886980031,0.120410606780897,0.953361917600128,0.340406729623428,"m1_main",-16.5055769140006,10.6993093760961,0.00380791846489506,FALSE
"propintraspecific_C","TP_z_scored","min_1","mean","TP_z_scored",0.0385083736574048,0.0476098282527727,0.808832442178829,0.418611532605585,"m1_main",-16.5055769140006,10.6993093760961,0.00380791846489506,FALSE
"propintraspecific_C","TP_z_scored","min_1","mean","site_nbspe_log_z_scored",-0.208170487211989,0.0489576628191795,-4.25205116471445,2.11821448986535e-05,"m1_main",-16.5055769140006,10.6993093760961,0.00380791846489506,FALSE
"propintraspecific_C","TP_z_scored","min_1","mean","Climate_zone_e2Cool and moist",-0.158339299579839,0.145667996578254,-1.08698755594388,0.277042309286618,"m1_main",-16.5055769140006,10.6993093760961,0.00380791846489506,FALSE
"propintraspecific_C","TP_z_scored","min_1","mean","Climate_zone_e2Cool temperate and dry/xeric",0.0595300716352484,0.23212284646247,0.256459338417053,0.797596173958409,"m1_main",-16.5055769140006,10.6993093760961,0.00380791846489506,FALSE
"propintraspecific_C","TP_z_scored","min_1","mean","Climate_zone_e2Hot and dry",-0.172252231265034,0.183251554300274,-0.939976918191827,0.34722940044813,"m1_main",-16.5055769140006,10.6993093760961,0.00380791846489506,FALSE
"propintraspecific_C","TP_z_scored","min_1","mean","Climate_zone_e2Hot and moist",-0.14781436530933,0.173671461147523,-0.851114882852113,0.394705538811932,"m1_main",-16.5055769140006,10.6993093760961,0.00380791846489506,FALSE
"propintraspecific_C","TP_z_scored","min_1","mean","Climate_zone_e2Warm temperate",-0.0389340164767889,0.150642843646943,-0.258452479614879,0.796057719051066,"m1_main",-16.5055769140006,10.6993093760961,0.00380791846489506,FALSE
"propintraspecific_C","TP_z_scored","min_1","precision","(phi)",2.31794485591375,0.111491967078092,20.7902409174484,5.30439038523599e-96,"m1_main",-16.5055769140006,10.6993093760961,0.00380791846489506,FALSE
"propintraspecific_C","TP_z_scored","min_1","mean","(Intercept)",0.205761023039661,0.164392900485277,1.25164178277935,0.210700422337851,"m2_richness_x_climate",-11.7946219935097,15.410264296587,0.000361174248211943,FALSE
"propintraspecific_C","TP_z_scored","min_1","mean","TP_z_scored",0.0350112854757142,0.047729685415598,0.733532709693338,0.463233585261105,"m2_richness_x_climate",-11.7946219935097,15.410264296587,0.000361174248211943,FALSE
"propintraspecific_C","TP_z_scored","min_1","mean","site_nbspe_log_z_scored",-0.0723660840189624,0.172844937952037,-0.418676328484919,0.675452697845559,"m2_richness_x_climate",-11.7946219935097,15.410264296587,0.000361174248211943,FALSE
"propintraspecific_C","TP_z_scored","min_1","mean","Climate_zone_e2Cool and moist",-0.319012234318648,0.188215670835506,-1.69492918895926,0.0900888545440653,"m2_richness_x_climate",-11.7946219935097,15.410264296587,0.000361174248211943,FALSE
"propintraspecific_C","TP_z_scored","min_1","mean","Climate_zone_e2Cool temperate and dry/xeric",-0.0297118653875441,0.257608481189712,-0.115337294992486,0.908177778469075,"m2_richness_x_climate",-11.7946219935097,15.410264296587,0.000361174248211943,FALSE
"propintraspecific_C","TP_z_scored","min_1","mean","Climate_zone_e2Hot and dry",-0.302458747656165,0.217520303027952,-1.39048513378219,0.164381610519424,"m2_richness_x_climate",-11.7946219935097,15.410264296587,0.000361174248211943,FALSE
"propintraspecific_C","TP_z_scored","min_1","mean","Climate_zone_e2Hot and moist",-0.291013483420888,0.209752590927954,-1.38741305713285,0.165315845753162,"m2_richness_x_climate",-11.7946219935097,15.410264296587,0.000361174248211943,FALSE
"propintraspecific_C","TP_z_scored","min_1","mean","Climate_zone_e2Warm temperate",-0.128634119480425,0.186863997261526,-0.688383644605412,0.491211220551653,"m2_richness_x_climate",-11.7946219935097,15.410264296587,0.000361174248211943,FALSE
"propintraspecific_C","TP_z_scored","min_1","mean","site_nbspe_log_z_scored:Climate_zone_e2Cool and moist",-0.343261795113856,0.203487125809547,-1.68689686754498,0.0916231845225021,"m2_richness_x_climate",-11.7946219935097,15.410264296587,0.000361174248211943,FALSE
"propintraspecific_C","TP_z_scored","min_1","mean","site_nbspe_log_z_scored:Climate_zone_e2Cool temperate and dry/xeric",-0.0597554328592271,0.340292295847788,-0.175600310639873,0.860607958289462,"m2_richness_x_climate",-11.7946219935097,15.410264296587,0.000361174248211943,FALSE
"propintraspecific_C","TP_z_scored","min_1","mean","site_nbspe_log_z_scored:Climate_zone_e2Hot and dry",-0.0592759849518196,0.206878366916789,-0.286525777611448,0.774475453012107,"m2_richness_x_climate",-11.7946219935097,15.410264296587,0.000361174248211943,FALSE
"propintraspecific_C","TP_z_scored","min_1","mean","site_nbspe_log_z_scored:Climate_zone_e2Hot and moist",-0.0770012999638593,0.194341655053285,-0.396216137722749,0.691945587269146,"m2_richness_x_climate",-11.7946219935097,15.410264296587,0.000361174248211943,FALSE
"propintraspecific_C","TP_z_scored","min_1","mean","site_nbspe_log_z_scored:Climate_zone_e2Warm temperate",-0.139554479151741,0.203693764286008,-0.685119054286765,0.493268797358223,"m2_richness_x_climate",-11.7946219935097,15.410264296587,0.000361174248211943,FALSE
"propintraspecific_C","TP_z_scored","min_1","precision","(phi)",2.3377301723132,0.112623768178456,20.7569877133662,1.06006730784845e-95,"m2_richness_x_climate",-11.7946219935097,15.410264296587,0.000361174248211943,FALSE
"propintraspecific_C","TP_z_scored","min_1","mean","(Intercept)",0.107038374797496,0.122120322121857,0.876499283147064,0.380758665924605,"m3_exp_x_richness",-14.697021479633,12.5078648104637,0.00154157556563082,FALSE
"propintraspecific_C","TP_z_scored","min_1","mean","TP_z_scored",0.0384811593354484,0.0476160081899775,0.808155929029518,0.41900082437071,"m3_exp_x_richness",-14.697021479633,12.5078648104637,0.00154157556563082,FALSE
"propintraspecific_C","TP_z_scored","min_1","mean","site_nbspe_log_z_scored",-0.207252159434338,0.048991117165062,-4.23040280416671,2.33273221489745e-05,"m3_exp_x_richness",-14.697021479633,12.5078648104637,0.00154157556563082,FALSE
"propintraspecific_C","TP_z_scored","min_1","mean","Climate_zone_e2Cool and moist",-0.14731105323867,0.148325504125404,-0.993160644268726,0.32063167411063,"m3_exp_x_richness",-14.697021479633,12.5078648104637,0.00154157556563082,FALSE
"propintraspecific_C","TP_z_scored","min_1","mean","Climate_zone_e2Cool temperate and dry/xeric",0.070795431989657,0.233858081652796,0.302728182363034,0.762097018544906,"m3_exp_x_richness",-14.697021479633,12.5078648104637,0.00154157556563082,FALSE
"propintraspecific_C","TP_z_scored","min_1","mean","Climate_zone_e2Hot and dry",-0.156395156546653,0.187140652099239,-0.835709156681351,0.403318542731116,"m3_exp_x_richness",-14.697021479633,12.5078648104637,0.00154157556563082,FALSE
"propintraspecific_C","TP_z_scored","min_1","mean","Climate_zone_e2Hot and moist",-0.143679527843645,0.174079059429357,-0.825369394312195,0.409161905271157,"m3_exp_x_richness",-14.697021479633,12.5078648104637,0.00154157556563082,FALSE
"propintraspecific_C","TP_z_scored","min_1","mean","Climate_zone_e2Warm temperate",-0.0322421688840426,0.151842343290274,-0.212339774172254,0.831841967538278,"m3_exp_x_richness",-14.697021479633,12.5078648104637,0.00154157556563082,FALSE
"propintraspecific_C","TP_z_scored","min_1","mean","TP_z_scored:site_nbspe_log_z_scored",0.0179230475937632,0.0401536111509551,0.446362035194857,0.655335751930274,"m3_exp_x_richness",-14.697021479633,12.5078648104637,0.00154157556563082,FALSE
"propintraspecific_C","TP_z_scored","min_1","precision","(phi)",2.31869605483204,0.111535033983864,20.7889482973349,5.44920535824009e-96,"m3_exp_x_richness",-14.697021479633,12.5078648104637,0.00154157556563082,FALSE
"propintraspecific_C","TP_z_scored","min_1","mean","(Intercept)",0.267856926634554,0.128376894108222,2.08648860447387,0.03693438638006,"m4_exp_x_climate",-27.2048862900967,0,0.801702341103202,TRUE
"propintraspecific_C","TP_z_scored","min_1","mean","TP_z_scored",0.266415664069441,0.0827505378149989,3.21950371688282,0.00128412696009799,"m4_exp_x_climate",-27.2048862900967,0,0.801702341103202,TRUE
"propintraspecific_C","TP_z_scored","min_1","mean","Climate_zone_e2Cool and moist",-0.191397907272121,0.156231407147013,-1.22509238550234,0.22054041381515,"m4_exp_x_climate",-27.2048862900967,0,0.801702341103202,TRUE
"propintraspecific_C","TP_z_scored","min_1","mean","Climate_zone_e2Cool temperate and dry/xeric",-0.0820361014665492,0.243039181831721,-0.337542699281101,0.735707829399201,"m4_exp_x_climate",-27.2048862900967,0,0.801702341103202,TRUE
"propintraspecific_C","TP_z_scored","min_1","mean","Climate_zone_e2Hot and dry",-0.291178319402523,0.217832264208098,-1.33670886845466,0.181317685971735,"m4_exp_x_climate",-27.2048862900967,0,0.801702341103202,TRUE
"propintraspecific_C","TP_z_scored","min_1","mean","Climate_zone_e2Hot and moist",-0.301827791011871,0.177890283235106,-1.6967075745951,0.0897519599217058,"m4_exp_x_climate",-27.2048862900967,0,0.801702341103202,TRUE
"propintraspecific_C","TP_z_scored","min_1","mean","Climate_zone_e2Warm temperate",-0.119114296807983,0.15679466530659,-0.759683351312188,0.447443882758898,"m4_exp_x_climate",-27.2048862900967,0,0.801702341103202,TRUE
"propintraspecific_C","TP_z_scored","min_1","mean","site_nbspe_log_z_scored",-0.212690667251565,0.0487874246218132,-4.35953873155398,1.30336884636164e-05,"m4_exp_x_climate",-27.2048862900967,0,0.801702341103202,TRUE
"propintraspecific_C","TP_z_scored","min_1","mean","TP_z_scored:Climate_zone_e2Cool and moist",-0.54587215071762,0.158041633445391,-3.45397689720943,0.000552384693983825,"m4_exp_x_climate",-27.2048862900967,0,0.801702341103202,TRUE
"propintraspecific_C","TP_z_scored","min_1","mean","TP_z_scored:Climate_zone_e2Cool temperate and dry/xeric",-0.18410093829667,0.288718490071609,-0.637648590677405,0.523702457707512,"m4_exp_x_climate",-27.2048862900967,0,0.801702341103202,TRUE
"propintraspecific_C","TP_z_scored","min_1","mean","TP_z_scored:Climate_zone_e2Hot and dry",-0.192499099784559,0.138337940988042,-1.39151340846687,0.164069796532042,"m4_exp_x_climate",-27.2048862900967,0,0.801702341103202,TRUE
"propintraspecific_C","TP_z_scored","min_1","mean","TP_z_scored:Climate_zone_e2Hot and moist",-0.187409594347507,0.134734093802159,-1.39095895521957,0.164237873512368,"m4_exp_x_climate",-27.2048862900967,0,0.801702341103202,TRUE
"propintraspecific_C","TP_z_scored","min_1","mean","TP_z_scored:Climate_zone_e2Warm temperate",-0.550516849713108,0.151021370609991,-3.64529104384044,0.00026708935797081,"m4_exp_x_climate",-27.2048862900967,0,0.801702341103202,TRUE
"propintraspecific_C","TP_z_scored","min_1","precision","(phi)",2.39527789133111,0.115901922358856,20.6664207338584,6.94819208069807e-95,"m4_exp_x_climate",-27.2048862900967,0,0.801702341103202,TRUE
"propintraspecific_C","TP_z_scored","min_1","mean","(Intercept)",0.0186940968512309,0.0421031561009248,0.444007019483755,0.657037508900413,"m5_exp_x_richness_noclimate",-22.0306319294197,5.17425436067693,0.0603167723137032,FALSE
"propintraspecific_C","TP_z_scored","min_1","mean","TP_z_scored",0.0314241055589154,0.0419857202372086,0.748447457406404,0.454190306362673,"m5_exp_x_richness_noclimate",-22.0306319294197,5.17425436067693,0.0603167723137032,FALSE
"propintraspecific_C","TP_z_scored","min_1","mean","site_nbspe_log_z_scored",-0.219741085001634,0.0424624615128941,-5.17494928867718,2.2797289129359e-07,"m5_exp_x_richness_noclimate",-22.0306319294197,5.17425436067693,0.0603167723137032,FALSE
"propintraspecific_C","TP_z_scored","min_1","mean","TP_z_scored:site_nbspe_log_z_scored",0.0260224266289654,0.0388948974242531,0.669044742427809,0.503466937141232,"m5_exp_x_richness_noclimate",-22.0306319294197,5.17425436067693,0.0603167723137032,FALSE
"propintraspecific_C","TP_z_scored","min_1","precision","(phi)",2.30855470539647,0.110952737795359,20.8066493109379,3.7677592555778e-96,"m5_exp_x_richness_noclimate",-22.0306319294197,5.17425436067693,0.0603167723137032,FALSE
"propintraspecific_C","TP_z_scored","min_1","mean","(Intercept)",0.0187874592424586,0.042111237267174,0.446138856554176,0.655496946387581,"m6_exp_richness_noclimate",-23.6011053806232,3.60378090947341,0.132270218304357,FALSE
"propintraspecific_C","TP_z_scored","min_1","mean","TP_z_scored",0.0311174009039877,0.0419792330909077,0.741257012404245,0.458537620975096,"m6_exp_richness_noclimate",-23.6011053806232,3.60378090947341,0.132270218304357,FALSE
"propintraspecific_C","TP_z_scored","min_1","mean","site_nbspe_log_z_scored",-0.221438355102523,0.0423853680993267,-5.22440561524912,1.74715417640843e-07,"m6_exp_richness_noclimate",-23.6011053806232,3.60378090947341,0.132270218304357,FALSE
"propintraspecific_C","TP_z_scored","min_1","precision","(phi)",2.30689871452018,0.110857803091486,20.8095294168548,3.5481033064597e-96,"m6_exp_richness_noclimate",-23.6011053806232,3.60378090947341,0.132270218304357,FALSE
"propintraspecific_C","TP_z_scored","min_3","mean","(Intercept)",0.102941368831943,0.145214333090574,0.708892618525034,0.478391116101137,"m1_main",-31.8844460224548,2.03155572928114,0.11033249349127,FALSE
"propintraspecific_C","TP_z_scored","min_3","mean","TP_z_scored",0.147533187753936,0.0805640310177723,1.83125379763322,0.0670626702839629,"m1_main",-31.8844460224548,2.03155572928114,0.11033249349127,FALSE
"propintraspecific_C","TP_z_scored","min_3","mean","site_nbspe_log_z_scored",-0.31140523132602,0.0749684247015149,-4.15381852514405,3.26972525058594e-05,"m1_main",-31.8844460224548,2.03155572928114,0.11033249349127,FALSE
"propintraspecific_C","TP_z_scored","min_3","mean","Climate_zone_e2Cool and moist",0.491512755674046,0.210128645951193,2.33910399721612,0.0193300518644625,"m1_main",-31.8844460224548,2.03155572928114,0.11033249349127,FALSE
"propintraspecific_C","TP_z_scored","min_3","mean","Climate_zone_e2Cool temperate and dry/xeric",0.321209716589469,0.298197085396913,1.07717255573416,0.281403183560471,"m1_main",-31.8844460224548,2.03155572928114,0.11033249349127,FALSE
"propintraspecific_C","TP_z_scored","min_3","mean","Climate_zone_e2Hot and dry",-0.195656463030671,0.315509035664602,-0.620129507918947,0.535172526501819,"m1_main",-31.8844460224548,2.03155572928114,0.11033249349127,FALSE
"propintraspecific_C","TP_z_scored","min_3","mean","Climate_zone_e2Hot and moist",0.0013623557932161,0.352745127241949,0.0038621534019991,0.996918455089933,"m1_main",-31.8844460224548,2.03155572928114,0.11033249349127,FALSE
"propintraspecific_C","TP_z_scored","min_3","mean","Climate_zone_e2Warm temperate",0.291826353868186,0.221617575705623,1.31680148985937,0.187905173332009,"m1_main",-31.8844460224548,2.03155572928114,0.11033249349127,FALSE
"propintraspecific_C","TP_z_scored","min_3","precision","(phi)",2.5229179811202,0.208104941020609,12.1232968748702,7.94956654847235e-34,"m1_main",-31.8844460224548,2.03155572928114,0.11033249349127,FALSE
"propintraspecific_C","TP_z_scored","min_3","mean","(Intercept)",0.276853328870481,0.15991420399522,1.73126165127119,0.083405107871904,"m2_richness_x_climate",-32.0450031128444,1.87099863889154,0.119555060193401,TRUE
"propintraspecific_C","TP_z_scored","min_3","mean","TP_z_scored",0.164769400196425,0.0809661429418621,2.03504074925167,0.0418467729591645,"m2_richness_x_climate",-32.0450031128444,1.87099863889154,0.119555060193401,TRUE
"propintraspecific_C","TP_z_scored","min_3","mean","site_nbspe_log_z_scored",0.0269730752262885,0.165239920759029,0.163235827652227,0.870332758123224,"m2_richness_x_climate",-32.0450031128444,1.87099863889154,0.119555060193401,TRUE
"propintraspecific_C","TP_z_scored","min_3","mean","Climate_zone_e2Cool and moist",0.34732134597559,0.218688650425895,1.58820014344221,0.112241088698635,"m2_richness_x_climate",-32.0450031128444,1.87099863889154,0.119555060193401,TRUE
"propintraspecific_C","TP_z_scored","min_3","mean","Climate_zone_e2Cool temperate and dry/xeric",-0.0116110805198339,0.33320684444555,-0.0348464646311649,0.972202169692863,"m2_richness_x_climate",-32.0450031128444,1.87099863889154,0.119555060193401,TRUE
"propintraspecific_C","TP_z_scored","min_3","mean","Climate_zone_e2Hot and dry",-0.347683223875875,0.327408557191078,-1.06192466946722,0.288269884733242,"m2_richness_x_climate",-32.0450031128444,1.87099863889154,0.119555060193401,TRUE
"propintraspecific_C","TP_z_scored","min_3","mean","Climate_zone_e2Hot and moist",-0.328920840257436,0.389293399670586,-0.844917587957475,0.398156853818208,"m2_richness_x_climate",-32.0450031128444,1.87099863889154,0.119555060193401,TRUE
"propintraspecific_C","TP_z_scored","min_3","mean","Climate_zone_e2Warm temperate",0.110950785834379,0.228748176914714,0.485034623361154,0.62765178558063,"m2_richness_x_climate",-32.0450031128444,1.87099863889154,0.119555060193401,TRUE
"propintraspecific_C","TP_z_scored","min_3","mean","site_nbspe_log_z_scored:Climate_zone_e2Cool and moist",-0.58242277535303,0.208760980504548,-2.78990247097609,0.00527239210714457,"m2_richness_x_climate",-32.0450031128444,1.87099863889154,0.119555060193401,TRUE
"propintraspecific_C","TP_z_scored","min_3","mean","site_nbspe_log_z_scored:Climate_zone_e2Cool temperate and dry/xeric",-0.0374523989030795,0.307444108176227,-0.1218185611858,0.903042713730355,"m2_richness_x_climate",-32.0450031128444,1.87099863889154,0.119555060193401,TRUE
"propintraspecific_C","TP_z_scored","min_3","mean","site_nbspe_log_z_scored:Climate_zone_e2Hot and dry",-0.267620636275742,0.371183359867718,-0.720993086465718,0.470913768365099,"m2_richness_x_climate",-32.0450031128444,1.87099863889154,0.119555060193401,TRUE
"propintraspecific_C","TP_z_scored","min_3","mean","site_nbspe_log_z_scored:Climate_zone_e2Hot and moist",-0.728565821167254,0.422617341745493,-1.72393735230583,0.0847191533238751,"m2_richness_x_climate",-32.0450031128444,1.87099863889154,0.119555060193401,TRUE
"propintraspecific_C","TP_z_scored","min_3","mean","site_nbspe_log_z_scored:Climate_zone_e2Warm temperate",-0.31967211731114,0.21260004102205,-1.50363149402208,0.132676277270582,"m2_richness_x_climate",-32.0450031128444,1.87099863889154,0.119555060193401,TRUE
"propintraspecific_C","TP_z_scored","min_3","precision","(phi)",2.64097923460947,0.219406495688626,12.0369236394781,2.27273917317414e-33,"m2_richness_x_climate",-32.0450031128444,1.87099863889154,0.119555060193401,TRUE
"propintraspecific_C","TP_z_scored","min_3","mean","(Intercept)",0.111188921900095,0.145144610067602,0.766056154949939,0.443642889889152,"m3_exp_x_richness",-31.7987227016549,2.11727905008113,0.105703374160864,FALSE
"propintraspecific_C","TP_z_scored","min_3","mean","TP_z_scored",0.119156195836132,0.0821830919569464,1.44988699011903,0.147090035864822,"m3_exp_x_richness",-31.7987227016549,2.11727905008113,0.105703374160864,FALSE
"propintraspecific_C","TP_z_scored","min_3","mean","site_nbspe_log_z_scored",-0.312117773790985,0.0747669114525056,-4.17454416301859,2.98583296368109e-05,"m3_exp_x_richness",-31.7987227016549,2.11727905008113,0.105703374160864,FALSE
"propintraspecific_C","TP_z_scored","min_3","mean","Climate_zone_e2Cool and moist",0.496174054264157,0.209735691289951,2.36571110626191,0.0179954804969296,"m3_exp_x_richness",-31.7987227016549,2.11727905008113,0.105703374160864,FALSE
"propintraspecific_C","TP_z_scored","min_3","mean","Climate_zone_e2Cool temperate and dry/xeric",0.267481865627007,0.300800340883444,0.889233917891912,0.373877377766255,"m3_exp_x_richness",-31.7987227016549,2.11727905008113,0.105703374160864,FALSE
"propintraspecific_C","TP_z_scored","min_3","mean","Climate_zone_e2Hot and dry",-0.187696840751545,0.314738370965192,-0.596358302853082,0.550935889756853,"m3_exp_x_richness",-31.7987227016549,2.11727905008113,0.105703374160864,FALSE
"propintraspecific_C","TP_z_scored","min_3","mean","Climate_zone_e2Hot and moist",0.00380602384860749,0.351760926536399,0.010819916487267,0.991367124128611,"m3_exp_x_richness",-31.7987227016549,2.11727905008113,0.105703374160864,FALSE
"propintraspecific_C","TP_z_scored","min_3","mean","Climate_zone_e2Warm temperate",0.3185018940596,0.22141307448781,1.43849632546038,0.150293279315431,"m3_exp_x_richness",-31.7987227016549,2.11727905008113,0.105703374160864,FALSE
"propintraspecific_C","TP_z_scored","min_3","mean","TP_z_scored:site_nbspe_log_z_scored",-0.100877573883944,0.0709319437263508,-1.42217410921545,0.154975712937241,"m3_exp_x_richness",-31.7987227016549,2.11727905008113,0.105703374160864,FALSE
"propintraspecific_C","TP_z_scored","min_3","precision","(phi)",2.54611080662933,0.210347732062003,12.1042940737713,1.00227895604075e-33,"m3_exp_x_richness",-31.7987227016549,2.11727905008113,0.105703374160864,FALSE
"propintraspecific_C","TP_z_scored","min_3","mean","(Intercept)",0.200387916285576,0.150659520453035,1.33007138004294,0.183494754160989,"m4_exp_x_climate",-30.7814442880227,3.13455746371326,0.0635608431883453,FALSE
"propintraspecific_C","TP_z_scored","min_3","mean","TP_z_scored",0.292157006894044,0.102820805780116,2.84141915322884,0.00449132381779876,"m4_exp_x_climate",-30.7814442880227,3.13455746371326,0.0635608431883453,FALSE
"propintraspecific_C","TP_z_scored","min_3","mean","Climate_zone_e2Cool and moist",0.526020657480921,0.232532766112595,2.26213563909619,0.0236890242777586,"m4_exp_x_climate",-30.7814442880227,3.13455746371326,0.0635608431883453,FALSE
"propintraspecific_C","TP_z_scored","min_3","mean","Climate_zone_e2Cool temperate and dry/xeric",0.231370447829695,0.298240503377495,0.775784795188735,0.437876063008943,"m4_exp_x_climate",-30.7814442880227,3.13455746371326,0.0635608431883453,FALSE
"propintraspecific_C","TP_z_scored","min_3","mean","Climate_zone_e2Hot and dry",-0.258193060599634,0.356385172533777,-0.724477561072389,0.468772598156645,"m4_exp_x_climate",-30.7814442880227,3.13455746371326,0.0635608431883453,FALSE
"propintraspecific_C","TP_z_scored","min_3","mean","Climate_zone_e2Hot and moist",-0.011252182347155,0.370409973767534,-0.0303776440809792,0.97576587406519,"m4_exp_x_climate",-30.7814442880227,3.13455746371326,0.0635608431883453,FALSE
"propintraspecific_C","TP_z_scored","min_3","mean","Climate_zone_e2Warm temperate",0.346665202342935,0.230449456768794,1.50430036678601,0.132504044691982,"m4_exp_x_climate",-30.7814442880227,3.13455746371326,0.0635608431883453,FALSE
"propintraspecific_C","TP_z_scored","min_3","mean","site_nbspe_log_z_scored",-0.324966805286642,0.0763017375733755,-4.2589699215452,2.05371099857228e-05,"m4_exp_x_climate",-30.7814442880227,3.13455746371326,0.0635608431883453,FALSE
"propintraspecific_C","TP_z_scored","min_3","mean","TP_z_scored:Climate_zone_e2Cool and moist",-0.414008134238038,0.264376511225282,-1.56597926313223,0.117353471917141,"m4_exp_x_climate",-30.7814442880227,3.13455746371326,0.0635608431883453,FALSE
"propintraspecific_C","TP_z_scored","min_3","mean","TP_z_scored:Climate_zone_e2Cool temperate and dry/xeric",-0.474161089644899,0.355457468819114,-1.3339460589199,0.182221535203183,"m4_exp_x_climate",-30.7814442880227,3.13455746371326,0.0635608431883453,FALSE
"propintraspecific_C","TP_z_scored","min_3","mean","TP_z_scored:Climate_zone_e2Hot and dry",-0.0508326409567355,0.405445032384732,-0.12537492606026,0.900226737573023,"m4_exp_x_climate",-30.7814442880227,3.13455746371326,0.0635608431883453,FALSE
"propintraspecific_C","TP_z_scored","min_3","mean","TP_z_scored:Climate_zone_e2Hot and moist",0.218166966277109,0.361405902329551,0.603661879540006,0.546068463269335,"m4_exp_x_climate",-30.7814442880227,3.13455746371326,0.0635608431883453,FALSE
"propintraspecific_C","TP_z_scored","min_3","mean","TP_z_scored:Climate_zone_e2Warm temperate",-0.5395420909067,0.240123008722247,-2.24694040682621,0.0246438359027402,"m4_exp_x_climate",-30.7814442880227,3.13455746371326,0.0635608431883453,FALSE
"propintraspecific_C","TP_z_scored","min_3","precision","(phi)",2.6211778390888,0.217461676952787,12.0535161680827,1.85849306317093e-33,"m4_exp_x_climate",-30.7814442880227,3.13455746371326,0.0635608431883453,FALSE
"propintraspecific_C","TP_z_scored","min_3","mean","(Intercept)",0.346190556502348,0.0707044545000308,4.89630475124021,9.76555822359989e-07,"m5_exp_x_richness_noclimate",-33.8592749308388,0.0567268208971541,0.29616387385298,TRUE
"propintraspecific_C","TP_z_scored","min_3","mean","TP_z_scored",0.21565488034838,0.0721396872453773,2.9894069212533,0.00279519597112796,"m5_exp_x_richness_noclimate",-33.8592749308388,0.0567268208971541,0.29616387385298,TRUE
"propintraspecific_C","TP_z_scored","min_3","mean","site_nbspe_log_z_scored",-0.263531427591227,0.0704496657365023,-3.74070515219893,0.000183504692125669,"m5_exp_x_richness_noclimate",-33.8592749308388,0.0567268208971541,0.29616387385298,TRUE
"propintraspecific_C","TP_z_scored","min_3","mean","TP_z_scored:site_nbspe_log_z_scored",-0.10072325218161,0.070264610407893,-1.43348481685021,0.151719334882202,"m5_exp_x_richness_noclimate",-33.8592749308388,0.0567268208971541,0.29616387385298,TRUE
"propintraspecific_C","TP_z_scored","min_3","precision","(phi)",2.45743686413748,0.201853408079951,12.1743639976796,4.25699385967845e-34,"m5_exp_x_richness_noclimate",-33.8592749308388,0.0567268208971541,0.29616387385298,TRUE
"propintraspecific_C","TP_z_scored","min_3","mean","(Intercept)",0.333706518320651,0.0704364223864245,4.73769829605893,2.16159304653333e-06,"m6_exp_richness_noclimate",-33.916001751736,0,0.304684355113141,TRUE
"propintraspecific_C","TP_z_scored","min_3","mean","TP_z_scored",0.240651310704327,0.0705223837028139,3.4124103308596,0.000643911074492181,"m6_exp_richness_noclimate",-33.916001751736,0,0.304684355113141,TRUE
"propintraspecific_C","TP_z_scored","min_3","mean","site_nbspe_log_z_scored",-0.26463058018007,0.070671257440455,-3.74452910227383,0.000180732428138938,"m6_exp_richness_noclimate",-33.916001751736,0,0.304684355113141,TRUE
"propintraspecific_C","TP_z_scored","min_3","precision","(phi)",2.4359986817424,0.1997990764241,12.1922419529692,3.41884379106266e-34,"m6_exp_richness_noclimate",-33.916001751736,0,0.304684355113141,TRUE
"propintraspecific_N","hft_z_scored","min_1","mean","(Intercept)",-0.0328362094814553,0.113100781329872,-0.29032699063046,0.771566092105958,"m1_main",-75.4985296423888,6.61998073649849,0.032670178264736,FALSE
"propintraspecific_N","hft_z_scored","min_1","mean","hft_z_scored",-0.106560609089325,0.0421346847532367,-2.52904726149967,0.0114372625012035,"m1_main",-75.4985296423888,6.61998073649849,0.032670178264736,FALSE
"propintraspecific_N","hft_z_scored","min_1","mean","site_nbspe_log_z_scored",-0.226040304863715,0.0479275201015218,-4.71629461288439,2.40178583093106e-06,"m1_main",-75.4985296423888,6.61998073649849,0.032670178264736,FALSE
"propintraspecific_N","hft_z_scored","min_1","mean","Climate_zone_e2Cool and moist",-0.418902805510464,0.133888748441609,-3.12873792896164,0.00175558812678744,"m1_main",-75.4985296423888,6.61998073649849,0.032670178264736,FALSE
"propintraspecific_N","hft_z_scored","min_1","mean","Climate_zone_e2Cool temperate and dry/xeric",-0.130395800841404,0.22516147513156,-0.579121276253918,0.562507344799262,"m1_main",-75.4985296423888,6.61998073649849,0.032670178264736,FALSE
"propintraspecific_N","hft_z_scored","min_1","mean","Climate_zone_e2Hot and dry",-0.236562884176378,0.178560931403295,-1.32483003038375,0.18522753210049,"m1_main",-75.4985296423888,6.61998073649849,0.032670178264736,FALSE
"propintraspecific_N","hft_z_scored","min_1","mean","Climate_zone_e2Hot and moist",-0.303998117529309,0.166291848692021,-1.82809993346292,0.0675345549503984,"m1_main",-75.4985296423888,6.61998073649849,0.032670178264736,FALSE
"propintraspecific_N","hft_z_scored","min_1","mean","Climate_zone_e2Warm temperate",-0.142175644490659,0.14100385844198,-1.008310311942,0.313305514076781,"m1_main",-75.4985296423888,6.61998073649849,0.032670178264736,FALSE
"propintraspecific_N","hft_z_scored","min_1","precision","(phi)",2.529859959877,0.123769261943405,20.4401312583879,7.35411366460942e-93,"m1_main",-75.4985296423888,6.61998073649849,0.032670178264736,FALSE
"propintraspecific_N","hft_z_scored","min_1","mean","(Intercept)",-0.3787532615425,0.158798728414802,-2.38511520415421,0.0170737736639853,"m2_richness_x_climate",-82.1185103788873,0,0.894668313705535,TRUE
"propintraspecific_N","hft_z_scored","min_1","mean","hft_z_scored",-0.0754570658490486,0.0431126915440055,-1.75022860198902,0.0800788752838646,"m2_richness_x_climate",-82.1185103788873,0,0.894668313705535,TRUE
"propintraspecific_N","hft_z_scored","min_1","mean","site_nbspe_log_z_scored",-0.734096561707353,0.170688112536279,-4.30080660450988,1.70177533043043e-05,"m2_richness_x_climate",-82.1185103788873,0,0.894668313705535,TRUE
"propintraspecific_N","hft_z_scored","min_1","mean","Climate_zone_e2Cool and moist",-0.117843085526379,0.17900195311945,-0.65833407665525,0.510323485791318,"m2_richness_x_climate",-82.1185103788873,0,0.894668313705535,TRUE
"propintraspecific_N","hft_z_scored","min_1","mean","Climate_zone_e2Cool temperate and dry/xeric",0.211684439475301,0.250453344307102,0.845205082251715,0.397996345249257,"m2_richness_x_climate",-82.1185103788873,0,0.894668313705535,TRUE
"propintraspecific_N","hft_z_scored","min_1","mean","Climate_zone_e2Hot and dry",0.0260726425792642,0.212156651509278,0.122893354480211,0.902191548093498,"m2_richness_x_climate",-82.1185103788873,0,0.894668313705535,TRUE
"propintraspecific_N","hft_z_scored","min_1","mean","Climate_zone_e2Hot and moist",-0.0878842780206407,0.2031734148029,-0.432557960921698,0.665335935820672,"m2_richness_x_climate",-82.1185103788873,0,0.894668313705535,TRUE
"propintraspecific_N","hft_z_scored","min_1","mean","Climate_zone_e2Warm temperate",0.19912741394664,0.178526017698983,1.11539716458804,0.264680264055042,"m2_richness_x_climate",-82.1185103788873,0,0.894668313705535,TRUE
"propintraspecific_N","hft_z_scored","min_1","mean","site_nbspe_log_z_scored:Climate_zone_e2Cool and moist",0.404188269279369,0.199044719759185,2.03064050012669,0.0422914761662997,"m2_richness_x_climate",-82.1185103788873,0,0.894668313705535,TRUE
"propintraspecific_N","hft_z_scored","min_1","mean","site_nbspe_log_z_scored:Climate_zone_e2Cool temperate and dry/xeric",0.324199036365439,0.331572676507006,0.977761617093286,0.328192238779451,"m2_richness_x_climate",-82.1185103788873,0,0.894668313705535,TRUE
"propintraspecific_N","hft_z_scored","min_1","mean","site_nbspe_log_z_scored:Climate_zone_e2Hot and dry",0.70788746114101,0.203451950156405,3.47938400490542,0.000502567881161984,"m2_richness_x_climate",-82.1185103788873,0,0.894668313705535,TRUE
"propintraspecific_N","hft_z_scored","min_1","mean","site_nbspe_log_z_scored:Climate_zone_e2Hot and moist",0.661915078661404,0.192539723049127,3.43781048491752,0.000586437977090807,"m2_richness_x_climate",-82.1185103788873,0,0.894668313705535,TRUE
"propintraspecific_N","hft_z_scored","min_1","mean","site_nbspe_log_z_scored:Climate_zone_e2Warm temperate",0.423129551586333,0.199598417612222,2.11990433916357,0.0340141134034576,"m2_richness_x_climate",-82.1185103788873,0,0.894668313705535,TRUE
"propintraspecific_N","hft_z_scored","min_1","precision","(phi)",2.59927846149283,0.12774902355745,20.3467579564231,4.96014438912587e-92,"m2_richness_x_climate",-82.1185103788873,0,0.894668313705535,TRUE
"propintraspecific_N","hft_z_scored","min_1","mean","(Intercept)",-0.0509166910130931,0.113415301580358,-0.448940225027901,0.65347477757714,"m3_exp_x_richness",-76.2332212274683,5.88528915141903,0.0471723763603346,FALSE
"propintraspecific_N","hft_z_scored","min_1","mean","hft_z_scored",-0.102754437986947,0.0421034877812998,-2.4405208072236,0.0146661010507655,"m3_exp_x_richness",-76.2332212274683,5.88528915141903,0.0471723763603346,FALSE
"propintraspecific_N","hft_z_scored","min_1","mean","site_nbspe_log_z_scored",-0.218469404092307,0.0480531456559584,-4.54641212578385,5.45681371993098e-06,"m3_exp_x_richness",-76.2332212274683,5.88528915141903,0.0471723763603346,FALSE
"propintraspecific_N","hft_z_scored","min_1","mean","Climate_zone_e2Cool and moist",-0.413756011333515,0.133758978494052,-3.09329523888308,0.00197947100000995,"m3_exp_x_richness",-76.2332212274683,5.88528915141903,0.0471723763603346,FALSE
"propintraspecific_N","hft_z_scored","min_1","mean","Climate_zone_e2Cool temperate and dry/xeric",-0.108788121589837,0.225258408843003,-0.482948104572906,0.629132584442866,"m3_exp_x_richness",-76.2332212274683,5.88528915141903,0.0471723763603346,FALSE
"propintraspecific_N","hft_z_scored","min_1","mean","Climate_zone_e2Hot and dry",-0.196168668613306,0.179750193441431,-1.09134051461939,0.275123076692197,"m3_exp_x_richness",-76.2332212274683,5.88528915141903,0.0471723763603346,FALSE
"propintraspecific_N","hft_z_scored","min_1","mean","Climate_zone_e2Hot and moist",-0.246401641574391,0.169793691503625,-1.45118254625573,0.146729035669696,"m3_exp_x_richness",-76.2332212274683,5.88528915141903,0.0471723763603346,FALSE
"propintraspecific_N","hft_z_scored","min_1","mean","Climate_zone_e2Warm temperate",-0.133363093141452,0.140941731902643,-0.946228567941636,0.344032018082819,"m3_exp_x_richness",-76.2332212274683,5.88528915141903,0.0471723763603346,FALSE
"propintraspecific_N","hft_z_scored","min_1","mean","hft_z_scored:site_nbspe_log_z_scored",0.0844571485270379,0.0492979598245962,1.71319764200262,0.086676185303452,"m3_exp_x_richness",-76.2332212274683,5.88528915141903,0.0471723763603346,FALSE
"propintraspecific_N","hft_z_scored","min_1","precision","(phi)",2.54137924223433,0.124431246655352,20.4239635183711,1.02408785931843e-92,"m3_exp_x_richness",-76.2332212274683,5.88528915141903,0.0471723763603346,FALSE
"propintraspecific_N","hft_z_scored","min_1","mean","(Intercept)",-0.0441093612300662,0.114190707428972,-0.386278027548808,0.699290771570972,"m4_exp_x_climate",-69.2031951604333,12.9153152184541,0.00140325626735944,FALSE
"propintraspecific_N","hft_z_scored","min_1","mean","hft_z_scored",-0.20727446377271,0.0996223943734249,-2.08060110456452,0.0374704327216003,"m4_exp_x_climate",-69.2031951604333,12.9153152184541,0.00140325626735944,FALSE
"propintraspecific_N","hft_z_scored","min_1","mean","Climate_zone_e2Cool and moist",-0.403191864202868,0.134515967268598,-2.99735319449315,0.00272334990728795,"m4_exp_x_climate",-69.2031951604333,12.9153152184541,0.00140325626735944,FALSE
"propintraspecific_N","hft_z_scored","min_1","mean","Climate_zone_e2Cool temperate and dry/xeric",-0.0995119581315384,0.225847164995043,-0.440616370516417,0.659490749350033,"m4_exp_x_climate",-69.2031951604333,12.9153152184541,0.00140325626735944,FALSE
"propintraspecific_N","hft_z_scored","min_1","mean","Climate_zone_e2Hot and dry",-0.176696491383638,0.185188699342428,-0.954142947226562,0.340011289303918,"m4_exp_x_climate",-69.2031951604333,12.9153152184541,0.00140325626735944,FALSE
"propintraspecific_N","hft_z_scored","min_1","mean","Climate_zone_e2Hot and moist",-0.288380767289097,0.167804966669481,-1.71854726956389,0.0856968402394586,"m4_exp_x_climate",-69.2031951604333,12.9153152184541,0.00140325626735944,FALSE
"propintraspecific_N","hft_z_scored","min_1","mean","Climate_zone_e2Warm temperate",-0.124329238642067,0.14204212236701,-0.875298373258768,0.38141157902534,"m4_exp_x_climate",-69.2031951604333,12.9153152184541,0.00140325626735944,FALSE
"propintraspecific_N","hft_z_scored","min_1","mean","site_nbspe_log_z_scored",-0.214134803038743,0.0494444597911387,-4.33081489702349,1.48558527967522e-05,"m4_exp_x_climate",-69.2031951604333,12.9153152184541,0.00140325626735944,FALSE
"propintraspecific_N","hft_z_scored","min_1","mean","hft_z_scored:Climate_zone_e2Cool and moist",0.0927713833910259,0.125880684159781,0.736978703367,0.461135300469037,"m4_exp_x_climate",-69.2031951604333,12.9153152184541,0.00140325626735944,FALSE
"propintraspecific_N","hft_z_scored","min_1","mean","hft_z_scored:Climate_zone_e2Cool temperate and dry/xeric",0.309474667650834,0.209427217151428,1.47771942854527,0.13948289190161,"m4_exp_x_climate",-69.2031951604333,12.9153152184541,0.00140325626735944,FALSE
"propintraspecific_N","hft_z_scored","min_1","mean","hft_z_scored:Climate_zone_e2Hot and dry",0.241551470923015,0.169467155634231,1.42535861901387,0.154053563400022,"m4_exp_x_climate",-69.2031951604333,12.9153152184541,0.00140325626735944,FALSE
"propintraspecific_N","hft_z_scored","min_1","mean","hft_z_scored:Climate_zone_e2Hot and moist",0.157200173554916,0.156300394484162,1.00575672936543,0.314532606761444,"m4_exp_x_climate",-69.2031951604333,12.9153152184541,0.00140325626735944,FALSE
"propintraspecific_N","hft_z_scored","min_1","mean","hft_z_scored:Climate_zone_e2Warm temperate",0.0582820036829202,0.13016573643481,0.447752267833626,0.654331995257885,"m4_exp_x_climate",-69.2031951604333,12.9153152184541,0.00140325626735944,FALSE
"propintraspecific_N","hft_z_scored","min_1","precision","(phi)",2.54490981791307,0.124630228375316,20.4196834996501,1.11786061943461e-92,"m4_exp_x_climate",-69.2031951604333,12.9153152184541,0.00140325626735944,FALSE
"propintraspecific_N","hft_z_scored","min_1","mean","(Intercept)",-0.270918536229621,0.0415566030019006,-6.51926569207859,7.06524098432888e-11,"m5_exp_x_richness_noclimate",-73.950090251092,8.16842012779529,0.0150630238109462,FALSE
"propintraspecific_N","hft_z_scored","min_1","mean","hft_z_scored",-0.116766159599714,0.0411877397072631,-2.83497371862635,0.00458294556892148,"m5_exp_x_richness_noclimate",-73.950090251092,8.16842012779529,0.0150630238109462,FALSE
"propintraspecific_N","hft_z_scored","min_1","mean","site_nbspe_log_z_scored",-0.221174583786805,0.0427495425812609,-5.17372983269664,2.29466553109166e-07,"m5_exp_x_richness_noclimate",-73.950090251092,8.16842012779529,0.0150630238109462,FALSE
"propintraspecific_N","hft_z_scored","min_1","mean","hft_z_scored:site_nbspe_log_z_scored",0.0868375142198098,0.0478868658326201,1.81338896814285,0.0697718498479435,"m5_exp_x_richness_noclimate",-73.950090251092,8.16842012779529,0.0150630238109462,FALSE
"propintraspecific_N","hft_z_scored","min_1","precision","(phi)",2.49136471881824,0.121566894074088,20.4937761863019,2.44660878612137e-93,"m5_exp_x_richness_noclimate",-73.950090251092,8.16842012779529,0.0150630238109462,FALSE
"propintraspecific_N","hft_z_scored","min_1","mean","(Intercept)",-0.270536448702244,0.0416104642528019,-6.50164456369954,7.94466372476512e-11,"m6_exp_richness_noclimate",-72.9251251282016,9.19338525068578,0.00902285159108841,FALSE
"propintraspecific_N","hft_z_scored","min_1","mean","hft_z_scored",-0.116428785741955,0.0412495522513908,-2.82254665535259,0.00476438892168792,"m6_exp_richness_noclimate",-72.9251251282016,9.19338525068578,0.00902285159108841,FALSE
"propintraspecific_N","hft_z_scored","min_1","mean","site_nbspe_log_z_scored",-0.239201804861454,0.0416622713973471,-5.74144896182222,9.38698518406409e-09,"m6_exp_richness_noclimate",-72.9251251282016,9.19338525068578,0.00902285159108841,FALSE
"propintraspecific_N","hft_z_scored","min_1","precision","(phi)",2.47851955487185,0.120825095383254,20.5132844878793,1.63847651607663e-93,"m6_exp_richness_noclimate",-72.9251251282016,9.19338525068578,0.00902285159108841,FALSE
"propintraspecific_N","hft_z_scored","min_3","mean","(Intercept)",0.164682252548385,0.134986699798487,1.21998873069886,0.222469146962891,"m1_main",-17.8060849801134,8.5738179551704,0.00828589619824737,FALSE
"propintraspecific_N","hft_z_scored","min_3","mean","hft_z_scored",-0.169461683764529,0.0747702560365808,-2.2664317704305,0.0234249602296168,"m1_main",-17.8060849801134,8.5738179551704,0.00828589619824737,FALSE
"propintraspecific_N","hft_z_scored","min_3","mean","site_nbspe_log_z_scored",-0.315567016802218,0.077528883740326,-4.07031549505051,4.6949512198587e-05,"m1_main",-17.8060849801134,8.5738179551704,0.00828589619824737,FALSE
"propintraspecific_N","hft_z_scored","min_3","mean","Climate_zone_e2Cool and moist",-0.013689258026506,0.189551919102239,-0.0722190421038282,0.942427591333963,"m1_main",-17.8060849801134,8.5738179551704,0.00828589619824737,FALSE
"propintraspecific_N","hft_z_scored","min_3","mean","Climate_zone_e2Cool temperate and dry/xeric",-0.204446537341032,0.298614252057637,-0.684650970046705,0.493564195234988,"m1_main",-17.8060849801134,8.5738179551704,0.00828589619824737,FALSE
"propintraspecific_N","hft_z_scored","min_3","mean","Climate_zone_e2Hot and dry",-0.112000729832108,0.319027367080835,-0.351069348240991,0.725536322754395,"m1_main",-17.8060849801134,8.5738179551704,0.00828589619824737,FALSE
"propintraspecific_N","hft_z_scored","min_3","mean","Climate_zone_e2Hot and moist",0.290827741014622,0.358590560077986,0.811030108967097,0.417348380220523,"m1_main",-17.8060849801134,8.5738179551704,0.00828589619824737,FALSE
"propintraspecific_N","hft_z_scored","min_3","mean","Climate_zone_e2Warm temperate",-0.190181166296193,0.203254903825883,-0.935678120017757,0.349438939270348,"m1_main",-17.8060849801134,8.5738179551704,0.00828589619824737,FALSE
"propintraspecific_N","hft_z_scored","min_3","precision","(phi)",2.42101853321487,0.197903056185973,12.2333559666698,2.06238372880532e-34,"m1_main",-17.8060849801134,8.5738179551704,0.00828589619824737,FALSE
"propintraspecific_N","hft_z_scored","min_3","mean","(Intercept)",0.148875987826512,0.152249881800777,0.977839759648022,0.328153582998422,"m2_richness_x_climate",-8.72585217963361,17.6540507556502,8.84284450928793e-05,FALSE
"propintraspecific_N","hft_z_scored","min_3","mean","hft_z_scored",-0.165003549474338,0.0782695224403387,-2.10814560163073,0.0350183969813647,"m2_richness_x_climate",-8.72585217963361,17.6540507556502,8.84284450928793e-05,FALSE
"propintraspecific_N","hft_z_scored","min_3","mean","site_nbspe_log_z_scored",-0.351558673414691,0.173925065564065,-2.02132264417744,0.04324637657025,"m2_richness_x_climate",-8.72585217963361,17.6540507556502,8.84284450928793e-05,FALSE
"propintraspecific_N","hft_z_scored","min_3","mean","Climate_zone_e2Cool and moist",0.00531436892087725,0.199863677972653,0.0265899685965171,0.978786774332592,"m2_richness_x_climate",-8.72585217963361,17.6540507556502,8.84284450928793e-05,FALSE
"propintraspecific_N","hft_z_scored","min_3","mean","Climate_zone_e2Cool temperate and dry/xeric",-0.169184042491654,0.334083033570593,-0.506413153291439,0.612566642746442,"m2_richness_x_climate",-8.72585217963361,17.6540507556502,8.84284450928793e-05,FALSE
"propintraspecific_N","hft_z_scored","min_3","mean","Climate_zone_e2Hot and dry",-0.0780447821013046,0.335855674885389,-0.23237595174754,0.816246025477154,"m2_richness_x_climate",-8.72585217963361,17.6540507556502,8.84284450928793e-05,FALSE
"propintraspecific_N","hft_z_scored","min_3","mean","Climate_zone_e2Hot and moist",0.235780231765364,0.394717053829874,0.597339865297501,0.550280493621228,"m2_richness_x_climate",-8.72585217963361,17.6540507556502,8.84284450928793e-05,FALSE
"propintraspecific_N","hft_z_scored","min_3","mean","Climate_zone_e2Warm temperate",-0.204985618433529,0.214406108091429,-0.956062400732154,0.339040709268964,"m2_richness_x_climate",-8.72585217963361,17.6540507556502,8.84284450928793e-05,FALSE
"propintraspecific_N","hft_z_scored","min_3","mean","site_nbspe_log_z_scored:Climate_zone_e2Cool and moist",-0.0147238898833448,0.212986759688357,-0.0691305408133768,0.944885711119277,"m2_richness_x_climate",-8.72585217963361,17.6540507556502,8.84284450928793e-05,FALSE
"propintraspecific_N","hft_z_scored","min_3","mean","site_nbspe_log_z_scored:Climate_zone_e2Cool temperate and dry/xeric",0.00150958929333793,0.317079214690201,0.00476092163534863,0.996201348482245,"m2_richness_x_climate",-8.72585217963361,17.6540507556502,8.84284450928793e-05,FALSE
"propintraspecific_N","hft_z_scored","min_3","mean","site_nbspe_log_z_scored:Climate_zone_e2Hot and dry",0.11551499510771,0.384959035592343,0.30007087619067,0.764123093565843,"m2_richness_x_climate",-8.72585217963361,17.6540507556502,8.84284450928793e-05,FALSE
"propintraspecific_N","hft_z_scored","min_3","mean","site_nbspe_log_z_scored:Climate_zone_e2Hot and moist",-0.134201974785206,0.440819482195105,-0.304437485650439,0.760794612807504,"m2_richness_x_climate",-8.72585217963361,17.6540507556502,8.84284450928793e-05,FALSE
"propintraspecific_N","hft_z_scored","min_3","mean","site_nbspe_log_z_scored:Climate_zone_e2Warm temperate",0.133439510560243,0.21959604234602,0.607658995739009,0.543413663875804,"m2_richness_x_climate",-8.72585217963361,17.6540507556502,8.84284450928793e-05,FALSE
"propintraspecific_N","hft_z_scored","min_3","precision","(phi)",2.43042755023099,0.198795361729222,12.2257759390858,2.26409404437946e-34,"m2_richness_x_climate",-8.72585217963361,17.6540507556502,8.84284450928793e-05,FALSE
"propintraspecific_N","hft_z_scored","min_3","mean","(Intercept)",0.0994242848920955,0.138552248863285,0.717594161825563,0.47300755843749,"m3_exp_x_richness",-18.9869264767732,7.3929764585106,0.0149539512793965,FALSE
"propintraspecific_N","hft_z_scored","min_3","mean","hft_z_scored",-0.177728646709962,0.0745816259756666,-2.38300847407039,0.0171717990404102,"m3_exp_x_richness",-18.9869264767732,7.3929764585106,0.0149539512793965,FALSE
"propintraspecific_N","hft_z_scored","min_3","mean","site_nbspe_log_z_scored",-0.334100254732458,0.0779449264726016,-4.28636307521437,1.81622060776942e-05,"m3_exp_x_richness",-18.9869264767732,7.3929764585106,0.0149539512793965,FALSE
"propintraspecific_N","hft_z_scored","min_3","mean","Climate_zone_e2Cool and moist",-0.00940543293370188,0.188818311876265,-0.0498120804080983,0.960272139861369,"m3_exp_x_richness",-18.9869264767732,7.3929764585106,0.0149539512793965,FALSE
"propintraspecific_N","hft_z_scored","min_3","mean","Climate_zone_e2Cool temperate and dry/xeric",-0.0919552805331072,0.30399957144072,-0.302484901861246,0.76228244130198,"m3_exp_x_richness",-18.9869264767732,7.3929764585106,0.0149539512793965,FALSE
"propintraspecific_N","hft_z_scored","min_3","mean","Climate_zone_e2Hot and dry",-0.0163049179829718,0.321418286239929,-0.0507280347167325,0.959542236929565,"m3_exp_x_richness",-18.9869264767732,7.3929764585106,0.0149539512793965,FALSE
"propintraspecific_N","hft_z_scored","min_3","mean","Climate_zone_e2Hot and moist",0.445819289023982,0.36686527317512,1.21521256336294,0.224285029962365,"m3_exp_x_richness",-18.9869264767732,7.3929764585106,0.0149539512793965,FALSE
"propintraspecific_N","hft_z_scored","min_3","mean","Climate_zone_e2Warm temperate",-0.140370906937412,0.204133578017694,-0.687642416796537,0.491677990108933,"m3_exp_x_richness",-18.9869264767732,7.3929764585106,0.0149539512793965,FALSE
"propintraspecific_N","hft_z_scored","min_3","mean","hft_z_scored:site_nbspe_log_z_scored",0.138654965615054,0.0764833135989377,1.81287864098216,0.0698505412253924,"m3_exp_x_richness",-18.9869264767732,7.3929764585106,0.0149539512793965,FALSE
"propintraspecific_N","hft_z_scored","min_3","precision","(phi)",2.4564074046234,0.201303853083623,12.2024857795593,3.01477689686529e-34,"m3_exp_x_richness",-18.9869264767732,7.3929764585106,0.0149539512793965,FALSE
"propintraspecific_N","hft_z_scored","min_3","mean","(Intercept)",0.152486945969764,0.135582283048649,1.12468194620273,0.260723834729901,"m4_exp_x_climate",-14.3420898950285,12.0378130402553,0.00146602883680277,FALSE
"propintraspecific_N","hft_z_scored","min_3","mean","hft_z_scored",-0.285335934048633,0.127506117044336,-2.23782153094206,0.0252326957567865,"m4_exp_x_climate",-14.3420898950285,12.0378130402553,0.00146602883680277,FALSE
"propintraspecific_N","hft_z_scored","min_3","mean","Climate_zone_e2Cool and moist",0.035443943623221,0.189559744650868,0.186980330072199,0.851676055282815,"m4_exp_x_climate",-14.3420898950285,12.0378130402553,0.00146602883680277,FALSE
"propintraspecific_N","hft_z_scored","min_3","mean","Climate_zone_e2Cool temperate and dry/xeric",-0.173126757257618,0.379287577989902,-0.456452484352724,0.648064631759935,"m4_exp_x_climate",-14.3420898950285,12.0378130402553,0.00146602883680277,FALSE
"propintraspecific_N","hft_z_scored","min_3","mean","Climate_zone_e2Hot and dry",-0.0810400340533903,0.330939537133379,-0.244878671056848,0.806550377007042,"m4_exp_x_climate",-14.3420898950285,12.0378130402553,0.00146602883680277,FALSE
"propintraspecific_N","hft_z_scored","min_3","mean","Climate_zone_e2Hot and moist",0.280995600572957,0.365105429122839,0.76962865561338,0.44152020177053,"m4_exp_x_climate",-14.3420898950285,12.0378130402553,0.00146602883680277,FALSE
"propintraspecific_N","hft_z_scored","min_3","mean","Climate_zone_e2Warm temperate",-0.204291120696505,0.202866903057141,-1.00702045340024,0.313924945328135,"m4_exp_x_climate",-14.3420898950285,12.0378130402553,0.00146602883680277,FALSE
"propintraspecific_N","hft_z_scored","min_3","mean","site_nbspe_log_z_scored",-0.292728299169153,0.0793710935436696,-3.68809709051186,0.000225937443060683,"m4_exp_x_climate",-14.3420898950285,12.0378130402553,0.00146602883680277,FALSE
"propintraspecific_N","hft_z_scored","min_3","mean","hft_z_scored:Climate_zone_e2Cool and moist",-0.0332522977065184,0.179132364619488,-0.185629759184794,0.852735114699853,"m4_exp_x_climate",-14.3420898950285,12.0378130402553,0.00146602883680277,FALSE
"propintraspecific_N","hft_z_scored","min_3","mean","hft_z_scored:Climate_zone_e2Cool temperate and dry/xeric",0.171851739140529,0.457563460997285,0.375580119019924,0.7072290731789,"m4_exp_x_climate",-14.3420898950285,12.0378130402553,0.00146602883680277,FALSE
"propintraspecific_N","hft_z_scored","min_3","mean","hft_z_scored:Climate_zone_e2Hot and dry",0.15209851784322,0.303511213296725,0.501129813923948,0.616279765664295,"m4_exp_x_climate",-14.3420898950285,12.0378130402553,0.00146602883680277,FALSE
"propintraspecific_N","hft_z_scored","min_3","mean","hft_z_scored:Climate_zone_e2Hot and moist",0.237664250282582,0.318192572348462,0.746919541611139,0.455112129294442,"m4_exp_x_climate",-14.3420898950285,12.0378130402553,0.00146602883680277,FALSE
"propintraspecific_N","hft_z_scored","min_3","mean","hft_z_scored:Climate_zone_e2Warm temperate",0.461418710468127,0.210445900479714,2.19257637908991,0.028337914520822,"m4_exp_x_climate",-14.3420898950285,12.0378130402553,0.00146602883680277,FALSE
"propintraspecific_N","hft_z_scored","min_3","precision","(phi)",2.49517384121209,0.205051125991216,12.1685449380023,4.57159202380859e-34,"m4_exp_x_climate",-14.3420898950285,12.0378130402553,0.00146602883680277,FALSE
"propintraspecific_N","hft_z_scored","min_3","mean","(Intercept)",0.0790295854261801,0.071338485187585,1.10781137584253,0.267943286122597,"m5_exp_x_richness_noclimate",-26.3799029352838,0,0.602726660003868,TRUE
"propintraspecific_N","hft_z_scored","min_3","mean","hft_z_scored",-0.160594073303772,0.0719232502241568,-2.23285339307196,0.0255586139301968,"m5_exp_x_richness_noclimate",-26.3799029352838,0,0.602726660003868,TRUE
"propintraspecific_N","hft_z_scored","min_3","mean","site_nbspe_log_z_scored",-0.35967800606262,0.0728096404800515,-4.93997777892015,7.81314742383219e-07,"m5_exp_x_richness_noclimate",-26.3799029352838,0,0.602726660003868,TRUE
"propintraspecific_N","hft_z_scored","min_3","mean","hft_z_scored:site_nbspe_log_z_scored",0.126421354719652,0.0725653624646371,1.74217216624888,0.0814783228195533,"m5_exp_x_richness_noclimate",-26.3799029352838,0,0.602726660003868,TRUE
"propintraspecific_N","hft_z_scored","min_3","precision","(phi)",2.42741741398718,0.198517572255425,12.2277206315213,2.21054798397341e-34,"m5_exp_x_richness_noclimate",-26.3799029352838,0,0.602726660003868,TRUE
"propintraspecific_N","hft_z_scored","min_3","mean","(Intercept)",0.107855087291718,0.0699754419706967,1.5413277037519,0.123237049628694,"m6_exp_richness_noclimate",-25.4173368576749,0.96256607760894,0.372479035236592,TRUE
"propintraspecific_N","hft_z_scored","min_3","mean","hft_z_scored",-0.149985085270008,0.0718840142655118,-2.08648733383226,0.0369345013614029,"m6_exp_richness_noclimate",-25.4173368576749,0.96256607760894,0.372479035236592,TRUE
"propintraspecific_N","hft_z_scored","min_3","mean","site_nbspe_log_z_scored",-0.347978632104096,0.0727526466304296,-4.78303743191317,1.72665955997203e-06,"m6_exp_richness_noclimate",-25.4173368576749,0.96256607760894,0.372479035236592,TRUE
"propintraspecific_N","hft_z_scored","min_3","precision","(phi)",2.39508874117824,0.195415727370865,12.256376563964,1.55289757308057e-34,"m6_exp_richness_noclimate",-25.4173368576749,0.96256607760894,0.372479035236592,TRUE
"propintraspecific_N","hydro_dis_z_scored","min_1","mean","(Intercept)",-0.0136048405880358,0.113232703795075,-0.12014939264064,0.90436480608255,"m1_main",-70.9146705373164,9.60559081366739,0.00809565134049606,FALSE
"propintraspecific_N","hydro_dis_z_scored","min_1","mean","hydro_dis_z_scored",0.05517935813121,0.0431820141219678,1.27783196900811,0.20130867962592,"m1_main",-70.9146705373164,9.60559081366739,0.00809565134049606,FALSE
"propintraspecific_N","hydro_dis_z_scored","min_1","mean","site_nbspe_log_z_scored",-0.237885887810247,0.0482178358320786,-4.93356625624383,8.07416353716935e-07,"m1_main",-70.9146705373164,9.60559081366739,0.00809565134049606,FALSE
"propintraspecific_N","hydro_dis_z_scored","min_1","mean","Climate_zone_e2Cool and moist",-0.451619772000047,0.133426021866241,-3.38479530216972,0.000712313529659036,"m1_main",-70.9146705373164,9.60559081366739,0.00809565134049606,FALSE
"propintraspecific_N","hydro_dis_z_scored","min_1","mean","Climate_zone_e2Cool temperate and dry/xeric",-0.131319132308207,0.225651676580573,-0.581955048143936,0.560596959795864,"m1_main",-70.9146705373164,9.60559081366739,0.00809565134049606,FALSE
"propintraspecific_N","hydro_dis_z_scored","min_1","mean","Climate_zone_e2Hot and dry",-0.217455055010867,0.178834685905525,-1.21595569623303,0.22400179944135,"m1_main",-70.9146705373164,9.60559081366739,0.00809565134049606,FALSE
"propintraspecific_N","hydro_dis_z_scored","min_1","mean","Climate_zone_e2Hot and moist",-0.309940749458604,0.167601239611386,-1.84927480355908,0.0644181421085053,"m1_main",-70.9146705373164,9.60559081366739,0.00809565134049606,FALSE
"propintraspecific_N","hydro_dis_z_scored","min_1","mean","Climate_zone_e2Warm temperate",-0.174475180014557,0.140625902237897,-1.24070443096178,0.214714956839146,"m1_main",-70.9146705373164,9.60559081366739,0.00809565134049606,FALSE
"propintraspecific_N","hydro_dis_z_scored","min_1","precision","(phi)",2.51064330910478,0.122663630758945,20.4677074498033,4.17818441738648e-93,"m1_main",-70.9146705373164,9.60559081366739,0.00809565134049606,FALSE
"propintraspecific_N","hydro_dis_z_scored","min_1","mean","(Intercept)",-0.380287974594209,0.159295570046306,-2.38731042227767,0.0169721536515698,"m2_richness_x_climate",-80.5202613509838,0,0.986459679943521,TRUE
"propintraspecific_N","hydro_dis_z_scored","min_1","mean","hydro_dis_z_scored",0.050213934897223,0.0430222751976074,1.167161305779,0.243145233904469,"m2_richness_x_climate",-80.5202613509838,0,0.986459679943521,TRUE
"propintraspecific_N","hydro_dis_z_scored","min_1","mean","site_nbspe_log_z_scored",-0.763790670825931,0.170383178317449,-4.48278215237231,7.36761322009603e-06,"m2_richness_x_climate",-80.5202613509838,0,0.986459679943521,TRUE
"propintraspecific_N","hydro_dis_z_scored","min_1","mean","Climate_zone_e2Cool and moist",-0.134782569989528,0.178893686240766,-0.753422732919313,0.45119592639531,"m2_richness_x_climate",-80.5202613509838,0,0.986459679943521,TRUE
"propintraspecific_N","hydro_dis_z_scored","min_1","mean","Climate_zone_e2Cool temperate and dry/xeric",0.227071816860423,0.25064015788694,0.905967418688156,0.364953097820152,"m2_richness_x_climate",-80.5202613509838,0,0.986459679943521,TRUE
"propintraspecific_N","hydro_dis_z_scored","min_1","mean","Climate_zone_e2Hot and dry",0.0472641740443144,0.212248708807375,0.2226829755992,0.823782252196514,"m2_richness_x_climate",-80.5202613509838,0,0.986459679943521,TRUE
"propintraspecific_N","hydro_dis_z_scored","min_1","mean","Climate_zone_e2Hot and moist",-0.100828253775182,0.204982331454647,-0.491887535182471,0.622798850516182,"m2_richness_x_climate",-80.5202613509838,0,0.986459679943521,TRUE
"propintraspecific_N","hydro_dis_z_scored","min_1","mean","Climate_zone_e2Warm temperate",0.193150127626894,0.178729149583445,1.08068621194169,0.2798367184263,"m2_richness_x_climate",-80.5202613509838,0,0.986459679943521,TRUE
"propintraspecific_N","hydro_dis_z_scored","min_1","mean","site_nbspe_log_z_scored:Climate_zone_e2Cool and moist",0.394652481003459,0.199439626117932,1.97880676315595,0.0478377667546414,"m2_richness_x_climate",-80.5202613509838,0,0.986459679943521,TRUE
"propintraspecific_N","hydro_dis_z_scored","min_1","mean","site_nbspe_log_z_scored:Climate_zone_e2Cool temperate and dry/xeric",0.367431698632801,0.331392734396695,1.10875001318817,0.267538039916755,"m2_richness_x_climate",-80.5202613509838,0,0.986459679943521,TRUE
"propintraspecific_N","hydro_dis_z_scored","min_1","mean","site_nbspe_log_z_scored:Climate_zone_e2Hot and dry",0.738447419613265,0.203072880473993,3.63636649999573,0.000276510843175932,"m2_richness_x_climate",-80.5202613509838,0,0.986459679943521,TRUE
"propintraspecific_N","hydro_dis_z_scored","min_1","mean","site_nbspe_log_z_scored:Climate_zone_e2Hot and moist",0.70459063705891,0.191277218191381,3.68360980842965,0.000229954155839779,"m2_richness_x_climate",-80.5202613509838,0,0.986459679943521,TRUE
"propintraspecific_N","hydro_dis_z_scored","min_1","mean","site_nbspe_log_z_scored:Climate_zone_e2Warm temperate",0.429654951052061,0.200290267470804,2.14516140238663,0.031939944457373,"m2_richness_x_climate",-80.5202613509838,0,0.986459679943521,TRUE
"propintraspecific_N","hydro_dis_z_scored","min_1","precision","(phi)",2.5928357022516,0.127381604898964,20.3548675988827,4.20384862440473e-92,"m2_richness_x_climate",-80.5202613509838,0,0.986459679943521,TRUE
"propintraspecific_N","hydro_dis_z_scored","min_1","mean","(Intercept)",-0.0126291047913573,0.11330805381308,-0.111458138820309,0.911253059089931,"m3_exp_x_richness",-68.9989148412833,11.5213465097006,0.0031063524678327,FALSE
"propintraspecific_N","hydro_dis_z_scored","min_1","mean","hydro_dis_z_scored",0.0555163249013835,0.0432058779851836,1.28492528077827,0.198818395679092,"m3_exp_x_richness",-68.9989148412833,11.5213465097006,0.0031063524678327,FALSE
"propintraspecific_N","hydro_dis_z_scored","min_1","mean","site_nbspe_log_z_scored",-0.237150697371218,0.0482890077442944,-4.91107000224577,9.05807408813879e-07,"m3_exp_x_richness",-68.9989148412833,11.5213465097006,0.0031063524678327,FALSE
"propintraspecific_N","hydro_dis_z_scored","min_1","mean","Climate_zone_e2Cool and moist",-0.451019714946667,0.133423574768397,-3.38035999807056,0.000723909444729366,"m3_exp_x_richness",-68.9989148412833,11.5213465097006,0.0031063524678327,FALSE
"propintraspecific_N","hydro_dis_z_scored","min_1","mean","Climate_zone_e2Cool temperate and dry/xeric",-0.13292384775204,0.225771595048503,-0.588753637159198,0.556026551145897,"m3_exp_x_richness",-68.9989148412833,11.5213465097006,0.0031063524678327,FALSE
"propintraspecific_N","hydro_dis_z_scored","min_1","mean","Climate_zone_e2Hot and dry",-0.215860272344792,0.178862544496825,-1.2068500588094,0.227489893651183,"m3_exp_x_richness",-68.9989148412833,11.5213465097006,0.0031063524678327,FALSE
"propintraspecific_N","hydro_dis_z_scored","min_1","mean","Climate_zone_e2Hot and moist",-0.304525707342473,0.168471511030491,-1.80757984231148,0.0706719178682766,"m3_exp_x_richness",-68.9989148412833,11.5213465097006,0.0031063524678327,FALSE
"propintraspecific_N","hydro_dis_z_scored","min_1","mean","Climate_zone_e2Warm temperate",-0.173472745013588,0.140641242287961,-1.23344150116653,0.217411089374472,"m3_exp_x_richness",-68.9989148412833,11.5213465097006,0.0031063524678327,FALSE
"propintraspecific_N","hydro_dis_z_scored","min_1","mean","hydro_dis_z_scored:site_nbspe_log_z_scored",-0.0126137246195012,0.0432322288192194,-0.291766697299992,0.770465009561996,"m3_exp_x_richness",-68.9989148412833,11.5213465097006,0.0031063524678327,FALSE
"propintraspecific_N","hydro_dis_z_scored","min_1","precision","(phi)",2.51095225478242,0.122680996793429,20.4673284405276,4.21079982422647e-93,"m3_exp_x_richness",-68.9989148412833,11.5213465097006,0.0031063524678327,FALSE
"propintraspecific_N","hydro_dis_z_scored","min_1","mean","(Intercept)",0.00975688294947534,0.114373635543405,0.0853070981185394,0.932017248623423,"m4_exp_x_climate",-66.4215000731703,14.0987612778135,0.000856194091526163,FALSE
"propintraspecific_N","hydro_dis_z_scored","min_1","mean","hydro_dis_z_scored",0.192065348192602,0.111527188391567,1.72213924660477,0.0850442970839872,"m4_exp_x_climate",-66.4215000731703,14.0987612778135,0.000856194091526163,FALSE
"propintraspecific_N","hydro_dis_z_scored","min_1","mean","Climate_zone_e2Cool and moist",-0.45570672234413,0.13504068855866,-3.3745882608276,0.00073926205856033,"m4_exp_x_climate",-66.4215000731703,14.0987612778135,0.000856194091526163,FALSE
"propintraspecific_N","hydro_dis_z_scored","min_1","mean","Climate_zone_e2Cool temperate and dry/xeric",-0.172996990175444,0.227647812410638,-0.759932583333534,0.447294883870145,"m4_exp_x_climate",-66.4215000731703,14.0987612778135,0.000856194091526163,FALSE
"propintraspecific_N","hydro_dis_z_scored","min_1","mean","Climate_zone_e2Hot and dry",-0.233087265524457,0.180281029313745,-1.29291066515275,0.196041958400186,"m4_exp_x_climate",-66.4215000731703,14.0987612778135,0.000856194091526163,FALSE
"propintraspecific_N","hydro_dis_z_scored","min_1","mean","Climate_zone_e2Hot and moist",-0.283223626309142,0.173593368706375,-1.63153482428353,0.102777517942824,"m4_exp_x_climate",-66.4215000731703,14.0987612778135,0.000856194091526163,FALSE
"propintraspecific_N","hydro_dis_z_scored","min_1","mean","Climate_zone_e2Warm temperate",-0.205293127044095,0.141942467044809,-1.44631223705085,0.148089645029158,"m4_exp_x_climate",-66.4215000731703,14.0987612778135,0.000856194091526163,FALSE
"propintraspecific_N","hydro_dis_z_scored","min_1","mean","site_nbspe_log_z_scored",-0.23148827697003,0.0482915091734872,-4.793560626536,1.63846913338418e-06,"m4_exp_x_climate",-66.4215000731703,14.0987612778135,0.000856194091526163,FALSE
"propintraspecific_N","hydro_dis_z_scored","min_1","mean","hydro_dis_z_scored:Climate_zone_e2Cool and moist",-0.0262504929106285,0.142486207706387,-0.184231816771497,0.853831600480999,"m4_exp_x_climate",-66.4215000731703,14.0987612778135,0.000856194091526163,FALSE
"propintraspecific_N","hydro_dis_z_scored","min_1","mean","hydro_dis_z_scored:Climate_zone_e2Cool temperate and dry/xeric",-0.279229480243312,0.235577694984438,-1.18529676700401,0.235900131319622,"m4_exp_x_climate",-66.4215000731703,14.0987612778135,0.000856194091526163,FALSE
"propintraspecific_N","hydro_dis_z_scored","min_1","mean","hydro_dis_z_scored:Climate_zone_e2Hot and dry",-0.203579599149261,0.166802249897249,-1.22048473131908,0.222281174215869,"m4_exp_x_climate",-66.4215000731703,14.0987612778135,0.000856194091526163,FALSE
"propintraspecific_N","hydro_dis_z_scored","min_1","mean","hydro_dis_z_scored:Climate_zone_e2Hot and moist",-0.256902083894409,0.157662079965671,-1.62944751173107,0.103218317776899,"m4_exp_x_climate",-66.4215000731703,14.0987612778135,0.000856194091526163,FALSE
"propintraspecific_N","hydro_dis_z_scored","min_1","mean","hydro_dis_z_scored:Climate_zone_e2Warm temperate",-0.190886589585994,0.13617532311685,-1.40177078502099,0.160983705190867,"m4_exp_x_climate",-66.4215000731703,14.0987612778135,0.000856194091526163,FALSE
"propintraspecific_N","hydro_dis_z_scored","min_1","precision","(phi)",2.53297012028282,0.123940941835494,20.4369119902673,7.8554981241042e-93,"m4_exp_x_climate",-66.4215000731703,14.0987612778135,0.000856194091526163,FALSE
"propintraspecific_N","hydro_dis_z_scored","min_1","mean","(Intercept)",-0.265120966761743,0.0424656861516232,-6.24318104304572,4.28760135263107e-10,"m5_exp_x_richness_noclimate",-64.9972194709528,15.523041880031,0.000420042875994362,FALSE
"propintraspecific_N","hydro_dis_z_scored","min_1","mean","hydro_dis_z_scored",0.0562836243747807,0.0428626987112833,1.31311434107075,0.189144422112705,"m5_exp_x_richness_noclimate",-64.9972194709528,15.523041880031,0.000420042875994362,FALSE
"propintraspecific_N","hydro_dis_z_scored","min_1","mean","site_nbspe_log_z_scored",-0.245994394918648,0.0428595639184014,-5.73954497966866,9.49312679326509e-09,"m5_exp_x_richness_noclimate",-64.9972194709528,15.523041880031,0.000420042875994362,FALSE
"propintraspecific_N","hydro_dis_z_scored","min_1","mean","hydro_dis_z_scored:site_nbspe_log_z_scored",-0.0165638732097762,0.043097040514608,-0.384338994325185,0.700727209947507,"m5_exp_x_richness_noclimate",-64.9972194709528,15.523041880031,0.000420042875994362,FALSE
"propintraspecific_N","hydro_dis_z_scored","min_1","precision","(phi)",2.45434482056971,0.119434786670536,20.5496647081565,7.74965840046533e-94,"m5_exp_x_richness_noclimate",-64.9972194709528,15.523041880031,0.000420042875994362,FALSE
"propintraspecific_N","hydro_dis_z_scored","min_1","mean","(Intercept)",-0.268222964161906,0.0417224104178763,-6.42875043592839,1.28657151503736e-10,"m6_exp_richness_noclimate",-66.8524735898345,13.6677877611493,0.00106207928062918,FALSE
"propintraspecific_N","hydro_dis_z_scored","min_1","mean","hydro_dis_z_scored",0.0555073961249169,0.0427991348856028,1.2969279933644,0.194655963632642,"m6_exp_richness_noclimate",-66.8524735898345,13.6677877611493,0.00106207928062918,FALSE
"propintraspecific_N","hydro_dis_z_scored","min_1","mean","site_nbspe_log_z_scored",-0.248020449340302,0.04256165559807,-5.82732146706128,5.63240528699369e-09,"m6_exp_richness_noclimate",-66.8524735898345,13.6677877611493,0.00106207928062918,FALSE
"propintraspecific_N","hydro_dis_z_scored","min_1","precision","(phi)",2.45380633338925,0.11940427977937,20.550405210963,7.63234807946805e-94,"m6_exp_richness_noclimate",-66.8524735898345,13.6677877611493,0.00106207928062918,FALSE
"propintraspecific_N","hydro_dis_z_scored","min_3","mean","(Intercept)",0.194615508223977,0.135472195813735,1.43657159356566,0.150839759927887,"m1_main",-15.9002519040914,9.72146286392284,0.00508223049544426,FALSE
"propintraspecific_N","hydro_dis_z_scored","min_3","mean","hydro_dis_z_scored",0.128171983870539,0.0710023925912645,1.80517837769749,0.0710467733361393,"m1_main",-15.9002519040914,9.72146286392284,0.00508223049544426,FALSE
"propintraspecific_N","hydro_dis_z_scored","min_3","mean","site_nbspe_log_z_scored",-0.361206951291419,0.0761418410799908,-4.74386941749876,2.09674037723028e-06,"m1_main",-15.9002519040914,9.72146286392284,0.00508223049544426,FALSE
"propintraspecific_N","hydro_dis_z_scored","min_3","mean","Climate_zone_e2Cool and moist",-0.0713574685448347,0.187635307809344,-0.380298726172267,0.703723680984986,"m1_main",-15.9002519040914,9.72146286392284,0.00508223049544426,FALSE
"propintraspecific_N","hydro_dis_z_scored","min_3","mean","Climate_zone_e2Cool temperate and dry/xeric",-0.0956432105043537,0.296247444914114,-0.322849064679973,0.74680955273432,"m1_main",-15.9002519040914,9.72146286392284,0.00508223049544426,FALSE
"propintraspecific_N","hydro_dis_z_scored","min_3","mean","Climate_zone_e2Hot and dry",-0.111430479978835,0.320487851470206,-0.347690183785935,0.728072869470727,"m1_main",-15.9002519040914,9.72146286392284,0.00508223049544426,FALSE
"propintraspecific_N","hydro_dis_z_scored","min_3","mean","Climate_zone_e2Hot and moist",0.209710322684022,0.357488956962267,0.586620421693633,0.557458664109478,"m1_main",-15.9002519040914,9.72146286392284,0.00508223049544426,FALSE
"propintraspecific_N","hydro_dis_z_scored","min_3","mean","Climate_zone_e2Warm temperate",-0.196440604009978,0.203736894740023,-0.964187680688099,0.334951839592302,"m1_main",-15.9002519040914,9.72146286392284,0.00508223049544426,FALSE
"propintraspecific_N","hydro_dis_z_scored","min_3","precision","(phi)",2.40226444601726,0.196130821192332,12.2482760813076,1.71604968498585e-34,"m1_main",-15.9002519040914,9.72146286392284,0.00508223049544426,FALSE
"propintraspecific_N","hydro_dis_z_scored","min_3","mean","(Intercept)",0.165991104072428,0.153659451675233,1.08025313290365,0.280029473732191,"m2_richness_x_climate",-7.13884807773267,18.4828666902816,6.36120937095209e-05,FALSE
"propintraspecific_N","hydro_dis_z_scored","min_3","mean","hydro_dis_z_scored",0.12039871613755,0.0721971532063819,1.66763799942886,0.0953876101093068,"m2_richness_x_climate",-7.13884807773267,18.4828666902816,6.36120937095209e-05,FALSE
"propintraspecific_N","hydro_dis_z_scored","min_3","mean","site_nbspe_log_z_scored",-0.419164154143288,0.171457251469629,-2.44471523105884,0.014496655412342,"m2_richness_x_climate",-7.13884807773267,18.4828666902816,6.36120937095209e-05,FALSE
"propintraspecific_N","hydro_dis_z_scored","min_3","mean","Climate_zone_e2Cool and moist",-0.0373407277192193,0.199456156324643,-0.18721271083978,0.851493859223348,"m2_richness_x_climate",-7.13884807773267,18.4828666902816,6.36120937095209e-05,FALSE
"propintraspecific_N","hydro_dis_z_scored","min_3","mean","Climate_zone_e2Cool temperate and dry/xeric",-0.0746761074712223,0.332039470512706,-0.224901296691969,0.82205606052207,"m2_richness_x_climate",-7.13884807773267,18.4828666902816,6.36120937095209e-05,FALSE
"propintraspecific_N","hydro_dis_z_scored","min_3","mean","Climate_zone_e2Hot and dry",-0.0462666770175792,0.336055319088828,-0.137675776544842,0.890496664581477,"m2_richness_x_climate",-7.13884807773267,18.4828666902816,6.36120937095209e-05,FALSE
"propintraspecific_N","hydro_dis_z_scored","min_3","mean","Climate_zone_e2Hot and moist",0.209168021442676,0.395838058430198,0.528418167450063,0.597209130769719,"m2_richness_x_climate",-7.13884807773267,18.4828666902816,6.36120937095209e-05,FALSE
"propintraspecific_N","hydro_dis_z_scored","min_3","mean","Climate_zone_e2Warm temperate",-0.199121658210175,0.215010551628628,-0.92610179687415,0.354393080272386,"m2_richness_x_climate",-7.13884807773267,18.4828666902816,6.36120937095209e-05,FALSE
"propintraspecific_N","hydro_dis_z_scored","min_3","mean","site_nbspe_log_z_scored:Climate_zone_e2Cool and moist",-0.0150188335648679,0.213963178747033,-0.0701935428928385,0.944039613675262,"m2_richness_x_climate",-7.13884807773267,18.4828666902816,6.36120937095209e-05,FALSE
"propintraspecific_N","hydro_dis_z_scored","min_3","mean","site_nbspe_log_z_scored:Climate_zone_e2Cool temperate and dry/xeric",0.0713392187383129,0.315659465965398,0.226000568429439,0.821200978222807,"m2_richness_x_climate",-7.13884807773267,18.4828666902816,6.36120937095209e-05,FALSE
"propintraspecific_N","hydro_dis_z_scored","min_3","mean","site_nbspe_log_z_scored:Climate_zone_e2Hot and dry",0.251462951172977,0.380105328360205,0.661561236875584,0.508252456948442,"m2_richness_x_climate",-7.13884807773267,18.4828666902816,6.36120937095209e-05,FALSE
"propintraspecific_N","hydro_dis_z_scored","min_3","mean","site_nbspe_log_z_scored:Climate_zone_e2Hot and moist",-0.0145681668450162,0.43490096685554,-0.0334976648829923,0.973277727941877,"m2_richness_x_climate",-7.13884807773267,18.4828666902816,6.36120937095209e-05,FALSE
"propintraspecific_N","hydro_dis_z_scored","min_3","mean","site_nbspe_log_z_scored:Climate_zone_e2Warm temperate",0.154737842970309,0.220521451382157,0.701690660933269,0.482872098417799,"m2_richness_x_climate",-7.13884807773267,18.4828666902816,6.36120937095209e-05,FALSE
"propintraspecific_N","hydro_dis_z_scored","min_3","precision","(phi)",2.41493584331525,0.197334568614609,12.2377739504505,1.95316186584119e-34,"m2_richness_x_climate",-7.13884807773267,18.4828666902816,6.36120937095209e-05,FALSE
"propintraspecific_N","hydro_dis_z_scored","min_3","mean","(Intercept)",0.178490264935619,0.135191397105446,1.32027827773982,0.186742125324823,"m3_exp_x_richness",-17.2089909583976,8.41272380961663,0.00977785139634318,FALSE
"propintraspecific_N","hydro_dis_z_scored","min_3","mean","hydro_dis_z_scored",0.14055074717706,0.0712814653851983,1.97177129310596,0.0486357208274095,"m3_exp_x_richness",-17.2089909583976,8.41272380961663,0.00977785139634318,FALSE
"propintraspecific_N","hydro_dis_z_scored","min_3","mean","site_nbspe_log_z_scored",-0.388738938849417,0.0774663650421482,-5.01816418826299,5.21675842322442e-07,"m3_exp_x_richness",-17.2089909583976,8.41272380961663,0.00977785139634318,FALSE
"propintraspecific_N","hydro_dis_z_scored","min_3","mean","Climate_zone_e2Cool and moist",-0.0615005528436346,0.187026299680832,-0.328833714555588,0.742281378385054,"m3_exp_x_richness",-17.2089909583976,8.41272380961663,0.00977785139634318,FALSE
"propintraspecific_N","hydro_dis_z_scored","min_3","mean","Climate_zone_e2Cool temperate and dry/xeric",-0.0793573948924472,0.294891671253,-0.269106938677706,0.787847391042674,"m3_exp_x_richness",-17.2089909583976,8.41272380961663,0.00977785139634318,FALSE
"propintraspecific_N","hydro_dis_z_scored","min_3","mean","Climate_zone_e2Hot and dry",-0.0980655765773356,0.319416537057722,-0.307014713391668,0.758832173047183,"m3_exp_x_richness",-17.2089909583976,8.41272380961663,0.00977785139634318,FALSE
"propintraspecific_N","hydro_dis_z_scored","min_3","mean","Climate_zone_e2Hot and moist",0.284278070377355,0.35849088733092,0.792985485611354,0.427786279238899,"m3_exp_x_richness",-17.2089909583976,8.41272380961663,0.00977785139634318,FALSE
"propintraspecific_N","hydro_dis_z_scored","min_3","mean","Climate_zone_e2Warm temperate",-0.147051079672602,0.204829236737851,-0.71792036144139,0.472806392442219,"m3_exp_x_richness",-17.2089909583976,8.41272380961663,0.00977785139634318,FALSE
"propintraspecific_N","hydro_dis_z_scored","min_3","mean","hydro_dis_z_scored:site_nbspe_log_z_scored",-0.128613803842364,0.0657001211961117,-1.95758853257604,0.0502783140348154,"m3_exp_x_richness",-17.2089909583976,8.41272380961663,0.00977785139634318,FALSE
"propintraspecific_N","hydro_dis_z_scored","min_3","precision","(phi)",2.43836403657169,0.199590144667595,12.2168559005387,2.52668892848338e-34,"m3_exp_x_richness",-17.2089909583976,8.41272380961663,0.00977785139634318,FALSE
"propintraspecific_N","hydro_dis_z_scored","min_3","mean","(Intercept)",0.217922041845324,0.136244476896392,1.59949266795633,0.109711176473251,"m4_exp_x_climate",-12.4389523914567,13.1827623765575,0.000900414994273751,FALSE
"propintraspecific_N","hydro_dis_z_scored","min_3","mean","hydro_dis_z_scored",0.292030115508247,0.136827617149308,2.13429219621342,0.0328188696794045,"m4_exp_x_climate",-12.4389523914567,13.1827623765575,0.000900414994273751,FALSE
"propintraspecific_N","hydro_dis_z_scored","min_3","mean","Climate_zone_e2Cool and moist",-0.0845283676635133,0.189060940010335,-0.447095881671237,0.654805832437419,"m4_exp_x_climate",-12.4389523914567,13.1827623765575,0.000900414994273751,FALSE
"propintraspecific_N","hydro_dis_z_scored","min_3","mean","Climate_zone_e2Cool temperate and dry/xeric",-0.21279817756228,0.301408482272361,-0.706012571238755,0.480180319693854,"m4_exp_x_climate",-12.4389523914567,13.1827623765575,0.000900414994273751,FALSE
"propintraspecific_N","hydro_dis_z_scored","min_3","mean","Climate_zone_e2Hot and dry",-0.124956362925493,0.321332367844715,-0.388869517763236,0.697372672213906,"m4_exp_x_climate",-12.4389523914567,13.1827623765575,0.000900414994273751,FALSE
"propintraspecific_N","hydro_dis_z_scored","min_3","mean","Climate_zone_e2Hot and moist",0.232519129804213,0.363946153819953,0.638883327557413,0.522898834858249,"m4_exp_x_climate",-12.4389523914567,13.1827623765575,0.000900414994273751,FALSE
"propintraspecific_N","hydro_dis_z_scored","min_3","mean","Climate_zone_e2Warm temperate",-0.23385764626293,0.204455438667192,-1.14380741244844,0.252703515094869,"m4_exp_x_climate",-12.4389523914567,13.1827623765575,0.000900414994273751,FALSE
"propintraspecific_N","hydro_dis_z_scored","min_3","mean","site_nbspe_log_z_scored",-0.360158456084396,0.0767887051239004,-4.69025301967616,2.72867416400831e-06,"m4_exp_x_climate",-12.4389523914567,13.1827623765575,0.000900414994273751,FALSE
"propintraspecific_N","hydro_dis_z_scored","min_3","mean","hydro_dis_z_scored:Climate_zone_e2Cool and moist",-0.0827465330421238,0.19998812715422,-0.413757227589387,0.679051911454433,"m4_exp_x_climate",-12.4389523914567,13.1827623765575,0.000900414994273751,FALSE
"propintraspecific_N","hydro_dis_z_scored","min_3","mean","hydro_dis_z_scored:Climate_zone_e2Cool temperate and dry/xeric",-0.674879223399146,0.290580424055384,-2.32252129713499,0.0202048830209194,"m4_exp_x_climate",-12.4389523914567,13.1827623765575,0.000900414994273751,FALSE
"propintraspecific_N","hydro_dis_z_scored","min_3","mean","hydro_dis_z_scored:Climate_zone_e2Hot and dry",-0.21854098737247,0.273746253130936,-0.798334168497055,0.424676594749193,"m4_exp_x_climate",-12.4389523914567,13.1827623765575,0.000900414994273751,FALSE
"propintraspecific_N","hydro_dis_z_scored","min_3","mean","hydro_dis_z_scored:Climate_zone_e2Hot and moist",0.0505562690995135,0.383055986420972,0.131981409746076,0.894998995980684,"m4_exp_x_climate",-12.4389523914567,13.1827623765575,0.000900414994273751,FALSE
"propintraspecific_N","hydro_dis_z_scored","min_3","mean","hydro_dis_z_scored:Climate_zone_e2Warm temperate",-0.25952812987688,0.189066972485744,-1.37267829735016,0.169852378952236,"m4_exp_x_climate",-12.4389523914567,13.1827623765575,0.000900414994273751,FALSE
"propintraspecific_N","hydro_dis_z_scored","min_3","precision","(phi)",2.47298722909702,0.202897520669929,12.188356077155,3.58581944710091e-34,"m4_exp_x_climate",-12.4389523914567,13.1827623765575,0.000900414994273751,FALSE
"propintraspecific_N","hydro_dis_z_scored","min_3","mean","(Intercept)",0.127260130591099,0.0703652997328757,1.80856375335869,0.070518803917637,"m5_exp_x_richness_noclimate",-25.6217147680142,0,0.65621053246621,TRUE
"propintraspecific_N","hydro_dis_z_scored","min_3","mean","hydro_dis_z_scored",0.139812969206763,0.071098933594365,1.96645662794925,0.0492458876675025,"m5_exp_x_richness_noclimate",-25.6217147680142,0,0.65621053246621,TRUE
"propintraspecific_N","hydro_dis_z_scored","min_3","mean","site_nbspe_log_z_scored",-0.410254163514615,0.072488235169587,-5.65959652010869,1.51729295009582e-08,"m5_exp_x_richness_noclimate",-25.6217147680142,0,0.65621053246621,TRUE
"propintraspecific_N","hydro_dis_z_scored","min_3","mean","hydro_dis_z_scored:site_nbspe_log_z_scored",-0.129297533210973,0.0647365203956806,-1.99728889382198,0.0457938091361093,"m5_exp_x_richness_noclimate",-25.6217147680142,0,0.65621053246621,TRUE
"propintraspecific_N","hydro_dis_z_scored","min_3","precision","(phi)",2.42165939140755,0.197998605263993,12.2306891413641,2.13122797903615e-34,"m5_exp_x_richness_noclimate",-25.6217147680142,0,0.65621053246621,TRUE
"propintraspecific_N","hydro_dis_z_scored","min_3","mean","(Intercept)",0.12305899527194,0.0706053688255747,1.74291271781256,0.0813488621820241,"m6_exp_richness_noclimate",-24.2345674031114,1.38714736490284,0.32796535855402,TRUE
"propintraspecific_N","hydro_dis_z_scored","min_3","mean","hydro_dis_z_scored",0.128440006029348,0.070835632174581,1.81321182696295,0.0697991563959082,"m6_exp_richness_noclimate",-24.2345674031114,1.38714736490284,0.32796535855402,TRUE
"propintraspecific_N","hydro_dis_z_scored","min_3","mean","site_nbspe_log_z_scored",-0.386974978129932,0.0714538468764245,-5.41573330263358,6.10380251119123e-08,"m6_exp_richness_noclimate",-24.2345674031114,1.38714736490284,0.32796535855402,TRUE
"propintraspecific_N","hydro_dis_z_scored","min_3","precision","(phi)",2.38522727462312,0.194509348133066,12.2627899250958,1.4347362911038e-34,"m6_exp_richness_noclimate",-24.2345674031114,1.38714736490284,0.32796535855402,TRUE
"propintraspecific_N","size_z_scored","min_1","mean","(Intercept)",0.0134002700952264,0.114880610357482,0.116645185410556,0.907141229325853,"m1_main",-71.5463378830364,9.74003291493746,0.00753406885940111,FALSE
"propintraspecific_N","size_z_scored","min_1","mean","size_z_scored",-0.068044119038295,0.0448426006257451,-1.51739903771837,0.129165966749279,"m1_main",-71.5463378830364,9.74003291493746,0.00753406885940111,FALSE
"propintraspecific_N","size_z_scored","min_1","mean","site_nbspe_log_z_scored",-0.20744776384526,0.0506705481715111,-4.09405012045824,4.23902614812507e-05,"m1_main",-71.5463378830364,9.74003291493746,0.00753406885940111,FALSE
"propintraspecific_N","size_z_scored","min_1","mean","Climate_zone_e2Cool and moist",-0.493335993779233,0.135617882231582,-3.6376913255201,0.000275092831112374,"m1_main",-71.5463378830364,9.74003291493746,0.00753406885940111,FALSE
"propintraspecific_N","size_z_scored","min_1","mean","Climate_zone_e2Cool temperate and dry/xeric",-0.158027072641598,0.226018276949289,-0.699178291130207,0.484440615654918,"m1_main",-71.5463378830364,9.74003291493746,0.00753406885940111,FALSE
"propintraspecific_N","size_z_scored","min_1","mean","Climate_zone_e2Hot and dry",-0.249447051715476,0.180598952902131,-1.38122091909721,0.167211044624104,"m1_main",-71.5463378830364,9.74003291493746,0.00753406885940111,FALSE
"propintraspecific_N","size_z_scored","min_1","mean","Climate_zone_e2Hot and moist",-0.3293568010765,0.169300222679149,-1.94540087345712,0.0517267497144921,"m1_main",-71.5463378830364,9.74003291493746,0.00753406885940111,FALSE
"propintraspecific_N","size_z_scored","min_1","mean","Climate_zone_e2Warm temperate",-0.210292950887385,0.142197219764459,-1.47888229626234,0.139171775725994,"m1_main",-71.5463378830364,9.74003291493746,0.00753406885940111,FALSE
"propintraspecific_N","size_z_scored","min_1","precision","(phi)",2.51320312472224,0.122809996707346,20.4641575775884,4.49380994345156e-93,"m1_main",-71.5463378830364,9.74003291493746,0.00753406885940111,FALSE
"propintraspecific_N","size_z_scored","min_1","mean","(Intercept)",-0.345065517743894,0.162059302135019,-2.12925461974657,0.0332332001316937,"m2_richness_x_climate",-81.2863707979739,0,0.981862920563555,TRUE
"propintraspecific_N","size_z_scored","min_1","mean","size_z_scored",-0.0666929486677684,0.0456411987164883,-1.4612444577113,0.143948366395712,"m2_richness_x_climate",-81.2863707979739,0,0.981862920563555,TRUE
"propintraspecific_N","size_z_scored","min_1","mean","site_nbspe_log_z_scored",-0.723147888379887,0.173499692723276,-4.16800673839391,3.07274853234592e-05,"m2_richness_x_climate",-81.2863707979739,0,0.981862920563555,TRUE
"propintraspecific_N","size_z_scored","min_1","mean","Climate_zone_e2Cool and moist",-0.185530055078784,0.182666737376402,-1.01567509084307,0.309784133516686,"m2_richness_x_climate",-81.2863707979739,0,0.981862920563555,TRUE
"propintraspecific_N","size_z_scored","min_1","mean","Climate_zone_e2Cool temperate and dry/xeric",0.192114723950711,0.251807052922729,0.76294417380622,0.445496690240693,"m2_richness_x_climate",-81.2863707979739,0,0.981862920563555,TRUE
"propintraspecific_N","size_z_scored","min_1","mean","Climate_zone_e2Hot and dry",-0.00389124054735716,0.216741218672091,-0.0179533942422103,0.985676033418172,"m2_richness_x_climate",-81.2863707979739,0,0.981862920563555,TRUE
"propintraspecific_N","size_z_scored","min_1","mean","Climate_zone_e2Hot and moist",-0.118675047002399,0.20650228732673,-0.574691198527165,0.565500161031669,"m2_richness_x_climate",-81.2863707979739,0,0.981862920563555,TRUE
"propintraspecific_N","size_z_scored","min_1","mean","Climate_zone_e2Warm temperate",0.149846404742101,0.181575971196143,0.825254595941183,0.409227063330251,"m2_richness_x_climate",-81.2863707979739,0,0.981862920563555,TRUE
"propintraspecific_N","size_z_scored","min_1","mean","site_nbspe_log_z_scored:Climate_zone_e2Cool and moist",0.378222982484048,0.200199991946218,1.88922576273456,0.0588615840495995,"m2_richness_x_climate",-81.2863707979739,0,0.981862920563555,TRUE
"propintraspecific_N","size_z_scored","min_1","mean","site_nbspe_log_z_scored:Climate_zone_e2Cool temperate and dry/xeric",0.364463484705416,0.33143764818203,1.09964419161352,0.271487179494653,"m2_richness_x_climate",-81.2863707979739,0,0.981862920563555,TRUE
"propintraspecific_N","size_z_scored","min_1","mean","site_nbspe_log_z_scored:Climate_zone_e2Hot and dry",0.751561497398067,0.202852068747108,3.70497329428287,0.000211413005769766,"m2_richness_x_climate",-81.2863707979739,0,0.981862920563555,TRUE
"propintraspecific_N","size_z_scored","min_1","mean","site_nbspe_log_z_scored:Climate_zone_e2Hot and moist",0.680821489831635,0.192497875842205,3.5367740389495,0.000405046047854273,"m2_richness_x_climate",-81.2863707979739,0,0.981862920563555,TRUE
"propintraspecific_N","size_z_scored","min_1","mean","site_nbspe_log_z_scored:Climate_zone_e2Warm temperate",0.411958442378356,0.201334734605846,2.04613696282884,0.0407428972375044,"m2_richness_x_climate",-81.2863707979739,0,0.981862920563555,TRUE
"propintraspecific_N","size_z_scored","min_1","precision","(phi)",2.59613932545913,0.127571504833411,20.3504640699292,4.59900201717463e-92,"m2_richness_x_climate",-81.2863707979739,0,0.981862920563555,TRUE
"propintraspecific_N","size_z_scored","min_1","mean","(Intercept)",0.00273888992133833,0.114953916039711,0.0238259818864473,0.980991415381205,"m3_exp_x_richness",-71.8782488493423,9.40812194863155,0.00889412309480942,FALSE
"propintraspecific_N","size_z_scored","min_1","mean","size_z_scored",-0.0866894681243308,0.0467344850026175,-1.85493577428906,0.0636053986135691,"m3_exp_x_richness",-71.8782488493423,9.40812194863155,0.00889412309480942,FALSE
"propintraspecific_N","size_z_scored","min_1","mean","site_nbspe_log_z_scored",-0.213977385262697,0.05079088944247,-4.21290880336061,2.52102869858398e-05,"m3_exp_x_richness",-71.8782488493423,9.40812194863155,0.00889412309480942,FALSE
"propintraspecific_N","size_z_scored","min_1","mean","Climate_zone_e2Cool and moist",-0.502442030967355,0.135639002079351,-3.70425927104225,0.000212009332550991,"m3_exp_x_richness",-71.8782488493423,9.40812194863155,0.00889412309480942,FALSE
"propintraspecific_N","size_z_scored","min_1","mean","Climate_zone_e2Cool temperate and dry/xeric",-0.164592202769034,0.225814750955681,-0.728881537067245,0.466074129492894,"m3_exp_x_richness",-71.8782488493423,9.40812194863155,0.00889412309480942,FALSE
"propintraspecific_N","size_z_scored","min_1","mean","Climate_zone_e2Hot and dry",-0.288571483119289,0.182669335915964,-1.57974780864175,0.114164632225076,"m3_exp_x_richness",-71.8782488493423,9.40812194863155,0.00889412309480942,FALSE
"propintraspecific_N","size_z_scored","min_1","mean","Climate_zone_e2Hot and moist",-0.331819838088586,0.169135553801923,-1.96185740153242,0.0497790885135474,"m3_exp_x_richness",-71.8782488493423,9.40812194863155,0.00889412309480942,FALSE
"propintraspecific_N","size_z_scored","min_1","mean","Climate_zone_e2Warm temperate",-0.204835755445243,0.142098215381846,-1.44150828984593,0.149441137046831,"m3_exp_x_richness",-71.8782488493423,9.40812194863155,0.00889412309480942,FALSE
"propintraspecific_N","size_z_scored","min_1","mean","size_z_scored:site_nbspe_log_z_scored",0.0575820928933079,0.0364596653686354,1.57933684555545,0.114258814789409,"m3_exp_x_richness",-71.8782488493423,9.40812194863155,0.00889412309480942,FALSE
"propintraspecific_N","size_z_scored","min_1","precision","(phi)",2.52249539449641,0.123341265859499,20.451349975359,5.84355152135144e-93,"m3_exp_x_richness",-71.8782488493423,9.40812194863155,0.00889412309480942,FALSE
"propintraspecific_N","size_z_scored","min_1","mean","(Intercept)",0.0111746725630507,0.116598677437179,0.0958387591409123,0.923648633683541,"m4_exp_x_climate",-67.1853815463033,14.1009892516705,0.0008512555350154,FALSE
"propintraspecific_N","size_z_scored","min_1","mean","size_z_scored",-0.0972970691188301,0.115598790684648,-0.841678953063232,0.39996768226628,"m4_exp_x_climate",-67.1853815463033,14.1009892516705,0.0008512555350154,FALSE
"propintraspecific_N","size_z_scored","min_1","mean","Climate_zone_e2Cool and moist",-0.501634185375536,0.13778879603579,-3.64060213752968,0.000272001178217785,"m4_exp_x_climate",-67.1853815463033,14.1009892516705,0.0008512555350154,FALSE
"propintraspecific_N","size_z_scored","min_1","mean","Climate_zone_e2Cool temperate and dry/xeric",-0.166375654985611,0.227451651488937,-0.731477014550072,0.46448783921806,"m4_exp_x_climate",-67.1853815463033,14.1009892516705,0.0008512555350154,FALSE
"propintraspecific_N","size_z_scored","min_1","mean","Climate_zone_e2Hot and dry",-0.24275129774157,0.181489375345984,-1.33755101244246,0.181042842583443,"m4_exp_x_climate",-67.1853815463033,14.1009892516705,0.0008512555350154,FALSE
"propintraspecific_N","size_z_scored","min_1","mean","Climate_zone_e2Hot and moist",-0.312971116412864,0.17085659947329,-1.83177657390864,0.0669847147694543,"m4_exp_x_climate",-67.1853815463033,14.1009892516705,0.0008512555350154,FALSE
"propintraspecific_N","size_z_scored","min_1","mean","Climate_zone_e2Warm temperate",-0.210019130622026,0.143443290755132,-1.46412655145052,0.143159373828054,"m4_exp_x_climate",-67.1853815463033,14.1009892516705,0.0008512555350154,FALSE
"propintraspecific_N","size_z_scored","min_1","mean","site_nbspe_log_z_scored",-0.219597119806996,0.0508473706920313,-4.31875074007339,1.56914880105358e-05,"m4_exp_x_climate",-67.1853815463033,14.1009892516705,0.0008512555350154,FALSE
"propintraspecific_N","size_z_scored","min_1","mean","size_z_scored:Climate_zone_e2Cool and moist",0.00598017057390971,0.152212044323893,0.0392884189978059,0.968660439789664,"m4_exp_x_climate",-67.1853815463033,14.1009892516705,0.0008512555350154,FALSE
"propintraspecific_N","size_z_scored","min_1","mean","size_z_scored:Climate_zone_e2Cool temperate and dry/xeric",0.128434956496956,0.201298247942021,0.638033156324087,0.523452097011847,"m4_exp_x_climate",-67.1853815463033,14.1009892516705,0.0008512555350154,FALSE
"propintraspecific_N","size_z_scored","min_1","mean","size_z_scored:Climate_zone_e2Hot and dry",0.183691908001228,0.14076777513824,1.30492868712909,0.191917131831929,"m4_exp_x_climate",-67.1853815463033,14.1009892516705,0.0008512555350154,FALSE
"propintraspecific_N","size_z_scored","min_1","mean","size_z_scored:Climate_zone_e2Hot and moist",-0.052272526768419,0.152937921160733,-0.341789180679932,0.732509552354838,"m4_exp_x_climate",-67.1853815463033,14.1009892516705,0.0008512555350154,FALSE
"propintraspecific_N","size_z_scored","min_1","mean","size_z_scored:Climate_zone_e2Warm temperate",-0.078763921571178,0.15153503820768,-0.519773660948509,0.603221339306115,"m4_exp_x_climate",-67.1853815463033,14.1009892516705,0.0008512555350154,FALSE
"propintraspecific_N","size_z_scored","min_1","precision","(phi)",2.53660812525658,0.124152720321287,20.4313535675436,8.80276574737704e-93,"m4_exp_x_climate",-67.1853815463033,14.1009892516705,0.0008512555350154,FALSE
"propintraspecific_N","size_z_scored","min_1","mean","(Intercept)",-0.283530276008675,0.0430669109412074,-6.58348299918086,4.59553158051609e-11,"m5_exp_x_richness_noclimate",-65.6715626039247,15.6148081940492,0.000399335888462549,FALSE
"propintraspecific_N","size_z_scored","min_1","mean","size_z_scored",-0.0542204258188816,0.0458927186731524,-1.18146031410863,0.23741991000467,"m5_exp_x_richness_noclimate",-65.6715626039247,15.6148081940492,0.000399335888462549,FALSE
"propintraspecific_N","size_z_scored","min_1","mean","site_nbspe_log_z_scored",-0.232514256786243,0.0439277725349142,-5.29310373298439,1.2025765927588e-07,"m5_exp_x_richness_noclimate",-65.6715626039247,15.6148081940492,0.000399335888462549,FALSE
"propintraspecific_N","size_z_scored","min_1","mean","size_z_scored:site_nbspe_log_z_scored",0.0488488895151592,0.035934500397045,1.35938691161478,0.174024016350392,"m5_exp_x_richness_noclimate",-65.6715626039247,15.6148081940492,0.000399335888462549,FALSE
"propintraspecific_N","size_z_scored","min_1","precision","(phi)",2.45662670986737,0.119562568534776,20.5467876775567,8.22276065379905e-94,"m5_exp_x_richness_noclimate",-65.6715626039247,15.6148081940492,0.000399335888462549,FALSE
"propintraspecific_N","size_z_scored","min_1","mean","(Intercept)",-0.269391373855445,0.0417539385495842,-6.45187934871182,1.1047151579099e-10,"m6_exp_richness_noclimate",-65.9469876105277,15.3393831874462,0.000458296058756295,FALSE
"propintraspecific_N","size_z_scored","min_1","mean","size_z_scored",-0.0394276464786235,0.0441639670776086,-0.892755997425183,0.371987855316242,"m6_exp_richness_noclimate",-65.9469876105277,15.3393831874462,0.000458296058756295,FALSE
"propintraspecific_N","size_z_scored","min_1","mean","site_nbspe_log_z_scored",-0.225832713431995,0.0436686937847027,-5.17150145468983,2.32220464445325e-07,"m6_exp_richness_noclimate",-65.9469876105277,15.3393831874462,0.000458296058756295,FALSE
"propintraspecific_N","size_z_scored","min_1","precision","(phi)",2.45001034787345,0.119184788299084,20.5564013901284,6.74541679489117e-94,"m6_exp_richness_noclimate",-65.9469876105277,15.3393831874462,0.000458296058756295,FALSE
"propintraspecific_N","size_z_scored","min_3","mean","(Intercept)",0.183068446200202,0.137663030929105,1.32983012915414,0.183574246572845,"m1_main",-12.7735108973068,10.1853859349533,0.00430557231415487,FALSE
"propintraspecific_N","size_z_scored","min_3","mean","size_z_scored",-0.000487687710075945,0.0817813608241222,-0.00596331126263305,0.995241994212272,"m1_main",-12.7735108973068,10.1853859349533,0.00430557231415487,FALSE
"propintraspecific_N","size_z_scored","min_3","mean","site_nbspe_log_z_scored",-0.355986124111897,0.0794119795897174,-4.48277609941349,7.36782227816869e-06,"m1_main",-12.7735108973068,10.1853859349533,0.00430557231415487,FALSE
"propintraspecific_N","size_z_scored","min_3","mean","Climate_zone_e2Cool and moist",-0.0741525938486023,0.193640345385542,-0.382939793362602,0.701764405325261,"m1_main",-12.7735108973068,10.1853859349533,0.00430557231415487,FALSE
"propintraspecific_N","size_z_scored","min_3","mean","Climate_zone_e2Cool temperate and dry/xeric",-0.104791660798364,0.299322920093471,-0.350095678492112,0.726266893989994,"m1_main",-12.7735108973068,10.1853859349533,0.00430557231415487,FALSE
"propintraspecific_N","size_z_scored","min_3","mean","Climate_zone_e2Hot and dry",-0.0822850229890467,0.33329606859616,-0.246882669020462,0.804999029356328,"m1_main",-12.7735108973068,10.1853859349533,0.00430557231415487,FALSE
"propintraspecific_N","size_z_scored","min_3","mean","Climate_zone_e2Hot and moist",0.200641594295119,0.359782901864352,0.557674067487416,0.577066968916104,"m1_main",-12.7735108973068,10.1853859349533,0.00430557231415487,FALSE
"propintraspecific_N","size_z_scored","min_3","mean","Climate_zone_e2Warm temperate",-0.201492696477257,0.208392709518901,-0.966889374116907,0.333599339127952,"m1_main",-12.7735108973068,10.1853859349533,0.00430557231415487,FALSE
"propintraspecific_N","size_z_scored","min_3","precision","(phi)",2.36795185902317,0.192830365449643,12.2799739216465,1.16035658245994e-34,"m1_main",-12.7735108973068,10.1853859349533,0.00430557231415487,FALSE
"propintraspecific_N","size_z_scored","min_3","mean","(Intercept)",0.13663704888717,0.158392633231252,0.862647751348896,0.38833116750549,"m2_richness_x_climate",-4.46443729237238,18.4944595398878,6.75675979106985e-05,FALSE
"propintraspecific_N","size_z_scored","min_3","mean","size_z_scored",0.0149468623692798,0.0855365779251996,0.174742346863007,0.861282091680517,"m2_richness_x_climate",-4.46443729237238,18.4944595398878,6.75675979106985e-05,FALSE
"propintraspecific_N","size_z_scored","min_3","mean","site_nbspe_log_z_scored",-0.448550337349506,0.180430952917996,-2.48599439339749,0.012919000091044,"m2_richness_x_climate",-4.46443729237238,18.4944595398878,6.75675979106985e-05,FALSE
"propintraspecific_N","size_z_scored","min_3","mean","Climate_zone_e2Cool and moist",-0.0142848302169962,0.209160151210149,-0.0682961364024061,0.945549899654061,"m2_richness_x_climate",-4.46443729237238,18.4944595398878,6.75675979106985e-05,FALSE
"propintraspecific_N","size_z_scored","min_3","mean","Climate_zone_e2Cool temperate and dry/xeric",-0.0611123816192517,0.342131260123547,-0.178622618690801,0.858234032970012,"m2_richness_x_climate",-4.46443729237238,18.4944595398878,6.75675979106985e-05,FALSE
"propintraspecific_N","size_z_scored","min_3","mean","Climate_zone_e2Hot and dry",0.0159366986031361,0.354639274961792,0.0449377712179597,0.964156910162981,"m2_richness_x_climate",-4.46443729237238,18.4944595398878,6.75675979106985e-05,FALSE
"propintraspecific_N","size_z_scored","min_3","mean","Climate_zone_e2Hot and moist",0.247952321712919,0.399030712110174,0.621386560452165,0.534345312575888,"m2_richness_x_climate",-4.46443729237238,18.4944595398878,6.75675979106985e-05,FALSE
"propintraspecific_N","size_z_scored","min_3","mean","Climate_zone_e2Warm temperate",-0.188937608286178,0.221635205346939,-0.852471104445803,0.393952670109503,"m2_richness_x_climate",-4.46443729237238,18.4944595398878,6.75675979106985e-05,FALSE
"propintraspecific_N","size_z_scored","min_3","mean","site_nbspe_log_z_scored:Climate_zone_e2Cool and moist",0.00376735625489618,0.218923582459726,0.0172085447011595,0.986270245513614,"m2_richness_x_climate",-4.46443729237238,18.4944595398878,6.75675979106985e-05,FALSE
"propintraspecific_N","size_z_scored","min_3","mean","site_nbspe_log_z_scored:Climate_zone_e2Cool temperate and dry/xeric",0.1003608741032,0.316487238861534,0.31710875441366,0.751161082379773,"m2_richness_x_climate",-4.46443729237238,18.4944595398878,6.75675979106985e-05,FALSE
"propintraspecific_N","size_z_scored","min_3","mean","site_nbspe_log_z_scored:Climate_zone_e2Hot and dry",0.278273613031298,0.384668606138353,0.723411291149692,0.469427236307945,"m2_richness_x_climate",-4.46443729237238,18.4944595398878,6.75675979106985e-05,FALSE
"propintraspecific_N","size_z_scored","min_3","mean","site_nbspe_log_z_scored:Climate_zone_e2Hot and moist",0.0833802625745446,0.433502924217574,0.192340715405869,0.847475327468711,"m2_richness_x_climate",-4.46443729237238,18.4944595398878,6.75675979106985e-05,FALSE
"propintraspecific_N","size_z_scored","min_3","mean","site_nbspe_log_z_scored:Climate_zone_e2Warm temperate",0.210599363594782,0.225289149587018,0.934795856706085,0.349893515254662,"m2_richness_x_climate",-4.46443729237238,18.4944595398878,6.75675979106985e-05,FALSE
"propintraspecific_N","size_z_scored","min_3","precision","(phi)",2.385735425412,0.194533254639317,12.2638950848551,1.41529664454769e-34,"m2_richness_x_climate",-4.46443729237238,18.4944595398878,6.75675979106985e-05,FALSE
"propintraspecific_N","size_z_scored","min_3","mean","(Intercept)",0.148486196413144,0.138448889681391,1.07249828261426,0.283496284915122,"m3_exp_x_richness",-14.2632714851274,8.69562534713276,0.0090683503221091,FALSE
"propintraspecific_N","size_z_scored","min_3","mean","size_z_scored",-0.0297108363109831,0.08312457539668,-0.357425420451166,0.720773349149161,"m3_exp_x_richness",-14.2632714851274,8.69562534713276,0.0090683503221091,FALSE
"propintraspecific_N","size_z_scored","min_3","mean","site_nbspe_log_z_scored",-0.376057845955491,0.0798909180812258,-4.70714137460718,2.51214693048065e-06,"m3_exp_x_richness",-14.2632714851274,8.69562534713276,0.0090683503221091,FALSE
"propintraspecific_N","size_z_scored","min_3","mean","Climate_zone_e2Cool and moist",-0.0594337738601467,0.193150712134831,-0.307706729130039,0.758305498910162,"m3_exp_x_richness",-14.2632714851274,8.69562534713276,0.0090683503221091,FALSE
"propintraspecific_N","size_z_scored","min_3","mean","Climate_zone_e2Cool temperate and dry/xeric",-0.132778774336918,0.298462208477076,-0.444876337994116,0.656409123293076,"m3_exp_x_richness",-14.2632714851274,8.69562534713276,0.0090683503221091,FALSE
"propintraspecific_N","size_z_scored","min_3","mean","Climate_zone_e2Hot and dry",-0.0897487258381776,0.332123220262488,-0.270227193892816,0.786985472951325,"m3_exp_x_richness",-14.2632714851274,8.69562534713276,0.0090683503221091,FALSE
"propintraspecific_N","size_z_scored","min_3","mean","Climate_zone_e2Hot and moist",0.192873926583135,0.358249060728639,0.538379434103331,0.590315121681209,"m3_exp_x_richness",-14.2632714851274,8.69562534713276,0.0090683503221091,FALSE
"propintraspecific_N","size_z_scored","min_3","mean","Climate_zone_e2Warm temperate",-0.168405900156423,0.208447270664411,-0.807906477353437,0.419144422215372,"m3_exp_x_richness",-14.2632714851274,8.69562534713276,0.0090683503221091,FALSE
"propintraspecific_N","size_z_scored","min_3","mean","size_z_scored:site_nbspe_log_z_scored",0.111832342930456,0.057694028069641,1.93836947552814,0.0525781617223727,"m3_exp_x_richness",-14.2632714851274,8.69562534713276,0.0090683503221091,FALSE
"propintraspecific_N","size_z_scored","min_3","precision","(phi)",2.40587004588482,0.196473471747868,12.2452666229273,1.78090856785923e-34,"m3_exp_x_richness",-14.2632714851274,8.69562534713276,0.0090683503221091,FALSE
"propintraspecific_N","size_z_scored","min_3","mean","(Intercept)",0.180692451002786,0.139676329371793,1.29365119927956,0.195785928919517,"m4_exp_x_climate",-5.98364082914119,16.975256003119,0.000144420663561119,FALSE
"propintraspecific_N","size_z_scored","min_3","mean","size_z_scored",0.0349616531432745,0.150999007092881,0.231535649249463,0.81689869363332,"m4_exp_x_climate",-5.98364082914119,16.975256003119,0.000144420663561119,FALSE
"propintraspecific_N","size_z_scored","min_3","mean","Climate_zone_e2Cool and moist",-0.102782027011727,0.197350434379355,-0.520809732874239,0.602499322268378,"m4_exp_x_climate",-5.98364082914119,16.975256003119,0.000144420663561119,FALSE
"propintraspecific_N","size_z_scored","min_3","mean","Climate_zone_e2Cool temperate and dry/xeric",-0.097999559975208,0.299998983885431,-0.326666306352004,0.74392028695713,"m4_exp_x_climate",-5.98364082914119,16.975256003119,0.000144420663561119,FALSE
"propintraspecific_N","size_z_scored","min_3","mean","Climate_zone_e2Hot and dry",0.106380976448428,0.358696697770705,0.296576403155045,0.766789928295135,"m4_exp_x_climate",-5.98364082914119,16.975256003119,0.000144420663561119,FALSE
"propintraspecific_N","size_z_scored","min_3","mean","Climate_zone_e2Hot and moist",0.110340896943949,0.364049744260005,0.303092911569645,0.761819055986916,"m4_exp_x_climate",-5.98364082914119,16.975256003119,0.000144420663561119,FALSE
"propintraspecific_N","size_z_scored","min_3","mean","Climate_zone_e2Warm temperate",-0.216075839040417,0.20957379918993,-1.03102506074528,0.302529067864156,"m4_exp_x_climate",-5.98364082914119,16.975256003119,0.000144420663561119,FALSE
"propintraspecific_N","size_z_scored","min_3","mean","site_nbspe_log_z_scored",-0.353495538388218,0.0808137285121008,-4.37420157313107,1.21877724190845e-05,"m4_exp_x_climate",-5.98364082914119,16.975256003119,0.000144420663561119,FALSE
"propintraspecific_N","size_z_scored","min_3","mean","size_z_scored:Climate_zone_e2Cool and moist",-0.155253069660176,0.235248147635581,-0.659954483045182,0.509283039267929,"m4_exp_x_climate",-5.98364082914119,16.975256003119,0.000144420663561119,FALSE
"propintraspecific_N","size_z_scored","min_3","mean","size_z_scored:Climate_zone_e2Cool temperate and dry/xeric",0.0523303204555636,0.261454318569289,0.200150912564465,0.841362556391866,"m4_exp_x_climate",-5.98364082914119,16.975256003119,0.000144420663561119,FALSE
"propintraspecific_N","size_z_scored","min_3","mean","size_z_scored:Climate_zone_e2Hot and dry",0.164383135540196,0.235300887083395,0.698608227014189,0.484796900873326,"m4_exp_x_climate",-5.98364082914119,16.975256003119,0.000144420663561119,FALSE
"propintraspecific_N","size_z_scored","min_3","mean","size_z_scored:Climate_zone_e2Hot and moist",-0.641040910919866,0.617322927274818,-1.03842070753755,0.299074233066359,"m4_exp_x_climate",-5.98364082914119,16.975256003119,0.000144420663561119,FALSE
"propintraspecific_N","size_z_scored","min_3","mean","size_z_scored:Climate_zone_e2Warm temperate",-0.15775093539586,0.231974450955544,-0.680035817505143,0.496481782047129,"m4_exp_x_climate",-5.98364082914119,16.975256003119,0.000144420663561119,FALSE
"propintraspecific_N","size_z_scored","min_3","precision","(phi)",2.40171643696899,0.196047723978381,12.2506723782921,1.66608818842898e-34,"m4_exp_x_climate",-5.98364082914119,16.975256003119,0.000144420663561119,FALSE
"propintraspecific_N","size_z_scored","min_3","mean","(Intercept)",0.0848469902817154,0.0716042129771988,1.18494410808947,0.236039546273506,"m5_exp_x_richness_noclimate",-22.9588968322602,0,0.701066704176888,TRUE
"propintraspecific_N","size_z_scored","min_3","mean","size_z_scored",-0.0186170228261098,0.0793840526475468,-0.234518422847049,0.814582532567524,"m5_exp_x_richness_noclimate",-22.9588968322602,0,0.701066704176888,TRUE
"propintraspecific_N","size_z_scored","min_3","mean","site_nbspe_log_z_scored",-0.402709865225096,0.0737546899249505,-5.46012552740545,4.75798053781633e-08,"m5_exp_x_richness_noclimate",-22.9588968322602,0,0.701066704176888,TRUE
"propintraspecific_N","size_z_scored","min_3","mean","size_z_scored:site_nbspe_log_z_scored",0.115794420724291,0.0570966379882232,2.02804271502246,0.0425558886499829,"m5_exp_x_richness_noclimate",-22.9588968322602,0,0.701066704176888,TRUE
"propintraspecific_N","size_z_scored","min_3","precision","(phi)",2.39174056778323,0.195117941559252,12.2579223041717,1.52356309834788e-34,"m5_exp_x_richness_noclimate",-22.9588968322602,0,0.701066704176888,TRUE
"propintraspecific_N","size_z_scored","min_3","mean","(Intercept)",0.111274362418791,0.0707583417094283,1.57259709216679,0.115812141424091,"m6_exp_richness_noclimate",-21.1611054207458,1.79779141151437,0.285347384925376,TRUE
"propintraspecific_N","size_z_scored","min_3","mean","size_z_scored",0.0130229917100146,0.0778248174563768,0.167337259959709,0.867104688234974,"m6_exp_richness_noclimate",-21.1611054207458,1.79779141151437,0.285347384925376,TRUE
"propintraspecific_N","size_z_scored","min_3","mean","site_nbspe_log_z_scored",-0.384297938034911,0.0734345896045194,-5.23320059531265,1.66599767994776e-07,"m6_exp_richness_noclimate",-21.1611054207458,1.79779141151437,0.285347384925376,TRUE
"propintraspecific_N","size_z_scored","min_3","precision","(phi)",2.35056275016075,0.191158589375354,12.2964014216764,9.46999652741467e-35,"m6_exp_richness_noclimate",-21.1611054207458,1.79779141151437,0.285347384925376,TRUE
"propintraspecific_N","TP_z_scored","min_1","mean","(Intercept)",-0.0551657169522358,0.117573545139416,-0.469201782482797,0.638925411517358,"m1_main",-70.7550236126267,10.0819446492404,0.00634308194422491,FALSE
"propintraspecific_N","TP_z_scored","min_1","mean","TP_z_scored",-0.0567228030509532,0.0465882983188402,-1.21753326688935,0.223401387184545,"m1_main",-70.7550236126267,10.0819446492404,0.00634308194422491,FALSE
"propintraspecific_N","TP_z_scored","min_1","mean","site_nbspe_log_z_scored",-0.230840051749103,0.0479875734737468,-4.81041309320196,1.5061868221724e-06,"m1_main",-70.7550236126267,10.0819446492404,0.00634308194422491,FALSE
"propintraspecific_N","TP_z_scored","min_1","mean","Climate_zone_e2Cool and moist",-0.394925929398834,0.142503887329283,-2.77133443024105,0.00558270558574005,"m1_main",-70.7550236126267,10.0819446492404,0.00634308194422491,FALSE
"propintraspecific_N","TP_z_scored","min_1","mean","Climate_zone_e2Cool temperate and dry/xeric",-0.108447757036576,0.226650452388154,-0.478480214329562,0.632308453368014,"m1_main",-70.7550236126267,10.0819446492404,0.00634308194422491,FALSE
"propintraspecific_N","TP_z_scored","min_1","mean","Climate_zone_e2Hot and dry",-0.223543770889987,0.17914804658082,-1.24781584369182,0.212098505162177,"m1_main",-70.7550236126267,10.0819446492404,0.00634308194422491,FALSE
"propintraspecific_N","TP_z_scored","min_1","mean","Climate_zone_e2Hot and moist",-0.245672359043831,0.169841293127286,-1.44648191567709,0.148042080722898,"m1_main",-70.7550236126267,10.0819446492404,0.00634308194422491,FALSE
"propintraspecific_N","TP_z_scored","min_1","mean","Climate_zone_e2Warm temperate",-0.126298105986344,0.147148167832964,-0.858305664598639,0.390723702357762,"m1_main",-70.7550236126267,10.0819446492404,0.00634308194422491,FALSE
"propintraspecific_N","TP_z_scored","min_1","precision","(phi)",2.51005002402722,0.122630307855315,20.4684312379668,4.11659786358157e-93,"m1_main",-70.7550236126267,10.0819446492404,0.00634308194422491,FALSE
"propintraspecific_N","TP_z_scored","min_1","mean","(Intercept)",-0.425654522327931,0.161442847053805,-2.63656476639111,0.0083750210743629,"m2_richness_x_climate",-80.836968261867,0,0.980769125735764,TRUE
"propintraspecific_N","TP_z_scored","min_1","mean","TP_z_scored",-0.060237306186993,0.0464240859023213,-1.29754425997176,0.194443986681431,"m2_richness_x_climate",-80.836968261867,0,0.980769125735764,TRUE
"propintraspecific_N","TP_z_scored","min_1","mean","site_nbspe_log_z_scored",-0.762225268429731,0.170427829120366,-4.4724225636378,7.73384099846134e-06,"m2_richness_x_climate",-80.836968261867,0,0.980769125735764,TRUE
"propintraspecific_N","TP_z_scored","min_1","mean","Climate_zone_e2Cool and moist",-0.0749399861386064,0.184348300455115,-0.406513029702992,0.684365685222524,"m2_richness_x_climate",-80.836968261867,0,0.980769125735764,TRUE
"propintraspecific_N","TP_z_scored","min_1","mean","Climate_zone_e2Cool temperate and dry/xeric",0.254139784297695,0.251178244401869,1.01179059079292,0.311638189785773,"m2_richness_x_climate",-80.836968261867,0,0.980769125735764,TRUE
"propintraspecific_N","TP_z_scored","min_1","mean","Climate_zone_e2Hot and dry",0.0426434330796745,0.212357295122428,0.20080983351709,0.840847273519388,"m2_richness_x_climate",-80.836968261867,0,0.980769125735764,TRUE
"propintraspecific_N","TP_z_scored","min_1","mean","Climate_zone_e2Hot and moist",-0.0362431207636343,0.20507123838487,-0.176734295111705,0.859717101283851,"m2_richness_x_climate",-80.836968261867,0,0.980769125735764,TRUE
"propintraspecific_N","TP_z_scored","min_1","mean","Climate_zone_e2Warm temperate",0.245900470253001,0.182963583674597,1.34398586491581,0.178952957802754,"m2_richness_x_climate",-80.836968261867,0,0.980769125735764,TRUE
"propintraspecific_N","TP_z_scored","min_1","mean","site_nbspe_log_z_scored:Climate_zone_e2Cool and moist",0.391267233595563,0.199501672927426,1.96122282011087,0.049853035947946,"m2_richness_x_climate",-80.836968261867,0,0.980769125735764,TRUE
"propintraspecific_N","TP_z_scored","min_1","mean","site_nbspe_log_z_scored:Climate_zone_e2Cool temperate and dry/xeric",0.338681661522349,0.332190732812665,1.01953976456455,0.307946785033241,"m2_richness_x_climate",-80.836968261867,0,0.980769125735764,TRUE
"propintraspecific_N","TP_z_scored","min_1","mean","site_nbspe_log_z_scored:Climate_zone_e2Hot and dry",0.741133800189147,0.202999461535038,3.65091510383749,0.000261307610590776,"m2_richness_x_climate",-80.836968261867,0,0.980769125735764,TRUE
"propintraspecific_N","TP_z_scored","min_1","mean","site_nbspe_log_z_scored:Climate_zone_e2Hot and moist",0.712247166342992,0.191041264036624,3.72823729959434,0.000192823769674409,"m2_richness_x_climate",-80.836968261867,0,0.980769125735764,TRUE
"propintraspecific_N","TP_z_scored","min_1","mean","site_nbspe_log_z_scored:Climate_zone_e2Warm temperate",0.44356453929253,0.199673692842368,2.22144706685373,0.0263206961530431,"m2_richness_x_climate",-80.836968261867,0,0.980769125735764,TRUE
"propintraspecific_N","TP_z_scored","min_1","precision","(phi)",2.59429636130243,0.127466453818896,20.3527774059549,4.38700193694624e-92,"m2_richness_x_climate",-80.836968261867,0,0.980769125735764,TRUE
"propintraspecific_N","TP_z_scored","min_1","mean","(Intercept)",-0.0697635207605753,0.119199330118332,-0.585267725005834,0.558367712924155,"m3_exp_x_richness",-69.3400096139168,11.4969586479502,0.0031263236517139,FALSE
"propintraspecific_N","TP_z_scored","min_1","mean","TP_z_scored",-0.055416720428633,0.0465993042761789,-1.18921776385751,0.234353986030169,"m3_exp_x_richness",-69.3400096139168,11.4969586479502,0.0031263236517139,FALSE
"propintraspecific_N","TP_z_scored","min_1","mean","site_nbspe_log_z_scored",-0.229567375600648,0.0480147200874119,-4.78118741883146,1.74262801810306e-06,"m3_exp_x_richness",-69.3400096139168,11.4969586479502,0.0031263236517139,FALSE
"propintraspecific_N","TP_z_scored","min_1","mean","Climate_zone_e2Cool and moist",-0.375191235524547,0.145031187118732,-2.58696934761618,0.00968242050563222,"m3_exp_x_richness",-69.3400096139168,11.4969586479502,0.0031263236517139,FALSE
"propintraspecific_N","TP_z_scored","min_1","mean","Climate_zone_e2Cool temperate and dry/xeric",-0.0879230635897706,0.228285836305473,-0.38514462838649,0.700130264868146,"m3_exp_x_richness",-69.3400096139168,11.4969586479502,0.0031263236517139,FALSE
"propintraspecific_N","TP_z_scored","min_1","mean","Climate_zone_e2Hot and dry",-0.194603183550785,0.182916824673454,-1.06388892272864,0.287379021718774,"m3_exp_x_richness",-69.3400096139168,11.4969586479502,0.0031263236517139,FALSE
"propintraspecific_N","TP_z_scored","min_1","mean","Climate_zone_e2Hot and moist",-0.23690439080855,0.170200275412176,-1.3919154374741,0.163948006516293,"m3_exp_x_richness",-69.3400096139168,11.4969586479502,0.0031263236517139,FALSE
"propintraspecific_N","TP_z_scored","min_1","mean","Climate_zone_e2Warm temperate",-0.11318602588154,0.14826939600112,-0.763380906203222,0.445236263718604,"m3_exp_x_richness",-69.3400096139168,11.4969586479502,0.0031263236517139,FALSE
"propintraspecific_N","TP_z_scored","min_1","mean","TP_z_scored:site_nbspe_log_z_scored",0.0308616850843024,0.0393645773119618,0.783996353872301,0.433042249754723,"m3_exp_x_richness",-69.3400096139168,11.4969586479502,0.0031263236517139,FALSE
"propintraspecific_N","TP_z_scored","min_1","precision","(phi)",2.51241053942486,0.122765355421228,20.4651428801259,4.40389374024848e-93,"m3_exp_x_richness",-69.3400096139168,11.4969586479502,0.0031263236517139,FALSE
"propintraspecific_N","TP_z_scored","min_1","mean","(Intercept)",-0.0826118860084774,0.125900404322101,-0.656168552065366,0.511715680637959,"m4_exp_x_climate",-63.3019579595255,17.5350103023416,0.000152717103604997,FALSE
"propintraspecific_N","TP_z_scored","min_1","mean","TP_z_scored",-0.0955547933919383,0.0812257366693515,-1.17641030183471,0.23943095705143,"m4_exp_x_climate",-63.3019579595255,17.5350103023416,0.000152717103604997,FALSE
"propintraspecific_N","TP_z_scored","min_1","mean","Climate_zone_e2Cool and moist",-0.340478240320262,0.153609713502828,-2.216515040333,0.0266562489821369,"m4_exp_x_climate",-63.3019579595255,17.5350103023416,0.000152717103604997,FALSE
"propintraspecific_N","TP_z_scored","min_1","mean","Climate_zone_e2Cool temperate and dry/xeric",-0.0253775136100701,0.238996338285495,-0.106183692152451,0.915436609568844,"m4_exp_x_climate",-63.3019579595255,17.5350103023416,0.000152717103604997,FALSE
"propintraspecific_N","TP_z_scored","min_1","mean","Climate_zone_e2Hot and dry",-0.251026294309259,0.214785378163385,-1.16873083473264,0.242512094581751,"m4_exp_x_climate",-63.3019579595255,17.5350103023416,0.000152717103604997,FALSE
"propintraspecific_N","TP_z_scored","min_1","mean","Climate_zone_e2Hot and moist",-0.220684250612153,0.17504259990247,-1.26074595975559,0.207400389434702,"m4_exp_x_climate",-63.3019579595255,17.5350103023416,0.000152717103604997,FALSE
"propintraspecific_N","TP_z_scored","min_1","mean","Climate_zone_e2Warm temperate",-0.114487755337432,0.153973433681663,-0.743555252356933,0.457145583187358,"m4_exp_x_climate",-63.3019579595255,17.5350103023416,0.000152717103604997,FALSE
"propintraspecific_N","TP_z_scored","min_1","mean","site_nbspe_log_z_scored",-0.23226282836925,0.0481968929359375,-4.81904152365111,1.44249532298479e-06,"m4_exp_x_climate",-63.3019579595255,17.5350103023416,0.000152717103604997,FALSE
"propintraspecific_N","TP_z_scored","min_1","mean","TP_z_scored:Climate_zone_e2Cool and moist",-0.0327657584733774,0.155360980807147,-0.210900821449179,0.832964663120003,"m4_exp_x_climate",-63.3019579595255,17.5350103023416,0.000152717103604997,FALSE
"propintraspecific_N","TP_z_scored","min_1","mean","TP_z_scored:Climate_zone_e2Cool temperate and dry/xeric",0.323524572613494,0.286190553007439,1.13045161419107,0.25828597586482,"m4_exp_x_climate",-63.3019579595255,17.5350103023416,0.000152717103604997,FALSE
"propintraspecific_N","TP_z_scored","min_1","mean","TP_z_scored:Climate_zone_e2Hot and dry",-0.0171695337273722,0.136287129023407,-0.125980595896354,0.899747284417473,"m4_exp_x_climate",-63.3019579595255,17.5350103023416,0.000152717103604997,FALSE
"propintraspecific_N","TP_z_scored","min_1","mean","TP_z_scored:Climate_zone_e2Hot and moist",0.115665737472912,0.132883473987974,0.870429813442265,0.38406555986711,"m4_exp_x_climate",-63.3019579595255,17.5350103023416,0.000152717103604997,FALSE
"propintraspecific_N","TP_z_scored","min_1","mean","TP_z_scored:Climate_zone_e2Warm temperate",0.103203452662854,0.147991939841455,0.69735860462007,0.485578400669905,"m4_exp_x_climate",-63.3019579595255,17.5350103023416,0.000152717103604997,FALSE
"propintraspecific_N","TP_z_scored","min_1","precision","(phi)",2.52093126305087,0.123257801406468,20.4525087603792,5.70636928036741e-93,"m4_exp_x_climate",-63.3019579595255,17.5350103023416,0.000152717103604997,FALSE
"propintraspecific_N","TP_z_scored","min_1","mean","(Intercept)",-0.271732981274875,0.0416383551219165,-6.52602583553659,6.75376756360543e-11,"m5_exp_x_richness_noclimate",-69.9826369801381,10.8543312817289,0.00431100667947993,FALSE
"propintraspecific_N","TP_z_scored","min_1","mean","TP_z_scored",-0.0917465067879627,0.0412484049540779,-2.22424374688196,0.0261320491860689,"m5_exp_x_richness_noclimate",-69.9826369801381,10.8543312817289,0.00431100667947993,FALSE
"propintraspecific_N","TP_z_scored","min_1","mean","site_nbspe_log_z_scored",-0.233890123281353,0.041769421398944,-5.59955382305741,2.1490420351164e-08,"m5_exp_x_richness_noclimate",-69.9826369801381,10.8543312817289,0.00431100667947993,FALSE
"propintraspecific_N","TP_z_scored","min_1","mean","TP_z_scored:site_nbspe_log_z_scored",0.0494084306884118,0.0382590557879645,1.29141793154118,0.19655879603844,"m5_exp_x_richness_noclimate",-69.9826369801381,10.8543312817289,0.00431100667947993,FALSE
"propintraspecific_N","TP_z_scored","min_1","precision","(phi)",2.47440076332017,0.12058565460674,20.5198601059954,1.4312364403624e-93,"m5_exp_x_richness_noclimate",-69.9826369801381,10.8543312817289,0.00431100667947993,FALSE
"propintraspecific_N","TP_z_scored","min_1","mean","(Intercept)",-0.271294750718248,0.0416658224003812,-6.51120594983783,7.45498475611022e-11,"m6_exp_richness_noclimate",-70.3948565631105,10.4421116987566,0.00529774488521166,FALSE
"propintraspecific_N","TP_z_scored","min_1","mean","TP_z_scored",-0.0945582933382229,0.041234643449571,-2.29317596631739,0.0218378762323666,"m6_exp_richness_noclimate",-70.3948565631105,10.4421116987566,0.00529774488521166,FALSE
"propintraspecific_N","TP_z_scored","min_1","mean","site_nbspe_log_z_scored",-0.237342242836438,0.0417135032414653,-5.68981802996848,1.27174823421117e-08,"m6_exp_richness_noclimate",-70.3948565631105,10.4421116987566,0.00529774488521166,FALSE
"propintraspecific_N","TP_z_scored","min_1","precision","(phi)",2.46817786259934,0.120230170806951,20.5287728199471,1.19145963420034e-93,"m6_exp_richness_noclimate",-70.3948565631105,10.4421116987566,0.00529774488521166,FALSE
"propintraspecific_N","TP_z_scored","min_3","mean","(Intercept)",0.137376639171566,0.147892517468561,0.928895129537364,0.352943437317323,"m1_main",-13.3753131897344,8.85390379449701,0.00859601697174785,FALSE
"propintraspecific_N","TP_z_scored","min_3","mean","TP_z_scored",-0.0635137080195713,0.0819953546383228,-0.774601296618899,0.438575290901321,"m1_main",-13.3753131897344,8.85390379449701,0.00859601697174785,FALSE
"propintraspecific_N","TP_z_scored","min_3","mean","site_nbspe_log_z_scored",-0.359610828856771,0.0765184196947494,-4.69966356194164,2.60590440149039e-06,"m1_main",-13.3753131897344,8.85390379449701,0.00859601697174785,FALSE
"propintraspecific_N","TP_z_scored","min_3","mean","Climate_zone_e2Cool and moist",0.00190253316166364,0.212702585453358,0.00894456998540259,0.992863360867284,"m1_main",-13.3753131897344,8.85390379449701,0.00859601697174785,FALSE
"propintraspecific_N","TP_z_scored","min_3","mean","Climate_zone_e2Cool temperate and dry/xeric",-0.0559277458397653,0.302934798452763,-0.184619746973328,0.85352729634823,"m1_main",-13.3753131897344,8.85390379449701,0.00859601697174785,FALSE
"propintraspecific_N","TP_z_scored","min_3","mean","Climate_zone_e2Hot and dry",-0.0636514071775005,0.321550785526612,-0.197951334726976,0.843083139463888,"m1_main",-13.3753131897344,8.85390379449701,0.00859601697174785,FALSE
"propintraspecific_N","TP_z_scored","min_3","mean","Climate_zone_e2Hot and moist",0.231734380154858,0.360417285160241,0.642961338693369,0.520249186533869,"m1_main",-13.3753131897344,8.85390379449701,0.00859601697174785,FALSE
"propintraspecific_N","TP_z_scored","min_3","mean","Climate_zone_e2Warm temperate",-0.129749487015922,0.225102535670385,-0.576401712355265,0.564343687270505,"m1_main",-13.3753131897344,8.85390379449701,0.00859601697174785,FALSE
"propintraspecific_N","TP_z_scored","min_3","precision","(phi)",2.37438921960068,0.193448629467417,12.2740038331499,1.24919844419443e-34,"m1_main",-13.3753131897344,8.85390379449701,0.00859601697174785,FALSE
"propintraspecific_N","TP_z_scored","min_3","mean","(Intercept)",0.0829274102215107,0.164728323470426,0.50341925707997,0.61466953529668,"m2_richness_x_climate",-5.30126505248576,16.9279519317456,0.000151719005735493,FALSE
"propintraspecific_N","TP_z_scored","min_3","mean","TP_z_scored",-0.0778479726107728,0.0833682472906766,-0.933784446005485,0.350415094368361,"m2_richness_x_climate",-5.30126505248576,16.9279519317456,0.000151719005735493,FALSE
"propintraspecific_N","TP_z_scored","min_3","mean","site_nbspe_log_z_scored",-0.453497451939993,0.171447881514529,-2.64510385275051,0.00816658483890524,"m2_richness_x_climate",-5.30126505248576,16.9279519317456,0.000151719005735493,FALSE
"propintraspecific_N","TP_z_scored","min_3","mean","Climate_zone_e2Cool and moist",0.0723972357822727,0.224278106167176,0.322801173148431,0.746845824488363,"m2_richness_x_climate",-5.30126505248576,16.9279519317456,0.000151719005735493,FALSE
"propintraspecific_N","TP_z_scored","min_3","mean","Climate_zone_e2Cool temperate and dry/xeric",0.00750073215811712,0.34307622464506,0.0218631651490197,0.982557107699627,"m2_richness_x_climate",-5.30126505248576,16.9279519317456,0.000151719005735493,FALSE
"propintraspecific_N","TP_z_scored","min_3","mean","Climate_zone_e2Hot and dry",0.0301299450160302,0.337013275390908,0.0894028431998172,0.928761763975135,"m2_richness_x_climate",-5.30126505248576,16.9279519317456,0.000151719005735493,FALSE
"propintraspecific_N","TP_z_scored","min_3","mean","Climate_zone_e2Hot and moist",0.289297937894885,0.398836811016173,0.725354154642346,0.468234790713123,"m2_richness_x_climate",-5.30126505248576,16.9279519317456,0.000151719005735493,FALSE
"propintraspecific_N","TP_z_scored","min_3","mean","Climate_zone_e2Warm temperate",-0.107582140081715,0.235200281768958,-0.457406510198805,0.647378885896229,"m2_richness_x_climate",-5.30126505248576,16.9279519317456,0.000151719005735493,FALSE
"propintraspecific_N","TP_z_scored","min_3","mean","site_nbspe_log_z_scored:Climate_zone_e2Cool and moist",0.00363270160859188,0.214095367805142,0.0169676796178896,0.986462399987382,"m2_richness_x_climate",-5.30126505248576,16.9279519317456,0.000151719005735493,FALSE
"propintraspecific_N","TP_z_scored","min_3","mean","site_nbspe_log_z_scored:Climate_zone_e2Cool temperate and dry/xeric",0.0760663579696526,0.318230318726393,0.239029261178137,0.811082893149029,"m2_richness_x_climate",-5.30126505248576,16.9279519317456,0.000151719005735493,FALSE
"propintraspecific_N","TP_z_scored","min_3","mean","site_nbspe_log_z_scored:Climate_zone_e2Hot and dry",0.309623780692354,0.382338616329242,0.809815612309819,0.418046158231155,"m2_richness_x_climate",-5.30126505248576,16.9279519317456,0.000151719005735493,FALSE
"propintraspecific_N","TP_z_scored","min_3","mean","site_nbspe_log_z_scored:Climate_zone_e2Hot and moist",0.104639613424186,0.432160828631343,0.242131184715608,0.808678515099542,"m2_richness_x_climate",-5.30126505248576,16.9279519317456,0.000151719005735493,FALSE
"propintraspecific_N","TP_z_scored","min_3","mean","site_nbspe_log_z_scored:Climate_zone_e2Warm temperate",0.219861841676479,0.219171867287307,1.00314809741648,0.315789411088573,"m2_richness_x_climate",-5.30126505248576,16.9279519317456,0.000151719005735493,FALSE
"propintraspecific_N","TP_z_scored","min_3","precision","(phi)",2.39557958871936,0.19549053363485,12.2541973986013,1.5952084323915e-34,"m2_richness_x_climate",-5.30126505248576,16.9279519317456,0.000151719005735493,FALSE
"propintraspecific_N","TP_z_scored","min_3","mean","(Intercept)",0.137950332787969,0.148130659021905,0.931274684787364,0.351711493515428,"m3_exp_x_richness",-11.3903381157969,10.8388788684345,0.00318614402542656,FALSE
"propintraspecific_N","TP_z_scored","min_3","mean","TP_z_scored",-0.0663253468719918,0.0839204907175893,-0.790335546239726,0.429331832761135,"m3_exp_x_richness",-11.3903381157969,10.8388788684345,0.00318614402542656,FALSE
"propintraspecific_N","TP_z_scored","min_3","mean","site_nbspe_log_z_scored",-0.35927556163436,0.0765237352934211,-4.69495588861105,2.66664262005231e-06,"m3_exp_x_richness",-11.3903381157969,10.8388788684345,0.00318614402542656,FALSE
"propintraspecific_N","TP_z_scored","min_3","mean","Climate_zone_e2Cool and moist",0.0022700308657608,0.212715573070056,0.0106716721911714,0.991485399134656,"m3_exp_x_richness",-11.3903381157969,10.8388788684345,0.00318614402542656,FALSE
"propintraspecific_N","TP_z_scored","min_3","mean","Climate_zone_e2Cool temperate and dry/xeric",-0.0601140516932939,0.306584593753407,-0.196076557394287,0.844550244587637,"m3_exp_x_richness",-11.3903381157969,10.8388788684345,0.00318614402542656,FALSE
"propintraspecific_N","TP_z_scored","min_3","mean","Climate_zone_e2Hot and dry",-0.0623184416543957,0.32164037675927,-0.193751923444107,0.846370133088679,"m3_exp_x_richness",-11.3903381157969,10.8388788684345,0.00318614402542656,FALSE
"propintraspecific_N","TP_z_scored","min_3","mean","Climate_zone_e2Hot and moist",0.232510514631351,0.360452621834619,0.645051528403171,0.518893793831366,"m3_exp_x_richness",-11.3903381157969,10.8388788684345,0.00318614402542656,FALSE
"propintraspecific_N","TP_z_scored","min_3","mean","Climate_zone_e2Warm temperate",-0.127584762100748,0.225332835713118,-0.566205815929916,0.57125387677611,"m3_exp_x_richness",-11.3903381157969,10.8388788684345,0.00318614402542656,FALSE
"propintraspecific_N","TP_z_scored","min_3","mean","TP_z_scored:site_nbspe_log_z_scored",-0.00940634061115688,0.0725929113650209,-0.129576572068569,0.896901439734184,"m3_exp_x_richness",-11.3903381157969,10.8388788684345,0.00318614402542656,FALSE
"propintraspecific_N","TP_z_scored","min_3","precision","(phi)",2.37442550695257,0.193450394383835,12.2740794326908,1.24803224749121e-34,"m3_exp_x_richness",-11.3903381157969,10.8388788684345,0.00318614402542656,FALSE
"propintraspecific_N","TP_z_scored","min_3","mean","(Intercept)",0.158483013180703,0.154022028627354,1.02896328916783,0.30349692601599,"m4_exp_x_climate",-6.38990050406024,15.8393164801711,0.000261477408891482,FALSE
"propintraspecific_N","TP_z_scored","min_3","mean","TP_z_scored",-0.0469150236039731,0.104869627787896,-0.447365215206647,0.654611387002518,"m4_exp_x_climate",-6.38990050406024,15.8393164801711,0.000261477408891482,FALSE
"propintraspecific_N","TP_z_scored","min_3","mean","Climate_zone_e2Cool and moist",-0.0687551783649305,0.23630571983308,-0.290958587094283,0.771082992575132,"m4_exp_x_climate",-6.38990050406024,15.8393164801711,0.000261477408891482,FALSE
"propintraspecific_N","TP_z_scored","min_3","mean","Climate_zone_e2Cool temperate and dry/xeric",-0.092546032076851,0.305454276075452,-0.302978348399322,0.761906362033892,"m4_exp_x_climate",-6.38990050406024,15.8393164801711,0.000261477408891482,FALSE
"propintraspecific_N","TP_z_scored","min_3","mean","Climate_zone_e2Hot and dry",-0.28663690466837,0.36664813112982,-0.781776532680265,0.434345914880136,"m4_exp_x_climate",-6.38990050406024,15.8393164801711,0.000261477408891482,FALSE
"propintraspecific_N","TP_z_scored","min_3","mean","Climate_zone_e2Hot and moist",0.283669230661742,0.378951143745806,0.748564123221178,0.454119962766459,"m4_exp_x_climate",-6.38990050406024,15.8393164801711,0.000261477408891482,FALSE
"propintraspecific_N","TP_z_scored","min_3","mean","Climate_zone_e2Warm temperate",-0.0914565305132793,0.234778529474208,-0.389543842522986,0.696873885017042,"m4_exp_x_climate",-6.38990050406024,15.8393164801711,0.000261477408891482,FALSE
"propintraspecific_N","TP_z_scored","min_3","mean","site_nbspe_log_z_scored",-0.343941061364517,0.0782292491861902,-4.39657883646456,1.09970430117985e-05,"m4_exp_x_climate",-6.38990050406024,15.8393164801711,0.000261477408891482,FALSE
"propintraspecific_N","TP_z_scored","min_3","mean","TP_z_scored:Climate_zone_e2Cool and moist",0.0864077356933633,0.268932226648998,0.321299298228545,0.747983588178099,"m4_exp_x_climate",-6.38990050406024,15.8393164801711,0.000261477408891482,FALSE
"propintraspecific_N","TP_z_scored","min_3","mean","TP_z_scored:Climate_zone_e2Cool temperate and dry/xeric",0.194404997762831,0.366096202262879,0.53102161825551,0.595403798496657,"m4_exp_x_climate",-6.38990050406024,15.8393164801711,0.000261477408891482,FALSE
"propintraspecific_N","TP_z_scored","min_3","mean","TP_z_scored:Climate_zone_e2Hot and dry",-0.543215798224311,0.420279643753407,-1.29251037088781,0.196180456741454,"m4_exp_x_climate",-6.38990050406024,15.8393164801711,0.000261477408891482,FALSE
"propintraspecific_N","TP_z_scored","min_3","mean","TP_z_scored:Climate_zone_e2Hot and moist",0.245738112103635,0.369446848774648,0.66515146338013,0.505953621158062,"m4_exp_x_climate",-6.38990050406024,15.8393164801711,0.000261477408891482,FALSE
"propintraspecific_N","TP_z_scored","min_3","mean","TP_z_scored:Climate_zone_e2Warm temperate",-0.181611158374192,0.244496559261635,-0.742796376859646,0.457604969373129,"m4_exp_x_climate",-6.38990050406024,15.8393164801711,0.000261477408891482,FALSE
"propintraspecific_N","TP_z_scored","min_3","precision","(phi)",2.40936592719155,0.196833495570314,12.2406296764204,1.88564023888068e-34,"m4_exp_x_climate",-6.38990050406024,15.8393164801711,0.000261477408891482,FALSE
"propintraspecific_N","TP_z_scored","min_3","mean","(Intercept)",0.111354774459212,0.0706100533022795,1.57703852711321,0.114786660386534,"m5_exp_x_richness_noclimate",-20.2585999171497,1.97061706708165,0.268524542804153,TRUE
"propintraspecific_N","TP_z_scored","min_3","mean","TP_z_scored",-0.0778957498188067,0.0727697492688728,-1.07044136610935,0.284420687966496,"m5_exp_x_richness_noclimate",-20.2585999171497,1.97061706708165,0.268524542804153,TRUE
"propintraspecific_N","TP_z_scored","min_3","mean","site_nbspe_log_z_scored",-0.373507932276625,0.0719099446097735,-5.1941067998801,2.05705033961854e-07,"m5_exp_x_richness_noclimate",-20.2585999171497,1.97061706708165,0.268524542804153,TRUE
"propintraspecific_N","TP_z_scored","min_3","mean","TP_z_scored:site_nbspe_log_z_scored",-0.0129508953427661,0.0712924633603914,-0.181658687781594,0.855850588816996,"m5_exp_x_richness_noclimate",-20.2585999171497,1.97061706708165,0.268524542804153,TRUE
"propintraspecific_N","TP_z_scored","min_3","precision","(phi)",2.36198570234937,0.192251572567652,12.2859109592885,1.07823550527007e-34,"m5_exp_x_richness_noclimate",-20.2585999171497,1.97061706708165,0.268524542804153,TRUE
"propintraspecific_N","TP_z_scored","min_3","mean","(Intercept)",0.110020465987633,0.0702446821093154,1.56624619378899,0.117290992134623,"m6_exp_richness_noclimate",-22.2292169842314,0,0.719280099784046,TRUE
"propintraspecific_N","TP_z_scored","min_3","mean","TP_z_scored",-0.0743193456427586,0.0708109305134605,-1.04954623677246,0.293926786576373,"m6_exp_richness_noclimate",-22.2292169842314,0,0.719280099784046,TRUE
"propintraspecific_N","TP_z_scored","min_3","mean","site_nbspe_log_z_scored",-0.373817510513269,0.0719140536797008,-5.19811485218482,2.0131973341289e-07,"m6_exp_richness_noclimate",-22.2292169842314,0,0.719280099784046,TRUE
"propintraspecific_N","TP_z_scored","min_3","precision","(phi)",2.36177158923171,0.192232218418921,12.2860340928118,1.07659491599446e-34,"m6_exp_richness_noclimate",-22.2292169842314,0,0.719280099784046,TRUE
